alumno_id,libro
alumno_00001,Fisica I
alumno_00001,Calculo I
alumno_00002,Calculo II
alumno_00002,Calculo I
alumno_00002,Algebra Lineal
alumno_00002,Matematica Discreta
alumno_00002,Algebra
alumno_00002,Calculo III
alumno_00003,Programacion Orientada a Objetos
alumno_00003,Estructuras de Datos
alumno_00003,Matematica Discreta
alumno_00003,Introduccion a la Programacion
alumno_00003,Algebra
alumno_00003,Bases de Datos I
alumno_00004,Matematica Discreta
alumno_00004,Probabilidad y Estadistica
alumno_00004,Calculo I
alumno_00004,Algebra Lineal
alumno_00004,Fisica I
alumno_00004,Calculo II
alumno_00004,Introduccion a la Programacion
alumno_00004,Calculo III
alumno_00004,Algebra
alumno_00005,Matematica Discreta
alumno_00005,Programacion Orientada a Objetos
alumno_00005,Probabilidad y Estadistica
alumno_00005,Calculo I
alumno_00005,Fisica I
alumno_00005,Calculo II
alumno_00005,Introduccion a la Programacion
alumno_00005,Calculo III
alumno_00005,Algebra
alumno_00006,Programacion Orientada a Objetos
alumno_00006,Probabilidad y Estadistica
alumno_00006,Calculo I
alumno_00006,Algebra Lineal
alumno_00006,Fisica I
alumno_00006,Calculo II
alumno_00006,Introduccion a la Programacion
alumno_00006,Calculo III
alumno_00006,Algebra
alumno_00007,Programacion Orientada a Objetos
alumno_00007,Calculo I
alumno_00007,Algebra Lineal
alumno_00007,Estructuras de Datos
alumno_00007,Fisica I
alumno_00007,Matematica Discreta
alumno_00007,Introduccion a la Programacion
alumno_00007,Algebra
alumno_00008,Programacion Orientada a Objetos
alumno_00008,Calculo I
alumno_00008,Algebra Lineal
alumno_00008,Estructuras de Datos
alumno_00008,Calculo II
alumno_00008,Introduccion a la Programacion
alumno_00008,Algebra
alumno_00009,Matematica Discreta
alumno_00009,Programacion Orientada a Objetos
alumno_00009,Probabilidad y Estadistica
alumno_00009,Calculo I
alumno_00009,Algebra Lineal
alumno_00009,Calculo II
alumno_00009,Introduccion a la Programacion
alumno_00009,Calculo III
alumno_00009,Algebra
alumno_00010,Programacion Orientada a Objetos
alumno_00010,Calculo I
alumno_00010,Estructuras de Datos
alumno_00010,Fisica I
alumno_00010,Introduccion a la Programacion
alumno_00010,Algebra
alumno_00010,Bases de Datos I
alumno_00011,Programacion Orientada a Objetos
alumno_00011,Calculo I
alumno_00011,Matematica Discreta
alumno_00011,Introduccion a la Programacion
alumno_00011,Algebra
alumno_00012,Programacion Orientada a Objetos
alumno_00012,Algebra Lineal
alumno_00012,Estructuras de Datos
alumno_00012,Fisica I
alumno_00012,Matematica Discreta
alumno_00012,Introduccion a la Programacion
alumno_00012,Algebra
alumno_00012,Bases de Datos I
alumno_00013,Algebra
alumno_00013,Calculo I
alumno_00013,Algebra Lineal
alumno_00013,Calculo II
alumno_00014,Programacion Orientada a Objetos
alumno_00014,Calculo I
alumno_00014,Algebra Lineal
alumno_00014,Fisica I
alumno_00014,Introduccion a la Programacion
alumno_00015,Programacion Orientada a Objetos
alumno_00015,Calculo I
alumno_00015,Algebra Lineal
alumno_00015,Introduccion a la Programacion
alumno_00015,Algebra
alumno_00016,Matematica Discreta
alumno_00016,Probabilidad y Estadistica
alumno_00016,Calculo I
alumno_00016,Algebra Lineal
alumno_00016,Calculo II
alumno_00016,Introduccion a la Programacion
alumno_00016,Algebra
alumno_00017,Calculo I
alumno_00017,Algebra Lineal
alumno_00017,Fisica I
alumno_00017,Calculo II
alumno_00017,Introduccion a la Programacion
alumno_00017,Algebra
alumno_00018,Calculo I
alumno_00018,Algebra Lineal
alumno_00018,Calculo II
alumno_00018,Introduccion a la Programacion
alumno_00018,Calculo III
alumno_00018,Algebra
alumno_00019,Programacion Orientada a Objetos
alumno_00019,Probabilidad y Estadistica
alumno_00019,Calculo I
alumno_00019,Algebra Lineal
alumno_00019,Estructuras de Datos
alumno_00019,Fisica I
alumno_00019,Calculo II
alumno_00019,Introduccion a la Programacion
alumno_00019,Calculo III
alumno_00019,Algebra
alumno_00020,Programacion Orientada a Objetos
alumno_00020,Probabilidad y Estadistica
alumno_00020,Calculo I
alumno_00020,Fisica I
alumno_00020,Calculo II
alumno_00020,Introduccion a la Programacion
alumno_00021,Programacion Orientada a Objetos
alumno_00021,Algebra Lineal
alumno_00021,Fisica I
alumno_00021,Matematica Discreta
alumno_00021,Introduccion a la Programacion
alumno_00021,Algebra
alumno_00022,Introduccion a la Programacion
alumno_00022,Calculo I
alumno_00022,Estructuras de Datos
alumno_00022,Programacion Orientada a Objetos
alumno_00023,Introduccion a la Programacion
alumno_00023,Calculo I
alumno_00023,Algebra
alumno_00023,Programacion Orientada a Objetos
alumno_00024,Matematica Discreta
alumno_00024,Programacion Orientada a Objetos
alumno_00024,Probabilidad y Estadistica
alumno_00024,Calculo I
alumno_00024,Algebra Lineal
alumno_00024,Estructuras de Datos
alumno_00024,Calculo II
alumno_00024,Introduccion a la Programacion
alumno_00024,Algebra
alumno_00024,Bases de Datos I
alumno_00025,Programacion Orientada a Objetos
alumno_00025,Probabilidad y Estadistica
alumno_00025,Estructuras de Datos
alumno_00025,Fisica I
alumno_00025,Introduccion a la Programacion
alumno_00025,Bases de Datos I
alumno_00026,Algebra
alumno_00026,Calculo I
alumno_00026,Calculo II
alumno_00027,Programacion Orientada a Objetos
alumno_00027,Probabilidad y Estadistica
alumno_00027,Calculo I
alumno_00027,Algebra Lineal
alumno_00027,Estructuras de Datos
alumno_00027,Fisica I
alumno_00027,Calculo II
alumno_00027,Introduccion a la Programacion
alumno_00027,Algebra
alumno_00028,Matematica Discreta
alumno_00028,Programacion Orientada a Objetos
alumno_00028,Probabilidad y Estadistica
alumno_00028,Calculo I
alumno_00028,Algebra Lineal
alumno_00028,Fisica I
alumno_00028,Calculo II
alumno_00028,Introduccion a la Programacion
alumno_00028,Calculo III
alumno_00028,Algebra
alumno_00029,Matematica Discreta
alumno_00029,Calculo I
alumno_00029,Algebra Lineal
alumno_00029,Calculo II
alumno_00029,Introduccion a la Programacion
alumno_00029,Calculo III
alumno_00029,Algebra
alumno_00030,Matematica Discreta
alumno_00030,Programacion Orientada a Objetos
alumno_00030,Calculo I
alumno_00030,Algebra Lineal
alumno_00030,Estructuras de Datos
alumno_00030,Fisica I
alumno_00030,Calculo II
alumno_00030,Introduccion a la Programacion
alumno_00030,Algebra
alumno_00030,Bases de Datos I
alumno_00031,Programacion Orientada a Objetos
alumno_00031,Probabilidad y Estadistica
alumno_00031,Calculo I
alumno_00031,Estructuras de Datos
alumno_00031,Fisica I
alumno_00031,Calculo II
alumno_00031,Introduccion a la Programacion
alumno_00031,Bases de Datos I
alumno_00032,Programacion Orientada a Objetos
alumno_00032,Algebra Lineal
alumno_00032,Fisica I
alumno_00032,Introduccion a la Programacion
alumno_00032,Algebra
alumno_00033,Matematica Discreta
alumno_00033,Calculo I
alumno_00033,Algebra Lineal
alumno_00033,Calculo II
alumno_00033,Introduccion a la Programacion
alumno_00033,Calculo III
alumno_00033,Algebra
alumno_00034,Programacion Orientada a Objetos
alumno_00034,Calculo I
alumno_00034,Calculo II
alumno_00034,Introduccion a la Programacion
alumno_00034,Calculo III
alumno_00035,Introduccion a la Programacion
alumno_00035,Calculo I
alumno_00035,Algebra
alumno_00036,Matematica Discreta
alumno_00036,Calculo I
alumno_00036,Algebra Lineal
alumno_00036,Fisica I
alumno_00036,Calculo II
alumno_00036,Introduccion a la Programacion
alumno_00036,Algebra
alumno_00037,Algebra Lineal
alumno_00037,Fisica I
alumno_00037,Matematica Discreta
alumno_00037,Introduccion a la Programacion
alumno_00037,Algebra
alumno_00038,Matematica Discreta
alumno_00038,Programacion Orientada a Objetos
alumno_00038,Probabilidad y Estadistica
alumno_00038,Calculo I
alumno_00038,Algebra Lineal
alumno_00038,Calculo II
alumno_00038,Introduccion a la Programacion
alumno_00038,Calculo III
alumno_00038,Algebra
alumno_00039,Introduccion a la Programacion
alumno_00039,Calculo I
alumno_00039,Algebra
alumno_00039,Matematica Discreta
alumno_00040,Programacion Orientada a Objetos
alumno_00040,Calculo I
alumno_00040,Algebra Lineal
alumno_00040,Estructuras de Datos
alumno_00040,Calculo II
alumno_00040,Introduccion a la Programacion
alumno_00040,Calculo III
alumno_00040,Algebra
alumno_00040,Bases de Datos I
alumno_00041,Programacion Orientada a Objetos
alumno_00041,Probabilidad y Estadistica
alumno_00041,Calculo I
alumno_00041,Algebra Lineal
alumno_00041,Estructuras de Datos
alumno_00041,Matematica Discreta
alumno_00041,Introduccion a la Programacion
alumno_00041,Algebra
alumno_00042,Introduccion a la Programacion
alumno_00042,Calculo I
alumno_00042,Programacion Orientada a Objetos
alumno_00042,Calculo II
alumno_00043,Programacion Orientada a Objetos
alumno_00043,Algebra Lineal
alumno_00043,Estructuras de Datos
alumno_00043,Fisica I
alumno_00043,Introduccion a la Programacion
alumno_00043,Algebra
alumno_00044,Programacion Orientada a Objetos
alumno_00044,Probabilidad y Estadistica
alumno_00044,Calculo I
alumno_00044,Algebra Lineal
alumno_00044,Fisica I
alumno_00044,Calculo II
alumno_00044,Introduccion a la Programacion
alumno_00044,Algebra
alumno_00045,Programacion Orientada a Objetos
alumno_00045,Calculo I
alumno_00045,Estructuras de Datos
alumno_00045,Fisica I
alumno_00045,Introduccion a la Programacion
alumno_00045,Algebra
alumno_00045,Bases de Datos I
alumno_00046,Programacion Orientada a Objetos
alumno_00046,Calculo I
alumno_00046,Algebra Lineal
alumno_00046,Estructuras de Datos
alumno_00046,Fisica I
alumno_00046,Introduccion a la Programacion
alumno_00046,Algebra
alumno_00047,Introduccion a la Programacion
alumno_00047,Fisica I
alumno_00047,Programacion Orientada a Objetos
alumno_00048,Programacion Orientada a Objetos
alumno_00048,Calculo I
alumno_00048,Algebra Lineal
alumno_00048,Estructuras de Datos
alumno_00048,Fisica I
alumno_00048,Calculo II
alumno_00048,Introduccion a la Programacion
alumno_00048,Bases de Datos I
alumno_00049,Matematica Discreta
alumno_00049,Programacion Orientada a Objetos
alumno_00049,Calculo I
alumno_00049,Algebra Lineal
alumno_00049,Calculo II
alumno_00049,Introduccion a la Programacion
alumno_00049,Calculo III
alumno_00049,Algebra
alumno_00050,Programacion Orientada a Objetos
alumno_00050,Estructuras de Datos
alumno_00050,Fisica I
alumno_00050,Introduccion a la Programacion
alumno_00050,Algebra
alumno_00050,Bases de Datos I
alumno_00051,Programacion Orientada a Objetos
alumno_00051,Calculo I
alumno_00051,Estructuras de Datos
alumno_00051,Fisica I
alumno_00051,Introduccion a la Programacion
alumno_00052,Programacion Orientada a Objetos
alumno_00052,Estructuras de Datos
alumno_00052,Fisica I
alumno_00052,Introduccion a la Programacion
alumno_00052,Algebra
alumno_00052,Bases de Datos I
alumno_00053,Programacion Orientada a Objetos
alumno_00053,Probabilidad y Estadistica
alumno_00053,Calculo I
alumno_00053,Algebra Lineal
alumno_00053,Estructuras de Datos
alumno_00053,Fisica I
alumno_00053,Calculo II
alumno_00053,Introduccion a la Programacion
alumno_00053,Calculo III
alumno_00053,Algebra
alumno_00054,Matematica Discreta
alumno_00054,Programacion Orientada a Objetos
alumno_00054,Probabilidad y Estadistica
alumno_00054,Calculo I
alumno_00054,Estructuras de Datos
alumno_00054,Calculo II
alumno_00054,Introduccion a la Programacion
alumno_00054,Calculo III
alumno_00054,Algebra
alumno_00054,Bases de Datos I
alumno_00055,Matematica Discreta
alumno_00055,Programacion Orientada a Objetos
alumno_00055,Calculo I
alumno_00055,Algebra Lineal
alumno_00055,Fisica I
alumno_00055,Calculo II
alumno_00055,Introduccion a la Programacion
alumno_00055,Algebra
alumno_00056,Matematica Discreta
alumno_00056,Programacion Orientada a Objetos
alumno_00056,Probabilidad y Estadistica
alumno_00056,Calculo I
alumno_00056,Algebra Lineal
alumno_00056,Estructuras de Datos
alumno_00056,Calculo II
alumno_00056,Introduccion a la Programacion
alumno_00056,Algebra
alumno_00057,Programacion Orientada a Objetos
alumno_00057,Probabilidad y Estadistica
alumno_00057,Estructuras de Datos
alumno_00057,Calculo II
alumno_00057,Introduccion a la Programacion
alumno_00057,Calculo III
alumno_00057,Algebra
alumno_00057,Bases de Datos I
alumno_00058,Programacion Orientada a Objetos
alumno_00058,Calculo I
alumno_00058,Estructuras de Datos
alumno_00058,Fisica I
alumno_00058,Calculo II
alumno_00058,Introduccion a la Programacion
alumno_00058,Bases de Datos I
alumno_00059,Programacion Orientada a Objetos
alumno_00059,Estructuras de Datos
alumno_00059,Fisica I
alumno_00059,Introduccion a la Programacion
alumno_00059,Algebra
alumno_00060,Programacion Orientada a Objetos
alumno_00060,Probabilidad y Estadistica
alumno_00060,Calculo I
alumno_00060,Algebra Lineal
alumno_00060,Fisica I
alumno_00060,Calculo II
alumno_00060,Introduccion a la Programacion
alumno_00060,Calculo III
alumno_00060,Algebra
alumno_00061,Programacion Orientada a Objetos
alumno_00061,Probabilidad y Estadistica
alumno_00061,Calculo I
alumno_00061,Fisica I
alumno_00061,Calculo II
alumno_00061,Introduccion a la Programacion
alumno_00062,Programacion Orientada a Objetos
alumno_00062,Algebra Lineal
alumno_00062,Estructuras de Datos
alumno_00062,Matematica Discreta
alumno_00062,Introduccion a la Programacion
alumno_00062,Algebra
alumno_00063,Programacion Orientada a Objetos
alumno_00063,Probabilidad y Estadistica
alumno_00063,Calculo I
alumno_00063,Algebra Lineal
alumno_00063,Estructuras de Datos
alumno_00063,Fisica I
alumno_00063,Calculo II
alumno_00063,Introduccion a la Programacion
alumno_00063,Calculo III
alumno_00063,Algebra
alumno_00063,Bases de Datos I
alumno_00064,Matematica Discreta
alumno_00064,Programacion Orientada a Objetos
alumno_00064,Probabilidad y Estadistica
alumno_00064,Calculo I
alumno_00064,Algebra Lineal
alumno_00064,Estructuras de Datos
alumno_00064,Fisica I
alumno_00064,Calculo II
alumno_00064,Introduccion a la Programacion
alumno_00064,Calculo III
alumno_00064,Algebra
alumno_00064,Bases de Datos I
alumno_00065,Matematica Discreta
alumno_00065,Programacion Orientada a Objetos
alumno_00065,Probabilidad y Estadistica
alumno_00065,Calculo I
alumno_00065,Algebra Lineal
alumno_00065,Estructuras de Datos
alumno_00065,Fisica I
alumno_00065,Calculo II
alumno_00065,Introduccion a la Programacion
alumno_00065,Algebra
alumno_00065,Bases de Datos I
alumno_00066,Programacion Orientada a Objetos
alumno_00066,Probabilidad y Estadistica
alumno_00066,Calculo I
alumno_00066,Estructuras de Datos
alumno_00066,Introduccion a la Programacion
alumno_00067,Programacion Orientada a Objetos
alumno_00067,Probabilidad y Estadistica
alumno_00067,Calculo I
alumno_00067,Estructuras de Datos
alumno_00067,Fisica I
alumno_00067,Calculo II
alumno_00067,Introduccion a la Programacion
alumno_00067,Calculo III
alumno_00067,Bases de Datos I
alumno_00068,Matematica Discreta
alumno_00068,Programacion Orientada a Objetos
alumno_00068,Probabilidad y Estadistica
alumno_00068,Calculo I
alumno_00068,Algebra Lineal
alumno_00068,Fisica I
alumno_00068,Calculo II
alumno_00068,Introduccion a la Programacion
alumno_00068,Calculo III
alumno_00068,Algebra
alumno_00069,Matematica Discreta
alumno_00069,Programacion Orientada a Objetos
alumno_00069,Calculo I
alumno_00069,Algebra Lineal
alumno_00069,Fisica I
alumno_00069,Calculo II
alumno_00069,Introduccion a la Programacion
alumno_00069,Algebra
alumno_00070,Introduccion a la Programacion
alumno_00070,Fisica I
alumno_00070,Calculo I
alumno_00070,Programacion Orientada a Objetos
alumno_00071,Programacion Orientada a Objetos
alumno_00071,Probabilidad y Estadistica
alumno_00071,Calculo I
alumno_00071,Estructuras de Datos
alumno_00071,Fisica I
alumno_00071,Calculo II
alumno_00071,Introduccion a la Programacion
alumno_00071,Calculo III
alumno_00071,Algebra
alumno_00071,Bases de Datos I
alumno_00072,Introduccion a la Programacion
alumno_00073,Programacion Orientada a Objetos
alumno_00073,Probabilidad y Estadistica
alumno_00073,Calculo I
alumno_00073,Algebra Lineal
alumno_00073,Estructuras de Datos
alumno_00073,Fisica I
alumno_00073,Calculo II
alumno_00073,Introduccion a la Programacion
alumno_00073,Calculo III
alumno_00073,Algebra
alumno_00073,Bases de Datos I
alumno_00074,Probabilidad y Estadistica
alumno_00074,Calculo I
alumno_00074,Algebra Lineal
alumno_00074,Calculo II
alumno_00074,Introduccion a la Programacion
alumno_00074,Calculo III
alumno_00074,Algebra
alumno_00075,Matematica Discreta
alumno_00075,Probabilidad y Estadistica
alumno_00075,Calculo I
alumno_00075,Algebra Lineal
alumno_00075,Fisica I
alumno_00075,Calculo II
alumno_00075,Introduccion a la Programacion
alumno_00075,Calculo III
alumno_00075,Algebra
alumno_00076,Programacion Orientada a Objetos
alumno_00076,Calculo I
alumno_00076,Algebra Lineal
alumno_00076,Estructuras de Datos
alumno_00076,Matematica Discreta
alumno_00076,Introduccion a la Programacion
alumno_00076,Algebra
alumno_00077,Calculo I
alumno_00077,Algebra Lineal
alumno_00077,Estructuras de Datos
alumno_00077,Fisica I
alumno_00077,Calculo II
alumno_00077,Introduccion a la Programacion
alumno_00077,Calculo III
alumno_00077,Algebra
alumno_00078,Programacion Orientada a Objetos
alumno_00078,Calculo I
alumno_00078,Calculo II
alumno_00078,Introduccion a la Programacion
alumno_00078,Calculo III
alumno_00078,Algebra
alumno_00079,Programacion Orientada a Objetos
alumno_00079,Calculo I
alumno_00079,Algebra Lineal
alumno_00079,Fisica I
alumno_00079,Matematica Discreta
alumno_00079,Introduccion a la Programacion
alumno_00079,Calculo III
alumno_00079,Algebra
alumno_00080,Matematica Discreta
alumno_00080,Programacion Orientada a Objetos
alumno_00080,Probabilidad y Estadistica
alumno_00080,Calculo I
alumno_00080,Estructuras de Datos
alumno_00080,Fisica I
alumno_00080,Calculo II
alumno_00080,Introduccion a la Programacion
alumno_00080,Algebra
alumno_00081,Programacion Orientada a Objetos
alumno_00081,Calculo I
alumno_00081,Estructuras de Datos
alumno_00081,Fisica I
alumno_00081,Calculo II
alumno_00081,Introduccion a la Programacion
alumno_00081,Calculo III
alumno_00082,Programacion Orientada a Objetos
alumno_00082,Calculo I
alumno_00082,Algebra Lineal
alumno_00082,Estructuras de Datos
alumno_00082,Fisica I
alumno_00082,Matematica Discreta
alumno_00082,Introduccion a la Programacion
alumno_00082,Algebra
alumno_00082,Bases de Datos I
alumno_00083,Programacion Orientada a Objetos
alumno_00083,Calculo I
alumno_00083,Algebra Lineal
alumno_00083,Estructuras de Datos
alumno_00083,Fisica I
alumno_00083,Calculo II
alumno_00083,Introduccion a la Programacion
alumno_00083,Calculo III
alumno_00083,Algebra
alumno_00083,Bases de Datos I
alumno_00084,Programacion Orientada a Objetos
alumno_00084,Estructuras de Datos
alumno_00084,Fisica I
alumno_00084,Introduccion a la Programacion
alumno_00084,Algebra
alumno_00085,Programacion Orientada a Objetos
alumno_00085,Probabilidad y Estadistica
alumno_00085,Estructuras de Datos
alumno_00085,Introduccion a la Programacion
alumno_00085,Bases de Datos I
alumno_00086,Matematica Discreta
alumno_00086,Programacion Orientada a Objetos
alumno_00086,Probabilidad y Estadistica
alumno_00086,Calculo I
alumno_00086,Algebra Lineal
alumno_00086,Calculo II
alumno_00086,Introduccion a la Programacion
alumno_00086,Calculo III
alumno_00086,Algebra
alumno_00086,Bases de Datos I
alumno_00087,Calculo I
alumno_00087,Algebra Lineal
alumno_00087,Fisica I
alumno_00087,Calculo II
alumno_00087,Introduccion a la Programacion
alumno_00087,Algebra
alumno_00088,Programacion Orientada a Objetos
alumno_00088,Calculo I
alumno_00088,Algebra Lineal
alumno_00088,Estructuras de Datos
alumno_00088,Fisica I
alumno_00088,Introduccion a la Programacion
alumno_00088,Algebra
alumno_00088,Bases de Datos I
alumno_00089,Algebra
alumno_00089,Fisica I
alumno_00089,Algebra Lineal
alumno_00090,Matematica Discreta
alumno_00090,Calculo I
alumno_00090,Algebra Lineal
alumno_00090,Estructuras de Datos
alumno_00090,Calculo II
alumno_00090,Introduccion a la Programacion
alumno_00090,Calculo III
alumno_00090,Algebra
alumno_00091,Programacion Orientada a Objetos
alumno_00091,Calculo I
alumno_00091,Calculo II
alumno_00091,Introduccion a la Programacion
alumno_00091,Calculo III
alumno_00092,Programacion Orientada a Objetos
alumno_00092,Calculo I
alumno_00092,Algebra Lineal
alumno_00092,Estructuras de Datos
alumno_00092,Introduccion a la Programacion
alumno_00092,Algebra
alumno_00092,Bases de Datos I
alumno_00093,Programacion Orientada a Objetos
alumno_00093,Calculo I
alumno_00093,Algebra Lineal
alumno_00093,Estructuras de Datos
alumno_00093,Fisica I
alumno_00093,Matematica Discreta
alumno_00093,Introduccion a la Programacion
alumno_00093,Algebra
alumno_00093,Bases de Datos I
alumno_00094,Programacion Orientada a Objetos
alumno_00094,Probabilidad y Estadistica
alumno_00094,Calculo I
alumno_00094,Algebra Lineal
alumno_00094,Fisica I
alumno_00094,Matematica Discreta
alumno_00094,Introduccion a la Programacion
alumno_00094,Algebra
alumno_00095,Programacion Orientada a Objetos
alumno_00095,Calculo I
alumno_00095,Algebra Lineal
alumno_00095,Estructuras de Datos
alumno_00095,Fisica I
alumno_00095,Calculo II
alumno_00095,Introduccion a la Programacion
alumno_00095,Calculo III
alumno_00095,Algebra
alumno_00096,Matematica Discreta
alumno_00096,Programacion Orientada a Objetos
alumno_00096,Calculo I
alumno_00096,Estructuras de Datos
alumno_00096,Fisica I
alumno_00096,Calculo II
alumno_00096,Introduccion a la Programacion
alumno_00096,Calculo III
alumno_00096,Algebra
alumno_00096,Bases de Datos I
alumno_00097,Programacion Orientada a Objetos
alumno_00097,Calculo I
alumno_00097,Estructuras de Datos
alumno_00097,Fisica I
alumno_00097,Introduccion a la Programacion
alumno_00097,Bases de Datos I
alumno_00098,Matematica Discreta
alumno_00098,Programacion Orientada a Objetos
alumno_00098,Probabilidad y Estadistica
alumno_00098,Calculo I
alumno_00098,Algebra Lineal
alumno_00098,Estructuras de Datos
alumno_00098,Fisica I
alumno_00098,Calculo II
alumno_00098,Introduccion a la Programacion
alumno_00098,Calculo III
alumno_00098,Algebra
alumno_00099,Programacion Orientada a Objetos
alumno_00099,Algebra Lineal
alumno_00099,Estructuras de Datos
alumno_00099,Introduccion a la Programacion
alumno_00099,Algebra
alumno_00100,Programacion Orientada a Objetos
alumno_00100,Calculo I
alumno_00100,Algebra Lineal
alumno_00100,Fisica I
alumno_00100,Introduccion a la Programacion
alumno_00100,Algebra
alumno_00101,Matematica Discreta
alumno_00101,Programacion Orientada a Objetos
alumno_00101,Probabilidad y Estadistica
alumno_00101,Calculo I
alumno_00101,Algebra Lineal
alumno_00101,Estructuras de Datos
alumno_00101,Fisica I
alumno_00101,Calculo II
alumno_00101,Introduccion a la Programacion
alumno_00101,Calculo III
alumno_00101,Algebra
alumno_00101,Bases de Datos I
alumno_00102,Calculo III
alumno_00102,Fisica I
alumno_00102,Calculo I
alumno_00102,Calculo II
alumno_00103,Programacion Orientada a Objetos
alumno_00103,Calculo I
alumno_00103,Algebra Lineal
alumno_00103,Estructuras de Datos
alumno_00103,Fisica I
alumno_00103,Matematica Discreta
alumno_00103,Introduccion a la Programacion
alumno_00103,Algebra
alumno_00103,Bases de Datos I
alumno_00104,Calculo I
alumno_00105,Programacion Orientada a Objetos
alumno_00105,Probabilidad y Estadistica
alumno_00105,Calculo I
alumno_00105,Estructuras de Datos
alumno_00105,Calculo II
alumno_00105,Introduccion a la Programacion
alumno_00105,Calculo III
alumno_00105,Algebra
alumno_00105,Bases de Datos I
alumno_00106,Algebra
alumno_00106,Algebra Lineal
alumno_00106,Matematica Discreta
alumno_00107,Matematica Discreta
alumno_00107,Programacion Orientada a Objetos
alumno_00107,Probabilidad y Estadistica
alumno_00107,Calculo I
alumno_00107,Estructuras de Datos
alumno_00107,Calculo II
alumno_00107,Introduccion a la Programacion
alumno_00107,Calculo III
alumno_00107,Algebra
alumno_00107,Bases de Datos I
alumno_00108,Programacion Orientada a Objetos
alumno_00108,Probabilidad y Estadistica
alumno_00108,Calculo I
alumno_00108,Estructuras de Datos
alumno_00108,Fisica I
alumno_00108,Calculo II
alumno_00108,Introduccion a la Programacion
alumno_00108,Calculo III
alumno_00108,Bases de Datos I
alumno_00109,Calculo I
alumno_00109,Algebra Lineal
alumno_00109,Fisica I
alumno_00109,Matematica Discreta
alumno_00109,Algebra
alumno_00110,Programacion Orientada a Objetos
alumno_00110,Probabilidad y Estadistica
alumno_00110,Calculo I
alumno_00110,Algebra Lineal
alumno_00110,Estructuras de Datos
alumno_00110,Calculo II
alumno_00110,Introduccion a la Programacion
alumno_00110,Algebra
alumno_00111,Programacion Orientada a Objetos
alumno_00111,Algebra Lineal
alumno_00111,Estructuras de Datos
alumno_00111,Introduccion a la Programacion
alumno_00111,Algebra
alumno_00111,Bases de Datos I
alumno_00112,Introduccion a la Programacion
alumno_00112,Fisica I
alumno_00112,Algebra
alumno_00112,Algebra Lineal
alumno_00113,Matematica Discreta
alumno_00113,Programacion Orientada a Objetos
alumno_00113,Probabilidad y Estadistica
alumno_00113,Calculo I
alumno_00113,Algebra Lineal
alumno_00113,Estructuras de Datos
alumno_00113,Fisica I
alumno_00113,Calculo II
alumno_00113,Introduccion a la Programacion
alumno_00113,Algebra
alumno_00113,Bases de Datos I
alumno_00114,Programacion Orientada a Objetos
alumno_00114,Calculo I
alumno_00114,Algebra Lineal
alumno_00114,Estructuras de Datos
alumno_00114,Fisica I
alumno_00114,Matematica Discreta
alumno_00114,Introduccion a la Programacion
alumno_00114,Algebra
alumno_00114,Bases de Datos I
alumno_00115,Programacion Orientada a Objetos
alumno_00115,Calculo I
alumno_00115,Fisica I
alumno_00115,Calculo II
alumno_00115,Introduccion a la Programacion
alumno_00116,Programacion Orientada a Objetos
alumno_00116,Probabilidad y Estadistica
alumno_00116,Calculo I
alumno_00116,Algebra Lineal
alumno_00116,Estructuras de Datos
alumno_00116,Fisica I
alumno_00116,Calculo II
alumno_00116,Introduccion a la Programacion
alumno_00116,Calculo III
alumno_00116,Algebra
alumno_00116,Bases de Datos I
alumno_00117,Calculo I
alumno_00117,Algebra Lineal
alumno_00117,Fisica I
alumno_00117,Calculo II
alumno_00117,Algebra
alumno_00117,Calculo III
alumno_00118,Probabilidad y Estadistica
alumno_00118,Calculo I
alumno_00118,Algebra Lineal
alumno_00118,Fisica I
alumno_00118,Calculo II
alumno_00118,Algebra
alumno_00119,Algebra
alumno_00119,Fisica I
alumno_00119,Matematica Discreta
alumno_00120,Programacion Orientada a Objetos
alumno_00120,Algebra Lineal
alumno_00120,Estructuras de Datos
alumno_00120,Fisica I
alumno_00120,Introduccion a la Programacion
alumno_00120,Algebra
alumno_00120,Bases de Datos I
alumno_00121,Programacion Orientada a Objetos
alumno_00121,Probabilidad y Estadistica
alumno_00121,Calculo I
alumno_00121,Estructuras de Datos
alumno_00121,Fisica I
alumno_00121,Introduccion a la Programacion
alumno_00121,Calculo III
alumno_00121,Algebra
alumno_00121,Bases de Datos I
alumno_00122,Programacion Orientada a Objetos
alumno_00122,Calculo I
alumno_00122,Algebra Lineal
alumno_00122,Fisica I
alumno_00122,Matematica Discreta
alumno_00122,Introduccion a la Programacion
alumno_00122,Algebra
alumno_00123,Programacion Orientada a Objetos
alumno_00123,Probabilidad y Estadistica
alumno_00123,Calculo I
alumno_00123,Algebra Lineal
alumno_00123,Estructuras de Datos
alumno_00123,Fisica I
alumno_00123,Calculo II
alumno_00123,Introduccion a la Programacion
alumno_00123,Algebra
alumno_00123,Bases de Datos I
alumno_00124,Programacion Orientada a Objetos
alumno_00124,Probabilidad y Estadistica
alumno_00124,Estructuras de Datos
alumno_00124,Fisica I
alumno_00124,Matematica Discreta
alumno_00124,Introduccion a la Programacion
alumno_00124,Algebra
alumno_00125,Programacion Orientada a Objetos
alumno_00125,Calculo I
alumno_00125,Algebra Lineal
alumno_00125,Estructuras de Datos
alumno_00125,Calculo II
alumno_00125,Introduccion a la Programacion
alumno_00125,Algebra
alumno_00126,Programacion Orientada a Objetos
alumno_00126,Probabilidad y Estadistica
alumno_00126,Calculo I
alumno_00126,Algebra Lineal
alumno_00126,Estructuras de Datos
alumno_00126,Introduccion a la Programacion
alumno_00126,Algebra
alumno_00126,Bases de Datos I
alumno_00127,Programacion Orientada a Objetos
alumno_00127,Probabilidad y Estadistica
alumno_00127,Calculo I
alumno_00127,Algebra Lineal
alumno_00127,Matematica Discreta
alumno_00127,Introduccion a la Programacion
alumno_00127,Algebra
alumno_00128,Programacion Orientada a Objetos
alumno_00128,Calculo I
alumno_00128,Estructuras de Datos
alumno_00128,Calculo II
alumno_00128,Introduccion a la Programacion
alumno_00129,Programacion Orientada a Objetos
alumno_00129,Algebra Lineal
alumno_00129,Estructuras de Datos
alumno_00129,Fisica I
alumno_00129,Introduccion a la Programacion
alumno_00129,Algebra
alumno_00129,Bases de Datos I
alumno_00130,Algebra
alumno_00130,Fisica I
alumno_00130,Calculo I
alumno_00131,Programacion Orientada a Objetos
alumno_00131,Calculo I
alumno_00131,Algebra Lineal
alumno_00131,Matematica Discreta
alumno_00131,Introduccion a la Programacion
alumno_00131,Algebra
alumno_00132,Programacion Orientada a Objetos
alumno_00132,Probabilidad y Estadistica
alumno_00132,Calculo I
alumno_00132,Algebra Lineal
alumno_00132,Estructuras de Datos
alumno_00132,Calculo II
alumno_00132,Introduccion a la Programacion
alumno_00132,Calculo III
alumno_00132,Algebra
alumno_00133,Programacion Orientada a Objetos
alumno_00133,Calculo I
alumno_00133,Algebra Lineal
alumno_00133,Estructuras de Datos
alumno_00133,Fisica I
alumno_00133,Calculo II
alumno_00133,Introduccion a la Programacion
alumno_00133,Calculo III
alumno_00133,Algebra
alumno_00133,Bases de Datos I
alumno_00134,Programacion Orientada a Objetos
alumno_00134,Algebra Lineal
alumno_00134,Fisica I
alumno_00134,Matematica Discreta
alumno_00134,Introduccion a la Programacion
alumno_00134,Algebra
alumno_00135,Programacion Orientada a Objetos
alumno_00135,Probabilidad y Estadistica
alumno_00135,Calculo I
alumno_00135,Fisica I
alumno_00135,Calculo II
alumno_00135,Introduccion a la Programacion
alumno_00135,Calculo III
alumno_00136,Programacion Orientada a Objetos
alumno_00136,Calculo I
alumno_00136,Algebra Lineal
alumno_00136,Estructuras de Datos
alumno_00136,Fisica I
alumno_00136,Matematica Discreta
alumno_00136,Introduccion a la Programacion
alumno_00136,Algebra
alumno_00137,Matematica Discreta
alumno_00137,Programacion Orientada a Objetos
alumno_00137,Probabilidad y Estadistica
alumno_00137,Calculo I
alumno_00137,Algebra Lineal
alumno_00137,Estructuras de Datos
alumno_00137,Fisica I
alumno_00137,Calculo II
alumno_00137,Introduccion a la Programacion
alumno_00137,Calculo III
alumno_00137,Algebra
alumno_00137,Bases de Datos I
alumno_00138,Programacion Orientada a Objetos
alumno_00138,Probabilidad y Estadistica
alumno_00138,Calculo I
alumno_00138,Algebra Lineal
alumno_00138,Estructuras de Datos
alumno_00138,Fisica I
alumno_00138,Matematica Discreta
alumno_00138,Introduccion a la Programacion
alumno_00138,Algebra
alumno_00138,Bases de Datos I
alumno_00139,Programacion Orientada a Objetos
alumno_00139,Estructuras de Datos
alumno_00139,Algebra
alumno_00139,Introduccion a la Programacion
alumno_00139,Bases de Datos I
alumno_00140,Programacion Orientada a Objetos
alumno_00140,Calculo I
alumno_00140,Algebra Lineal
alumno_00140,Estructuras de Datos
alumno_00140,Matematica Discreta
alumno_00140,Introduccion a la Programacion
alumno_00140,Algebra
alumno_00141,Programacion Orientada a Objetos
alumno_00141,Calculo I
alumno_00141,Algebra Lineal
alumno_00141,Fisica I
alumno_00141,Matematica Discreta
alumno_00141,Introduccion a la Programacion
alumno_00141,Algebra
alumno_00142,Matematica Discreta
alumno_00142,Programacion Orientada a Objetos
alumno_00142,Probabilidad y Estadistica
alumno_00142,Calculo I
alumno_00142,Algebra Lineal
alumno_00142,Estructuras de Datos
alumno_00142,Calculo II
alumno_00142,Introduccion a la Programacion
alumno_00142,Calculo III
alumno_00142,Algebra
alumno_00142,Bases de Datos I
alumno_00143,Introduccion a la Programacion
alumno_00143,Calculo I
alumno_00143,Estructuras de Datos
alumno_00143,Programacion Orientada a Objetos
alumno_00144,Matematica Discreta
alumno_00144,Programacion Orientada a Objetos
alumno_00144,Calculo I
alumno_00144,Algebra Lineal
alumno_00144,Fisica I
alumno_00144,Calculo II
alumno_00144,Introduccion a la Programacion
alumno_00144,Algebra
alumno_00145,Matematica Discreta
alumno_00145,Programacion Orientada a Objetos
alumno_00145,Calculo I
alumno_00145,Algebra Lineal
alumno_00145,Calculo II
alumno_00145,Introduccion a la Programacion
alumno_00145,Calculo III
alumno_00145,Algebra
alumno_00146,Matematica Discreta
alumno_00146,Programacion Orientada a Objetos
alumno_00146,Probabilidad y Estadistica
alumno_00146,Calculo I
alumno_00146,Fisica I
alumno_00146,Calculo II
alumno_00146,Introduccion a la Programacion
alumno_00146,Algebra
alumno_00147,Programacion Orientada a Objetos
alumno_00147,Algebra Lineal
alumno_00147,Estructuras de Datos
alumno_00147,Fisica I
alumno_00147,Matematica Discreta
alumno_00147,Introduccion a la Programacion
alumno_00147,Algebra
alumno_00147,Bases de Datos I
alumno_00148,Matematica Discreta
alumno_00148,Programacion Orientada a Objetos
alumno_00148,Probabilidad y Estadistica
alumno_00148,Calculo I
alumno_00148,Algebra Lineal
alumno_00148,Fisica I
alumno_00148,Calculo II
alumno_00148,Introduccion a la Programacion
alumno_00148,Algebra
alumno_00149,Programacion Orientada a Objetos
alumno_00149,Calculo I
alumno_00149,Algebra Lineal
alumno_00149,Estructuras de Datos
alumno_00149,Fisica I
alumno_00149,Calculo II
alumno_00149,Introduccion a la Programacion
alumno_00149,Calculo III
alumno_00149,Algebra
alumno_00149,Bases de Datos I
alumno_00150,Programacion Orientada a Objetos
alumno_00150,Calculo I
alumno_00150,Fisica I
alumno_00150,Matematica Discreta
alumno_00150,Introduccion a la Programacion
alumno_00150,Algebra
alumno_00151,Programacion Orientada a Objetos
alumno_00151,Probabilidad y Estadistica
alumno_00151,Calculo I
alumno_00151,Algebra Lineal
alumno_00151,Introduccion a la Programacion
alumno_00151,Algebra
alumno_00152,Matematica Discreta
alumno_00152,Programacion Orientada a Objetos
alumno_00152,Calculo I
alumno_00152,Algebra Lineal
alumno_00152,Fisica I
alumno_00152,Calculo II
alumno_00152,Introduccion a la Programacion
alumno_00152,Calculo III
alumno_00152,Algebra
alumno_00153,Matematica Discreta
alumno_00153,Programacion Orientada a Objetos
alumno_00153,Calculo I
alumno_00153,Algebra Lineal
alumno_00153,Fisica I
alumno_00153,Calculo II
alumno_00153,Introduccion a la Programacion
alumno_00153,Calculo III
alumno_00153,Algebra
alumno_00154,Algebra
alumno_00154,Probabilidad y Estadistica
alumno_00154,Matematica Discreta
alumno_00155,Programacion Orientada a Objetos
alumno_00155,Calculo I
alumno_00155,Estructuras de Datos
alumno_00155,Calculo II
alumno_00155,Introduccion a la Programacion
alumno_00155,Bases de Datos I
alumno_00156,Matematica Discreta
alumno_00156,Calculo I
alumno_00156,Fisica I
alumno_00156,Calculo II
alumno_00156,Introduccion a la Programacion
alumno_00156,Algebra
alumno_00157,Programacion Orientada a Objetos
alumno_00157,Probabilidad y Estadistica
alumno_00157,Calculo I
alumno_00157,Estructuras de Datos
alumno_00157,Fisica I
alumno_00157,Calculo II
alumno_00157,Introduccion a la Programacion
alumno_00157,Calculo III
alumno_00157,Algebra
alumno_00157,Bases de Datos I
alumno_00158,Calculo II
alumno_00158,Calculo I
alumno_00158,Fisica I
alumno_00158,Matematica Discreta
alumno_00158,Calculo III
alumno_00159,Introduccion a la Programacion
alumno_00159,Fisica I
alumno_00159,Estructuras de Datos
alumno_00159,Programacion Orientada a Objetos
alumno_00160,Programacion Orientada a Objetos
alumno_00160,Calculo I
alumno_00160,Estructuras de Datos
alumno_00160,Fisica I
alumno_00160,Introduccion a la Programacion
alumno_00160,Calculo III
alumno_00160,Bases de Datos I
alumno_00161,Matematica Discreta
alumno_00161,Programacion Orientada a Objetos
alumno_00161,Calculo I
alumno_00161,Algebra Lineal
alumno_00161,Calculo II
alumno_00161,Introduccion a la Programacion
alumno_00161,Calculo III
alumno_00161,Algebra
alumno_00162,Calculo II
alumno_00162,Probabilidad y Estadistica
alumno_00162,Calculo I
alumno_00162,Fisica I
alumno_00162,Matematica Discreta
alumno_00162,Introduccion a la Programacion
alumno_00162,Calculo III
alumno_00163,Matematica Discreta
alumno_00163,Programacion Orientada a Objetos
alumno_00163,Probabilidad y Estadistica
alumno_00163,Calculo I
alumno_00163,Estructuras de Datos
alumno_00163,Calculo II
alumno_00163,Introduccion a la Programacion
alumno_00163,Calculo III
alumno_00163,Algebra
alumno_00163,Bases de Datos I
alumno_00164,Programacion Orientada a Objetos
alumno_00164,Probabilidad y Estadistica
alumno_00164,Calculo I
alumno_00164,Algebra Lineal
alumno_00164,Estructuras de Datos
alumno_00164,Introduccion a la Programacion
alumno_00164,Algebra
alumno_00164,Bases de Datos I
alumno_00165,Matematica Discreta
alumno_00165,Programacion Orientada a Objetos
alumno_00165,Probabilidad y Estadistica
alumno_00165,Calculo I
alumno_00165,Estructuras de Datos
alumno_00165,Fisica I
alumno_00165,Calculo II
alumno_00165,Introduccion a la Programacion
alumno_00165,Algebra
alumno_00165,Bases de Datos I
alumno_00166,Introduccion a la Programacion
alumno_00166,Fisica I
alumno_00166,Estructuras de Datos
alumno_00166,Programacion Orientada a Objetos
alumno_00167,Matematica Discreta
alumno_00167,Programacion Orientada a Objetos
alumno_00167,Probabilidad y Estadistica
alumno_00167,Calculo I
alumno_00167,Calculo II
alumno_00167,Introduccion a la Programacion
alumno_00167,Algebra
alumno_00168,Programacion Orientada a Objetos
alumno_00168,Calculo I
alumno_00168,Algebra Lineal
alumno_00168,Fisica I
alumno_00168,Matematica Discreta
alumno_00168,Introduccion a la Programacion
alumno_00168,Algebra
alumno_00169,Matematica Discreta
alumno_00169,Programacion Orientada a Objetos
alumno_00169,Probabilidad y Estadistica
alumno_00169,Calculo I
alumno_00169,Estructuras de Datos
alumno_00169,Calculo II
alumno_00169,Introduccion a la Programacion
alumno_00169,Algebra
alumno_00169,Bases de Datos I
alumno_00170,Programacion Orientada a Objetos
alumno_00170,Calculo I
alumno_00170,Estructuras de Datos
alumno_00170,Fisica I
alumno_00170,Matematica Discreta
alumno_00170,Introduccion a la Programacion
alumno_00170,Algebra
alumno_00171,Matematica Discreta
alumno_00171,Programacion Orientada a Objetos
alumno_00171,Calculo I
alumno_00171,Algebra Lineal
alumno_00171,Fisica I
alumno_00171,Calculo II
alumno_00171,Introduccion a la Programacion
alumno_00171,Calculo III
alumno_00171,Algebra
alumno_00172,Programacion Orientada a Objetos
alumno_00172,Probabilidad y Estadistica
alumno_00172,Calculo I
alumno_00172,Calculo II
alumno_00172,Introduccion a la Programacion
alumno_00173,Programacion Orientada a Objetos
alumno_00173,Calculo I
alumno_00173,Estructuras de Datos
alumno_00173,Matematica Discreta
alumno_00173,Introduccion a la Programacion
alumno_00173,Algebra
alumno_00173,Bases de Datos I
alumno_00174,Matematica Discreta
alumno_00174,Programacion Orientada a Objetos
alumno_00174,Probabilidad y Estadistica
alumno_00174,Calculo I
alumno_00174,Algebra Lineal
alumno_00174,Calculo II
alumno_00174,Introduccion a la Programacion
alumno_00174,Calculo III
alumno_00174,Algebra
alumno_00175,Programacion Orientada a Objetos
alumno_00175,Calculo I
alumno_00175,Algebra Lineal
alumno_00175,Estructuras de Datos
alumno_00175,Introduccion a la Programacion
alumno_00175,Algebra
alumno_00175,Bases de Datos I
alumno_00176,Programacion Orientada a Objetos
alumno_00176,Probabilidad y Estadistica
alumno_00176,Calculo I
alumno_00176,Estructuras de Datos
alumno_00176,Fisica I
alumno_00176,Calculo II
alumno_00176,Introduccion a la Programacion
alumno_00176,Calculo III
alumno_00176,Bases de Datos I
alumno_00177,Programacion Orientada a Objetos
alumno_00177,Calculo I
alumno_00177,Algebra Lineal
alumno_00177,Introduccion a la Programacion
alumno_00177,Algebra
alumno_00178,Programacion Orientada a Objetos
alumno_00178,Calculo I
alumno_00178,Estructuras de Datos
alumno_00178,Calculo II
alumno_00178,Introduccion a la Programacion
alumno_00178,Algebra
alumno_00179,Programacion Orientada a Objetos
alumno_00179,Estructuras de Datos
alumno_00179,Fisica I
alumno_00179,Introduccion a la Programacion
alumno_00179,Algebra
alumno_00179,Bases de Datos I
alumno_00180,Calculo I
alumno_00180,Algebra Lineal
alumno_00180,Fisica I
alumno_00180,Matematica Discreta
alumno_00180,Introduccion a la Programacion
alumno_00180,Algebra
alumno_00181,Calculo I
alumno_00181,Algebra Lineal
alumno_00181,Fisica I
alumno_00181,Algebra
alumno_00181,Calculo III
alumno_00182,Programacion Orientada a Objetos
alumno_00182,Probabilidad y Estadistica
alumno_00182,Calculo I
alumno_00182,Algebra Lineal
alumno_00182,Estructuras de Datos
alumno_00182,Fisica I
alumno_00182,Calculo II
alumno_00182,Introduccion a la Programacion
alumno_00182,Calculo III
alumno_00182,Algebra
alumno_00182,Bases de Datos I
alumno_00183,Matematica Discreta
alumno_00183,Probabilidad y Estadistica
alumno_00183,Calculo I
alumno_00183,Algebra Lineal
alumno_00183,Fisica I
alumno_00183,Calculo II
alumno_00183,Introduccion a la Programacion
alumno_00183,Calculo III
alumno_00183,Algebra
alumno_00184,Probabilidad y Estadistica
alumno_00184,Calculo I
alumno_00184,Fisica I
alumno_00184,Calculo II
alumno_00184,Calculo III
alumno_00185,Programacion Orientada a Objetos
alumno_00185,Probabilidad y Estadistica
alumno_00185,Calculo I
alumno_00185,Calculo II
alumno_00185,Introduccion a la Programacion
alumno_00186,Matematica Discreta
alumno_00186,Programacion Orientada a Objetos
alumno_00186,Probabilidad y Estadistica
alumno_00186,Calculo I
alumno_00186,Algebra Lineal
alumno_00186,Calculo II
alumno_00186,Introduccion a la Programacion
alumno_00186,Algebra
alumno_00187,Programacion Orientada a Objetos
alumno_00187,Probabilidad y Estadistica
alumno_00187,Calculo I
alumno_00187,Estructuras de Datos
alumno_00187,Fisica I
alumno_00187,Calculo II
alumno_00187,Introduccion a la Programacion
alumno_00188,Programacion Orientada a Objetos
alumno_00188,Calculo I
alumno_00188,Estructuras de Datos
alumno_00188,Fisica I
alumno_00188,Introduccion a la Programacion
alumno_00188,Bases de Datos I
alumno_00189,Programacion Orientada a Objetos
alumno_00189,Probabilidad y Estadistica
alumno_00189,Calculo I
alumno_00189,Algebra Lineal
alumno_00189,Estructuras de Datos
alumno_00189,Fisica I
alumno_00189,Calculo II
alumno_00189,Introduccion a la Programacion
alumno_00189,Calculo III
alumno_00189,Algebra
alumno_00189,Bases de Datos I
alumno_00190,Matematica Discreta
alumno_00190,Programacion Orientada a Objetos
alumno_00190,Calculo I
alumno_00190,Algebra Lineal
alumno_00190,Estructuras de Datos
alumno_00190,Fisica I
alumno_00190,Calculo II
alumno_00190,Introduccion a la Programacion
alumno_00190,Calculo III
alumno_00190,Algebra
alumno_00190,Bases de Datos I
alumno_00191,Algebra
alumno_00191,Bases de Datos I
alumno_00191,Algebra Lineal
alumno_00191,Estructuras de Datos
alumno_00192,Programacion Orientada a Objetos
alumno_00192,Calculo I
alumno_00192,Estructuras de Datos
alumno_00192,Calculo II
alumno_00192,Introduccion a la Programacion
alumno_00192,Calculo III
alumno_00193,Programacion Orientada a Objetos
alumno_00193,Probabilidad y Estadistica
alumno_00193,Calculo I
alumno_00193,Estructuras de Datos
alumno_00193,Calculo II
alumno_00193,Introduccion a la Programacion
alumno_00193,Calculo III
alumno_00194,Programacion Orientada a Objetos
alumno_00194,Estructuras de Datos
alumno_00194,Fisica I
alumno_00194,Matematica Discreta
alumno_00194,Introduccion a la Programacion
alumno_00194,Bases de Datos I
alumno_00195,Programacion Orientada a Objetos
alumno_00195,Calculo I
alumno_00195,Algebra Lineal
alumno_00195,Estructuras de Datos
alumno_00195,Fisica I
alumno_00195,Calculo II
alumno_00195,Introduccion a la Programacion
alumno_00195,Calculo III
alumno_00195,Algebra
alumno_00196,Programacion Orientada a Objetos
alumno_00196,Calculo I
alumno_00196,Algebra Lineal
alumno_00196,Introduccion a la Programacion
alumno_00196,Algebra
alumno_00197,Programacion Orientada a Objetos
alumno_00197,Calculo I
alumno_00197,Algebra Lineal
alumno_00197,Estructuras de Datos
alumno_00197,Matematica Discreta
alumno_00197,Introduccion a la Programacion
alumno_00197,Algebra
alumno_00197,Bases de Datos I
alumno_00198,Matematica Discreta
alumno_00198,Programacion Orientada a Objetos
alumno_00198,Probabilidad y Estadistica
alumno_00198,Calculo I
alumno_00198,Estructuras de Datos
alumno_00198,Fisica I
alumno_00198,Calculo II
alumno_00198,Introduccion a la Programacion
alumno_00198,Algebra
alumno_00199,Programacion Orientada a Objetos
alumno_00199,Probabilidad y Estadistica
alumno_00199,Calculo I
alumno_00199,Estructuras de Datos
alumno_00199,Fisica I
alumno_00199,Calculo II
alumno_00199,Introduccion a la Programacion
alumno_00199,Bases de Datos I
alumno_00200,Introduccion a la Programacion
alumno_00200,Probabilidad y Estadistica
alumno_00200,Calculo I
alumno_00200,Calculo II
alumno_00201,Calculo II
alumno_00201,Probabilidad y Estadistica
alumno_00201,Calculo I
alumno_00201,Matematica Discreta
alumno_00201,Introduccion a la Programacion
alumno_00201,Algebra
alumno_00202,Programacion Orientada a Objetos
alumno_00202,Calculo I
alumno_00202,Algebra Lineal
alumno_00202,Estructuras de Datos
alumno_00202,Fisica I
alumno_00202,Introduccion a la Programacion
alumno_00202,Algebra
alumno_00202,Bases de Datos I
alumno_00203,Programacion Orientada a Objetos
alumno_00203,Calculo I
alumno_00203,Estructuras de Datos
alumno_00203,Fisica I
alumno_00203,Introduccion a la Programacion
alumno_00204,Probabilidad y Estadistica
alumno_00204,Calculo I
alumno_00204,Algebra Lineal
alumno_00204,Calculo II
alumno_00204,Introduccion a la Programacion
alumno_00204,Calculo III
alumno_00204,Algebra
alumno_00205,Programacion Orientada a Objetos
alumno_00205,Calculo I
alumno_00205,Algebra Lineal
alumno_00205,Estructuras de Datos
alumno_00205,Fisica I
alumno_00205,Introduccion a la Programacion
alumno_00205,Algebra
alumno_00206,Matematica Discreta
alumno_00206,Programacion Orientada a Objetos
alumno_00206,Calculo I
alumno_00206,Algebra Lineal
alumno_00206,Estructuras de Datos
alumno_00206,Fisica I
alumno_00206,Calculo II
alumno_00206,Introduccion a la Programacion
alumno_00206,Calculo III
alumno_00206,Algebra
alumno_00207,Programacion Orientada a Objetos
alumno_00207,Calculo I
alumno_00207,Algebra Lineal
alumno_00207,Fisica I
alumno_00207,Calculo II
alumno_00207,Introduccion a la Programacion
alumno_00207,Calculo III
alumno_00207,Algebra
alumno_00208,Matematica Discreta
alumno_00208,Calculo I
alumno_00208,Algebra Lineal
alumno_00208,Fisica I
alumno_00208,Calculo II
alumno_00208,Introduccion a la Programacion
alumno_00208,Algebra
alumno_00209,Programacion Orientada a Objetos
alumno_00209,Probabilidad y Estadistica
alumno_00209,Calculo I
alumno_00209,Estructuras de Datos
alumno_00209,Calculo II
alumno_00209,Introduccion a la Programacion
alumno_00209,Calculo III
alumno_00209,Algebra
alumno_00210,Programacion Orientada a Objetos
alumno_00210,Probabilidad y Estadistica
alumno_00210,Calculo I
alumno_00210,Estructuras de Datos
alumno_00210,Fisica I
alumno_00210,Calculo II
alumno_00210,Introduccion a la Programacion
alumno_00210,Calculo III
alumno_00211,Programacion Orientada a Objetos
alumno_00211,Probabilidad y Estadistica
alumno_00211,Calculo I
alumno_00211,Estructuras de Datos
alumno_00211,Fisica I
alumno_00211,Calculo II
alumno_00211,Introduccion a la Programacion
alumno_00211,Calculo III
alumno_00212,Introduccion a la Programacion
alumno_00212,Calculo I
alumno_00212,Estructuras de Datos
alumno_00212,Programacion Orientada a Objetos
alumno_00213,Programacion Orientada a Objetos
alumno_00213,Calculo I
alumno_00213,Algebra Lineal
alumno_00213,Estructuras de Datos
alumno_00213,Matematica Discreta
alumno_00213,Introduccion a la Programacion
alumno_00213,Algebra
alumno_00213,Bases de Datos I
alumno_00214,Programacion Orientada a Objetos
alumno_00214,Probabilidad y Estadistica
alumno_00214,Calculo I
alumno_00214,Algebra Lineal
alumno_00214,Estructuras de Datos
alumno_00214,Fisica I
alumno_00214,Matematica Discreta
alumno_00214,Introduccion a la Programacion
alumno_00214,Algebra
alumno_00215,Fisica I
alumno_00215,Calculo I
alumno_00216,Programacion Orientada a Objetos
alumno_00216,Calculo I
alumno_00216,Estructuras de Datos
alumno_00216,Fisica I
alumno_00216,Calculo II
alumno_00216,Introduccion a la Programacion
alumno_00216,Calculo III
alumno_00216,Bases de Datos I
alumno_00217,Programacion Orientada a Objetos
alumno_00217,Algebra Lineal
alumno_00217,Estructuras de Datos
alumno_00217,Fisica I
alumno_00217,Matematica Discreta
alumno_00217,Introduccion a la Programacion
alumno_00217,Algebra
alumno_00217,Bases de Datos I
alumno_00218,Probabilidad y Estadistica
alumno_00218,Calculo I
alumno_00218,Algebra Lineal
alumno_00218,Fisica I
alumno_00218,Calculo II
alumno_00218,Introduccion a la Programacion
alumno_00218,Calculo III
alumno_00218,Algebra
alumno_00219,Programacion Orientada a Objetos
alumno_00219,Probabilidad y Estadistica
alumno_00219,Calculo I
alumno_00219,Algebra Lineal
alumno_00219,Estructuras de Datos
alumno_00219,Calculo II
alumno_00219,Introduccion a la Programacion
alumno_00219,Algebra
alumno_00219,Bases de Datos I
alumno_00220,Programacion Orientada a Objetos
alumno_00220,Probabilidad y Estadistica
alumno_00220,Calculo I
alumno_00220,Algebra Lineal
alumno_00220,Calculo II
alumno_00220,Introduccion a la Programacion
alumno_00220,Calculo III
alumno_00220,Algebra
alumno_00221,Programacion Orientada a Objetos
alumno_00221,Probabilidad y Estadistica
alumno_00221,Calculo I
alumno_00221,Estructuras de Datos
alumno_00221,Fisica I
alumno_00221,Calculo II
alumno_00221,Introduccion a la Programacion
alumno_00221,Calculo III
alumno_00221,Algebra
alumno_00221,Bases de Datos I
alumno_00222,Introduccion a la Programacion
alumno_00222,Fisica I
alumno_00222,Calculo I
alumno_00222,Programacion Orientada a Objetos
alumno_00223,Programacion Orientada a Objetos
alumno_00223,Probabilidad y Estadistica
alumno_00223,Calculo I
alumno_00223,Estructuras de Datos
alumno_00223,Fisica I
alumno_00223,Calculo II
alumno_00223,Introduccion a la Programacion
alumno_00223,Bases de Datos I
alumno_00224,Matematica Discreta
alumno_00224,Programacion Orientada a Objetos
alumno_00224,Calculo I
alumno_00224,Estructuras de Datos
alumno_00224,Fisica I
alumno_00224,Calculo II
alumno_00224,Introduccion a la Programacion
alumno_00224,Calculo III
alumno_00224,Algebra
alumno_00224,Bases de Datos I
alumno_00225,Programacion Orientada a Objetos
alumno_00225,Algebra Lineal
alumno_00225,Fisica I
alumno_00225,Matematica Discreta
alumno_00225,Introduccion a la Programacion
alumno_00225,Algebra
alumno_00226,Matematica Discreta
alumno_00226,Programacion Orientada a Objetos
alumno_00226,Calculo I
alumno_00226,Algebra Lineal
alumno_00226,Estructuras de Datos
alumno_00226,Fisica I
alumno_00226,Calculo II
alumno_00226,Introduccion a la Programacion
alumno_00226,Calculo III
alumno_00226,Algebra
alumno_00226,Bases de Datos I
alumno_00227,Programacion Orientada a Objetos
alumno_00227,Probabilidad y Estadistica
alumno_00227,Calculo I
alumno_00227,Estructuras de Datos
alumno_00227,Fisica I
alumno_00227,Calculo II
alumno_00227,Introduccion a la Programacion
alumno_00227,Algebra
alumno_00227,Bases de Datos I
alumno_00228,Programacion Orientada a Objetos
alumno_00228,Calculo I
alumno_00228,Algebra Lineal
alumno_00228,Estructuras de Datos
alumno_00228,Calculo II
alumno_00228,Introduccion a la Programacion
alumno_00228,Calculo III
alumno_00228,Algebra
alumno_00228,Bases de Datos I
alumno_00229,Matematica Discreta
alumno_00229,Programacion Orientada a Objetos
alumno_00229,Calculo I
alumno_00229,Algebra Lineal
alumno_00229,Calculo II
alumno_00229,Introduccion a la Programacion
alumno_00229,Calculo III
alumno_00229,Algebra
alumno_00230,Matematica Discreta
alumno_00230,Programacion Orientada a Objetos
alumno_00230,Probabilidad y Estadistica
alumno_00230,Calculo I
alumno_00230,Algebra Lineal
alumno_00230,Estructuras de Datos
alumno_00230,Calculo II
alumno_00230,Introduccion a la Programacion
alumno_00230,Calculo III
alumno_00230,Algebra
alumno_00231,Programacion Orientada a Objetos
alumno_00231,Calculo I
alumno_00231,Fisica I
alumno_00231,Calculo II
alumno_00231,Introduccion a la Programacion
alumno_00231,Calculo III
alumno_00232,Programacion Orientada a Objetos
alumno_00232,Calculo I
alumno_00232,Estructuras de Datos
alumno_00232,Fisica I
alumno_00232,Calculo II
alumno_00232,Introduccion a la Programacion
alumno_00232,Calculo III
alumno_00232,Bases de Datos I
alumno_00233,Matematica Discreta
alumno_00233,Programacion Orientada a Objetos
alumno_00233,Probabilidad y Estadistica
alumno_00233,Calculo I
alumno_00233,Algebra Lineal
alumno_00233,Estructuras de Datos
alumno_00233,Calculo II
alumno_00233,Introduccion a la Programacion
alumno_00233,Calculo III
alumno_00233,Algebra
alumno_00233,Bases de Datos I
alumno_00234,Programacion Orientada a Objetos
alumno_00234,Algebra Lineal
alumno_00234,Estructuras de Datos
alumno_00234,Fisica I
alumno_00234,Introduccion a la Programacion
alumno_00234,Algebra
alumno_00235,Matematica Discreta
alumno_00235,Programacion Orientada a Objetos
alumno_00235,Probabilidad y Estadistica
alumno_00235,Calculo I
alumno_00235,Algebra Lineal
alumno_00235,Estructuras de Datos
alumno_00235,Calculo II
alumno_00235,Introduccion a la Programacion
alumno_00235,Calculo III
alumno_00235,Algebra
alumno_00235,Bases de Datos I
alumno_00236,Programacion Orientada a Objetos
alumno_00236,Calculo I
alumno_00236,Estructuras de Datos
alumno_00236,Fisica I
alumno_00236,Introduccion a la Programacion
alumno_00236,Bases de Datos I
alumno_00237,Introduccion a la Programacion
alumno_00237,Probabilidad y Estadistica
alumno_00237,Matematica Discreta
alumno_00238,Programacion Orientada a Objetos
alumno_00238,Calculo I
alumno_00238,Algebra Lineal
alumno_00238,Estructuras de Datos
alumno_00238,Fisica I
alumno_00238,Introduccion a la Programacion
alumno_00238,Algebra
alumno_00238,Bases de Datos I
alumno_00239,Programacion Orientada a Objetos
alumno_00239,Probabilidad y Estadistica
alumno_00239,Calculo I
alumno_00239,Estructuras de Datos
alumno_00239,Calculo II
alumno_00239,Introduccion a la Programacion
alumno_00239,Calculo III
alumno_00239,Algebra
alumno_00239,Bases de Datos I
alumno_00240,Matematica Discreta
alumno_00240,Programacion Orientada a Objetos
alumno_00240,Calculo I
alumno_00240,Algebra Lineal
alumno_00240,Estructuras de Datos
alumno_00240,Fisica I
alumno_00240,Calculo II
alumno_00240,Introduccion a la Programacion
alumno_00240,Calculo III
alumno_00240,Algebra
alumno_00240,Bases de Datos I
alumno_00241,Calculo I
alumno_00241,Algebra Lineal
alumno_00241,Fisica I
alumno_00241,Matematica Discreta
alumno_00241,Algebra
alumno_00242,Algebra
alumno_00242,Fisica I
alumno_00242,Algebra Lineal
alumno_00242,Matematica Discreta
alumno_00243,Programacion Orientada a Objetos
alumno_00243,Calculo I
alumno_00243,Algebra Lineal
alumno_00243,Estructuras de Datos
alumno_00243,Fisica I
alumno_00243,Matematica Discreta
alumno_00243,Introduccion a la Programacion
alumno_00243,Algebra
alumno_00243,Bases de Datos I
alumno_00244,Probabilidad y Estadistica
alumno_00244,Calculo I
alumno_00244,Fisica I
alumno_00244,Calculo II
alumno_00244,Calculo III
alumno_00244,Bases de Datos I
alumno_00245,Probabilidad y Estadistica
alumno_00245,Calculo I
alumno_00245,Algebra Lineal
alumno_00245,Fisica I
alumno_00245,Calculo II
alumno_00245,Introduccion a la Programacion
alumno_00245,Algebra
alumno_00246,Programacion Orientada a Objetos
alumno_00246,Calculo I
alumno_00246,Algebra Lineal
alumno_00246,Estructuras de Datos
alumno_00246,Introduccion a la Programacion
alumno_00246,Algebra
alumno_00246,Bases de Datos I
alumno_00247,Probabilidad y Estadistica
alumno_00247,Calculo I
alumno_00247,Calculo II
alumno_00247,Introduccion a la Programacion
alumno_00247,Calculo III
alumno_00248,Programacion Orientada a Objetos
alumno_00248,Algebra Lineal
alumno_00248,Matematica Discreta
alumno_00248,Introduccion a la Programacion
alumno_00248,Algebra
alumno_00249,Programacion Orientada a Objetos
alumno_00249,Probabilidad y Estadistica
alumno_00249,Calculo I
alumno_00249,Fisica I
alumno_00249,Calculo II
alumno_00249,Introduccion a la Programacion
alumno_00250,Programacion Orientada a Objetos
alumno_00250,Probabilidad y Estadistica
alumno_00250,Calculo I
alumno_00250,Estructuras de Datos
alumno_00250,Calculo II
alumno_00250,Introduccion a la Programacion
alumno_00250,Calculo III
alumno_00250,Bases de Datos I
alumno_00251,Programacion Orientada a Objetos
alumno_00251,Calculo I
alumno_00251,Estructuras de Datos
alumno_00251,Fisica I
alumno_00251,Calculo II
alumno_00251,Introduccion a la Programacion
alumno_00251,Calculo III
alumno_00251,Bases de Datos I
alumno_00252,Probabilidad y Estadistica
alumno_00252,Calculo I
alumno_00252,Estructuras de Datos
alumno_00253,Matematica Discreta
alumno_00253,Programacion Orientada a Objetos
alumno_00253,Calculo I
alumno_00253,Algebra Lineal
alumno_00253,Estructuras de Datos
alumno_00253,Fisica I
alumno_00253,Calculo II
alumno_00253,Introduccion a la Programacion
alumno_00253,Calculo III
alumno_00253,Algebra
alumno_00253,Bases de Datos I
alumno_00254,Programacion Orientada a Objetos
alumno_00254,Probabilidad y Estadistica
alumno_00254,Calculo I
alumno_00254,Estructuras de Datos
alumno_00254,Matematica Discreta
alumno_00254,Introduccion a la Programacion
alumno_00254,Bases de Datos I
alumno_00255,Programacion Orientada a Objetos
alumno_00255,Probabilidad y Estadistica
alumno_00255,Calculo I
alumno_00255,Calculo II
alumno_00255,Introduccion a la Programacion
alumno_00256,Programacion Orientada a Objetos
alumno_00256,Probabilidad y Estadistica
alumno_00256,Calculo I
alumno_00256,Algebra Lineal
alumno_00256,Fisica I
alumno_00256,Calculo II
alumno_00256,Introduccion a la Programacion
alumno_00256,Calculo III
alumno_00256,Algebra
alumno_00257,Introduccion a la Programacion
alumno_00257,Estructuras de Datos
alumno_00257,Algebra Lineal
alumno_00257,Programacion Orientada a Objetos
alumno_00258,Programacion Orientada a Objetos
alumno_00258,Probabilidad y Estadistica
alumno_00258,Calculo I
alumno_00258,Algebra Lineal
alumno_00258,Estructuras de Datos
alumno_00258,Fisica I
alumno_00258,Calculo II
alumno_00258,Introduccion a la Programacion
alumno_00258,Calculo III
alumno_00258,Algebra
alumno_00258,Bases de Datos I
alumno_00259,Matematica Discreta
alumno_00259,Programacion Orientada a Objetos
alumno_00259,Calculo I
alumno_00259,Algebra Lineal
alumno_00259,Fisica I
alumno_00259,Calculo II
alumno_00259,Introduccion a la Programacion
alumno_00259,Algebra
alumno_00260,Programacion Orientada a Objetos
alumno_00260,Probabilidad y Estadistica
alumno_00260,Calculo I
alumno_00260,Algebra Lineal
alumno_00260,Fisica I
alumno_00260,Calculo II
alumno_00260,Introduccion a la Programacion
alumno_00260,Algebra
alumno_00261,Matematica Discreta
alumno_00261,Calculo I
alumno_00261,Algebra Lineal
alumno_00261,Fisica I
alumno_00261,Calculo II
alumno_00261,Introduccion a la Programacion
alumno_00261,Algebra
alumno_00262,Programacion Orientada a Objetos
alumno_00262,Calculo I
alumno_00262,Algebra Lineal
alumno_00262,Estructuras de Datos
alumno_00262,Fisica I
alumno_00262,Matematica Discreta
alumno_00262,Introduccion a la Programacion
alumno_00262,Algebra
alumno_00262,Bases de Datos I
alumno_00263,Matematica Discreta
alumno_00263,Programacion Orientada a Objetos
alumno_00263,Probabilidad y Estadistica
alumno_00263,Calculo I
alumno_00263,Algebra Lineal
alumno_00263,Estructuras de Datos
alumno_00263,Calculo II
alumno_00263,Introduccion a la Programacion
alumno_00263,Algebra
alumno_00263,Bases de Datos I
alumno_00264,Matematica Discreta
alumno_00264,Programacion Orientada a Objetos
alumno_00264,Probabilidad y Estadistica
alumno_00264,Calculo I
alumno_00264,Algebra Lineal
alumno_00264,Calculo II
alumno_00264,Introduccion a la Programacion
alumno_00264,Calculo III
alumno_00264,Algebra
alumno_00265,Matematica Discreta
alumno_00265,Programacion Orientada a Objetos
alumno_00265,Probabilidad y Estadistica
alumno_00265,Calculo I
alumno_00265,Algebra Lineal
alumno_00265,Estructuras de Datos
alumno_00265,Fisica I
alumno_00265,Calculo II
alumno_00265,Introduccion a la Programacion
alumno_00265,Calculo III
alumno_00265,Algebra
alumno_00265,Bases de Datos I
alumno_00266,Matematica Discreta
alumno_00266,Programacion Orientada a Objetos
alumno_00266,Calculo I
alumno_00266,Algebra Lineal
alumno_00266,Estructuras de Datos
alumno_00266,Fisica I
alumno_00266,Calculo II
alumno_00266,Introduccion a la Programacion
alumno_00266,Algebra
alumno_00267,Programacion Orientada a Objetos
alumno_00267,Probabilidad y Estadistica
alumno_00267,Calculo I
alumno_00267,Algebra Lineal
alumno_00267,Fisica I
alumno_00267,Calculo II
alumno_00267,Introduccion a la Programacion
alumno_00267,Algebra
alumno_00268,Introduccion a la Programacion
alumno_00268,Fisica I
alumno_00268,Algebra
alumno_00268,Programacion Orientada a Objetos
alumno_00269,Programacion Orientada a Objetos
alumno_00269,Algebra Lineal
alumno_00269,Estructuras de Datos
alumno_00269,Fisica I
alumno_00269,Introduccion a la Programacion
alumno_00269,Algebra
alumno_00269,Bases de Datos I
alumno_00270,Programacion Orientada a Objetos
alumno_00270,Calculo I
alumno_00270,Estructuras de Datos
alumno_00270,Fisica I
alumno_00270,Calculo II
alumno_00270,Introduccion a la Programacion
alumno_00270,Calculo III
alumno_00270,Bases de Datos I
alumno_00271,Fisica I
alumno_00271,Calculo I
alumno_00272,Introduccion a la Programacion
alumno_00272,Fisica I
alumno_00272,Probabilidad y Estadistica
alumno_00272,Programacion Orientada a Objetos
alumno_00273,Programacion Orientada a Objetos
alumno_00273,Calculo I
alumno_00273,Algebra Lineal
alumno_00273,Estructuras de Datos
alumno_00273,Fisica I
alumno_00273,Matematica Discreta
alumno_00273,Introduccion a la Programacion
alumno_00273,Algebra
alumno_00274,Programacion Orientada a Objetos
alumno_00274,Calculo I
alumno_00274,Estructuras de Datos
alumno_00274,Calculo II
alumno_00274,Introduccion a la Programacion
alumno_00274,Bases de Datos I
alumno_00275,Probabilidad y Estadistica
alumno_00275,Calculo I
alumno_00275,Estructuras de Datos
alumno_00275,Calculo II
alumno_00275,Introduccion a la Programacion
alumno_00275,Calculo III
alumno_00276,Introduccion a la Programacion
alumno_00276,Algebra
alumno_00276,Algebra Lineal
alumno_00276,Programacion Orientada a Objetos
alumno_00277,Matematica Discreta
alumno_00277,Programacion Orientada a Objetos
alumno_00277,Calculo I
alumno_00277,Algebra Lineal
alumno_00277,Fisica I
alumno_00277,Calculo II
alumno_00277,Introduccion a la Programacion
alumno_00277,Calculo III
alumno_00277,Algebra
alumno_00278,Matematica Discreta
alumno_00278,Programacion Orientada a Objetos
alumno_00278,Probabilidad y Estadistica
alumno_00278,Calculo I
alumno_00278,Algebra Lineal
alumno_00278,Estructuras de Datos
alumno_00278,Calculo II
alumno_00278,Introduccion a la Programacion
alumno_00278,Algebra
alumno_00278,Bases de Datos I
alumno_00279,Calculo I
alumno_00279,Algebra Lineal
alumno_00279,Fisica I
alumno_00279,Matematica Discreta
alumno_00279,Algebra
alumno_00280,Programacion Orientada a Objetos
alumno_00280,Estructuras de Datos
alumno_00280,Fisica I
alumno_00280,Introduccion a la Programacion
alumno_00280,Bases de Datos I
alumno_00281,Programacion Orientada a Objetos
alumno_00281,Calculo I
alumno_00281,Algebra Lineal
alumno_00281,Estructuras de Datos
alumno_00281,Calculo II
alumno_00281,Introduccion a la Programacion
alumno_00281,Calculo III
alumno_00281,Algebra
alumno_00281,Bases de Datos I
alumno_00282,Programacion Orientada a Objetos
alumno_00282,Algebra Lineal
alumno_00282,Estructuras de Datos
alumno_00282,Fisica I
alumno_00282,Matematica Discreta
alumno_00282,Introduccion a la Programacion
alumno_00282,Algebra
alumno_00283,Programacion Orientada a Objetos
alumno_00283,Calculo I
alumno_00283,Algebra Lineal
alumno_00283,Estructuras de Datos
alumno_00283,Fisica I
alumno_00283,Matematica Discreta
alumno_00283,Introduccion a la Programacion
alumno_00283,Algebra
alumno_00284,Programacion Orientada a Objetos
alumno_00284,Calculo I
alumno_00284,Algebra Lineal
alumno_00284,Estructuras de Datos
alumno_00284,Calculo II
alumno_00284,Introduccion a la Programacion
alumno_00284,Algebra
alumno_00284,Bases de Datos I
alumno_00285,Programacion Orientada a Objetos
alumno_00285,Probabilidad y Estadistica
alumno_00285,Calculo I
alumno_00285,Estructuras de Datos
alumno_00285,Fisica I
alumno_00285,Calculo II
alumno_00285,Introduccion a la Programacion
alumno_00285,Calculo III
alumno_00285,Bases de Datos I
alumno_00286,Programacion Orientada a Objetos
alumno_00286,Probabilidad y Estadistica
alumno_00286,Calculo I
alumno_00286,Algebra Lineal
alumno_00286,Estructuras de Datos
alumno_00286,Calculo II
alumno_00286,Introduccion a la Programacion
alumno_00286,Calculo III
alumno_00287,Programacion Orientada a Objetos
alumno_00287,Calculo I
alumno_00287,Algebra Lineal
alumno_00287,Estructuras de Datos
alumno_00287,Introduccion a la Programacion
alumno_00287,Algebra
alumno_00287,Bases de Datos I
alumno_00288,Introduccion a la Programacion
alumno_00288,Algebra
alumno_00288,Algebra Lineal
alumno_00289,Matematica Discreta
alumno_00289,Programacion Orientada a Objetos
alumno_00289,Calculo I
alumno_00289,Algebra Lineal
alumno_00289,Estructuras de Datos
alumno_00289,Fisica I
alumno_00289,Calculo II
alumno_00289,Introduccion a la Programacion
alumno_00289,Calculo III
alumno_00289,Algebra
alumno_00290,Programacion Orientada a Objetos
alumno_00290,Calculo I
alumno_00290,Algebra Lineal
alumno_00290,Estructuras de Datos
alumno_00290,Matematica Discreta
alumno_00290,Introduccion a la Programacion
alumno_00290,Algebra
alumno_00290,Bases de Datos I
alumno_00291,Programacion Orientada a Objetos
alumno_00291,Calculo I
alumno_00291,Algebra Lineal
alumno_00291,Estructuras de Datos
alumno_00291,Fisica I
alumno_00291,Introduccion a la Programacion
alumno_00291,Algebra
alumno_00292,Introduccion a la Programacion
alumno_00292,Algebra
alumno_00292,Algebra Lineal
alumno_00293,Matematica Discreta
alumno_00293,Programacion Orientada a Objetos
alumno_00293,Calculo I
alumno_00293,Algebra Lineal
alumno_00293,Estructuras de Datos
alumno_00293,Fisica I
alumno_00293,Calculo II
alumno_00293,Algebra
alumno_00293,Bases de Datos I
alumno_00294,Calculo I
alumno_00294,Algebra Lineal
alumno_00294,Fisica I
alumno_00294,Matematica Discreta
alumno_00294,Algebra
alumno_00295,Programacion Orientada a Objetos
alumno_00295,Calculo I
alumno_00295,Algebra Lineal
alumno_00295,Estructuras de Datos
alumno_00295,Calculo II
alumno_00295,Introduccion a la Programacion
alumno_00295,Algebra
alumno_00296,Programacion Orientada a Objetos
alumno_00296,Algebra Lineal
alumno_00296,Estructuras de Datos
alumno_00296,Fisica I
alumno_00296,Matematica Discreta
alumno_00296,Introduccion a la Programacion
alumno_00296,Algebra
alumno_00297,Matematica Discreta
alumno_00297,Programacion Orientada a Objetos
alumno_00297,Probabilidad y Estadistica
alumno_00297,Calculo I
alumno_00297,Algebra Lineal
alumno_00297,Estructuras de Datos
alumno_00297,Calculo II
alumno_00297,Introduccion a la Programacion
alumno_00297,Algebra
alumno_00298,Programacion Orientada a Objetos
alumno_00298,Calculo I
alumno_00298,Estructuras de Datos
alumno_00298,Fisica I
alumno_00298,Introduccion a la Programacion
alumno_00298,Algebra
alumno_00298,Bases de Datos I
alumno_00299,Introduccion a la Programacion
alumno_00299,Fisica I
alumno_00299,Estructuras de Datos
alumno_00299,Programacion Orientada a Objetos
alumno_00300,Programacion Orientada a Objetos
alumno_00300,Probabilidad y Estadistica
alumno_00300,Calculo I
alumno_00300,Algebra Lineal
alumno_00300,Estructuras de Datos
alumno_00300,Fisica I
alumno_00300,Calculo II
alumno_00300,Introduccion a la Programacion
alumno_00300,Calculo III
alumno_00300,Algebra
alumno_00300,Bases de Datos I
alumno_00301,Probabilidad y Estadistica
alumno_00301,Algebra Lineal
alumno_00301,Matematica Discreta
alumno_00301,Introduccion a la Programacion
alumno_00301,Algebra
alumno_00302,Algebra
alumno_00302,Fisica I
alumno_00302,Algebra Lineal
alumno_00303,Programacion Orientada a Objetos
alumno_00303,Calculo I
alumno_00303,Algebra Lineal
alumno_00303,Estructuras de Datos
alumno_00303,Fisica I
alumno_00303,Calculo II
alumno_00303,Introduccion a la Programacion
alumno_00303,Calculo III
alumno_00303,Algebra
alumno_00304,Programacion Orientada a Objetos
alumno_00304,Fisica I
alumno_00304,Matematica Discreta
alumno_00304,Introduccion a la Programacion
alumno_00304,Algebra
alumno_00305,Calculo II
alumno_00305,Calculo I
alumno_00305,Algebra Lineal
alumno_00305,Matematica Discreta
alumno_00305,Algebra
alumno_00306,Programacion Orientada a Objetos
alumno_00306,Calculo I
alumno_00306,Estructuras de Datos
alumno_00306,Fisica I
alumno_00306,Matematica Discreta
alumno_00306,Introduccion a la Programacion
alumno_00306,Algebra
alumno_00306,Bases de Datos I
alumno_00307,Matematica Discreta
alumno_00307,Programacion Orientada a Objetos
alumno_00307,Probabilidad y Estadistica
alumno_00307,Calculo I
alumno_00307,Algebra Lineal
alumno_00307,Estructuras de Datos
alumno_00307,Fisica I
alumno_00307,Calculo II
alumno_00307,Introduccion a la Programacion
alumno_00307,Calculo III
alumno_00307,Algebra
alumno_00307,Bases de Datos I
alumno_00308,Matematica Discreta
alumno_00308,Programacion Orientada a Objetos
alumno_00308,Calculo I
alumno_00308,Fisica I
alumno_00308,Calculo II
alumno_00308,Introduccion a la Programacion
alumno_00308,Calculo III
alumno_00308,Algebra
alumno_00309,Programacion Orientada a Objetos
alumno_00309,Calculo I
alumno_00309,Calculo II
alumno_00309,Introduccion a la Programacion
alumno_00309,Calculo III
alumno_00310,Matematica Discreta
alumno_00310,Programacion Orientada a Objetos
alumno_00310,Probabilidad y Estadistica
alumno_00310,Calculo I
alumno_00310,Estructuras de Datos
alumno_00310,Fisica I
alumno_00310,Calculo II
alumno_00310,Introduccion a la Programacion
alumno_00310,Algebra
alumno_00310,Bases de Datos I
alumno_00311,Programacion Orientada a Objetos
alumno_00311,Calculo I
alumno_00311,Algebra Lineal
alumno_00311,Estructuras de Datos
alumno_00311,Fisica I
alumno_00311,Introduccion a la Programacion
alumno_00311,Algebra
alumno_00312,Calculo I
alumno_00312,Algebra Lineal
alumno_00312,Fisica I
alumno_00312,Calculo II
alumno_00312,Introduccion a la Programacion
alumno_00312,Algebra
alumno_00313,Introduccion a la Programacion
alumno_00313,Estructuras de Datos
alumno_00313,Programacion Orientada a Objetos
alumno_00314,Programacion Orientada a Objetos
alumno_00314,Calculo I
alumno_00314,Algebra Lineal
alumno_00314,Estructuras de Datos
alumno_00314,Introduccion a la Programacion
alumno_00314,Algebra
alumno_00314,Bases de Datos I
alumno_00315,Introduccion a la Programacion
alumno_00315,Fisica I
alumno_00315,Algebra
alumno_00316,Matematica Discreta
alumno_00316,Programacion Orientada a Objetos
alumno_00316,Probabilidad y Estadistica
alumno_00316,Calculo I
alumno_00316,Algebra Lineal
alumno_00316,Estructuras de Datos
alumno_00316,Calculo II
alumno_00316,Introduccion a la Programacion
alumno_00316,Calculo III
alumno_00316,Algebra
alumno_00316,Bases de Datos I
alumno_00317,Matematica Discreta
alumno_00317,Programacion Orientada a Objetos
alumno_00317,Probabilidad y Estadistica
alumno_00317,Calculo I
alumno_00317,Algebra Lineal
alumno_00317,Estructuras de Datos
alumno_00317,Fisica I
alumno_00317,Calculo II
alumno_00317,Introduccion a la Programacion
alumno_00317,Calculo III
alumno_00317,Algebra
alumno_00318,Programacion Orientada a Objetos
alumno_00318,Probabilidad y Estadistica
alumno_00318,Calculo I
alumno_00318,Algebra Lineal
alumno_00318,Estructuras de Datos
alumno_00318,Calculo II
alumno_00318,Introduccion a la Programacion
alumno_00318,Algebra
alumno_00319,Programacion Orientada a Objetos
alumno_00319,Calculo I
alumno_00319,Estructuras de Datos
alumno_00319,Calculo II
alumno_00319,Introduccion a la Programacion
alumno_00319,Calculo III
alumno_00320,Programacion Orientada a Objetos
alumno_00320,Calculo I
alumno_00320,Algebra Lineal
alumno_00320,Estructuras de Datos
alumno_00320,Calculo II
alumno_00320,Introduccion a la Programacion
alumno_00320,Calculo III
alumno_00320,Algebra
alumno_00321,Programacion Orientada a Objetos
alumno_00321,Probabilidad y Estadistica
alumno_00321,Calculo I
alumno_00321,Estructuras de Datos
alumno_00321,Fisica I
alumno_00321,Calculo II
alumno_00321,Introduccion a la Programacion
alumno_00321,Calculo III
alumno_00321,Bases de Datos I
alumno_00322,Matematica Discreta
alumno_00322,Programacion Orientada a Objetos
alumno_00322,Probabilidad y Estadistica
alumno_00322,Calculo I
alumno_00322,Algebra Lineal
alumno_00322,Estructuras de Datos
alumno_00322,Fisica I
alumno_00322,Calculo II
alumno_00322,Introduccion a la Programacion
alumno_00322,Algebra
alumno_00322,Bases de Datos I
alumno_00323,Programacion Orientada a Objetos
alumno_00323,Calculo I
alumno_00323,Algebra Lineal
alumno_00323,Fisica I
alumno_00323,Introduccion a la Programacion
alumno_00323,Algebra
alumno_00324,Programacion Orientada a Objetos
alumno_00324,Probabilidad y Estadistica
alumno_00324,Calculo I
alumno_00324,Estructuras de Datos
alumno_00324,Fisica I
alumno_00324,Calculo II
alumno_00324,Introduccion a la Programacion
alumno_00324,Calculo III
alumno_00324,Algebra
alumno_00324,Bases de Datos I
alumno_00325,Programacion Orientada a Objetos
alumno_00325,Algebra Lineal
alumno_00325,Estructuras de Datos
alumno_00325,Fisica I
alumno_00325,Introduccion a la Programacion
alumno_00325,Algebra
alumno_00325,Bases de Datos I
alumno_00326,Programacion Orientada a Objetos
alumno_00326,Probabilidad y Estadistica
alumno_00326,Calculo I
alumno_00326,Fisica I
alumno_00326,Calculo II
alumno_00326,Introduccion a la Programacion
alumno_00326,Calculo III
alumno_00326,Algebra
alumno_00327,Programacion Orientada a Objetos
alumno_00327,Calculo I
alumno_00327,Estructuras de Datos
alumno_00327,Fisica I
alumno_00327,Calculo II
alumno_00327,Introduccion a la Programacion
alumno_00327,Calculo III
alumno_00327,Algebra
alumno_00327,Bases de Datos I
alumno_00328,Calculo II
alumno_00328,Calculo I
alumno_00328,Algebra Lineal
alumno_00328,Fisica I
alumno_00328,Matematica Discreta
alumno_00328,Algebra
alumno_00329,Programacion Orientada a Objetos
alumno_00329,Calculo I
alumno_00329,Estructuras de Datos
alumno_00329,Fisica I
alumno_00329,Matematica Discreta
alumno_00329,Introduccion a la Programacion
alumno_00329,Algebra
alumno_00329,Bases de Datos I
alumno_00330,Calculo I
alumno_00330,Algebra Lineal
alumno_00330,Fisica I
alumno_00330,Calculo II
alumno_00330,Introduccion a la Programacion
alumno_00330,Algebra
alumno_00331,Programacion Orientada a Objetos
alumno_00331,Calculo I
alumno_00331,Algebra Lineal
alumno_00331,Estructuras de Datos
alumno_00331,Matematica Discreta
alumno_00331,Introduccion a la Programacion
alumno_00331,Algebra
alumno_00332,Algebra Lineal
alumno_00332,Fisica I
alumno_00332,Introduccion a la Programacion
alumno_00332,Calculo III
alumno_00332,Algebra
alumno_00333,Programacion Orientada a Objetos
alumno_00333,Calculo I
alumno_00333,Algebra Lineal
alumno_00333,Estructuras de Datos
alumno_00333,Fisica I
alumno_00333,Matematica Discreta
alumno_00333,Introduccion a la Programacion
alumno_00333,Algebra
alumno_00333,Bases de Datos I
alumno_00334,Calculo I
alumno_00334,Algebra Lineal
alumno_00334,Fisica I
alumno_00334,Introduccion a la Programacion
alumno_00334,Algebra
alumno_00335,Matematica Discreta
alumno_00335,Programacion Orientada a Objetos
alumno_00335,Probabilidad y Estadistica
alumno_00335,Calculo I
alumno_00335,Algebra Lineal
alumno_00335,Estructuras de Datos
alumno_00335,Fisica I
alumno_00335,Calculo II
alumno_00335,Introduccion a la Programacion
alumno_00335,Algebra
alumno_00336,Matematica Discreta
alumno_00336,Programacion Orientada a Objetos
alumno_00336,Calculo I
alumno_00336,Algebra Lineal
alumno_00336,Estructuras de Datos
alumno_00336,Fisica I
alumno_00336,Calculo II
alumno_00336,Introduccion a la Programacion
alumno_00336,Calculo III
alumno_00336,Algebra
alumno_00336,Bases de Datos I
alumno_00337,Programacion Orientada a Objetos
alumno_00337,Calculo I
alumno_00337,Algebra Lineal
alumno_00337,Estructuras de Datos
alumno_00337,Matematica Discreta
alumno_00337,Introduccion a la Programacion
alumno_00337,Algebra
alumno_00338,Matematica Discreta
alumno_00338,Programacion Orientada a Objetos
alumno_00338,Probabilidad y Estadistica
alumno_00338,Calculo I
alumno_00338,Algebra Lineal
alumno_00338,Estructuras de Datos
alumno_00338,Fisica I
alumno_00338,Calculo II
alumno_00338,Introduccion a la Programacion
alumno_00338,Calculo III
alumno_00338,Algebra
alumno_00339,Programacion Orientada a Objetos
alumno_00339,Probabilidad y Estadistica
alumno_00339,Calculo I
alumno_00339,Algebra Lineal
alumno_00339,Estructuras de Datos
alumno_00339,Calculo II
alumno_00339,Introduccion a la Programacion
alumno_00339,Calculo III
alumno_00339,Algebra
alumno_00340,Matematica Discreta
alumno_00340,Programacion Orientada a Objetos
alumno_00340,Calculo I
alumno_00340,Algebra Lineal
alumno_00340,Estructuras de Datos
alumno_00340,Calculo II
alumno_00340,Introduccion a la Programacion
alumno_00340,Algebra
alumno_00340,Bases de Datos I
alumno_00341,Programacion Orientada a Objetos
alumno_00341,Probabilidad y Estadistica
alumno_00341,Calculo I
alumno_00341,Estructuras de Datos
alumno_00341,Fisica I
alumno_00341,Calculo II
alumno_00341,Introduccion a la Programacion
alumno_00341,Calculo III
alumno_00341,Algebra
alumno_00341,Bases de Datos I
alumno_00342,Programacion Orientada a Objetos
alumno_00342,Calculo I
alumno_00342,Algebra Lineal
alumno_00342,Estructuras de Datos
alumno_00342,Fisica I
alumno_00342,Introduccion a la Programacion
alumno_00342,Algebra
alumno_00343,Introduccion a la Programacion
alumno_00343,Calculo I
alumno_00343,Estructuras de Datos
alumno_00343,Programacion Orientada a Objetos
alumno_00344,Probabilidad y Estadistica
alumno_00344,Calculo I
alumno_00344,Algebra Lineal
alumno_00344,Calculo II
alumno_00344,Algebra
alumno_00345,Calculo I
alumno_00345,Algebra Lineal
alumno_00345,Fisica I
alumno_00345,Calculo II
alumno_00345,Introduccion a la Programacion
alumno_00345,Algebra
alumno_00346,Programacion Orientada a Objetos
alumno_00346,Estructuras de Datos
alumno_00346,Matematica Discreta
alumno_00346,Introduccion a la Programacion
alumno_00346,Algebra
alumno_00347,Programacion Orientada a Objetos
alumno_00347,Probabilidad y Estadistica
alumno_00347,Calculo I
alumno_00347,Estructuras de Datos
alumno_00347,Fisica I
alumno_00347,Calculo II
alumno_00347,Introduccion a la Programacion
alumno_00347,Calculo III
alumno_00347,Bases de Datos I
alumno_00348,Programacion Orientada a Objetos
alumno_00348,Calculo I
alumno_00348,Algebra Lineal
alumno_00348,Estructuras de Datos
alumno_00348,Calculo II
alumno_00348,Introduccion a la Programacion
alumno_00348,Calculo III
alumno_00348,Algebra
alumno_00349,Matematica Discreta
alumno_00349,Calculo I
alumno_00349,Algebra Lineal
alumno_00349,Fisica I
alumno_00349,Calculo II
alumno_00349,Introduccion a la Programacion
alumno_00349,Calculo III
alumno_00349,Algebra
alumno_00350,Matematica Discreta
alumno_00350,Programacion Orientada a Objetos
alumno_00350,Calculo I
alumno_00350,Algebra Lineal
alumno_00350,Estructuras de Datos
alumno_00350,Calculo II
alumno_00350,Introduccion a la Programacion
alumno_00350,Calculo III
alumno_00350,Algebra
alumno_00351,Programacion Orientada a Objetos
alumno_00351,Probabilidad y Estadistica
alumno_00351,Calculo I
alumno_00351,Estructuras de Datos
alumno_00351,Fisica I
alumno_00351,Calculo II
alumno_00351,Introduccion a la Programacion
alumno_00352,Matematica Discreta
alumno_00352,Programacion Orientada a Objetos
alumno_00352,Calculo I
alumno_00352,Algebra Lineal
alumno_00352,Estructuras de Datos
alumno_00352,Calculo II
alumno_00352,Introduccion a la Programacion
alumno_00352,Calculo III
alumno_00352,Algebra
alumno_00352,Bases de Datos I
alumno_00353,Programacion Orientada a Objetos
alumno_00353,Estructuras de Datos
alumno_00353,Fisica I
alumno_00353,Matematica Discreta
alumno_00353,Introduccion a la Programacion
alumno_00353,Algebra
alumno_00354,Introduccion a la Programacion
alumno_00354,Fisica I
alumno_00354,Estructuras de Datos
alumno_00354,Programacion Orientada a Objetos
alumno_00355,Matematica Discreta
alumno_00355,Programacion Orientada a Objetos
alumno_00355,Probabilidad y Estadistica
alumno_00355,Calculo I
alumno_00355,Algebra Lineal
alumno_00355,Fisica I
alumno_00355,Calculo II
alumno_00355,Introduccion a la Programacion
alumno_00355,Algebra
alumno_00356,Programacion Orientada a Objetos
alumno_00356,Calculo I
alumno_00356,Algebra Lineal
alumno_00356,Estructuras de Datos
alumno_00356,Fisica I
alumno_00356,Calculo II
alumno_00356,Introduccion a la Programacion
alumno_00356,Calculo III
alumno_00356,Algebra
alumno_00356,Bases de Datos I
alumno_00357,Calculo I
alumno_00357,Fisica I
alumno_00357,Calculo II
alumno_00357,Introduccion a la Programacion
alumno_00357,Algebra
alumno_00358,Programacion Orientada a Objetos
alumno_00358,Calculo I
alumno_00358,Estructuras de Datos
alumno_00358,Fisica I
alumno_00358,Introduccion a la Programacion
alumno_00359,Matematica Discreta
alumno_00359,Probabilidad y Estadistica
alumno_00359,Calculo I
alumno_00359,Algebra Lineal
alumno_00359,Calculo II
alumno_00359,Introduccion a la Programacion
alumno_00359,Algebra
alumno_00360,Programacion Orientada a Objetos
alumno_00360,Calculo I
alumno_00360,Algebra Lineal
alumno_00360,Estructuras de Datos
alumno_00360,Fisica I
alumno_00360,Calculo II
alumno_00360,Introduccion a la Programacion
alumno_00360,Calculo III
alumno_00360,Algebra
alumno_00361,Programacion Orientada a Objetos
alumno_00361,Probabilidad y Estadistica
alumno_00361,Calculo I
alumno_00361,Estructuras de Datos
alumno_00361,Fisica I
alumno_00361,Calculo II
alumno_00361,Introduccion a la Programacion
alumno_00361,Bases de Datos I
alumno_00362,Programacion Orientada a Objetos
alumno_00362,Probabilidad y Estadistica
alumno_00362,Calculo I
alumno_00362,Estructuras de Datos
alumno_00362,Fisica I
alumno_00362,Calculo II
alumno_00362,Introduccion a la Programacion
alumno_00362,Calculo III
alumno_00362,Algebra
alumno_00362,Bases de Datos I
alumno_00363,Programacion Orientada a Objetos
alumno_00363,Calculo I
alumno_00363,Algebra Lineal
alumno_00363,Estructuras de Datos
alumno_00363,Fisica I
alumno_00363,Calculo II
alumno_00363,Introduccion a la Programacion
alumno_00364,Programacion Orientada a Objetos
alumno_00364,Probabilidad y Estadistica
alumno_00364,Calculo I
alumno_00364,Estructuras de Datos
alumno_00364,Fisica I
alumno_00364,Matematica Discreta
alumno_00364,Introduccion a la Programacion
alumno_00364,Algebra
alumno_00365,Probabilidad y Estadistica
alumno_00365,Calculo I
alumno_00365,Algebra Lineal
alumno_00365,Fisica I
alumno_00365,Calculo II
alumno_00365,Introduccion a la Programacion
alumno_00365,Calculo III
alumno_00366,Programacion Orientada a Objetos
alumno_00366,Probabilidad y Estadistica
alumno_00366,Calculo I
alumno_00366,Estructuras de Datos
alumno_00366,Fisica I
alumno_00366,Calculo II
alumno_00366,Introduccion a la Programacion
alumno_00366,Calculo III
alumno_00366,Bases de Datos I
alumno_00367,Programacion Orientada a Objetos
alumno_00367,Probabilidad y Estadistica
alumno_00367,Calculo I
alumno_00367,Fisica I
alumno_00367,Calculo II
alumno_00367,Introduccion a la Programacion
alumno_00368,Programacion Orientada a Objetos
alumno_00368,Probabilidad y Estadistica
alumno_00368,Calculo I
alumno_00368,Estructuras de Datos
alumno_00368,Calculo II
alumno_00368,Introduccion a la Programacion
alumno_00368,Calculo III
alumno_00369,Probabilidad y Estadistica
alumno_00369,Calculo I
alumno_00369,Algebra Lineal
alumno_00369,Introduccion a la Programacion
alumno_00369,Algebra
alumno_00370,Programacion Orientada a Objetos
alumno_00370,Calculo I
alumno_00370,Estructuras de Datos
alumno_00370,Fisica I
alumno_00370,Calculo II
alumno_00370,Introduccion a la Programacion
alumno_00371,Programacion Orientada a Objetos
alumno_00371,Probabilidad y Estadistica
alumno_00371,Calculo I
alumno_00371,Algebra Lineal
alumno_00371,Estructuras de Datos
alumno_00371,Fisica I
alumno_00371,Calculo II
alumno_00371,Introduccion a la Programacion
alumno_00371,Calculo III
alumno_00371,Algebra
alumno_00371,Bases de Datos I
alumno_00372,Programacion Orientada a Objetos
alumno_00372,Algebra Lineal
alumno_00372,Estructuras de Datos
alumno_00372,Fisica I
alumno_00372,Matematica Discreta
alumno_00372,Introduccion a la Programacion
alumno_00372,Algebra
alumno_00372,Bases de Datos I
alumno_00373,Matematica Discreta
alumno_00373,Programacion Orientada a Objetos
alumno_00373,Probabilidad y Estadistica
alumno_00373,Calculo I
alumno_00373,Algebra Lineal
alumno_00373,Estructuras de Datos
alumno_00373,Calculo II
alumno_00373,Introduccion a la Programacion
alumno_00373,Calculo III
alumno_00373,Algebra
alumno_00373,Bases de Datos I
alumno_00374,Introduccion a la Programacion
alumno_00374,Fisica I
alumno_00374,Programacion Orientada a Objetos
alumno_00375,Programacion Orientada a Objetos
alumno_00375,Probabilidad y Estadistica
alumno_00375,Calculo I
alumno_00375,Algebra Lineal
alumno_00375,Estructuras de Datos
alumno_00375,Fisica I
alumno_00375,Introduccion a la Programacion
alumno_00375,Algebra
alumno_00375,Bases de Datos I
alumno_00376,Introduccion a la Programacion
alumno_00376,Fisica I
alumno_00376,Calculo I
alumno_00377,Programacion Orientada a Objetos
alumno_00377,Algebra Lineal
alumno_00377,Estructuras de Datos
alumno_00377,Introduccion a la Programacion
alumno_00377,Algebra
alumno_00378,Programacion Orientada a Objetos
alumno_00378,Calculo I
alumno_00378,Matematica Discreta
alumno_00378,Introduccion a la Programacion
alumno_00378,Bases de Datos I
alumno_00379,Probabilidad y Estadistica
alumno_00379,Calculo I
alumno_00379,Fisica I
alumno_00379,Calculo II
alumno_00379,Introduccion a la Programacion
alumno_00379,Calculo III
alumno_00380,Matematica Discreta
alumno_00380,Programacion Orientada a Objetos
alumno_00380,Probabilidad y Estadistica
alumno_00380,Calculo I
alumno_00380,Estructuras de Datos
alumno_00380,Fisica I
alumno_00380,Calculo II
alumno_00380,Introduccion a la Programacion
alumno_00380,Calculo III
alumno_00380,Algebra
alumno_00380,Bases de Datos I
alumno_00381,Programacion Orientada a Objetos
alumno_00381,Algebra Lineal
alumno_00381,Estructuras de Datos
alumno_00381,Fisica I
alumno_00381,Matematica Discreta
alumno_00381,Introduccion a la Programacion
alumno_00381,Algebra
alumno_00381,Bases de Datos I
alumno_00382,Programacion Orientada a Objetos
alumno_00382,Calculo I
alumno_00382,Estructuras de Datos
alumno_00382,Fisica I
alumno_00382,Introduccion a la Programacion
alumno_00383,Calculo III
alumno_00383,Calculo I
alumno_00383,Estructuras de Datos
alumno_00383,Calculo II
alumno_00384,Programacion Orientada a Objetos
alumno_00384,Calculo I
alumno_00384,Algebra Lineal
alumno_00384,Estructuras de Datos
alumno_00384,Fisica I
alumno_00384,Introduccion a la Programacion
alumno_00384,Algebra
alumno_00384,Bases de Datos I
alumno_00385,Programacion Orientada a Objetos
alumno_00385,Calculo I
alumno_00385,Algebra Lineal
alumno_00385,Estructuras de Datos
alumno_00385,Fisica I
alumno_00385,Matematica Discreta
alumno_00385,Introduccion a la Programacion
alumno_00385,Algebra
alumno_00386,Introduccion a la Programacion
alumno_00386,Algebra
alumno_00386,Matematica Discreta
alumno_00387,Programacion Orientada a Objetos
alumno_00387,Calculo I
alumno_00387,Algebra Lineal
alumno_00387,Calculo II
alumno_00387,Introduccion a la Programacion
alumno_00387,Calculo III
alumno_00387,Algebra
alumno_00388,Programacion Orientada a Objetos
alumno_00388,Calculo I
alumno_00388,Estructuras de Datos
alumno_00388,Fisica I
alumno_00388,Calculo II
alumno_00388,Introduccion a la Programacion
alumno_00389,Probabilidad y Estadistica
alumno_00389,Calculo I
alumno_00389,Estructuras de Datos
alumno_00389,Fisica I
alumno_00389,Calculo II
alumno_00389,Introduccion a la Programacion
alumno_00389,Calculo III
alumno_00389,Algebra
alumno_00389,Bases de Datos I
alumno_00390,Matematica Discreta
alumno_00390,Programacion Orientada a Objetos
alumno_00390,Calculo I
alumno_00390,Estructuras de Datos
alumno_00390,Fisica I
alumno_00390,Calculo II
alumno_00390,Introduccion a la Programacion
alumno_00390,Calculo III
alumno_00390,Algebra
alumno_00390,Bases de Datos I
alumno_00391,Introduccion a la Programacion
alumno_00391,Fisica I
alumno_00392,Programacion Orientada a Objetos
alumno_00392,Probabilidad y Estadistica
alumno_00392,Algebra Lineal
alumno_00392,Estructuras de Datos
alumno_00392,Matematica Discreta
alumno_00392,Introduccion a la Programacion
alumno_00392,Algebra
alumno_00393,Programacion Orientada a Objetos
alumno_00393,Calculo I
alumno_00393,Algebra Lineal
alumno_00393,Estructuras de Datos
alumno_00393,Introduccion a la Programacion
alumno_00393,Algebra
alumno_00393,Bases de Datos I
alumno_00394,Programacion Orientada a Objetos
alumno_00394,Estructuras de Datos
alumno_00394,Fisica I
alumno_00394,Introduccion a la Programacion
alumno_00394,Bases de Datos I
alumno_00395,Programacion Orientada a Objetos
alumno_00395,Probabilidad y Estadistica
alumno_00395,Calculo I
alumno_00395,Algebra Lineal
alumno_00395,Estructuras de Datos
alumno_00395,Calculo II
alumno_00395,Introduccion a la Programacion
alumno_00395,Calculo III
alumno_00395,Algebra
alumno_00395,Bases de Datos I
alumno_00396,Probabilidad y Estadistica
alumno_00396,Calculo I
alumno_00396,Algebra Lineal
alumno_00396,Estructuras de Datos
alumno_00396,Fisica I
alumno_00396,Calculo II
alumno_00396,Algebra
alumno_00396,Calculo III
alumno_00397,Matematica Discreta
alumno_00397,Programacion Orientada a Objetos
alumno_00397,Calculo I
alumno_00397,Algebra Lineal
alumno_00397,Estructuras de Datos
alumno_00397,Fisica I
alumno_00397,Calculo II
alumno_00397,Introduccion a la Programacion
alumno_00397,Algebra
alumno_00397,Bases de Datos I
alumno_00398,Programacion Orientada a Objetos
alumno_00398,Calculo I
alumno_00398,Algebra Lineal
alumno_00398,Estructuras de Datos
alumno_00398,Fisica I
alumno_00398,Calculo II
alumno_00398,Introduccion a la Programacion
alumno_00398,Algebra
alumno_00399,Calculo I
alumno_00399,Fisica I
alumno_00399,Calculo II
alumno_00399,Algebra
alumno_00399,Calculo III
alumno_00400,Programacion Orientada a Objetos
alumno_00400,Calculo I
alumno_00400,Calculo II
alumno_00400,Introduccion a la Programacion
alumno_00400,Calculo III
alumno_00401,Programacion Orientada a Objetos
alumno_00401,Probabilidad y Estadistica
alumno_00401,Calculo I
alumno_00401,Algebra Lineal
alumno_00401,Estructuras de Datos
alumno_00401,Calculo II
alumno_00401,Introduccion a la Programacion
alumno_00401,Calculo III
alumno_00401,Bases de Datos I
alumno_00402,Calculo II
alumno_00402,Programacion Orientada a Objetos
alumno_00402,Probabilidad y Estadistica
alumno_00402,Calculo I
alumno_00402,Estructuras de Datos
alumno_00402,Matematica Discreta
alumno_00402,Introduccion a la Programacion
alumno_00403,Programacion Orientada a Objetos
alumno_00403,Calculo I
alumno_00403,Algebra Lineal
alumno_00403,Fisica I
alumno_00403,Matematica Discreta
alumno_00403,Introduccion a la Programacion
alumno_00403,Algebra
alumno_00404,Probabilidad y Estadistica
alumno_00404,Calculo I
alumno_00404,Algebra Lineal
alumno_00404,Fisica I
alumno_00404,Calculo II
alumno_00404,Introduccion a la Programacion
alumno_00404,Calculo III
alumno_00404,Algebra
alumno_00405,Probabilidad y Estadistica
alumno_00405,Calculo I
alumno_00405,Calculo II
alumno_00405,Introduccion a la Programacion
alumno_00405,Calculo III
alumno_00406,Matematica Discreta
alumno_00406,Programacion Orientada a Objetos
alumno_00406,Probabilidad y Estadistica
alumno_00406,Calculo I
alumno_00406,Algebra Lineal
alumno_00406,Estructuras de Datos
alumno_00406,Calculo II
alumno_00406,Introduccion a la Programacion
alumno_00406,Algebra
alumno_00407,Fisica I
alumno_00407,Algebra Lineal
alumno_00408,Programacion Orientada a Objetos
alumno_00408,Calculo I
alumno_00408,Algebra Lineal
alumno_00408,Estructuras de Datos
alumno_00408,Introduccion a la Programacion
alumno_00408,Calculo III
alumno_00408,Algebra
alumno_00408,Bases de Datos I
alumno_00409,Algebra
alumno_00409,Algebra Lineal
alumno_00410,Probabilidad y Estadistica
alumno_00410,Calculo I
alumno_00410,Calculo II
alumno_00410,Algebra
alumno_00410,Calculo III
alumno_00411,Matematica Discreta
alumno_00411,Programacion Orientada a Objetos
alumno_00411,Probabilidad y Estadistica
alumno_00411,Calculo I
alumno_00411,Algebra Lineal
alumno_00411,Calculo II
alumno_00411,Introduccion a la Programacion
alumno_00411,Calculo III
alumno_00411,Algebra
alumno_00412,Programacion Orientada a Objetos
alumno_00412,Estructuras de Datos
alumno_00412,Fisica I
alumno_00412,Introduccion a la Programacion
alumno_00412,Bases de Datos I
alumno_00413,Programacion Orientada a Objetos
alumno_00413,Calculo I
alumno_00413,Algebra Lineal
alumno_00413,Estructuras de Datos
alumno_00413,Calculo II
alumno_00413,Introduccion a la Programacion
alumno_00413,Algebra
alumno_00413,Bases de Datos I
alumno_00414,Matematica Discreta
alumno_00414,Programacion Orientada a Objetos
alumno_00414,Probabilidad y Estadistica
alumno_00414,Calculo I
alumno_00414,Algebra Lineal
alumno_00414,Estructuras de Datos
alumno_00414,Fisica I
alumno_00414,Calculo II
alumno_00414,Introduccion a la Programacion
alumno_00414,Algebra
alumno_00414,Bases de Datos I
alumno_00415,Programacion Orientada a Objetos
alumno_00415,Algebra Lineal
alumno_00415,Matematica Discreta
alumno_00415,Introduccion a la Programacion
alumno_00415,Algebra
alumno_00416,Programacion Orientada a Objetos
alumno_00416,Calculo I
alumno_00416,Algebra Lineal
alumno_00416,Fisica I
alumno_00416,Matematica Discreta
alumno_00416,Introduccion a la Programacion
alumno_00416,Algebra
alumno_00417,Introduccion a la Programacion
alumno_00417,Calculo I
alumno_00418,Matematica Discreta
alumno_00418,Programacion Orientada a Objetos
alumno_00418,Probabilidad y Estadistica
alumno_00418,Calculo I
alumno_00418,Algebra Lineal
alumno_00418,Calculo II
alumno_00418,Introduccion a la Programacion
alumno_00418,Calculo III
alumno_00418,Algebra
alumno_00419,Programacion Orientada a Objetos
alumno_00419,Probabilidad y Estadistica
alumno_00419,Calculo I
alumno_00419,Algebra Lineal
alumno_00419,Estructuras de Datos
alumno_00419,Introduccion a la Programacion
alumno_00419,Algebra
alumno_00420,Programacion Orientada a Objetos
alumno_00420,Calculo I
alumno_00420,Algebra Lineal
alumno_00420,Estructuras de Datos
alumno_00420,Calculo II
alumno_00420,Introduccion a la Programacion
alumno_00420,Algebra
alumno_00420,Bases de Datos I
alumno_00421,Programacion Orientada a Objetos
alumno_00421,Calculo I
alumno_00421,Algebra Lineal
alumno_00421,Estructuras de Datos
alumno_00421,Fisica I
alumno_00421,Calculo II
alumno_00421,Introduccion a la Programacion
alumno_00421,Calculo III
alumno_00421,Algebra
alumno_00422,Programacion Orientada a Objetos
alumno_00422,Calculo I
alumno_00422,Estructuras de Datos
alumno_00422,Fisica I
alumno_00422,Introduccion a la Programacion
alumno_00422,Bases de Datos I
alumno_00423,Probabilidad y Estadistica
alumno_00423,Calculo I
alumno_00423,Fisica I
alumno_00423,Calculo II
alumno_00423,Introduccion a la Programacion
alumno_00424,Probabilidad y Estadistica
alumno_00424,Calculo I
alumno_00424,Fisica I
alumno_00424,Calculo II
alumno_00424,Introduccion a la Programacion
alumno_00425,Algebra
alumno_00425,Calculo I
alumno_00425,Algebra Lineal
alumno_00425,Matematica Discreta
alumno_00426,Calculo I
alumno_00426,Algebra Lineal
alumno_00426,Fisica I
alumno_00426,Calculo II
alumno_00426,Algebra
alumno_00427,Programacion Orientada a Objetos
alumno_00427,Algebra Lineal
alumno_00427,Matematica Discreta
alumno_00427,Introduccion a la Programacion
alumno_00427,Algebra
alumno_00428,Programacion Orientada a Objetos
alumno_00428,Calculo I
alumno_00428,Algebra Lineal
alumno_00428,Introduccion a la Programacion
alumno_00428,Algebra
alumno_00429,Probabilidad y Estadistica
alumno_00429,Calculo I
alumno_00429,Fisica I
alumno_00429,Calculo II
alumno_00429,Introduccion a la Programacion
alumno_00430,Programacion Orientada a Objetos
alumno_00430,Calculo I
alumno_00430,Fisica I
alumno_00430,Matematica Discreta
alumno_00430,Introduccion a la Programacion
alumno_00430,Algebra
alumno_00431,Introduccion a la Programacion
alumno_00431,Fisica I
alumno_00431,Calculo I
alumno_00432,Calculo I
alumno_00432,Algebra Lineal
alumno_00432,Fisica I
alumno_00432,Calculo II
alumno_00432,Algebra
alumno_00432,Calculo III
alumno_00433,Programacion Orientada a Objetos
alumno_00433,Probabilidad y Estadistica
alumno_00433,Calculo I
alumno_00433,Algebra Lineal
alumno_00433,Estructuras de Datos
alumno_00433,Fisica I
alumno_00433,Introduccion a la Programacion
alumno_00433,Algebra
alumno_00433,Bases de Datos I
alumno_00434,Programacion Orientada a Objetos
alumno_00434,Calculo I
alumno_00434,Algebra Lineal
alumno_00434,Estructuras de Datos
alumno_00434,Fisica I
alumno_00434,Calculo II
alumno_00434,Introduccion a la Programacion
alumno_00434,Calculo III
alumno_00434,Algebra
alumno_00434,Bases de Datos I
alumno_00435,Programacion Orientada a Objetos
alumno_00435,Calculo I
alumno_00435,Algebra Lineal
alumno_00435,Estructuras de Datos
alumno_00435,Matematica Discreta
alumno_00435,Introduccion a la Programacion
alumno_00435,Bases de Datos I
alumno_00436,Calculo I
alumno_00436,Estructuras de Datos
alumno_00436,Fisica I
alumno_00436,Matematica Discreta
alumno_00436,Introduccion a la Programacion
alumno_00436,Calculo III
alumno_00436,Algebra
alumno_00437,Programacion Orientada a Objetos
alumno_00437,Probabilidad y Estadistica
alumno_00437,Calculo I
alumno_00437,Algebra Lineal
alumno_00437,Estructuras de Datos
alumno_00437,Calculo II
alumno_00437,Introduccion a la Programacion
alumno_00437,Algebra
alumno_00437,Bases de Datos I
alumno_00438,Programacion Orientada a Objetos
alumno_00438,Calculo I
alumno_00438,Algebra Lineal
alumno_00438,Fisica I
alumno_00438,Calculo II
alumno_00438,Introduccion a la Programacion
alumno_00438,Calculo III
alumno_00438,Algebra
alumno_00439,Probabilidad y Estadistica
alumno_00439,Calculo I
alumno_00439,Algebra Lineal
alumno_00439,Fisica I
alumno_00439,Introduccion a la Programacion
alumno_00439,Algebra
alumno_00440,Introduccion a la Programacion
alumno_00440,Estructuras de Datos
alumno_00440,Bases de Datos I
alumno_00440,Programacion Orientada a Objetos
alumno_00441,Programacion Orientada a Objetos
alumno_00441,Calculo I
alumno_00441,Estructuras de Datos
alumno_00441,Fisica I
alumno_00441,Calculo II
alumno_00441,Introduccion a la Programacion
alumno_00441,Calculo III
alumno_00441,Bases de Datos I
alumno_00442,Matematica Discreta
alumno_00442,Programacion Orientada a Objetos
alumno_00442,Probabilidad y Estadistica
alumno_00442,Calculo I
alumno_00442,Algebra Lineal
alumno_00442,Estructuras de Datos
alumno_00442,Calculo II
alumno_00442,Introduccion a la Programacion
alumno_00442,Calculo III
alumno_00442,Algebra
alumno_00442,Bases de Datos I
alumno_00443,Programacion Orientada a Objetos
alumno_00443,Probabilidad y Estadistica
alumno_00443,Calculo I
alumno_00443,Fisica I
alumno_00443,Calculo II
alumno_00443,Introduccion a la Programacion
alumno_00443,Algebra
alumno_00444,Matematica Discreta
alumno_00444,Programacion Orientada a Objetos
alumno_00444,Calculo I
alumno_00444,Algebra Lineal
alumno_00444,Estructuras de Datos
alumno_00444,Fisica I
alumno_00444,Calculo II
alumno_00444,Introduccion a la Programacion
alumno_00444,Calculo III
alumno_00444,Algebra
alumno_00444,Bases de Datos I
alumno_00445,Programacion Orientada a Objetos
alumno_00445,Probabilidad y Estadistica
alumno_00445,Calculo I
alumno_00445,Algebra Lineal
alumno_00445,Estructuras de Datos
alumno_00445,Calculo II
alumno_00445,Introduccion a la Programacion
alumno_00445,Algebra
alumno_00446,Calculo I
alumno_00446,Algebra Lineal
alumno_00446,Fisica I
alumno_00446,Calculo II
alumno_00446,Algebra
alumno_00446,Calculo III
alumno_00447,Programacion Orientada a Objetos
alumno_00447,Probabilidad y Estadistica
alumno_00447,Calculo I
alumno_00447,Estructuras de Datos
alumno_00447,Fisica I
alumno_00447,Calculo II
alumno_00447,Introduccion a la Programacion
alumno_00447,Calculo III
alumno_00447,Algebra
alumno_00447,Bases de Datos I
alumno_00448,Calculo II
alumno_00448,Probabilidad y Estadistica
alumno_00448,Calculo I
alumno_00448,Algebra Lineal
alumno_00448,Matematica Discreta
alumno_00448,Algebra
alumno_00448,Calculo III
alumno_00449,Matematica Discreta
alumno_00449,Programacion Orientada a Objetos
alumno_00449,Calculo I
alumno_00449,Algebra Lineal
alumno_00449,Estructuras de Datos
alumno_00449,Fisica I
alumno_00449,Calculo II
alumno_00449,Introduccion a la Programacion
alumno_00449,Calculo III
alumno_00449,Algebra
alumno_00449,Bases de Datos I
alumno_00450,Matematica Discreta
alumno_00450,Programacion Orientada a Objetos
alumno_00450,Probabilidad y Estadistica
alumno_00450,Calculo I
alumno_00450,Algebra Lineal
alumno_00450,Estructuras de Datos
alumno_00450,Calculo II
alumno_00450,Introduccion a la Programacion
alumno_00450,Algebra
alumno_00451,Matematica Discreta
alumno_00451,Programacion Orientada a Objetos
alumno_00451,Calculo I
alumno_00451,Algebra Lineal
alumno_00451,Estructuras de Datos
alumno_00451,Calculo II
alumno_00451,Introduccion a la Programacion
alumno_00451,Algebra
alumno_00452,Programacion Orientada a Objetos
alumno_00452,Algebra Lineal
alumno_00452,Matematica Discreta
alumno_00452,Introduccion a la Programacion
alumno_00452,Algebra
alumno_00453,Calculo I
alumno_00453,Fisica I
alumno_00453,Calculo II
alumno_00453,Introduccion a la Programacion
alumno_00453,Calculo III
alumno_00454,Programacion Orientada a Objetos
alumno_00454,Calculo I
alumno_00454,Algebra Lineal
alumno_00454,Fisica I
alumno_00454,Introduccion a la Programacion
alumno_00454,Algebra
alumno_00455,Matematica Discreta
alumno_00455,Probabilidad y Estadistica
alumno_00455,Calculo I
alumno_00455,Algebra Lineal
alumno_00455,Fisica I
alumno_00455,Calculo II
alumno_00455,Algebra
alumno_00455,Calculo III
alumno_00456,Programacion Orientada a Objetos
alumno_00456,Probabilidad y Estadistica
alumno_00456,Calculo I
alumno_00456,Algebra Lineal
alumno_00456,Estructuras de Datos
alumno_00456,Calculo II
alumno_00456,Introduccion a la Programacion
alumno_00456,Calculo III
alumno_00456,Algebra
alumno_00457,Programacion Orientada a Objetos
alumno_00457,Calculo I
alumno_00457,Algebra Lineal
alumno_00457,Estructuras de Datos
alumno_00457,Fisica I
alumno_00457,Matematica Discreta
alumno_00457,Introduccion a la Programacion
alumno_00457,Algebra
alumno_00457,Bases de Datos I
alumno_00458,Probabilidad y Estadistica
alumno_00458,Calculo II
alumno_00458,Introduccion a la Programacion
alumno_00458,Calculo III
alumno_00458,Algebra
alumno_00459,Matematica Discreta
alumno_00459,Programacion Orientada a Objetos
alumno_00459,Calculo I
alumno_00459,Algebra Lineal
alumno_00459,Estructuras de Datos
alumno_00459,Calculo II
alumno_00459,Introduccion a la Programacion
alumno_00459,Algebra
alumno_00459,Bases de Datos I
alumno_00460,Programacion Orientada a Objetos
alumno_00460,Calculo I
alumno_00460,Estructuras de Datos
alumno_00460,Fisica I
alumno_00460,Calculo II
alumno_00460,Introduccion a la Programacion
alumno_00460,Algebra
alumno_00460,Bases de Datos I
alumno_00461,Probabilidad y Estadistica
alumno_00461,Calculo I
alumno_00461,Fisica I
alumno_00461,Calculo II
alumno_00461,Calculo III
alumno_00461,Bases de Datos I
alumno_00462,Programacion Orientada a Objetos
alumno_00462,Algebra Lineal
alumno_00462,Estructuras de Datos
alumno_00462,Fisica I
alumno_00462,Matematica Discreta
alumno_00462,Introduccion a la Programacion
alumno_00462,Algebra
alumno_00462,Bases de Datos I
alumno_00463,Programacion Orientada a Objetos
alumno_00463,Calculo I
alumno_00463,Estructuras de Datos
alumno_00463,Fisica I
alumno_00463,Matematica Discreta
alumno_00463,Introduccion a la Programacion
alumno_00463,Algebra
alumno_00463,Bases de Datos I
alumno_00464,Programacion Orientada a Objetos
alumno_00464,Probabilidad y Estadistica
alumno_00464,Calculo I
alumno_00464,Algebra Lineal
alumno_00464,Estructuras de Datos
alumno_00464,Fisica I
alumno_00464,Calculo II
alumno_00464,Introduccion a la Programacion
alumno_00464,Algebra
alumno_00464,Bases de Datos I
alumno_00465,Matematica Discreta
alumno_00465,Programacion Orientada a Objetos
alumno_00465,Probabilidad y Estadistica
alumno_00465,Calculo I
alumno_00465,Algebra Lineal
alumno_00465,Estructuras de Datos
alumno_00465,Calculo II
alumno_00465,Introduccion a la Programacion
alumno_00465,Calculo III
alumno_00465,Algebra
alumno_00465,Bases de Datos I
alumno_00466,Introduccion a la Programacion
alumno_00466,Estructuras de Datos
alumno_00466,Bases de Datos I
alumno_00466,Programacion Orientada a Objetos
alumno_00467,Probabilidad y Estadistica
alumno_00467,Calculo I
alumno_00467,Algebra Lineal
alumno_00467,Fisica I
alumno_00467,Calculo II
alumno_00467,Introduccion a la Programacion
alumno_00467,Algebra
alumno_00468,Programacion Orientada a Objetos
alumno_00468,Estructuras de Datos
alumno_00468,Fisica I
alumno_00468,Introduccion a la Programacion
alumno_00468,Bases de Datos I
alumno_00469,Matematica Discreta
alumno_00469,Programacion Orientada a Objetos
alumno_00469,Calculo I
alumno_00469,Algebra Lineal
alumno_00469,Fisica I
alumno_00469,Calculo II
alumno_00469,Introduccion a la Programacion
alumno_00469,Algebra
alumno_00470,Matematica Discreta
alumno_00470,Programacion Orientada a Objetos
alumno_00470,Calculo I
alumno_00470,Algebra Lineal
alumno_00470,Estructuras de Datos
alumno_00470,Calculo II
alumno_00470,Introduccion a la Programacion
alumno_00470,Algebra
alumno_00470,Bases de Datos I
alumno_00471,Programacion Orientada a Objetos
alumno_00471,Estructuras de Datos
alumno_00471,Matematica Discreta
alumno_00471,Introduccion a la Programacion
alumno_00471,Bases de Datos I
alumno_00472,Programacion Orientada a Objetos
alumno_00472,Calculo I
alumno_00472,Algebra Lineal
alumno_00472,Estructuras de Datos
alumno_00472,Calculo II
alumno_00472,Introduccion a la Programacion
alumno_00472,Calculo III
alumno_00472,Algebra
alumno_00472,Bases de Datos I
alumno_00473,Programacion Orientada a Objetos
alumno_00473,Calculo I
alumno_00473,Estructuras de Datos
alumno_00473,Fisica I
alumno_00473,Calculo II
alumno_00473,Introduccion a la Programacion
alumno_00473,Calculo III
alumno_00473,Algebra
alumno_00474,Calculo II
alumno_00474,Programacion Orientada a Objetos
alumno_00474,Estructuras de Datos
alumno_00474,Fisica I
alumno_00474,Matematica Discreta
alumno_00474,Introduccion a la Programacion
alumno_00474,Calculo III
alumno_00474,Bases de Datos I
alumno_00475,Matematica Discreta
alumno_00475,Programacion Orientada a Objetos
alumno_00475,Calculo I
alumno_00475,Algebra Lineal
alumno_00475,Calculo II
alumno_00475,Introduccion a la Programacion
alumno_00475,Algebra
alumno_00476,Calculo II
alumno_00476,Programacion Orientada a Objetos
alumno_00476,Probabilidad y Estadistica
alumno_00476,Calculo I
alumno_00476,Estructuras de Datos
alumno_00476,Matematica Discreta
alumno_00476,Introduccion a la Programacion
alumno_00476,Calculo III
alumno_00476,Bases de Datos I
alumno_00477,Programacion Orientada a Objetos
alumno_00477,Algebra Lineal
alumno_00477,Estructuras de Datos
alumno_00477,Fisica I
alumno_00477,Introduccion a la Programacion
alumno_00477,Algebra
alumno_00477,Bases de Datos I
alumno_00478,Matematica Discreta
alumno_00478,Programacion Orientada a Objetos
alumno_00478,Probabilidad y Estadistica
alumno_00478,Calculo I
alumno_00478,Estructuras de Datos
alumno_00478,Fisica I
alumno_00478,Calculo II
alumno_00478,Introduccion a la Programacion
alumno_00478,Bases de Datos I
alumno_00479,Programacion Orientada a Objetos
alumno_00479,Probabilidad y Estadistica
alumno_00479,Calculo I
alumno_00479,Estructuras de Datos
alumno_00479,Fisica I
alumno_00479,Calculo II
alumno_00479,Introduccion a la Programacion
alumno_00479,Calculo III
alumno_00479,Algebra
alumno_00480,Calculo I
alumno_00480,Fisica I
alumno_00480,Calculo II
alumno_00480,Algebra
alumno_00480,Calculo III
alumno_00481,Programacion Orientada a Objetos
alumno_00481,Probabilidad y Estadistica
alumno_00481,Calculo I
alumno_00481,Algebra Lineal
alumno_00481,Fisica I
alumno_00481,Calculo II
alumno_00481,Introduccion a la Programacion
alumno_00481,Calculo III
alumno_00481,Algebra
alumno_00482,Programacion Orientada a Objetos
alumno_00482,Calculo I
alumno_00482,Algebra Lineal
alumno_00482,Estructuras de Datos
alumno_00482,Fisica I
alumno_00482,Introduccion a la Programacion
alumno_00482,Algebra
alumno_00483,Matematica Discreta
alumno_00483,Programacion Orientada a Objetos
alumno_00483,Calculo I
alumno_00483,Algebra Lineal
alumno_00483,Estructuras de Datos
alumno_00483,Fisica I
alumno_00483,Calculo II
alumno_00483,Introduccion a la Programacion
alumno_00483,Calculo III
alumno_00483,Algebra
alumno_00484,Introduccion a la Programacion
alumno_00484,Fisica I
alumno_00484,Calculo I
alumno_00484,Programacion Orientada a Objetos
alumno_00485,Introduccion a la Programacion
alumno_00485,Algebra
alumno_00486,Programacion Orientada a Objetos
alumno_00486,Probabilidad y Estadistica
alumno_00486,Calculo I
alumno_00486,Algebra Lineal
alumno_00486,Estructuras de Datos
alumno_00486,Fisica I
alumno_00486,Calculo II
alumno_00486,Introduccion a la Programacion
alumno_00486,Calculo III
alumno_00486,Bases de Datos I
alumno_00487,Introduccion a la Programacion
alumno_00487,Estructuras de Datos
alumno_00487,Bases de Datos I
alumno_00487,Programacion Orientada a Objetos
alumno_00488,Introduccion a la Programacion
alumno_00488,Programacion Orientada a Objetos
alumno_00489,Introduccion a la Programacion
alumno_00489,Programacion Orientada a Objetos
alumno_00490,Calculo III
alumno_00490,Probabilidad y Estadistica
alumno_00490,Calculo I
alumno_00490,Calculo II
alumno_00491,Introduccion a la Programacion
alumno_00491,Fisica I
alumno_00491,Algebra
alumno_00491,Programacion Orientada a Objetos
alumno_00492,Algebra
alumno_00492,Fisica I
alumno_00492,Calculo I
alumno_00492,Algebra Lineal
alumno_00493,Calculo I
alumno_00493,Algebra Lineal
alumno_00493,Matematica Discreta
alumno_00493,Introduccion a la Programacion
alumno_00493,Algebra
alumno_00494,Programacion Orientada a Objetos
alumno_00494,Calculo I
alumno_00494,Estructuras de Datos
alumno_00494,Fisica I
alumno_00494,Calculo II
alumno_00494,Introduccion a la Programacion
alumno_00494,Calculo III
alumno_00494,Bases de Datos I
alumno_00495,Matematica Discreta
alumno_00495,Programacion Orientada a Objetos
alumno_00495,Calculo I
alumno_00495,Fisica I
alumno_00495,Calculo II
alumno_00495,Introduccion a la Programacion
alumno_00495,Calculo III
alumno_00495,Algebra
alumno_00496,Introduccion a la Programacion
alumno_00496,Calculo I
alumno_00496,Programacion Orientada a Objetos
alumno_00497,Matematica Discreta
alumno_00497,Programacion Orientada a Objetos
alumno_00497,Calculo I
alumno_00497,Algebra Lineal
alumno_00497,Estructuras de Datos
alumno_00497,Fisica I
alumno_00497,Calculo II
alumno_00497,Introduccion a la Programacion
alumno_00497,Algebra
alumno_00497,Bases de Datos I
alumno_00498,Calculo I
alumno_00498,Algebra Lineal
alumno_00498,Fisica I
alumno_00498,Calculo II
alumno_00498,Algebra
alumno_00498,Calculo III
alumno_00499,Matematica Discreta
alumno_00499,Programacion Orientada a Objetos
alumno_00499,Probabilidad y Estadistica
alumno_00499,Calculo I
alumno_00499,Algebra Lineal
alumno_00499,Estructuras de Datos
alumno_00499,Calculo II
alumno_00499,Introduccion a la Programacion
alumno_00499,Algebra
alumno_00500,Introduccion a la Programacion
alumno_00500,Calculo I
alumno_00500,Calculo II
alumno_00501,Programacion Orientada a Objetos
alumno_00501,Calculo I
alumno_00501,Algebra Lineal
alumno_00501,Fisica I
alumno_00501,Introduccion a la Programacion
alumno_00501,Algebra
alumno_00502,Introduccion a la Programacion
alumno_00502,Probabilidad y Estadistica
alumno_00502,Calculo I
alumno_00502,Programacion Orientada a Objetos
alumno_00503,Programacion Orientada a Objetos
alumno_00503,Calculo I
alumno_00503,Estructuras de Datos
alumno_00503,Matematica Discreta
alumno_00503,Introduccion a la Programacion
alumno_00503,Algebra
alumno_00503,Bases de Datos I
alumno_00504,Algebra Lineal
alumno_00504,Fisica I
alumno_00504,Matematica Discreta
alumno_00504,Introduccion a la Programacion
alumno_00504,Algebra
alumno_00505,Matematica Discreta
alumno_00505,Programacion Orientada a Objetos
alumno_00505,Probabilidad y Estadistica
alumno_00505,Calculo I
alumno_00505,Estructuras de Datos
alumno_00505,Fisica I
alumno_00505,Calculo II
alumno_00505,Introduccion a la Programacion
alumno_00505,Algebra
alumno_00505,Bases de Datos I
alumno_00506,Programacion Orientada a Objetos
alumno_00506,Calculo I
alumno_00506,Estructuras de Datos
alumno_00506,Fisica I
alumno_00506,Calculo II
alumno_00506,Introduccion a la Programacion
alumno_00506,Algebra
alumno_00507,Programacion Orientada a Objetos
alumno_00507,Calculo I
alumno_00507,Estructuras de Datos
alumno_00507,Introduccion a la Programacion
alumno_00507,Algebra
alumno_00507,Bases de Datos I
alumno_00508,Programacion Orientada a Objetos
alumno_00508,Calculo I
alumno_00508,Algebra Lineal
alumno_00508,Introduccion a la Programacion
alumno_00508,Algebra
alumno_00509,Introduccion a la Programacion
alumno_00509,Programacion Orientada a Objetos
alumno_00510,Programacion Orientada a Objetos
alumno_00510,Calculo I
alumno_00510,Algebra Lineal
alumno_00510,Fisica I
alumno_00510,Calculo II
alumno_00510,Introduccion a la Programacion
alumno_00510,Calculo III
alumno_00510,Algebra
alumno_00511,Programacion Orientada a Objetos
alumno_00511,Probabilidad y Estadistica
alumno_00511,Calculo I
alumno_00511,Algebra Lineal
alumno_00511,Fisica I
alumno_00511,Calculo II
alumno_00511,Introduccion a la Programacion
alumno_00511,Algebra
alumno_00512,Programacion Orientada a Objetos
alumno_00512,Estructuras de Datos
alumno_00512,Fisica I
alumno_00512,Matematica Discreta
alumno_00512,Introduccion a la Programacion
alumno_00512,Algebra
alumno_00512,Bases de Datos I
alumno_00513,Programacion Orientada a Objetos
alumno_00513,Calculo I
alumno_00513,Algebra Lineal
alumno_00513,Estructuras de Datos
alumno_00513,Fisica I
alumno_00513,Introduccion a la Programacion
alumno_00513,Calculo III
alumno_00513,Algebra
alumno_00513,Bases de Datos I
alumno_00514,Matematica Discreta
alumno_00514,Programacion Orientada a Objetos
alumno_00514,Probabilidad y Estadistica
alumno_00514,Calculo I
alumno_00514,Algebra Lineal
alumno_00514,Estructuras de Datos
alumno_00514,Calculo II
alumno_00514,Introduccion a la Programacion
alumno_00514,Algebra
alumno_00515,Algebra
alumno_00515,Estructuras de Datos
alumno_00515,Bases de Datos I
alumno_00515,Matematica Discreta
alumno_00516,Programacion Orientada a Objetos
alumno_00516,Probabilidad y Estadistica
alumno_00516,Calculo I
alumno_00516,Algebra Lineal
alumno_00516,Fisica I
alumno_00516,Calculo II
alumno_00516,Introduccion a la Programacion
alumno_00516,Calculo III
alumno_00516,Algebra
alumno_00517,Programacion Orientada a Objetos
alumno_00517,Calculo I
alumno_00517,Estructuras de Datos
alumno_00517,Fisica I
alumno_00517,Matematica Discreta
alumno_00517,Introduccion a la Programacion
alumno_00517,Algebra
alumno_00517,Bases de Datos I
alumno_00518,Programacion Orientada a Objetos
alumno_00518,Calculo I
alumno_00518,Estructuras de Datos
alumno_00518,Fisica I
alumno_00518,Introduccion a la Programacion
alumno_00518,Bases de Datos I
alumno_00519,Matematica Discreta
alumno_00519,Programacion Orientada a Objetos
alumno_00519,Calculo I
alumno_00519,Calculo II
alumno_00519,Introduccion a la Programacion
alumno_00519,Calculo III
alumno_00519,Algebra
alumno_00519,Bases de Datos I
alumno_00520,Programacion Orientada a Objetos
alumno_00520,Probabilidad y Estadistica
alumno_00520,Calculo I
alumno_00520,Algebra Lineal
alumno_00520,Estructuras de Datos
alumno_00520,Calculo II
alumno_00520,Introduccion a la Programacion
alumno_00520,Calculo III
alumno_00520,Algebra
alumno_00520,Bases de Datos I
alumno_00521,Matematica Discreta
alumno_00521,Programacion Orientada a Objetos
alumno_00521,Probabilidad y Estadistica
alumno_00521,Calculo I
alumno_00521,Fisica I
alumno_00521,Calculo II
alumno_00521,Introduccion a la Programacion
alumno_00521,Calculo III
alumno_00522,Programacion Orientada a Objetos
alumno_00522,Probabilidad y Estadistica
alumno_00522,Calculo I
alumno_00522,Algebra Lineal
alumno_00522,Fisica I
alumno_00522,Calculo II
alumno_00522,Introduccion a la Programacion
alumno_00522,Calculo III
alumno_00522,Algebra
alumno_00523,Programacion Orientada a Objetos
alumno_00523,Calculo I
alumno_00523,Algebra Lineal
alumno_00523,Matematica Discreta
alumno_00523,Introduccion a la Programacion
alumno_00523,Algebra
alumno_00524,Programacion Orientada a Objetos
alumno_00524,Algebra Lineal
alumno_00524,Matematica Discreta
alumno_00524,Introduccion a la Programacion
alumno_00524,Algebra
alumno_00525,Matematica Discreta
alumno_00525,Programacion Orientada a Objetos
alumno_00525,Calculo I
alumno_00525,Algebra Lineal
alumno_00525,Estructuras de Datos
alumno_00525,Calculo II
alumno_00525,Introduccion a la Programacion
alumno_00525,Calculo III
alumno_00525,Algebra
alumno_00525,Bases de Datos I
alumno_00526,Programacion Orientada a Objetos
alumno_00526,Algebra Lineal
alumno_00526,Estructuras de Datos
alumno_00526,Matematica Discreta
alumno_00526,Introduccion a la Programacion
alumno_00526,Algebra
alumno_00527,Fisica I
alumno_00528,Calculo I
alumno_00528,Algebra Lineal
alumno_00528,Calculo II
alumno_00528,Introduccion a la Programacion
alumno_00528,Calculo III
alumno_00528,Algebra
alumno_00529,Matematica Discreta
alumno_00529,Programacion Orientada a Objetos
alumno_00529,Calculo I
alumno_00529,Algebra Lineal
alumno_00529,Estructuras de Datos
alumno_00529,Calculo II
alumno_00529,Introduccion a la Programacion
alumno_00529,Algebra
alumno_00529,Bases de Datos I
alumno_00530,Programacion Orientada a Objetos
alumno_00530,Calculo I
alumno_00530,Algebra Lineal
alumno_00530,Estructuras de Datos
alumno_00530,Fisica I
alumno_00530,Calculo II
alumno_00530,Introduccion a la Programacion
alumno_00530,Algebra
alumno_00530,Bases de Datos I
alumno_00531,Matematica Discreta
alumno_00531,Programacion Orientada a Objetos
alumno_00531,Calculo I
alumno_00531,Algebra Lineal
alumno_00531,Estructuras de Datos
alumno_00531,Fisica I
alumno_00531,Calculo II
alumno_00531,Introduccion a la Programacion
alumno_00531,Calculo III
alumno_00531,Algebra
alumno_00532,Programacion Orientada a Objetos
alumno_00532,Algebra Lineal
alumno_00532,Estructuras de Datos
alumno_00532,Fisica I
alumno_00532,Matematica Discreta
alumno_00532,Introduccion a la Programacion
alumno_00532,Calculo III
alumno_00532,Algebra
alumno_00532,Bases de Datos I
alumno_00533,Programacion Orientada a Objetos
alumno_00533,Probabilidad y Estadistica
alumno_00533,Calculo I
alumno_00533,Algebra Lineal
alumno_00533,Estructuras de Datos
alumno_00533,Introduccion a la Programacion
alumno_00533,Algebra
alumno_00533,Bases de Datos I
alumno_00534,Programacion Orientada a Objetos
alumno_00534,Calculo I
alumno_00534,Algebra Lineal
alumno_00534,Estructuras de Datos
alumno_00534,Fisica I
alumno_00534,Introduccion a la Programacion
alumno_00534,Algebra
alumno_00534,Bases de Datos I
alumno_00535,Algebra Lineal
alumno_00535,Matematica Discreta
alumno_00535,Introduccion a la Programacion
alumno_00535,Algebra
alumno_00535,Bases de Datos I
alumno_00536,Programacion Orientada a Objetos
alumno_00536,Calculo I
alumno_00536,Algebra Lineal
alumno_00536,Estructuras de Datos
alumno_00536,Fisica I
alumno_00536,Matematica Discreta
alumno_00536,Introduccion a la Programacion
alumno_00536,Algebra
alumno_00536,Bases de Datos I
alumno_00537,Introduccion a la Programacion
alumno_00537,Fisica I
alumno_00537,Calculo I
alumno_00538,Programacion Orientada a Objetos
alumno_00538,Estructuras de Datos
alumno_00538,Fisica I
alumno_00538,Introduccion a la Programacion
alumno_00538,Bases de Datos I
alumno_00539,Programacion Orientada a Objetos
alumno_00539,Calculo I
alumno_00539,Fisica I
alumno_00539,Calculo II
alumno_00539,Introduccion a la Programacion
alumno_00539,Calculo III
alumno_00539,Algebra
alumno_00540,Matematica Discreta
alumno_00540,Programacion Orientada a Objetos
alumno_00540,Calculo I
alumno_00540,Algebra Lineal
alumno_00540,Estructuras de Datos
alumno_00540,Fisica I
alumno_00540,Calculo II
alumno_00540,Introduccion a la Programacion
alumno_00540,Calculo III
alumno_00540,Algebra
alumno_00541,Programacion Orientada a Objetos
alumno_00541,Calculo I
alumno_00541,Estructuras de Datos
alumno_00541,Calculo II
alumno_00541,Introduccion a la Programacion
alumno_00541,Algebra
alumno_00542,Programacion Orientada a Objetos
alumno_00542,Probabilidad y Estadistica
alumno_00542,Calculo I
alumno_00542,Algebra Lineal
alumno_00542,Calculo II
alumno_00542,Introduccion a la Programacion
alumno_00542,Calculo III
alumno_00542,Algebra
alumno_00543,Matematica Discreta
alumno_00543,Programacion Orientada a Objetos
alumno_00543,Calculo I
alumno_00543,Algebra Lineal
alumno_00543,Estructuras de Datos
alumno_00543,Calculo II
alumno_00543,Introduccion a la Programacion
alumno_00543,Algebra
alumno_00543,Bases de Datos I
alumno_00544,Matematica Discreta
alumno_00544,Programacion Orientada a Objetos
alumno_00544,Probabilidad y Estadistica
alumno_00544,Calculo I
alumno_00544,Algebra Lineal
alumno_00544,Estructuras de Datos
alumno_00544,Fisica I
alumno_00544,Calculo II
alumno_00544,Introduccion a la Programacion
alumno_00544,Calculo III
alumno_00544,Algebra
alumno_00545,Introduccion a la Programacion
alumno_00545,Fisica I
alumno_00545,Calculo III
alumno_00546,Introduccion a la Programacion
alumno_00546,Fisica I
alumno_00546,Calculo I
alumno_00546,Programacion Orientada a Objetos
alumno_00547,Programacion Orientada a Objetos
alumno_00547,Calculo I
alumno_00547,Estructuras de Datos
alumno_00547,Fisica I
alumno_00547,Introduccion a la Programacion
alumno_00547,Bases de Datos I
alumno_00548,Programacion Orientada a Objetos
alumno_00548,Probabilidad y Estadistica
alumno_00548,Calculo I
alumno_00548,Algebra Lineal
alumno_00548,Estructuras de Datos
alumno_00548,Fisica I
alumno_00548,Calculo II
alumno_00548,Introduccion a la Programacion
alumno_00548,Calculo III
alumno_00548,Algebra
alumno_00549,Matematica Discreta
alumno_00549,Calculo I
alumno_00549,Algebra Lineal
alumno_00549,Calculo II
alumno_00549,Introduccion a la Programacion
alumno_00549,Calculo III
alumno_00549,Algebra
alumno_00550,Matematica Discreta
alumno_00550,Programacion Orientada a Objetos
alumno_00550,Probabilidad y Estadistica
alumno_00550,Calculo I
alumno_00550,Estructuras de Datos
alumno_00550,Fisica I
alumno_00550,Calculo II
alumno_00550,Introduccion a la Programacion
alumno_00550,Bases de Datos I
alumno_00551,Programacion Orientada a Objetos
alumno_00551,Calculo I
alumno_00551,Algebra Lineal
alumno_00551,Estructuras de Datos
alumno_00551,Fisica I
alumno_00551,Introduccion a la Programacion
alumno_00551,Algebra
alumno_00552,Calculo I
alumno_00552,Algebra Lineal
alumno_00552,Fisica I
alumno_00552,Calculo II
alumno_00552,Algebra
alumno_00553,Matematica Discreta
alumno_00553,Programacion Orientada a Objetos
alumno_00553,Calculo I
alumno_00553,Algebra Lineal
alumno_00553,Estructuras de Datos
alumno_00553,Calculo II
alumno_00553,Introduccion a la Programacion
alumno_00553,Calculo III
alumno_00553,Algebra
alumno_00554,Programacion Orientada a Objetos
alumno_00554,Algebra Lineal
alumno_00554,Introduccion a la Programacion
alumno_00554,Algebra
alumno_00554,Bases de Datos I
alumno_00555,Programacion Orientada a Objetos
alumno_00555,Calculo I
alumno_00555,Algebra Lineal
alumno_00555,Estructuras de Datos
alumno_00555,Fisica I
alumno_00555,Introduccion a la Programacion
alumno_00555,Algebra
alumno_00556,Matematica Discreta
alumno_00556,Calculo I
alumno_00556,Fisica I
alumno_00556,Calculo II
alumno_00556,Introduccion a la Programacion
alumno_00556,Calculo III
alumno_00556,Algebra
alumno_00557,Programacion Orientada a Objetos
alumno_00557,Calculo I
alumno_00557,Estructuras de Datos
alumno_00557,Calculo II
alumno_00557,Introduccion a la Programacion
alumno_00557,Calculo III
alumno_00557,Algebra
alumno_00557,Bases de Datos I
alumno_00558,Matematica Discreta
alumno_00558,Probabilidad y Estadistica
alumno_00558,Calculo I
alumno_00558,Algebra Lineal
alumno_00558,Fisica I
alumno_00558,Calculo II
alumno_00558,Algebra
alumno_00558,Calculo III
alumno_00559,Matematica Discreta
alumno_00559,Programacion Orientada a Objetos
alumno_00559,Probabilidad y Estadistica
alumno_00559,Calculo I
alumno_00559,Algebra Lineal
alumno_00559,Fisica I
alumno_00559,Calculo II
alumno_00559,Introduccion a la Programacion
alumno_00559,Calculo III
alumno_00559,Algebra
alumno_00560,Programacion Orientada a Objetos
alumno_00560,Probabilidad y Estadistica
alumno_00560,Calculo I
alumno_00560,Algebra Lineal
alumno_00560,Estructuras de Datos
alumno_00560,Fisica I
alumno_00560,Calculo II
alumno_00560,Introduccion a la Programacion
alumno_00560,Calculo III
alumno_00560,Algebra
alumno_00560,Bases de Datos I
alumno_00561,Introduccion a la Programacion
alumno_00561,Calculo I
alumno_00561,Algebra
alumno_00562,Programacion Orientada a Objetos
alumno_00562,Calculo I
alumno_00562,Algebra Lineal
alumno_00562,Calculo II
alumno_00562,Introduccion a la Programacion
alumno_00562,Calculo III
alumno_00562,Algebra
alumno_00562,Bases de Datos I
alumno_00563,Matematica Discreta
alumno_00563,Probabilidad y Estadistica
alumno_00563,Calculo I
alumno_00563,Algebra Lineal
alumno_00563,Fisica I
alumno_00563,Calculo II
alumno_00563,Introduccion a la Programacion
alumno_00563,Algebra
alumno_00564,Programacion Orientada a Objetos
alumno_00564,Probabilidad y Estadistica
alumno_00564,Calculo I
alumno_00564,Fisica I
alumno_00564,Calculo II
alumno_00564,Introduccion a la Programacion
alumno_00564,Calculo III
alumno_00565,Algebra
alumno_00565,Probabilidad y Estadistica
alumno_00565,Calculo I
alumno_00566,Matematica Discreta
alumno_00566,Programacion Orientada a Objetos
alumno_00566,Probabilidad y Estadistica
alumno_00566,Calculo I
alumno_00566,Algebra Lineal
alumno_00566,Estructuras de Datos
alumno_00566,Fisica I
alumno_00566,Calculo II
alumno_00566,Introduccion a la Programacion
alumno_00566,Algebra
alumno_00567,Matematica Discreta
alumno_00567,Programacion Orientada a Objetos
alumno_00567,Probabilidad y Estadistica
alumno_00567,Calculo I
alumno_00567,Calculo II
alumno_00567,Introduccion a la Programacion
alumno_00567,Calculo III
alumno_00568,Introduccion a la Programacion
alumno_00568,Calculo I
alumno_00568,Algebra
alumno_00568,Matematica Discreta
alumno_00569,Programacion Orientada a Objetos
alumno_00569,Algebra Lineal
alumno_00569,Estructuras de Datos
alumno_00569,Calculo II
alumno_00569,Introduccion a la Programacion
alumno_00569,Calculo III
alumno_00569,Algebra
alumno_00569,Bases de Datos I
alumno_00570,Matematica Discreta
alumno_00570,Programacion Orientada a Objetos
alumno_00570,Calculo I
alumno_00570,Calculo II
alumno_00570,Introduccion a la Programacion
alumno_00570,Calculo III
alumno_00570,Algebra
alumno_00571,Programacion Orientada a Objetos
alumno_00571,Probabilidad y Estadistica
alumno_00571,Algebra Lineal
alumno_00571,Estructuras de Datos
alumno_00571,Matematica Discreta
alumno_00571,Introduccion a la Programacion
alumno_00571,Algebra
alumno_00571,Bases de Datos I
alumno_00572,Probabilidad y Estadistica
alumno_00572,Calculo I
alumno_00572,Algebra Lineal
alumno_00572,Fisica I
alumno_00572,Calculo II
alumno_00572,Introduccion a la Programacion
alumno_00572,Calculo III
alumno_00572,Algebra
alumno_00573,Matematica Discreta
alumno_00573,Programacion Orientada a Objetos
alumno_00573,Calculo I
alumno_00573,Algebra Lineal
alumno_00573,Estructuras de Datos
alumno_00573,Fisica I
alumno_00573,Calculo II
alumno_00573,Introduccion a la Programacion
alumno_00573,Calculo III
alumno_00573,Algebra
alumno_00573,Bases de Datos I
alumno_00574,Matematica Discreta
alumno_00574,Programacion Orientada a Objetos
alumno_00574,Probabilidad y Estadistica
alumno_00574,Calculo I
alumno_00574,Estructuras de Datos
alumno_00574,Calculo II
alumno_00574,Introduccion a la Programacion
alumno_00574,Calculo III
alumno_00574,Algebra
alumno_00574,Bases de Datos I
alumno_00575,Algebra Lineal
alumno_00575,Fisica I
alumno_00575,Matematica Discreta
alumno_00575,Introduccion a la Programacion
alumno_00575,Algebra
alumno_00576,Programacion Orientada a Objetos
alumno_00576,Calculo I
alumno_00576,Algebra Lineal
alumno_00576,Estructuras de Datos
alumno_00576,Fisica I
alumno_00576,Matematica Discreta
alumno_00576,Introduccion a la Programacion
alumno_00576,Algebra
alumno_00576,Bases de Datos I
alumno_00577,Calculo II
alumno_00577,Calculo I
alumno_00577,Fisica I
alumno_00577,Matematica Discreta
alumno_00577,Algebra
alumno_00577,Calculo III
alumno_00578,Programacion Orientada a Objetos
alumno_00578,Estructuras de Datos
alumno_00578,Fisica I
alumno_00578,Introduccion a la Programacion
alumno_00578,Bases de Datos I
alumno_00579,Programacion Orientada a Objetos
alumno_00579,Calculo I
alumno_00579,Algebra Lineal
alumno_00579,Estructuras de Datos
alumno_00579,Fisica I
alumno_00579,Calculo II
alumno_00579,Introduccion a la Programacion
alumno_00579,Calculo III
alumno_00579,Algebra
alumno_00579,Bases de Datos I
alumno_00580,Matematica Discreta
alumno_00580,Programacion Orientada a Objetos
alumno_00580,Probabilidad y Estadistica
alumno_00580,Calculo I
alumno_00580,Algebra Lineal
alumno_00580,Calculo II
alumno_00580,Introduccion a la Programacion
alumno_00580,Algebra
alumno_00581,Matematica Discreta
alumno_00581,Programacion Orientada a Objetos
alumno_00581,Calculo I
alumno_00581,Estructuras de Datos
alumno_00581,Fisica I
alumno_00581,Calculo II
alumno_00581,Introduccion a la Programacion
alumno_00581,Calculo III
alumno_00581,Bases de Datos I
alumno_00582,Probabilidad y Estadistica
alumno_00582,Calculo I
alumno_00582,Fisica I
alumno_00582,Calculo II
alumno_00582,Introduccion a la Programacion
alumno_00582,Calculo III
alumno_00582,Bases de Datos I
alumno_00583,Introduccion a la Programacion
alumno_00583,Calculo I
alumno_00583,Estructuras de Datos
alumno_00583,Programacion Orientada a Objetos
alumno_00584,Matematica Discreta
alumno_00584,Programacion Orientada a Objetos
alumno_00584,Probabilidad y Estadistica
alumno_00584,Calculo I
alumno_00584,Algebra Lineal
alumno_00584,Fisica I
alumno_00584,Calculo II
alumno_00584,Introduccion a la Programacion
alumno_00584,Algebra
alumno_00585,Algebra
alumno_00585,Fisica I
alumno_00585,Algebra Lineal
alumno_00585,Matematica Discreta
alumno_00586,Matematica Discreta
alumno_00586,Programacion Orientada a Objetos
alumno_00586,Probabilidad y Estadistica
alumno_00586,Calculo I
alumno_00586,Algebra Lineal
alumno_00586,Estructuras de Datos
alumno_00586,Fisica I
alumno_00586,Calculo II
alumno_00586,Introduccion a la Programacion
alumno_00586,Calculo III
alumno_00586,Algebra
alumno_00586,Bases de Datos I
alumno_00587,Introduccion a la Programacion
alumno_00587,Algebra
alumno_00587,Algebra Lineal
alumno_00587,Matematica Discreta
alumno_00588,Programacion Orientada a Objetos
alumno_00588,Calculo I
alumno_00588,Fisica I
alumno_00588,Calculo II
alumno_00588,Introduccion a la Programacion
alumno_00588,Calculo III
alumno_00588,Algebra
alumno_00589,Programacion Orientada a Objetos
alumno_00589,Calculo I
alumno_00589,Estructuras de Datos
alumno_00589,Fisica I
alumno_00589,Calculo II
alumno_00589,Introduccion a la Programacion
alumno_00589,Bases de Datos I
alumno_00590,Programacion Orientada a Objetos
alumno_00590,Calculo I
alumno_00590,Algebra Lineal
alumno_00590,Calculo II
alumno_00590,Introduccion a la Programacion
alumno_00590,Algebra
alumno_00591,Programacion Orientada a Objetos
alumno_00591,Probabilidad y Estadistica
alumno_00591,Calculo I
alumno_00591,Estructuras de Datos
alumno_00591,Fisica I
alumno_00591,Introduccion a la Programacion
alumno_00591,Bases de Datos I
alumno_00592,Calculo I
alumno_00592,Algebra Lineal
alumno_00592,Fisica I
alumno_00592,Calculo II
alumno_00592,Introduccion a la Programacion
alumno_00592,Calculo III
alumno_00592,Algebra
alumno_00593,Programacion Orientada a Objetos
alumno_00593,Probabilidad y Estadistica
alumno_00593,Calculo I
alumno_00593,Algebra Lineal
alumno_00593,Calculo II
alumno_00593,Introduccion a la Programacion
alumno_00593,Algebra
alumno_00594,Programacion Orientada a Objetos
alumno_00594,Calculo I
alumno_00594,Calculo II
alumno_00594,Introduccion a la Programacion
alumno_00594,Calculo III
alumno_00594,Bases de Datos I
alumno_00595,Algebra
alumno_00595,Calculo I
alumno_00595,Algebra Lineal
alumno_00595,Matematica Discreta
alumno_00596,Matematica Discreta
alumno_00596,Programacion Orientada a Objetos
alumno_00596,Calculo I
alumno_00596,Algebra Lineal
alumno_00596,Estructuras de Datos
alumno_00596,Fisica I
alumno_00596,Calculo II
alumno_00596,Introduccion a la Programacion
alumno_00596,Calculo III
alumno_00596,Algebra
alumno_00596,Bases de Datos I
alumno_00597,Programacion Orientada a Objetos
alumno_00597,Calculo I
alumno_00597,Algebra Lineal
alumno_00597,Estructuras de Datos
alumno_00597,Introduccion a la Programacion
alumno_00597,Algebra
alumno_00597,Bases de Datos I
alumno_00598,Programacion Orientada a Objetos
alumno_00598,Calculo I
alumno_00598,Algebra Lineal
alumno_00598,Estructuras de Datos
alumno_00598,Matematica Discreta
alumno_00598,Introduccion a la Programacion
alumno_00598,Algebra
alumno_00598,Bases de Datos I
alumno_00599,Programacion Orientada a Objetos
alumno_00599,Probabilidad y Estadistica
alumno_00599,Calculo I
alumno_00599,Estructuras de Datos
alumno_00599,Fisica I
alumno_00599,Calculo II
alumno_00599,Introduccion a la Programacion
alumno_00599,Calculo III
alumno_00599,Bases de Datos I
alumno_00600,Matematica Discreta
alumno_00600,Programacion Orientada a Objetos
alumno_00600,Calculo I
alumno_00600,Algebra Lineal
alumno_00600,Calculo II
alumno_00600,Introduccion a la Programacion
alumno_00600,Algebra
alumno_00601,Programacion Orientada a Objetos
alumno_00601,Calculo I
alumno_00601,Fisica I
alumno_00601,Calculo II
alumno_00601,Introduccion a la Programacion
alumno_00601,Calculo III
alumno_00602,Matematica Discreta
alumno_00602,Programacion Orientada a Objetos
alumno_00602,Probabilidad y Estadistica
alumno_00602,Calculo I
alumno_00602,Algebra Lineal
alumno_00602,Estructuras de Datos
alumno_00602,Fisica I
alumno_00602,Calculo II
alumno_00602,Introduccion a la Programacion
alumno_00602,Calculo III
alumno_00602,Algebra
alumno_00602,Bases de Datos I
alumno_00603,Programacion Orientada a Objetos
alumno_00603,Calculo I
alumno_00603,Estructuras de Datos
alumno_00603,Fisica I
alumno_00603,Introduccion a la Programacion
alumno_00603,Bases de Datos I
alumno_00604,Introduccion a la Programacion
alumno_00604,Probabilidad y Estadistica
alumno_00604,Programacion Orientada a Objetos
alumno_00605,Programacion Orientada a Objetos
alumno_00605,Calculo I
alumno_00605,Estructuras de Datos
alumno_00605,Introduccion a la Programacion
alumno_00605,Bases de Datos I
alumno_00606,Programacion Orientada a Objetos
alumno_00606,Calculo I
alumno_00606,Algebra Lineal
alumno_00606,Estructuras de Datos
alumno_00606,Fisica I
alumno_00606,Calculo II
alumno_00606,Introduccion a la Programacion
alumno_00606,Calculo III
alumno_00606,Algebra
alumno_00607,Calculo II
alumno_00607,Probabilidad y Estadistica
alumno_00607,Calculo I
alumno_00607,Matematica Discreta
alumno_00607,Introduccion a la Programacion
alumno_00607,Calculo III
alumno_00608,Programacion Orientada a Objetos
alumno_00608,Algebra Lineal
alumno_00608,Estructuras de Datos
alumno_00608,Matematica Discreta
alumno_00608,Introduccion a la Programacion
alumno_00608,Algebra
alumno_00608,Bases de Datos I
alumno_00609,Programacion Orientada a Objetos
alumno_00609,Calculo I
alumno_00609,Estructuras de Datos
alumno_00609,Fisica I
alumno_00609,Introduccion a la Programacion
alumno_00610,Programacion Orientada a Objetos
alumno_00610,Calculo I
alumno_00610,Algebra Lineal
alumno_00610,Introduccion a la Programacion
alumno_00610,Algebra
alumno_00611,Programacion Orientada a Objetos
alumno_00611,Probabilidad y Estadistica
alumno_00611,Calculo I
alumno_00611,Algebra Lineal
alumno_00611,Estructuras de Datos
alumno_00611,Calculo II
alumno_00611,Introduccion a la Programacion
alumno_00611,Algebra
alumno_00611,Bases de Datos I
alumno_00612,Programacion Orientada a Objetos
alumno_00612,Calculo I
alumno_00612,Algebra Lineal
alumno_00612,Estructuras de Datos
alumno_00612,Matematica Discreta
alumno_00612,Introduccion a la Programacion
alumno_00612,Algebra
alumno_00612,Bases de Datos I
alumno_00613,Programacion Orientada a Objetos
alumno_00613,Algebra Lineal
alumno_00613,Fisica I
alumno_00613,Matematica Discreta
alumno_00613,Introduccion a la Programacion
alumno_00613,Algebra
alumno_00614,Algebra
alumno_00614,Bases de Datos I
alumno_00614,Algebra Lineal
alumno_00615,Matematica Discreta
alumno_00615,Programacion Orientada a Objetos
alumno_00615,Probabilidad y Estadistica
alumno_00615,Calculo I
alumno_00615,Algebra Lineal
alumno_00615,Calculo II
alumno_00615,Introduccion a la Programacion
alumno_00615,Algebra
alumno_00616,Programacion Orientada a Objetos
alumno_00616,Estructuras de Datos
alumno_00616,Algebra
alumno_00616,Introduccion a la Programacion
alumno_00616,Bases de Datos I
alumno_00617,Programacion Orientada a Objetos
alumno_00617,Algebra Lineal
alumno_00617,Estructuras de Datos
alumno_00617,Fisica I
alumno_00617,Introduccion a la Programacion
alumno_00617,Algebra
alumno_00618,Programacion Orientada a Objetos
alumno_00618,Calculo I
alumno_00618,Estructuras de Datos
alumno_00618,Fisica I
alumno_00618,Matematica Discreta
alumno_00618,Introduccion a la Programacion
alumno_00618,Algebra
alumno_00618,Bases de Datos I
alumno_00619,Matematica Discreta
alumno_00619,Programacion Orientada a Objetos
alumno_00619,Calculo I
alumno_00619,Algebra Lineal
alumno_00619,Calculo II
alumno_00619,Introduccion a la Programacion
alumno_00619,Algebra
alumno_00620,Programacion Orientada a Objetos
alumno_00620,Probabilidad y Estadistica
alumno_00620,Calculo I
alumno_00620,Estructuras de Datos
alumno_00620,Fisica I
alumno_00620,Calculo II
alumno_00620,Introduccion a la Programacion
alumno_00620,Calculo III
alumno_00620,Algebra
alumno_00620,Bases de Datos I
alumno_00621,Probabilidad y Estadistica
alumno_00621,Calculo I
alumno_00621,Algebra Lineal
alumno_00621,Calculo II
alumno_00621,Introduccion a la Programacion
alumno_00621,Calculo III
alumno_00621,Algebra
alumno_00622,Fisica I
alumno_00622,Bases de Datos I
alumno_00622,Estructuras de Datos
alumno_00623,Programacion Orientada a Objetos
alumno_00623,Calculo I
alumno_00623,Algebra Lineal
alumno_00623,Matematica Discreta
alumno_00623,Introduccion a la Programacion
alumno_00623,Algebra
alumno_00624,Programacion Orientada a Objetos
alumno_00624,Probabilidad y Estadistica
alumno_00624,Calculo I
alumno_00624,Estructuras de Datos
alumno_00624,Fisica I
alumno_00624,Introduccion a la Programacion
alumno_00625,Programacion Orientada a Objetos
alumno_00625,Probabilidad y Estadistica
alumno_00625,Calculo I
alumno_00625,Estructuras de Datos
alumno_00625,Fisica I
alumno_00625,Calculo II
alumno_00625,Introduccion a la Programacion
alumno_00625,Bases de Datos I
alumno_00626,Matematica Discreta
alumno_00626,Programacion Orientada a Objetos
alumno_00626,Calculo I
alumno_00626,Algebra Lineal
alumno_00626,Estructuras de Datos
alumno_00626,Fisica I
alumno_00626,Calculo II
alumno_00626,Introduccion a la Programacion
alumno_00626,Calculo III
alumno_00626,Algebra
alumno_00626,Bases de Datos I
alumno_00627,Matematica Discreta
alumno_00627,Programacion Orientada a Objetos
alumno_00627,Probabilidad y Estadistica
alumno_00627,Calculo I
alumno_00627,Algebra Lineal
alumno_00627,Fisica I
alumno_00627,Calculo II
alumno_00627,Introduccion a la Programacion
alumno_00627,Calculo III
alumno_00627,Algebra
alumno_00628,Introduccion a la Programacion
alumno_00628,Calculo I
alumno_00628,Programacion Orientada a Objetos
alumno_00628,Calculo II
alumno_00629,Matematica Discreta
alumno_00629,Programacion Orientada a Objetos
alumno_00629,Calculo I
alumno_00629,Estructuras de Datos
alumno_00629,Fisica I
alumno_00629,Calculo II
alumno_00629,Introduccion a la Programacion
alumno_00629,Algebra
alumno_00629,Bases de Datos I
alumno_00630,Matematica Discreta
alumno_00630,Programacion Orientada a Objetos
alumno_00630,Probabilidad y Estadistica
alumno_00630,Calculo I
alumno_00630,Algebra Lineal
alumno_00630,Estructuras de Datos
alumno_00630,Calculo II
alumno_00630,Introduccion a la Programacion
alumno_00630,Algebra
alumno_00631,Programacion Orientada a Objetos
alumno_00631,Calculo I
alumno_00631,Algebra Lineal
alumno_00631,Estructuras de Datos
alumno_00631,Introduccion a la Programacion
alumno_00631,Calculo III
alumno_00631,Algebra
alumno_00631,Bases de Datos I
alumno_00632,Programacion Orientada a Objetos
alumno_00632,Calculo I
alumno_00632,Algebra Lineal
alumno_00632,Estructuras de Datos
alumno_00632,Calculo II
alumno_00632,Introduccion a la Programacion
alumno_00632,Calculo III
alumno_00632,Algebra
alumno_00633,Programacion Orientada a Objetos
alumno_00633,Probabilidad y Estadistica
alumno_00633,Calculo I
alumno_00633,Algebra Lineal
alumno_00633,Calculo II
alumno_00633,Introduccion a la Programacion
alumno_00633,Calculo III
alumno_00633,Algebra
alumno_00634,Introduccion a la Programacion
alumno_00634,Algebra
alumno_00634,Algebra Lineal
alumno_00634,Programacion Orientada a Objetos
alumno_00635,Programacion Orientada a Objetos
alumno_00635,Estructuras de Datos
alumno_00635,Fisica I
alumno_00635,Matematica Discreta
alumno_00635,Introduccion a la Programacion
alumno_00635,Algebra
alumno_00636,Matematica Discreta
alumno_00636,Programacion Orientada a Objetos
alumno_00636,Probabilidad y Estadistica
alumno_00636,Calculo I
alumno_00636,Algebra Lineal
alumno_00636,Estructuras de Datos
alumno_00636,Fisica I
alumno_00636,Calculo II
alumno_00636,Introduccion a la Programacion
alumno_00636,Algebra
alumno_00636,Bases de Datos I
alumno_00637,Programacion Orientada a Objetos
alumno_00637,Calculo I
alumno_00637,Algebra Lineal
alumno_00637,Estructuras de Datos
alumno_00637,Fisica I
alumno_00637,Calculo II
alumno_00637,Introduccion a la Programacion
alumno_00637,Calculo III
alumno_00637,Algebra
alumno_00637,Bases de Datos I
alumno_00638,Programacion Orientada a Objetos
alumno_00638,Calculo I
alumno_00638,Algebra Lineal
alumno_00638,Estructuras de Datos
alumno_00638,Calculo II
alumno_00638,Introduccion a la Programacion
alumno_00638,Algebra
alumno_00638,Bases de Datos I
alumno_00639,Programacion Orientada a Objetos
alumno_00639,Calculo I
alumno_00639,Estructuras de Datos
alumno_00639,Fisica I
alumno_00639,Introduccion a la Programacion
alumno_00639,Bases de Datos I
alumno_00640,Programacion Orientada a Objetos
alumno_00640,Calculo I
alumno_00640,Fisica I
alumno_00640,Calculo II
alumno_00640,Introduccion a la Programacion
alumno_00641,Calculo II
alumno_00641,Calculo I
alumno_00641,Estructuras de Datos
alumno_00641,Matematica Discreta
alumno_00641,Introduccion a la Programacion
alumno_00641,Calculo III
alumno_00641,Algebra
alumno_00641,Bases de Datos I
alumno_00642,Programacion Orientada a Objetos
alumno_00642,Calculo I
alumno_00642,Estructuras de Datos
alumno_00642,Fisica I
alumno_00642,Calculo II
alumno_00642,Introduccion a la Programacion
alumno_00642,Calculo III
alumno_00642,Bases de Datos I
alumno_00643,Algebra
alumno_00643,Probabilidad y Estadistica
alumno_00643,Calculo III
alumno_00643,Calculo II
alumno_00644,Programacion Orientada a Objetos
alumno_00644,Calculo I
alumno_00644,Algebra Lineal
alumno_00644,Estructuras de Datos
alumno_00644,Fisica I
alumno_00644,Calculo II
alumno_00644,Introduccion a la Programacion
alumno_00645,Introduccion a la Programacion
alumno_00645,Fisica I
alumno_00645,Programacion Orientada a Objetos
alumno_00646,Programacion Orientada a Objetos
alumno_00646,Probabilidad y Estadistica
alumno_00646,Calculo I
alumno_00646,Fisica I
alumno_00646,Matematica Discreta
alumno_00646,Introduccion a la Programacion
alumno_00646,Algebra
alumno_00647,Programacion Orientada a Objetos
alumno_00647,Probabilidad y Estadistica
alumno_00647,Calculo I
alumno_00647,Algebra Lineal
alumno_00647,Estructuras de Datos
alumno_00647,Fisica I
alumno_00647,Calculo II
alumno_00647,Introduccion a la Programacion
alumno_00647,Algebra
alumno_00647,Bases de Datos I
alumno_00648,Programacion Orientada a Objetos
alumno_00648,Algebra Lineal
alumno_00648,Estructuras de Datos
alumno_00648,Fisica I
alumno_00648,Introduccion a la Programacion
alumno_00648,Algebra
alumno_00648,Bases de Datos I
alumno_00649,Calculo I
alumno_00649,Algebra Lineal
alumno_00649,Fisica I
alumno_00649,Matematica Discreta
alumno_00649,Introduccion a la Programacion
alumno_00649,Algebra
alumno_00650,Programacion Orientada a Objetos
alumno_00650,Algebra Lineal
alumno_00650,Fisica I
alumno_00650,Introduccion a la Programacion
alumno_00650,Algebra
alumno_00651,Programacion Orientada a Objetos
alumno_00651,Calculo I
alumno_00651,Algebra Lineal
alumno_00651,Estructuras de Datos
alumno_00651,Introduccion a la Programacion
alumno_00651,Algebra
alumno_00652,Matematica Discreta
alumno_00652,Programacion Orientada a Objetos
alumno_00652,Probabilidad y Estadistica
alumno_00652,Calculo I
alumno_00652,Algebra Lineal
alumno_00652,Estructuras de Datos
alumno_00652,Fisica I
alumno_00652,Calculo II
alumno_00652,Introduccion a la Programacion
alumno_00652,Calculo III
alumno_00652,Algebra
alumno_00652,Bases de Datos I
alumno_00653,Matematica Discreta
alumno_00653,Programacion Orientada a Objetos
alumno_00653,Calculo I
alumno_00653,Estructuras de Datos
alumno_00653,Fisica I
alumno_00653,Calculo II
alumno_00653,Introduccion a la Programacion
alumno_00653,Algebra
alumno_00653,Bases de Datos I
alumno_00654,Calculo III
alumno_00654,Fisica I
alumno_00654,Calculo I
alumno_00654,Calculo II
alumno_00655,Programacion Orientada a Objetos
alumno_00655,Calculo I
alumno_00655,Algebra Lineal
alumno_00655,Estructuras de Datos
alumno_00655,Fisica I
alumno_00655,Calculo II
alumno_00655,Introduccion a la Programacion
alumno_00655,Calculo III
alumno_00655,Algebra
alumno_00655,Bases de Datos I
alumno_00656,Programacion Orientada a Objetos
alumno_00656,Calculo I
alumno_00656,Algebra Lineal
alumno_00656,Introduccion a la Programacion
alumno_00656,Algebra
alumno_00657,Programacion Orientada a Objetos
alumno_00657,Probabilidad y Estadistica
alumno_00657,Calculo I
alumno_00657,Algebra Lineal
alumno_00657,Estructuras de Datos
alumno_00657,Fisica I
alumno_00657,Calculo II
alumno_00657,Introduccion a la Programacion
alumno_00657,Calculo III
alumno_00657,Algebra
alumno_00658,Algebra
alumno_00658,Fisica I
alumno_00658,Calculo I
alumno_00658,Algebra Lineal
alumno_00659,Programacion Orientada a Objetos
alumno_00659,Calculo I
alumno_00659,Estructuras de Datos
alumno_00659,Fisica I
alumno_00659,Introduccion a la Programacion
alumno_00659,Algebra
alumno_00659,Bases de Datos I
alumno_00660,Programacion Orientada a Objetos
alumno_00660,Algebra Lineal
alumno_00660,Estructuras de Datos
alumno_00660,Fisica I
alumno_00660,Matematica Discreta
alumno_00660,Introduccion a la Programacion
alumno_00660,Algebra
alumno_00661,Introduccion a la Programacion
alumno_00661,Fisica I
alumno_00661,Algebra
alumno_00661,Programacion Orientada a Objetos
alumno_00662,Matematica Discreta
alumno_00662,Programacion Orientada a Objetos
alumno_00662,Calculo I
alumno_00662,Estructuras de Datos
alumno_00662,Fisica I
alumno_00662,Calculo II
alumno_00662,Introduccion a la Programacion
alumno_00662,Algebra
alumno_00663,Introduccion a la Programacion
alumno_00663,Fisica I
alumno_00663,Calculo I
alumno_00664,Programacion Orientada a Objetos
alumno_00664,Probabilidad y Estadistica
alumno_00664,Calculo I
alumno_00664,Estructuras de Datos
alumno_00664,Fisica I
alumno_00664,Calculo II
alumno_00664,Introduccion a la Programacion
alumno_00664,Bases de Datos I
alumno_00665,Calculo I
alumno_00665,Algebra Lineal
alumno_00665,Estructuras de Datos
alumno_00665,Matematica Discreta
alumno_00665,Algebra
alumno_00666,Matematica Discreta
alumno_00666,Programacion Orientada a Objetos
alumno_00666,Calculo I
alumno_00666,Fisica I
alumno_00666,Calculo II
alumno_00666,Introduccion a la Programacion
alumno_00666,Calculo III
alumno_00666,Algebra
alumno_00667,Introduccion a la Programacion
alumno_00667,Fisica I
alumno_00667,Programacion Orientada a Objetos
alumno_00668,Programacion Orientada a Objetos
alumno_00668,Probabilidad y Estadistica
alumno_00668,Algebra Lineal
alumno_00668,Fisica I
alumno_00668,Matematica Discreta
alumno_00668,Introduccion a la Programacion
alumno_00668,Algebra
alumno_00669,Programacion Orientada a Objetos
alumno_00669,Calculo I
alumno_00669,Algebra Lineal
alumno_00669,Estructuras de Datos
alumno_00669,Calculo II
alumno_00669,Introduccion a la Programacion
alumno_00669,Calculo III
alumno_00669,Algebra
alumno_00669,Bases de Datos I
alumno_00670,Programacion Orientada a Objetos
alumno_00670,Calculo I
alumno_00670,Algebra Lineal
alumno_00670,Estructuras de Datos
alumno_00670,Fisica I
alumno_00670,Introduccion a la Programacion
alumno_00670,Algebra
alumno_00671,Matematica Discreta
alumno_00671,Programacion Orientada a Objetos
alumno_00671,Calculo I
alumno_00671,Estructuras de Datos
alumno_00671,Fisica I
alumno_00671,Calculo II
alumno_00671,Introduccion a la Programacion
alumno_00671,Calculo III
alumno_00671,Algebra
alumno_00671,Bases de Datos I
alumno_00672,Programacion Orientada a Objetos
alumno_00672,Probabilidad y Estadistica
alumno_00672,Calculo I
alumno_00672,Algebra Lineal
alumno_00672,Estructuras de Datos
alumno_00672,Fisica I
alumno_00672,Calculo II
alumno_00672,Introduccion a la Programacion
alumno_00672,Calculo III
alumno_00672,Algebra
alumno_00672,Bases de Datos I
alumno_00673,Programacion Orientada a Objetos
alumno_00673,Estructuras de Datos
alumno_00673,Fisica I
alumno_00673,Matematica Discreta
alumno_00673,Introduccion a la Programacion
alumno_00673,Algebra
alumno_00673,Bases de Datos I
alumno_00674,Matematica Discreta
alumno_00674,Programacion Orientada a Objetos
alumno_00674,Probabilidad y Estadistica
alumno_00674,Calculo I
alumno_00674,Algebra Lineal
alumno_00674,Estructuras de Datos
alumno_00674,Fisica I
alumno_00674,Calculo II
alumno_00674,Introduccion a la Programacion
alumno_00674,Calculo III
alumno_00674,Algebra
alumno_00675,Programacion Orientada a Objetos
alumno_00675,Calculo I
alumno_00675,Estructuras de Datos
alumno_00675,Introduccion a la Programacion
alumno_00675,Bases de Datos I
alumno_00676,Introduccion a la Programacion
alumno_00676,Estructuras de Datos
alumno_00676,Bases de Datos I
alumno_00676,Programacion Orientada a Objetos
alumno_00677,Matematica Discreta
alumno_00677,Programacion Orientada a Objetos
alumno_00677,Calculo I
alumno_00677,Algebra Lineal
alumno_00677,Estructuras de Datos
alumno_00677,Calculo II
alumno_00677,Introduccion a la Programacion
alumno_00677,Algebra
alumno_00677,Bases de Datos I
alumno_00678,Matematica Discreta
alumno_00678,Programacion Orientada a Objetos
alumno_00678,Probabilidad y Estadistica
alumno_00678,Calculo I
alumno_00678,Fisica I
alumno_00678,Calculo II
alumno_00678,Introduccion a la Programacion
alumno_00678,Calculo III
alumno_00678,Algebra
alumno_00679,Programacion Orientada a Objetos
alumno_00679,Estructuras de Datos
alumno_00679,Fisica I
alumno_00679,Introduccion a la Programacion
alumno_00679,Bases de Datos I
alumno_00680,Programacion Orientada a Objetos
alumno_00680,Calculo I
alumno_00680,Estructuras de Datos
alumno_00680,Fisica I
alumno_00680,Calculo II
alumno_00680,Introduccion a la Programacion
alumno_00680,Calculo III
alumno_00680,Algebra
alumno_00680,Bases de Datos I
alumno_00681,Programacion Orientada a Objetos
alumno_00681,Probabilidad y Estadistica
alumno_00681,Calculo I
alumno_00681,Estructuras de Datos
alumno_00681,Fisica I
alumno_00681,Calculo II
alumno_00681,Introduccion a la Programacion
alumno_00681,Calculo III
alumno_00681,Bases de Datos I
alumno_00682,Programacion Orientada a Objetos
alumno_00682,Calculo I
alumno_00682,Algebra Lineal
alumno_00682,Estructuras de Datos
alumno_00682,Matematica Discreta
alumno_00682,Introduccion a la Programacion
alumno_00682,Algebra
alumno_00683,Matematica Discreta
alumno_00683,Programacion Orientada a Objetos
alumno_00683,Probabilidad y Estadistica
alumno_00683,Calculo I
alumno_00683,Algebra Lineal
alumno_00683,Estructuras de Datos
alumno_00683,Fisica I
alumno_00683,Calculo II
alumno_00683,Introduccion a la Programacion
alumno_00683,Calculo III
alumno_00683,Algebra
alumno_00683,Bases de Datos I
alumno_00684,Programacion Orientada a Objetos
alumno_00684,Probabilidad y Estadistica
alumno_00684,Calculo I
alumno_00684,Fisica I
alumno_00684,Calculo II
alumno_00684,Introduccion a la Programacion
alumno_00684,Calculo III
alumno_00685,Programacion Orientada a Objetos
alumno_00685,Calculo I
alumno_00685,Algebra Lineal
alumno_00685,Fisica I
alumno_00685,Matematica Discreta
alumno_00685,Introduccion a la Programacion
alumno_00685,Algebra
alumno_00686,Introduccion a la Programacion
alumno_00686,Fisica I
alumno_00686,Matematica Discreta
alumno_00686,Programacion Orientada a Objetos
alumno_00687,Matematica Discreta
alumno_00687,Programacion Orientada a Objetos
alumno_00687,Probabilidad y Estadistica
alumno_00687,Calculo I
alumno_00687,Estructuras de Datos
alumno_00687,Fisica I
alumno_00687,Calculo II
alumno_00687,Introduccion a la Programacion
alumno_00687,Algebra
alumno_00687,Bases de Datos I
alumno_00688,Programacion Orientada a Objetos
alumno_00688,Calculo I
alumno_00688,Algebra Lineal
alumno_00688,Estructuras de Datos
alumno_00688,Introduccion a la Programacion
alumno_00688,Algebra
alumno_00689,Calculo I
alumno_00689,Algebra Lineal
alumno_00689,Calculo II
alumno_00689,Introduccion a la Programacion
alumno_00689,Calculo III
alumno_00689,Algebra
alumno_00690,Programacion Orientada a Objetos
alumno_00690,Probabilidad y Estadistica
alumno_00690,Calculo I
alumno_00690,Estructuras de Datos
alumno_00690,Fisica I
alumno_00690,Calculo II
alumno_00690,Introduccion a la Programacion
alumno_00691,Programacion Orientada a Objetos
alumno_00691,Estructuras de Datos
alumno_00691,Matematica Discreta
alumno_00691,Introduccion a la Programacion
alumno_00691,Algebra
alumno_00691,Bases de Datos I
alumno_00692,Matematica Discreta
alumno_00692,Programacion Orientada a Objetos
alumno_00692,Calculo I
alumno_00692,Estructuras de Datos
alumno_00692,Calculo II
alumno_00692,Introduccion a la Programacion
alumno_00692,Algebra
alumno_00693,Programacion Orientada a Objetos
alumno_00693,Probabilidad y Estadistica
alumno_00693,Calculo I
alumno_00693,Algebra Lineal
alumno_00693,Estructuras de Datos
alumno_00693,Calculo II
alumno_00693,Introduccion a la Programacion
alumno_00693,Algebra
alumno_00693,Bases de Datos I
alumno_00694,Programacion Orientada a Objetos
alumno_00694,Probabilidad y Estadistica
alumno_00694,Calculo I
alumno_00694,Fisica I
alumno_00694,Calculo II
alumno_00694,Introduccion a la Programacion
alumno_00694,Calculo III
alumno_00695,Probabilidad y Estadistica
alumno_00695,Calculo I
alumno_00695,Algebra Lineal
alumno_00695,Fisica I
alumno_00695,Calculo II
alumno_00695,Algebra
alumno_00696,Matematica Discreta
alumno_00696,Programacion Orientada a Objetos
alumno_00696,Probabilidad y Estadistica
alumno_00696,Calculo I
alumno_00696,Estructuras de Datos
alumno_00696,Calculo II
alumno_00696,Introduccion a la Programacion
alumno_00696,Calculo III
alumno_00696,Algebra
alumno_00696,Bases de Datos I
alumno_00697,Introduccion a la Programacion
alumno_00697,Calculo I
alumno_00698,Programacion Orientada a Objetos
alumno_00698,Probabilidad y Estadistica
alumno_00698,Calculo I
alumno_00698,Estructuras de Datos
alumno_00698,Fisica I
alumno_00698,Calculo II
alumno_00698,Introduccion a la Programacion
alumno_00698,Bases de Datos I
alumno_00699,Programacion Orientada a Objetos
alumno_00699,Estructuras de Datos
alumno_00699,Matematica Discreta
alumno_00699,Introduccion a la Programacion
alumno_00699,Algebra
alumno_00699,Bases de Datos I
alumno_00700,Matematica Discreta
alumno_00700,Programacion Orientada a Objetos
alumno_00700,Algebra Lineal
alumno_00700,Calculo II
alumno_00700,Introduccion a la Programacion
alumno_00700,Calculo III
alumno_00700,Algebra
alumno_00701,Programacion Orientada a Objetos
alumno_00701,Calculo I
alumno_00701,Estructuras de Datos
alumno_00701,Fisica I
alumno_00701,Introduccion a la Programacion
alumno_00701,Bases de Datos I
alumno_00702,Programacion Orientada a Objetos
alumno_00702,Calculo I
alumno_00702,Estructuras de Datos
alumno_00702,Fisica I
alumno_00702,Introduccion a la Programacion
alumno_00702,Bases de Datos I
alumno_00703,Estructuras de Datos
alumno_00703,Fisica I
alumno_00703,Matematica Discreta
alumno_00703,Introduccion a la Programacion
alumno_00703,Algebra
alumno_00704,Matematica Discreta
alumno_00704,Programacion Orientada a Objetos
alumno_00704,Probabilidad y Estadistica
alumno_00704,Calculo I
alumno_00704,Estructuras de Datos
alumno_00704,Calculo II
alumno_00704,Introduccion a la Programacion
alumno_00704,Calculo III
alumno_00704,Algebra
alumno_00705,Programacion Orientada a Objetos
alumno_00705,Calculo I
alumno_00705,Algebra Lineal
alumno_00705,Estructuras de Datos
alumno_00705,Fisica I
alumno_00705,Introduccion a la Programacion
alumno_00705,Algebra
alumno_00705,Bases de Datos I
alumno_00706,Programacion Orientada a Objetos
alumno_00706,Probabilidad y Estadistica
alumno_00706,Calculo I
alumno_00706,Algebra Lineal
alumno_00706,Estructuras de Datos
alumno_00706,Calculo II
alumno_00706,Introduccion a la Programacion
alumno_00706,Calculo III
alumno_00706,Algebra
alumno_00706,Bases de Datos I
alumno_00707,Matematica Discreta
alumno_00707,Programacion Orientada a Objetos
alumno_00707,Calculo I
alumno_00707,Algebra Lineal
alumno_00707,Estructuras de Datos
alumno_00707,Fisica I
alumno_00707,Calculo II
alumno_00707,Introduccion a la Programacion
alumno_00707,Algebra
alumno_00708,Programacion Orientada a Objetos
alumno_00708,Probabilidad y Estadistica
alumno_00708,Calculo I
alumno_00708,Estructuras de Datos
alumno_00708,Calculo II
alumno_00708,Introduccion a la Programacion
alumno_00708,Calculo III
alumno_00709,Matematica Discreta
alumno_00709,Programacion Orientada a Objetos
alumno_00709,Probabilidad y Estadistica
alumno_00709,Calculo I
alumno_00709,Algebra Lineal
alumno_00709,Estructuras de Datos
alumno_00709,Fisica I
alumno_00709,Calculo II
alumno_00709,Introduccion a la Programacion
alumno_00709,Algebra
alumno_00710,Fisica I
alumno_00710,Matematica Discreta
alumno_00710,Introduccion a la Programacion
alumno_00710,Calculo III
alumno_00710,Algebra
alumno_00711,Calculo I
alumno_00711,Algebra Lineal
alumno_00711,Fisica I
alumno_00711,Matematica Discreta
alumno_00711,Introduccion a la Programacion
alumno_00711,Algebra
alumno_00712,Algebra
alumno_00712,Fisica I
alumno_00712,Calculo I
alumno_00712,Algebra Lineal
alumno_00713,Programacion Orientada a Objetos
alumno_00713,Probabilidad y Estadistica
alumno_00713,Calculo I
alumno_00713,Algebra Lineal
alumno_00713,Calculo II
alumno_00713,Introduccion a la Programacion
alumno_00713,Calculo III
alumno_00713,Algebra
alumno_00714,Programacion Orientada a Objetos
alumno_00714,Probabilidad y Estadistica
alumno_00714,Calculo I
alumno_00714,Estructuras de Datos
alumno_00714,Calculo II
alumno_00714,Introduccion a la Programacion
alumno_00714,Bases de Datos I
alumno_00715,Programacion Orientada a Objetos
alumno_00715,Probabilidad y Estadistica
alumno_00715,Calculo I
alumno_00715,Algebra Lineal
alumno_00715,Calculo II
alumno_00715,Introduccion a la Programacion
alumno_00715,Calculo III
alumno_00715,Algebra
alumno_00716,Introduccion a la Programacion
alumno_00716,Fisica I
alumno_00716,Calculo I
alumno_00716,Programacion Orientada a Objetos
alumno_00717,Calculo I
alumno_00717,Algebra Lineal
alumno_00717,Fisica I
alumno_00717,Matematica Discreta
alumno_00717,Introduccion a la Programacion
alumno_00717,Calculo III
alumno_00717,Algebra
alumno_00717,Bases de Datos I
alumno_00718,Matematica Discreta
alumno_00718,Programacion Orientada a Objetos
alumno_00718,Probabilidad y Estadistica
alumno_00718,Calculo I
alumno_00718,Calculo II
alumno_00718,Introduccion a la Programacion
alumno_00718,Algebra
alumno_00718,Bases de Datos I
alumno_00719,Matematica Discreta
alumno_00719,Programacion Orientada a Objetos
alumno_00719,Calculo I
alumno_00719,Algebra Lineal
alumno_00719,Fisica I
alumno_00719,Calculo II
alumno_00719,Introduccion a la Programacion
alumno_00719,Calculo III
alumno_00719,Algebra
alumno_00720,Programacion Orientada a Objetos
alumno_00720,Calculo I
alumno_00720,Estructuras de Datos
alumno_00720,Fisica I
alumno_00720,Introduccion a la Programacion
alumno_00720,Bases de Datos I
alumno_00721,Programacion Orientada a Objetos
alumno_00721,Calculo I
alumno_00721,Estructuras de Datos
alumno_00721,Fisica I
alumno_00721,Calculo II
alumno_00721,Introduccion a la Programacion
alumno_00721,Calculo III
alumno_00722,Matematica Discreta
alumno_00722,Calculo I
alumno_00722,Algebra Lineal
alumno_00722,Fisica I
alumno_00722,Calculo II
alumno_00722,Algebra
alumno_00722,Calculo III
alumno_00723,Programacion Orientada a Objetos
alumno_00723,Probabilidad y Estadistica
alumno_00723,Calculo I
alumno_00723,Algebra Lineal
alumno_00723,Estructuras de Datos
alumno_00723,Fisica I
alumno_00723,Calculo II
alumno_00723,Introduccion a la Programacion
alumno_00723,Algebra
alumno_00723,Bases de Datos I
alumno_00724,Programacion Orientada a Objetos
alumno_00724,Calculo I
alumno_00724,Estructuras de Datos
alumno_00724,Fisica I
alumno_00724,Calculo II
alumno_00724,Introduccion a la Programacion
alumno_00724,Calculo III
alumno_00724,Bases de Datos I
alumno_00725,Programacion Orientada a Objetos
alumno_00725,Probabilidad y Estadistica
alumno_00725,Calculo I
alumno_00725,Algebra Lineal
alumno_00725,Estructuras de Datos
alumno_00725,Fisica I
alumno_00725,Calculo II
alumno_00725,Introduccion a la Programacion
alumno_00725,Calculo III
alumno_00725,Algebra
alumno_00726,Programacion Orientada a Objetos
alumno_00726,Probabilidad y Estadistica
alumno_00726,Calculo I
alumno_00726,Algebra Lineal
alumno_00726,Estructuras de Datos
alumno_00726,Introduccion a la Programacion
alumno_00726,Algebra
alumno_00726,Bases de Datos I
alumno_00727,Programacion Orientada a Objetos
alumno_00727,Probabilidad y Estadistica
alumno_00727,Calculo I
alumno_00727,Algebra Lineal
alumno_00727,Fisica I
alumno_00727,Calculo II
alumno_00727,Introduccion a la Programacion
alumno_00727,Calculo III
alumno_00727,Algebra
alumno_00727,Bases de Datos I
alumno_00728,Programacion Orientada a Objetos
alumno_00728,Calculo I
alumno_00728,Algebra Lineal
alumno_00728,Calculo II
alumno_00728,Introduccion a la Programacion
alumno_00728,Calculo III
alumno_00728,Algebra
alumno_00729,Programacion Orientada a Objetos
alumno_00729,Probabilidad y Estadistica
alumno_00729,Algebra Lineal
alumno_00729,Estructuras de Datos
alumno_00729,Fisica I
alumno_00729,Calculo II
alumno_00729,Introduccion a la Programacion
alumno_00729,Algebra
alumno_00729,Bases de Datos I
alumno_00730,Programacion Orientada a Objetos
alumno_00730,Calculo I
alumno_00730,Algebra Lineal
alumno_00730,Estructuras de Datos
alumno_00730,Fisica I
alumno_00730,Matematica Discreta
alumno_00730,Introduccion a la Programacion
alumno_00730,Algebra
alumno_00731,Algebra
alumno_00731,Fisica I
alumno_00731,Calculo I
alumno_00732,Calculo II
alumno_00732,Probabilidad y Estadistica
alumno_00732,Calculo I
alumno_00732,Matematica Discreta
alumno_00732,Calculo III
alumno_00733,Programacion Orientada a Objetos
alumno_00733,Calculo I
alumno_00733,Fisica I
alumno_00733,Calculo II
alumno_00733,Introduccion a la Programacion
alumno_00734,Probabilidad y Estadistica
alumno_00734,Calculo I
alumno_00734,Fisica I
alumno_00734,Calculo II
alumno_00734,Algebra
alumno_00735,Probabilidad y Estadistica
alumno_00735,Calculo I
alumno_00735,Fisica I
alumno_00735,Calculo II
alumno_00735,Introduccion a la Programacion
alumno_00735,Algebra
alumno_00736,Probabilidad y Estadistica
alumno_00736,Calculo I
alumno_00736,Algebra Lineal
alumno_00736,Fisica I
alumno_00736,Calculo II
alumno_00736,Algebra
alumno_00737,Introduccion a la Programacion
alumno_00737,Fisica I
alumno_00737,Programacion Orientada a Objetos
alumno_00738,Calculo II
alumno_00738,Programacion Orientada a Objetos
alumno_00738,Probabilidad y Estadistica
alumno_00738,Calculo I
alumno_00738,Estructuras de Datos
alumno_00738,Matematica Discreta
alumno_00738,Introduccion a la Programacion
alumno_00739,Programacion Orientada a Objetos
alumno_00739,Calculo I
alumno_00739,Algebra Lineal
alumno_00739,Estructuras de Datos
alumno_00739,Fisica I
alumno_00739,Introduccion a la Programacion
alumno_00739,Algebra
alumno_00739,Bases de Datos I
alumno_00740,Introduccion a la Programacion
alumno_00740,Calculo I
alumno_00740,Programacion Orientada a Objetos
alumno_00741,Matematica Discreta
alumno_00741,Programacion Orientada a Objetos
alumno_00741,Probabilidad y Estadistica
alumno_00741,Calculo I
alumno_00741,Fisica I
alumno_00741,Calculo II
alumno_00741,Introduccion a la Programacion
alumno_00742,Programacion Orientada a Objetos
alumno_00742,Probabilidad y Estadistica
alumno_00742,Calculo I
alumno_00742,Estructuras de Datos
alumno_00742,Fisica I
alumno_00742,Calculo II
alumno_00742,Introduccion a la Programacion
alumno_00742,Calculo III
alumno_00742,Bases de Datos I
alumno_00743,Programacion Orientada a Objetos
alumno_00743,Calculo I
alumno_00743,Estructuras de Datos
alumno_00743,Calculo II
alumno_00743,Introduccion a la Programacion
alumno_00743,Calculo III
alumno_00744,Programacion Orientada a Objetos
alumno_00744,Calculo I
alumno_00744,Introduccion a la Programacion
alumno_00744,Algebra
alumno_00744,Bases de Datos I
alumno_00745,Calculo II
alumno_00745,Programacion Orientada a Objetos
alumno_00745,Calculo I
alumno_00745,Matematica Discreta
alumno_00745,Introduccion a la Programacion
alumno_00745,Calculo III
alumno_00746,Calculo II
alumno_00746,Probabilidad y Estadistica
alumno_00746,Calculo I
alumno_00746,Fisica I
alumno_00746,Matematica Discreta
alumno_00746,Introduccion a la Programacion
alumno_00746,Calculo III
alumno_00747,Matematica Discreta
alumno_00747,Programacion Orientada a Objetos
alumno_00747,Calculo I
alumno_00747,Algebra Lineal
alumno_00747,Estructuras de Datos
alumno_00747,Calculo II
alumno_00747,Introduccion a la Programacion
alumno_00747,Algebra
alumno_00747,Bases de Datos I
alumno_00748,Programacion Orientada a Objetos
alumno_00748,Probabilidad y Estadistica
alumno_00748,Calculo I
alumno_00748,Fisica I
alumno_00748,Calculo II
alumno_00748,Introduccion a la Programacion
alumno_00748,Calculo III
alumno_00748,Algebra
alumno_00748,Bases de Datos I
alumno_00749,Programacion Orientada a Objetos
alumno_00749,Probabilidad y Estadistica
alumno_00749,Calculo I
alumno_00749,Calculo II
alumno_00749,Introduccion a la Programacion
alumno_00750,Matematica Discreta
alumno_00750,Programacion Orientada a Objetos
alumno_00750,Calculo I
alumno_00750,Algebra Lineal
alumno_00750,Estructuras de Datos
alumno_00750,Fisica I
alumno_00750,Calculo II
alumno_00750,Introduccion a la Programacion
alumno_00750,Calculo III
alumno_00750,Algebra
alumno_00751,Programacion Orientada a Objetos
alumno_00751,Calculo I
alumno_00751,Algebra Lineal
alumno_00751,Estructuras de Datos
alumno_00751,Fisica I
alumno_00751,Calculo II
alumno_00751,Introduccion a la Programacion
alumno_00751,Calculo III
alumno_00751,Algebra
alumno_00751,Bases de Datos I
alumno_00752,Programacion Orientada a Objetos
alumno_00752,Calculo I
alumno_00752,Algebra Lineal
alumno_00752,Estructuras de Datos
alumno_00752,Introduccion a la Programacion
alumno_00752,Algebra
alumno_00752,Bases de Datos I
alumno_00753,Programacion Orientada a Objetos
alumno_00753,Algebra Lineal
alumno_00753,Estructuras de Datos
alumno_00753,Fisica I
alumno_00753,Introduccion a la Programacion
alumno_00753,Algebra
alumno_00753,Bases de Datos I
alumno_00754,Programacion Orientada a Objetos
alumno_00754,Calculo I
alumno_00754,Algebra Lineal
alumno_00754,Estructuras de Datos
alumno_00754,Calculo II
alumno_00754,Introduccion a la Programacion
alumno_00754,Algebra
alumno_00754,Bases de Datos I
alumno_00755,Programacion Orientada a Objetos
alumno_00755,Estructuras de Datos
alumno_00755,Fisica I
alumno_00755,Matematica Discreta
alumno_00755,Introduccion a la Programacion
alumno_00756,Programacion Orientada a Objetos
alumno_00756,Calculo I
alumno_00756,Algebra Lineal
alumno_00756,Estructuras de Datos
alumno_00756,Calculo II
alumno_00756,Introduccion a la Programacion
alumno_00756,Algebra
alumno_00757,Programacion Orientada a Objetos
alumno_00757,Probabilidad y Estadistica
alumno_00757,Calculo I
alumno_00757,Algebra Lineal
alumno_00757,Estructuras de Datos
alumno_00757,Fisica I
alumno_00757,Matematica Discreta
alumno_00757,Introduccion a la Programacion
alumno_00757,Algebra
alumno_00758,Introduccion a la Programacion
alumno_00758,Calculo I
alumno_00758,Programacion Orientada a Objetos
alumno_00758,Calculo II
alumno_00759,Matematica Discreta
alumno_00759,Probabilidad y Estadistica
alumno_00759,Calculo I
alumno_00759,Algebra Lineal
alumno_00759,Calculo II
alumno_00759,Introduccion a la Programacion
alumno_00759,Algebra
alumno_00760,Programacion Orientada a Objetos
alumno_00760,Algebra Lineal
alumno_00760,Estructuras de Datos
alumno_00760,Fisica I
alumno_00760,Matematica Discreta
alumno_00760,Introduccion a la Programacion
alumno_00760,Algebra
alumno_00761,Programacion Orientada a Objetos
alumno_00761,Calculo I
alumno_00761,Fisica I
alumno_00761,Introduccion a la Programacion
alumno_00761,Bases de Datos I
alumno_00762,Programacion Orientada a Objetos
alumno_00762,Calculo I
alumno_00762,Algebra Lineal
alumno_00762,Calculo II
alumno_00762,Introduccion a la Programacion
alumno_00762,Calculo III
alumno_00762,Algebra
alumno_00763,Programacion Orientada a Objetos
alumno_00763,Probabilidad y Estadistica
alumno_00763,Calculo I
alumno_00763,Estructuras de Datos
alumno_00763,Fisica I
alumno_00763,Calculo II
alumno_00763,Introduccion a la Programacion
alumno_00763,Calculo III
alumno_00763,Bases de Datos I
alumno_00764,Programacion Orientada a Objetos
alumno_00764,Calculo I
alumno_00764,Estructuras de Datos
alumno_00764,Fisica I
alumno_00764,Calculo II
alumno_00764,Introduccion a la Programacion
alumno_00764,Calculo III
alumno_00764,Bases de Datos I
alumno_00765,Programacion Orientada a Objetos
alumno_00765,Probabilidad y Estadistica
alumno_00765,Calculo I
alumno_00765,Estructuras de Datos
alumno_00765,Fisica I
alumno_00765,Calculo II
alumno_00765,Introduccion a la Programacion
alumno_00765,Bases de Datos I
alumno_00766,Introduccion a la Programacion
alumno_00766,Fisica I
alumno_00766,Calculo I
alumno_00766,Programacion Orientada a Objetos
alumno_00767,Matematica Discreta
alumno_00767,Programacion Orientada a Objetos
alumno_00767,Probabilidad y Estadistica
alumno_00767,Calculo I
alumno_00767,Algebra Lineal
alumno_00767,Estructuras de Datos
alumno_00767,Fisica I
alumno_00767,Calculo II
alumno_00767,Introduccion a la Programacion
alumno_00767,Calculo III
alumno_00767,Algebra
alumno_00768,Calculo I
alumno_00768,Fisica I
alumno_00768,Calculo II
alumno_00768,Introduccion a la Programacion
alumno_00768,Calculo III
alumno_00769,Calculo I
alumno_00769,Algebra Lineal
alumno_00769,Fisica I
alumno_00769,Calculo II
alumno_00769,Introduccion a la Programacion
alumno_00769,Calculo III
alumno_00769,Algebra
alumno_00770,Probabilidad y Estadistica
alumno_00770,Calculo I
alumno_00770,Algebra Lineal
alumno_00770,Calculo II
alumno_00770,Algebra
alumno_00771,Programacion Orientada a Objetos
alumno_00771,Estructuras de Datos
alumno_00771,Fisica I
alumno_00771,Introduccion a la Programacion
alumno_00771,Bases de Datos I
alumno_00772,Matematica Discreta
alumno_00772,Programacion Orientada a Objetos
alumno_00772,Probabilidad y Estadistica
alumno_00772,Calculo I
alumno_00772,Algebra Lineal
alumno_00772,Fisica I
alumno_00772,Calculo II
alumno_00772,Introduccion a la Programacion
alumno_00772,Calculo III
alumno_00772,Algebra
alumno_00773,Matematica Discreta
alumno_00773,Programacion Orientada a Objetos
alumno_00773,Calculo I
alumno_00773,Algebra Lineal
alumno_00773,Estructuras de Datos
alumno_00773,Fisica I
alumno_00773,Calculo II
alumno_00773,Introduccion a la Programacion
alumno_00773,Algebra
alumno_00773,Bases de Datos I
alumno_00774,Programacion Orientada a Objetos
alumno_00774,Probabilidad y Estadistica
alumno_00774,Calculo I
alumno_00774,Estructuras de Datos
alumno_00774,Fisica I
alumno_00774,Calculo II
alumno_00774,Introduccion a la Programacion
alumno_00774,Algebra
alumno_00774,Bases de Datos I
alumno_00775,Programacion Orientada a Objetos
alumno_00775,Calculo I
alumno_00775,Algebra Lineal
alumno_00775,Estructuras de Datos
alumno_00775,Fisica I
alumno_00775,Introduccion a la Programacion
alumno_00775,Algebra
alumno_00775,Bases de Datos I
alumno_00776,Matematica Discreta
alumno_00776,Programacion Orientada a Objetos
alumno_00776,Probabilidad y Estadistica
alumno_00776,Calculo I
alumno_00776,Algebra Lineal
alumno_00776,Estructuras de Datos
alumno_00776,Fisica I
alumno_00776,Calculo II
alumno_00776,Introduccion a la Programacion
alumno_00776,Calculo III
alumno_00776,Algebra
alumno_00776,Bases de Datos I
alumno_00777,Programacion Orientada a Objetos
alumno_00777,Probabilidad y Estadistica
alumno_00777,Calculo I
alumno_00777,Algebra Lineal
alumno_00777,Estructuras de Datos
alumno_00777,Fisica I
alumno_00777,Matematica Discreta
alumno_00777,Introduccion a la Programacion
alumno_00777,Algebra
alumno_00778,Programacion Orientada a Objetos
alumno_00778,Calculo I
alumno_00778,Estructuras de Datos
alumno_00778,Fisica I
alumno_00778,Calculo II
alumno_00778,Introduccion a la Programacion
alumno_00778,Calculo III
alumno_00778,Bases de Datos I
alumno_00779,Matematica Discreta
alumno_00779,Programacion Orientada a Objetos
alumno_00779,Calculo I
alumno_00779,Algebra Lineal
alumno_00779,Estructuras de Datos
alumno_00779,Calculo II
alumno_00779,Introduccion a la Programacion
alumno_00779,Calculo III
alumno_00779,Algebra
alumno_00780,Matematica Discreta
alumno_00780,Programacion Orientada a Objetos
alumno_00780,Probabilidad y Estadistica
alumno_00780,Calculo I
alumno_00780,Algebra Lineal
alumno_00780,Estructuras de Datos
alumno_00780,Calculo II
alumno_00780,Introduccion a la Programacion
alumno_00780,Algebra
alumno_00780,Bases de Datos I
alumno_00781,Fisica I
alumno_00781,Calculo I
alumno_00781,Calculo II
alumno_00782,Introduccion a la Programacion
alumno_00782,Algebra
alumno_00782,Algebra Lineal
alumno_00782,Programacion Orientada a Objetos
alumno_00783,Matematica Discreta
alumno_00783,Programacion Orientada a Objetos
alumno_00783,Calculo I
alumno_00783,Estructuras de Datos
alumno_00783,Fisica I
alumno_00783,Calculo II
alumno_00783,Introduccion a la Programacion
alumno_00783,Calculo III
alumno_00783,Algebra
alumno_00783,Bases de Datos I
alumno_00784,Programacion Orientada a Objetos
alumno_00784,Estructuras de Datos
alumno_00784,Algebra
alumno_00784,Introduccion a la Programacion
alumno_00784,Bases de Datos I
alumno_00785,Programacion Orientada a Objetos
alumno_00785,Probabilidad y Estadistica
alumno_00785,Algebra Lineal
alumno_00785,Estructuras de Datos
alumno_00785,Fisica I
alumno_00785,Introduccion a la Programacion
alumno_00785,Algebra
alumno_00785,Bases de Datos I
alumno_00786,Algebra
alumno_00786,Fisica I
alumno_00786,Probabilidad y Estadistica
alumno_00786,Algebra Lineal
alumno_00787,Algebra
alumno_00787,Fisica I
alumno_00787,Matematica Discreta
alumno_00788,Matematica Discreta
alumno_00788,Programacion Orientada a Objetos
alumno_00788,Calculo I
alumno_00788,Algebra Lineal
alumno_00788,Estructuras de Datos
alumno_00788,Fisica I
alumno_00788,Calculo II
alumno_00788,Introduccion a la Programacion
alumno_00788,Calculo III
alumno_00788,Algebra
alumno_00788,Bases de Datos I
alumno_00789,Programacion Orientada a Objetos
alumno_00789,Calculo I
alumno_00789,Algebra Lineal
alumno_00789,Introduccion a la Programacion
alumno_00789,Algebra
alumno_00790,Programacion Orientada a Objetos
alumno_00790,Fisica I
alumno_00790,Matematica Discreta
alumno_00790,Introduccion a la Programacion
alumno_00790,Algebra
alumno_00791,Programacion Orientada a Objetos
alumno_00791,Probabilidad y Estadistica
alumno_00791,Algebra Lineal
alumno_00791,Estructuras de Datos
alumno_00791,Fisica I
alumno_00791,Matematica Discreta
alumno_00791,Introduccion a la Programacion
alumno_00791,Algebra
alumno_00792,Introduccion a la Programacion
alumno_00792,Fisica I
alumno_00793,Programacion Orientada a Objetos
alumno_00793,Calculo I
alumno_00793,Algebra Lineal
alumno_00793,Matematica Discreta
alumno_00793,Introduccion a la Programacion
alumno_00793,Algebra
alumno_00794,Programacion Orientada a Objetos
alumno_00794,Probabilidad y Estadistica
alumno_00794,Calculo I
alumno_00794,Algebra Lineal
alumno_00794,Estructuras de Datos
alumno_00794,Fisica I
alumno_00794,Calculo II
alumno_00794,Introduccion a la Programacion
alumno_00794,Calculo III
alumno_00794,Algebra
alumno_00794,Bases de Datos I
alumno_00795,Programacion Orientada a Objetos
alumno_00795,Calculo I
alumno_00795,Algebra Lineal
alumno_00795,Fisica I
alumno_00795,Matematica Discreta
alumno_00795,Introduccion a la Programacion
alumno_00795,Algebra
alumno_00796,Programacion Orientada a Objetos
alumno_00796,Probabilidad y Estadistica
alumno_00796,Calculo I
alumno_00796,Algebra Lineal
alumno_00796,Estructuras de Datos
alumno_00796,Fisica I
alumno_00796,Calculo II
alumno_00796,Introduccion a la Programacion
alumno_00796,Calculo III
alumno_00796,Algebra
alumno_00796,Bases de Datos I
alumno_00797,Programacion Orientada a Objetos
alumno_00797,Probabilidad y Estadistica
alumno_00797,Calculo I
alumno_00797,Algebra Lineal
alumno_00797,Estructuras de Datos
alumno_00797,Fisica I
alumno_00797,Calculo II
alumno_00797,Introduccion a la Programacion
alumno_00797,Calculo III
alumno_00797,Algebra
alumno_00798,Programacion Orientada a Objetos
alumno_00798,Probabilidad y Estadistica
alumno_00798,Calculo I
alumno_00798,Algebra Lineal
alumno_00798,Fisica I
alumno_00798,Calculo II
alumno_00798,Introduccion a la Programacion
alumno_00798,Algebra
alumno_00799,Programacion Orientada a Objetos
alumno_00799,Algebra Lineal
alumno_00799,Estructuras de Datos
alumno_00799,Fisica I
alumno_00799,Matematica Discreta
alumno_00799,Introduccion a la Programacion
alumno_00799,Algebra
alumno_00799,Bases de Datos I
alumno_00800,Programacion Orientada a Objetos
alumno_00800,Calculo I
alumno_00800,Algebra Lineal
alumno_00800,Fisica I
alumno_00800,Introduccion a la Programacion
alumno_00800,Algebra
alumno_00801,Matematica Discreta
alumno_00801,Programacion Orientada a Objetos
alumno_00801,Calculo I
alumno_00801,Estructuras de Datos
alumno_00801,Calculo II
alumno_00801,Introduccion a la Programacion
alumno_00801,Algebra
alumno_00801,Bases de Datos I
alumno_00802,Introduccion a la Programacion
alumno_00802,Calculo I
alumno_00802,Programacion Orientada a Objetos
alumno_00802,Calculo II
alumno_00803,Calculo I
alumno_00803,Algebra Lineal
alumno_00803,Calculo II
alumno_00803,Introduccion a la Programacion
alumno_00803,Algebra
alumno_00803,Bases de Datos I
alumno_00804,Programacion Orientada a Objetos
alumno_00804,Calculo I
alumno_00804,Algebra Lineal
alumno_00804,Estructuras de Datos
alumno_00804,Matematica Discreta
alumno_00804,Introduccion a la Programacion
alumno_00804,Algebra
alumno_00804,Bases de Datos I
alumno_00805,Programacion Orientada a Objetos
alumno_00805,Probabilidad y Estadistica
alumno_00805,Calculo I
alumno_00805,Algebra Lineal
alumno_00805,Estructuras de Datos
alumno_00805,Fisica I
alumno_00805,Calculo II
alumno_00805,Introduccion a la Programacion
alumno_00805,Calculo III
alumno_00805,Algebra
alumno_00806,Programacion Orientada a Objetos
alumno_00806,Calculo I
alumno_00806,Algebra Lineal
alumno_00806,Estructuras de Datos
alumno_00806,Fisica I
alumno_00806,Introduccion a la Programacion
alumno_00806,Bases de Datos I
alumno_00807,Programacion Orientada a Objetos
alumno_00807,Probabilidad y Estadistica
alumno_00807,Algebra Lineal
alumno_00807,Estructuras de Datos
alumno_00807,Fisica I
alumno_00807,Introduccion a la Programacion
alumno_00807,Algebra
alumno_00808,Programacion Orientada a Objetos
alumno_00808,Calculo I
alumno_00808,Estructuras de Datos
alumno_00808,Calculo II
alumno_00808,Introduccion a la Programacion
alumno_00808,Bases de Datos I
alumno_00809,Programacion Orientada a Objetos
alumno_00809,Probabilidad y Estadistica
alumno_00809,Calculo I
alumno_00809,Estructuras de Datos
alumno_00809,Fisica I
alumno_00809,Calculo II
alumno_00809,Introduccion a la Programacion
alumno_00809,Calculo III
alumno_00810,Calculo II
alumno_00810,Probabilidad y Estadistica
alumno_00810,Calculo I
alumno_00810,Algebra Lineal
alumno_00810,Matematica Discreta
alumno_00810,Algebra
alumno_00810,Calculo III
alumno_00811,Algebra
alumno_00811,Fisica I
alumno_00811,Calculo I
alumno_00811,Matematica Discreta
alumno_00812,Programacion Orientada a Objetos
alumno_00812,Calculo I
alumno_00812,Estructuras de Datos
alumno_00812,Fisica I
alumno_00812,Calculo II
alumno_00812,Introduccion a la Programacion
alumno_00812,Bases de Datos I
alumno_00813,Probabilidad y Estadistica
alumno_00813,Calculo I
alumno_00813,Fisica I
alumno_00813,Calculo II
alumno_00813,Introduccion a la Programacion
alumno_00813,Calculo III
alumno_00813,Algebra
alumno_00814,Matematica Discreta
alumno_00814,Programacion Orientada a Objetos
alumno_00814,Probabilidad y Estadistica
alumno_00814,Calculo I
alumno_00814,Algebra Lineal
alumno_00814,Estructuras de Datos
alumno_00814,Calculo II
alumno_00814,Introduccion a la Programacion
alumno_00814,Calculo III
alumno_00814,Algebra
alumno_00815,Programacion Orientada a Objetos
alumno_00815,Calculo I
alumno_00815,Algebra Lineal
alumno_00815,Estructuras de Datos
alumno_00815,Fisica I
alumno_00815,Matematica Discreta
alumno_00815,Introduccion a la Programacion
alumno_00815,Calculo III
alumno_00815,Algebra
alumno_00815,Bases de Datos I
alumno_00816,Programacion Orientada a Objetos
alumno_00816,Estructuras de Datos
alumno_00816,Fisica I
alumno_00816,Introduccion a la Programacion
alumno_00816,Algebra
alumno_00816,Bases de Datos I
alumno_00817,Matematica Discreta
alumno_00817,Calculo I
alumno_00817,Algebra Lineal
alumno_00817,Fisica I
alumno_00817,Calculo II
alumno_00817,Algebra
alumno_00817,Calculo III
alumno_00818,Fisica I
alumno_00818,Estructuras de Datos
alumno_00818,Matematica Discreta
alumno_00819,Programacion Orientada a Objetos
alumno_00819,Probabilidad y Estadistica
alumno_00819,Calculo I
alumno_00819,Estructuras de Datos
alumno_00819,Fisica I
alumno_00819,Calculo II
alumno_00819,Introduccion a la Programacion
alumno_00819,Calculo III
alumno_00819,Algebra
alumno_00820,Calculo I
alumno_00820,Estructuras de Datos
alumno_00820,Fisica I
alumno_00820,Calculo II
alumno_00820,Introduccion a la Programacion
alumno_00820,Calculo III
alumno_00821,Programacion Orientada a Objetos
alumno_00821,Calculo I
alumno_00821,Algebra Lineal
alumno_00821,Estructuras de Datos
alumno_00821,Fisica I
alumno_00821,Matematica Discreta
alumno_00821,Introduccion a la Programacion
alumno_00821,Algebra
alumno_00821,Bases de Datos I
alumno_00822,Introduccion a la Programacion
alumno_00822,Calculo I
alumno_00823,Programacion Orientada a Objetos
alumno_00823,Calculo I
alumno_00823,Estructuras de Datos
alumno_00823,Calculo II
alumno_00823,Introduccion a la Programacion
alumno_00823,Bases de Datos I
alumno_00824,Probabilidad y Estadistica
alumno_00824,Calculo I
alumno_00824,Algebra Lineal
alumno_00824,Fisica I
alumno_00824,Calculo II
alumno_00824,Introduccion a la Programacion
alumno_00824,Calculo III
alumno_00824,Algebra
alumno_00825,Programacion Orientada a Objetos
alumno_00825,Algebra Lineal
alumno_00825,Fisica I
alumno_00825,Introduccion a la Programacion
alumno_00825,Algebra
alumno_00826,Matematica Discreta
alumno_00826,Programacion Orientada a Objetos
alumno_00826,Probabilidad y Estadistica
alumno_00826,Calculo I
alumno_00826,Algebra Lineal
alumno_00826,Estructuras de Datos
alumno_00826,Calculo II
alumno_00826,Introduccion a la Programacion
alumno_00826,Calculo III
alumno_00826,Algebra
alumno_00826,Bases de Datos I
alumno_00827,Programacion Orientada a Objetos
alumno_00827,Calculo I
alumno_00827,Algebra Lineal
alumno_00827,Estructuras de Datos
alumno_00827,Fisica I
alumno_00827,Calculo II
alumno_00827,Introduccion a la Programacion
alumno_00827,Algebra
alumno_00828,Matematica Discreta
alumno_00828,Programacion Orientada a Objetos
alumno_00828,Calculo I
alumno_00828,Estructuras de Datos
alumno_00828,Fisica I
alumno_00828,Calculo II
alumno_00828,Introduccion a la Programacion
alumno_00828,Bases de Datos I
alumno_00829,Programacion Orientada a Objetos
alumno_00829,Estructuras de Datos
alumno_00829,Matematica Discreta
alumno_00829,Introduccion a la Programacion
alumno_00829,Algebra
alumno_00830,Programacion Orientada a Objetos
alumno_00830,Algebra Lineal
alumno_00830,Fisica I
alumno_00830,Matematica Discreta
alumno_00830,Introduccion a la Programacion
alumno_00830,Algebra
alumno_00831,Programacion Orientada a Objetos
alumno_00831,Calculo I
alumno_00831,Fisica I
alumno_00831,Introduccion a la Programacion
alumno_00831,Bases de Datos I
alumno_00832,Programacion Orientada a Objetos
alumno_00832,Algebra Lineal
alumno_00832,Estructuras de Datos
alumno_00832,Fisica I
alumno_00832,Matematica Discreta
alumno_00832,Introduccion a la Programacion
alumno_00832,Algebra
alumno_00832,Bases de Datos I
alumno_00833,Matematica Discreta
alumno_00833,Programacion Orientada a Objetos
alumno_00833,Calculo I
alumno_00833,Algebra Lineal
alumno_00833,Estructuras de Datos
alumno_00833,Calculo II
alumno_00833,Introduccion a la Programacion
alumno_00833,Calculo III
alumno_00833,Algebra
alumno_00833,Bases de Datos I
alumno_00834,Introduccion a la Programacion
alumno_00834,Estructuras de Datos
alumno_00834,Bases de Datos I
alumno_00834,Programacion Orientada a Objetos
alumno_00835,Matematica Discreta
alumno_00835,Programacion Orientada a Objetos
alumno_00835,Calculo I
alumno_00835,Algebra Lineal
alumno_00835,Estructuras de Datos
alumno_00835,Calculo II
alumno_00835,Introduccion a la Programacion
alumno_00835,Calculo III
alumno_00835,Algebra
alumno_00835,Bases de Datos I
alumno_00836,Programacion Orientada a Objetos
alumno_00836,Calculo I
alumno_00836,Estructuras de Datos
alumno_00836,Introduccion a la Programacion
alumno_00836,Bases de Datos I
alumno_00837,Programacion Orientada a Objetos
alumno_00837,Calculo I
alumno_00837,Algebra Lineal
alumno_00837,Estructuras de Datos
alumno_00837,Fisica I
alumno_00837,Calculo II
alumno_00837,Introduccion a la Programacion
alumno_00837,Algebra
alumno_00838,Matematica Discreta
alumno_00838,Programacion Orientada a Objetos
alumno_00838,Probabilidad y Estadistica
alumno_00838,Calculo I
alumno_00838,Algebra Lineal
alumno_00838,Estructuras de Datos
alumno_00838,Calculo II
alumno_00838,Introduccion a la Programacion
alumno_00838,Calculo III
alumno_00838,Algebra
alumno_00839,Programacion Orientada a Objetos
alumno_00839,Calculo I
alumno_00839,Algebra Lineal
alumno_00839,Estructuras de Datos
alumno_00839,Calculo II
alumno_00839,Introduccion a la Programacion
alumno_00839,Calculo III
alumno_00840,Fisica I
alumno_00840,Calculo I
alumno_00841,Programacion Orientada a Objetos
alumno_00841,Probabilidad y Estadistica
alumno_00841,Calculo I
alumno_00841,Algebra Lineal
alumno_00841,Fisica I
alumno_00841,Calculo II
alumno_00841,Introduccion a la Programacion
alumno_00841,Calculo III
alumno_00841,Algebra
alumno_00842,Matematica Discreta
alumno_00842,Programacion Orientada a Objetos
alumno_00842,Calculo I
alumno_00842,Estructuras de Datos
alumno_00842,Fisica I
alumno_00842,Calculo II
alumno_00842,Introduccion a la Programacion
alumno_00842,Calculo III
alumno_00842,Algebra
alumno_00842,Bases de Datos I
alumno_00843,Programacion Orientada a Objetos
alumno_00843,Probabilidad y Estadistica
alumno_00843,Calculo I
alumno_00843,Algebra Lineal
alumno_00843,Calculo II
alumno_00843,Introduccion a la Programacion
alumno_00843,Calculo III
alumno_00843,Algebra
alumno_00844,Programacion Orientada a Objetos
alumno_00844,Calculo I
alumno_00844,Algebra Lineal
alumno_00844,Estructuras de Datos
alumno_00844,Fisica I
alumno_00844,Introduccion a la Programacion
alumno_00844,Algebra
alumno_00844,Bases de Datos I
alumno_00845,Probabilidad y Estadistica
alumno_00845,Calculo I
alumno_00845,Algebra Lineal
alumno_00845,Calculo II
alumno_00845,Introduccion a la Programacion
alumno_00845,Calculo III
alumno_00845,Algebra
alumno_00846,Matematica Discreta
alumno_00846,Probabilidad y Estadistica
alumno_00846,Calculo I
alumno_00846,Algebra Lineal
alumno_00846,Calculo II
alumno_00846,Introduccion a la Programacion
alumno_00846,Calculo III
alumno_00846,Algebra
alumno_00846,Bases de Datos I
alumno_00847,Matematica Discreta
alumno_00847,Programacion Orientada a Objetos
alumno_00847,Probabilidad y Estadistica
alumno_00847,Calculo I
alumno_00847,Estructuras de Datos
alumno_00847,Fisica I
alumno_00847,Calculo II
alumno_00847,Introduccion a la Programacion
alumno_00847,Calculo III
alumno_00847,Algebra
alumno_00848,Introduccion a la Programacion
alumno_00848,Estructuras de Datos
alumno_00848,Bases de Datos I
alumno_00848,Programacion Orientada a Objetos
alumno_00849,Programacion Orientada a Objetos
alumno_00849,Probabilidad y Estadistica
alumno_00849,Calculo I
alumno_00849,Algebra Lineal
alumno_00849,Fisica I
alumno_00849,Calculo II
alumno_00849,Introduccion a la Programacion
alumno_00849,Calculo III
alumno_00849,Algebra
alumno_00850,Programacion Orientada a Objetos
alumno_00850,Probabilidad y Estadistica
alumno_00850,Calculo I
alumno_00850,Estructuras de Datos
alumno_00850,Fisica I
alumno_00850,Calculo II
alumno_00850,Introduccion a la Programacion
alumno_00851,Programacion Orientada a Objetos
alumno_00851,Algebra Lineal
alumno_00851,Fisica I
alumno_00851,Matematica Discreta
alumno_00851,Introduccion a la Programacion
alumno_00851,Algebra
alumno_00852,Calculo II
alumno_00852,Calculo I
alumno_00852,Estructuras de Datos
alumno_00852,Fisica I
alumno_00852,Matematica Discreta
alumno_00852,Introduccion a la Programacion
alumno_00852,Calculo III
alumno_00852,Bases de Datos I
alumno_00853,Programacion Orientada a Objetos
alumno_00853,Probabilidad y Estadistica
alumno_00853,Calculo I
alumno_00853,Algebra Lineal
alumno_00853,Calculo II
alumno_00853,Introduccion a la Programacion
alumno_00853,Algebra
alumno_00854,Matematica Discreta
alumno_00854,Programacion Orientada a Objetos
alumno_00854,Calculo I
alumno_00854,Algebra Lineal
alumno_00854,Fisica I
alumno_00854,Calculo II
alumno_00854,Introduccion a la Programacion
alumno_00854,Calculo III
alumno_00854,Algebra
alumno_00855,Programacion Orientada a Objetos
alumno_00855,Probabilidad y Estadistica
alumno_00855,Calculo I
alumno_00855,Estructuras de Datos
alumno_00855,Fisica I
alumno_00855,Calculo II
alumno_00855,Introduccion a la Programacion
alumno_00855,Calculo III
alumno_00855,Algebra
alumno_00855,Bases de Datos I
alumno_00856,Matematica Discreta
alumno_00856,Programacion Orientada a Objetos
alumno_00856,Probabilidad y Estadistica
alumno_00856,Calculo I
alumno_00856,Calculo II
alumno_00856,Introduccion a la Programacion
alumno_00856,Algebra
alumno_00857,Matematica Discreta
alumno_00857,Programacion Orientada a Objetos
alumno_00857,Calculo I
alumno_00857,Algebra Lineal
alumno_00857,Estructuras de Datos
alumno_00857,Fisica I
alumno_00857,Calculo II
alumno_00857,Introduccion a la Programacion
alumno_00857,Algebra
alumno_00857,Bases de Datos I
alumno_00858,Programacion Orientada a Objetos
alumno_00858,Calculo I
alumno_00858,Algebra Lineal
alumno_00858,Estructuras de Datos
alumno_00858,Calculo II
alumno_00858,Introduccion a la Programacion
alumno_00858,Algebra
alumno_00859,Programacion Orientada a Objetos
alumno_00859,Calculo I
alumno_00859,Estructuras de Datos
alumno_00859,Fisica I
alumno_00859,Introduccion a la Programacion
alumno_00860,Programacion Orientada a Objetos
alumno_00860,Calculo I
alumno_00860,Algebra Lineal
alumno_00860,Estructuras de Datos
alumno_00860,Introduccion a la Programacion
alumno_00860,Algebra
alumno_00860,Bases de Datos I
alumno_00861,Programacion Orientada a Objetos
alumno_00861,Calculo I
alumno_00861,Algebra Lineal
alumno_00861,Estructuras de Datos
alumno_00861,Fisica I
alumno_00861,Matematica Discreta
alumno_00861,Introduccion a la Programacion
alumno_00861,Algebra
alumno_00861,Bases de Datos I
alumno_00862,Programacion Orientada a Objetos
alumno_00862,Calculo I
alumno_00862,Estructuras de Datos
alumno_00862,Fisica I
alumno_00862,Matematica Discreta
alumno_00862,Introduccion a la Programacion
alumno_00863,Programacion Orientada a Objetos
alumno_00863,Calculo I
alumno_00863,Estructuras de Datos
alumno_00863,Fisica I
alumno_00863,Introduccion a la Programacion
alumno_00863,Algebra
alumno_00863,Bases de Datos I
alumno_00864,Programacion Orientada a Objetos
alumno_00864,Probabilidad y Estadistica
alumno_00864,Calculo I
alumno_00864,Algebra Lineal
alumno_00864,Estructuras de Datos
alumno_00864,Calculo II
alumno_00864,Introduccion a la Programacion
alumno_00864,Calculo III
alumno_00864,Algebra
alumno_00864,Bases de Datos I
alumno_00865,Programacion Orientada a Objetos
alumno_00865,Calculo I
alumno_00865,Estructuras de Datos
alumno_00865,Fisica I
alumno_00865,Introduccion a la Programacion
alumno_00865,Bases de Datos I
alumno_00866,Programacion Orientada a Objetos
alumno_00866,Probabilidad y Estadistica
alumno_00866,Calculo I
alumno_00866,Algebra Lineal
alumno_00866,Estructuras de Datos
alumno_00866,Fisica I
alumno_00866,Calculo II
alumno_00866,Introduccion a la Programacion
alumno_00866,Algebra
alumno_00867,Programacion Orientada a Objetos
alumno_00867,Calculo I
alumno_00867,Algebra Lineal
alumno_00867,Estructuras de Datos
alumno_00867,Introduccion a la Programacion
alumno_00867,Algebra
alumno_00868,Matematica Discreta
alumno_00868,Programacion Orientada a Objetos
alumno_00868,Probabilidad y Estadistica
alumno_00868,Calculo I
alumno_00868,Fisica I
alumno_00868,Calculo II
alumno_00868,Introduccion a la Programacion
alumno_00868,Calculo III
alumno_00868,Algebra
alumno_00869,Matematica Discreta
alumno_00869,Programacion Orientada a Objetos
alumno_00869,Calculo I
alumno_00869,Algebra Lineal
alumno_00869,Fisica I
alumno_00869,Calculo II
alumno_00869,Introduccion a la Programacion
alumno_00869,Algebra
alumno_00870,Programacion Orientada a Objetos
alumno_00870,Calculo I
alumno_00870,Fisica I
alumno_00870,Introduccion a la Programacion
alumno_00870,Bases de Datos I
alumno_00871,Programacion Orientada a Objetos
alumno_00871,Probabilidad y Estadistica
alumno_00871,Calculo I
alumno_00871,Algebra Lineal
alumno_00871,Estructuras de Datos
alumno_00871,Fisica I
alumno_00871,Calculo II
alumno_00871,Introduccion a la Programacion
alumno_00871,Calculo III
alumno_00871,Algebra
alumno_00871,Bases de Datos I
alumno_00872,Matematica Discreta
alumno_00872,Programacion Orientada a Objetos
alumno_00872,Calculo I
alumno_00872,Algebra Lineal
alumno_00872,Fisica I
alumno_00872,Calculo II
alumno_00872,Introduccion a la Programacion
alumno_00872,Algebra
alumno_00873,Programacion Orientada a Objetos
alumno_00873,Probabilidad y Estadistica
alumno_00873,Calculo I
alumno_00873,Fisica I
alumno_00873,Calculo II
alumno_00873,Introduccion a la Programacion
alumno_00873,Calculo III
alumno_00873,Algebra
alumno_00874,Programacion Orientada a Objetos
alumno_00874,Algebra Lineal
alumno_00874,Estructuras de Datos
alumno_00874,Fisica I
alumno_00874,Matematica Discreta
alumno_00874,Introduccion a la Programacion
alumno_00874,Algebra
alumno_00874,Bases de Datos I
alumno_00875,Programacion Orientada a Objetos
alumno_00875,Calculo I
alumno_00875,Fisica I
alumno_00875,Introduccion a la Programacion
alumno_00875,Algebra
alumno_00876,Programacion Orientada a Objetos
alumno_00876,Probabilidad y Estadistica
alumno_00876,Calculo I
alumno_00876,Algebra Lineal
alumno_00876,Estructuras de Datos
alumno_00876,Calculo II
alumno_00876,Introduccion a la Programacion
alumno_00876,Calculo III
alumno_00876,Algebra
alumno_00877,Programacion Orientada a Objetos
alumno_00877,Calculo I
alumno_00877,Estructuras de Datos
alumno_00877,Calculo II
alumno_00877,Introduccion a la Programacion
alumno_00877,Calculo III
alumno_00877,Algebra
alumno_00877,Bases de Datos I
alumno_00878,Programacion Orientada a Objetos
alumno_00878,Calculo I
alumno_00878,Algebra Lineal
alumno_00878,Estructuras de Datos
alumno_00878,Fisica I
alumno_00878,Calculo II
alumno_00878,Introduccion a la Programacion
alumno_00878,Calculo III
alumno_00878,Algebra
alumno_00878,Bases de Datos I
alumno_00879,Introduccion a la Programacion
alumno_00879,Algebra
alumno_00879,Algebra Lineal
alumno_00879,Matematica Discreta
alumno_00880,Programacion Orientada a Objetos
alumno_00880,Calculo I
alumno_00880,Algebra Lineal
alumno_00880,Fisica I
alumno_00880,Introduccion a la Programacion
alumno_00880,Algebra
alumno_00881,Calculo I
alumno_00881,Algebra Lineal
alumno_00881,Calculo II
alumno_00881,Introduccion a la Programacion
alumno_00881,Algebra
alumno_00882,Matematica Discreta
alumno_00882,Programacion Orientada a Objetos
alumno_00882,Calculo I
alumno_00882,Algebra Lineal
alumno_00882,Estructuras de Datos
alumno_00882,Calculo II
alumno_00882,Introduccion a la Programacion
alumno_00882,Calculo III
alumno_00882,Algebra
alumno_00882,Bases de Datos I
alumno_00883,Programacion Orientada a Objetos
alumno_00883,Calculo I
alumno_00883,Algebra Lineal
alumno_00883,Fisica I
alumno_00883,Matematica Discreta
alumno_00883,Introduccion a la Programacion
alumno_00883,Algebra
alumno_00884,Programacion Orientada a Objetos
alumno_00884,Calculo I
alumno_00884,Fisica I
alumno_00884,Matematica Discreta
alumno_00884,Introduccion a la Programacion
alumno_00884,Algebra
alumno_00885,Probabilidad y Estadistica
alumno_00885,Algebra Lineal
alumno_00885,Fisica I
alumno_00885,Matematica Discreta
alumno_00885,Algebra
alumno_00886,Programacion Orientada a Objetos
alumno_00886,Probabilidad y Estadistica
alumno_00886,Calculo I
alumno_00886,Calculo II
alumno_00886,Introduccion a la Programacion
alumno_00887,Introduccion a la Programacion
alumno_00887,Calculo I
alumno_00887,Algebra
alumno_00887,Algebra Lineal
alumno_00888,Programacion Orientada a Objetos
alumno_00888,Probabilidad y Estadistica
alumno_00888,Calculo I
alumno_00888,Algebra Lineal
alumno_00888,Estructuras de Datos
alumno_00888,Fisica I
alumno_00888,Calculo II
alumno_00888,Introduccion a la Programacion
alumno_00888,Calculo III
alumno_00888,Algebra
alumno_00888,Bases de Datos I
alumno_00889,Programacion Orientada a Objetos
alumno_00889,Probabilidad y Estadistica
alumno_00889,Calculo I
alumno_00889,Algebra Lineal
alumno_00889,Fisica I
alumno_00889,Calculo II
alumno_00889,Introduccion a la Programacion
alumno_00889,Calculo III
alumno_00889,Algebra
alumno_00890,Programacion Orientada a Objetos
alumno_00890,Calculo I
alumno_00890,Estructuras de Datos
alumno_00890,Calculo II
alumno_00890,Introduccion a la Programacion
alumno_00890,Bases de Datos I
alumno_00891,Matematica Discreta
alumno_00891,Programacion Orientada a Objetos
alumno_00891,Probabilidad y Estadistica
alumno_00891,Algebra Lineal
alumno_00891,Estructuras de Datos
alumno_00891,Calculo II
alumno_00891,Introduccion a la Programacion
alumno_00891,Calculo III
alumno_00891,Algebra
alumno_00891,Bases de Datos I
alumno_00892,Introduccion a la Programacion
alumno_00892,Calculo I
alumno_00892,Calculo III
alumno_00892,Programacion Orientada a Objetos
alumno_00893,Programacion Orientada a Objetos
alumno_00893,Probabilidad y Estadistica
alumno_00893,Calculo I
alumno_00893,Estructuras de Datos
alumno_00893,Fisica I
alumno_00893,Calculo II
alumno_00893,Introduccion a la Programacion
alumno_00893,Calculo III
alumno_00893,Algebra
alumno_00893,Bases de Datos I
alumno_00894,Programacion Orientada a Objetos
alumno_00894,Calculo I
alumno_00894,Algebra Lineal
alumno_00894,Estructuras de Datos
alumno_00894,Introduccion a la Programacion
alumno_00894,Algebra
alumno_00894,Bases de Datos I
alumno_00895,Matematica Discreta
alumno_00895,Programacion Orientada a Objetos
alumno_00895,Calculo I
alumno_00895,Estructuras de Datos
alumno_00895,Fisica I
alumno_00895,Calculo II
alumno_00895,Introduccion a la Programacion
alumno_00895,Calculo III
alumno_00895,Algebra
alumno_00895,Bases de Datos I
alumno_00896,Programacion Orientada a Objetos
alumno_00896,Probabilidad y Estadistica
alumno_00896,Calculo I
alumno_00896,Algebra Lineal
alumno_00896,Estructuras de Datos
alumno_00896,Fisica I
alumno_00896,Calculo II
alumno_00896,Introduccion a la Programacion
alumno_00896,Algebra
alumno_00896,Bases de Datos I
alumno_00897,Programacion Orientada a Objetos
alumno_00897,Algebra Lineal
alumno_00897,Estructuras de Datos
alumno_00897,Fisica I
alumno_00897,Introduccion a la Programacion
alumno_00897,Calculo III
alumno_00897,Algebra
alumno_00898,Programacion Orientada a Objetos
alumno_00898,Calculo I
alumno_00898,Algebra Lineal
alumno_00898,Fisica I
alumno_00898,Calculo II
alumno_00898,Introduccion a la Programacion
alumno_00898,Algebra
alumno_00899,Programacion Orientada a Objetos
alumno_00899,Probabilidad y Estadistica
alumno_00899,Calculo I
alumno_00899,Estructuras de Datos
alumno_00899,Calculo II
alumno_00899,Introduccion a la Programacion
alumno_00899,Bases de Datos I
alumno_00900,Matematica Discreta
alumno_00900,Programacion Orientada a Objetos
alumno_00900,Calculo I
alumno_00900,Algebra Lineal
alumno_00900,Calculo II
alumno_00900,Introduccion a la Programacion
alumno_00900,Calculo III
alumno_00900,Algebra
alumno_00901,Programacion Orientada a Objetos
alumno_00901,Calculo I
alumno_00901,Estructuras de Datos
alumno_00901,Fisica I
alumno_00901,Calculo II
alumno_00901,Introduccion a la Programacion
alumno_00901,Algebra
alumno_00901,Bases de Datos I
alumno_00902,Matematica Discreta
alumno_00902,Programacion Orientada a Objetos
alumno_00902,Probabilidad y Estadistica
alumno_00902,Calculo I
alumno_00902,Algebra Lineal
alumno_00902,Calculo II
alumno_00902,Introduccion a la Programacion
alumno_00902,Calculo III
alumno_00902,Algebra
alumno_00903,Matematica Discreta
alumno_00903,Programacion Orientada a Objetos
alumno_00903,Calculo I
alumno_00903,Algebra Lineal
alumno_00903,Estructuras de Datos
alumno_00903,Fisica I
alumno_00903,Calculo II
alumno_00903,Introduccion a la Programacion
alumno_00903,Calculo III
alumno_00903,Algebra
alumno_00903,Bases de Datos I
alumno_00904,Programacion Orientada a Objetos
alumno_00904,Probabilidad y Estadistica
alumno_00904,Calculo I
alumno_00904,Algebra Lineal
alumno_00904,Estructuras de Datos
alumno_00904,Fisica I
alumno_00904,Matematica Discreta
alumno_00904,Introduccion a la Programacion
alumno_00904,Algebra
alumno_00905,Calculo II
alumno_00905,Programacion Orientada a Objetos
alumno_00905,Probabilidad y Estadistica
alumno_00905,Calculo I
alumno_00905,Estructuras de Datos
alumno_00905,Matematica Discreta
alumno_00905,Introduccion a la Programacion
alumno_00905,Calculo III
alumno_00906,Matematica Discreta
alumno_00906,Programacion Orientada a Objetos
alumno_00906,Calculo I
alumno_00906,Estructuras de Datos
alumno_00906,Fisica I
alumno_00906,Calculo II
alumno_00906,Introduccion a la Programacion
alumno_00906,Calculo III
alumno_00906,Algebra
alumno_00906,Bases de Datos I
alumno_00907,Programacion Orientada a Objetos
alumno_00907,Calculo I
alumno_00907,Algebra Lineal
alumno_00907,Estructuras de Datos
alumno_00907,Fisica I
alumno_00907,Matematica Discreta
alumno_00907,Introduccion a la Programacion
alumno_00907,Algebra
alumno_00908,Programacion Orientada a Objetos
alumno_00908,Probabilidad y Estadistica
alumno_00908,Calculo I
alumno_00908,Estructuras de Datos
alumno_00908,Fisica I
alumno_00908,Calculo II
alumno_00908,Introduccion a la Programacion
alumno_00908,Bases de Datos I
alumno_00909,Programacion Orientada a Objetos
alumno_00909,Calculo I
alumno_00909,Estructuras de Datos
alumno_00909,Matematica Discreta
alumno_00909,Introduccion a la Programacion
alumno_00910,Matematica Discreta
alumno_00910,Programacion Orientada a Objetos
alumno_00910,Probabilidad y Estadistica
alumno_00910,Calculo I
alumno_00910,Estructuras de Datos
alumno_00910,Fisica I
alumno_00910,Calculo II
alumno_00910,Introduccion a la Programacion
alumno_00910,Calculo III
alumno_00910,Algebra
alumno_00910,Bases de Datos I
alumno_00911,Calculo III
alumno_00911,Calculo I
alumno_00911,Calculo II
alumno_00912,Programacion Orientada a Objetos
alumno_00912,Calculo I
alumno_00912,Estructuras de Datos
alumno_00912,Calculo II
alumno_00912,Introduccion a la Programacion
alumno_00912,Calculo III
alumno_00912,Algebra
alumno_00913,Programacion Orientada a Objetos
alumno_00913,Calculo I
alumno_00913,Algebra Lineal
alumno_00913,Estructuras de Datos
alumno_00913,Introduccion a la Programacion
alumno_00913,Algebra
alumno_00913,Bases de Datos I
alumno_00914,Programacion Orientada a Objetos
alumno_00914,Calculo I
alumno_00914,Algebra Lineal
alumno_00914,Calculo II
alumno_00914,Introduccion a la Programacion
alumno_00915,Programacion Orientada a Objetos
alumno_00915,Probabilidad y Estadistica
alumno_00915,Calculo I
alumno_00915,Estructuras de Datos
alumno_00915,Fisica I
alumno_00915,Calculo II
alumno_00915,Introduccion a la Programacion
alumno_00915,Calculo III
alumno_00915,Bases de Datos I
alumno_00916,Programacion Orientada a Objetos
alumno_00916,Calculo I
alumno_00916,Algebra Lineal
alumno_00916,Estructuras de Datos
alumno_00916,Fisica I
alumno_00916,Calculo II
alumno_00916,Introduccion a la Programacion
alumno_00916,Calculo III
alumno_00916,Algebra
alumno_00917,Matematica Discreta
alumno_00917,Programacion Orientada a Objetos
alumno_00917,Probabilidad y Estadistica
alumno_00917,Calculo I
alumno_00917,Algebra Lineal
alumno_00917,Estructuras de Datos
alumno_00917,Fisica I
alumno_00917,Calculo II
alumno_00917,Introduccion a la Programacion
alumno_00917,Calculo III
alumno_00917,Algebra
alumno_00917,Bases de Datos I
alumno_00918,Introduccion a la Programacion
alumno_00918,Fisica I
alumno_00918,Algebra Lineal
alumno_00918,Programacion Orientada a Objetos
alumno_00919,Matematica Discreta
alumno_00919,Programacion Orientada a Objetos
alumno_00919,Probabilidad y Estadistica
alumno_00919,Calculo I
alumno_00919,Algebra Lineal
alumno_00919,Fisica I
alumno_00919,Calculo II
alumno_00919,Introduccion a la Programacion
alumno_00919,Calculo III
alumno_00919,Algebra
alumno_00920,Programacion Orientada a Objetos
alumno_00920,Calculo I
alumno_00920,Algebra Lineal
alumno_00920,Estructuras de Datos
alumno_00920,Fisica I
alumno_00920,Calculo II
alumno_00920,Introduccion a la Programacion
alumno_00920,Algebra
alumno_00920,Bases de Datos I
alumno_00921,Programacion Orientada a Objetos
alumno_00921,Calculo I
alumno_00921,Algebra Lineal
alumno_00921,Estructuras de Datos
alumno_00921,Introduccion a la Programacion
alumno_00921,Algebra
alumno_00921,Bases de Datos I
alumno_00922,Programacion Orientada a Objetos
alumno_00922,Algebra Lineal
alumno_00922,Estructuras de Datos
alumno_00922,Fisica I
alumno_00922,Matematica Discreta
alumno_00922,Introduccion a la Programacion
alumno_00922,Algebra
alumno_00922,Bases de Datos I
alumno_00923,Programacion Orientada a Objetos
alumno_00923,Probabilidad y Estadistica
alumno_00923,Calculo I
alumno_00923,Estructuras de Datos
alumno_00923,Fisica I
alumno_00923,Calculo II
alumno_00923,Introduccion a la Programacion
alumno_00923,Calculo III
alumno_00923,Bases de Datos I
alumno_00924,Calculo I
alumno_00924,Algebra Lineal
alumno_00924,Fisica I
alumno_00924,Matematica Discreta
alumno_00924,Algebra
alumno_00925,Programacion Orientada a Objetos
alumno_00925,Calculo I
alumno_00925,Estructuras de Datos
alumno_00925,Calculo II
alumno_00925,Introduccion a la Programacion
alumno_00925,Algebra
alumno_00925,Bases de Datos I
alumno_00926,Programacion Orientada a Objetos
alumno_00926,Calculo I
alumno_00926,Algebra Lineal
alumno_00926,Introduccion a la Programacion
alumno_00926,Algebra
alumno_00927,Programacion Orientada a Objetos
alumno_00927,Estructuras de Datos
alumno_00927,Algebra
alumno_00927,Matematica Discreta
alumno_00927,Introduccion a la Programacion
alumno_00927,Bases de Datos I
alumno_00928,Programacion Orientada a Objetos
alumno_00928,Algebra Lineal
alumno_00928,Estructuras de Datos
alumno_00928,Fisica I
alumno_00928,Matematica Discreta
alumno_00928,Introduccion a la Programacion
alumno_00928,Algebra
alumno_00928,Bases de Datos I
alumno_00929,Introduccion a la Programacion
alumno_00929,Fisica I
alumno_00929,Programacion Orientada a Objetos
alumno_00930,Programacion Orientada a Objetos
alumno_00930,Algebra Lineal
alumno_00930,Fisica I
alumno_00930,Matematica Discreta
alumno_00930,Introduccion a la Programacion
alumno_00930,Algebra
alumno_00930,Bases de Datos I
alumno_00931,Matematica Discreta
alumno_00931,Programacion Orientada a Objetos
alumno_00931,Probabilidad y Estadistica
alumno_00931,Calculo I
alumno_00931,Algebra Lineal
alumno_00931,Estructuras de Datos
alumno_00931,Calculo II
alumno_00931,Introduccion a la Programacion
alumno_00931,Algebra
alumno_00931,Bases de Datos I
alumno_00932,Programacion Orientada a Objetos
alumno_00932,Probabilidad y Estadistica
alumno_00932,Calculo I
alumno_00932,Algebra Lineal
alumno_00932,Estructuras de Datos
alumno_00932,Fisica I
alumno_00932,Calculo II
alumno_00932,Introduccion a la Programacion
alumno_00932,Algebra
alumno_00932,Bases de Datos I
alumno_00933,Matematica Discreta
alumno_00933,Probabilidad y Estadistica
alumno_00933,Calculo I
alumno_00933,Algebra Lineal
alumno_00933,Fisica I
alumno_00933,Calculo II
alumno_00933,Introduccion a la Programacion
alumno_00933,Calculo III
alumno_00933,Algebra
alumno_00934,Matematica Discreta
alumno_00934,Programacion Orientada a Objetos
alumno_00934,Probabilidad y Estadistica
alumno_00934,Calculo I
alumno_00934,Algebra Lineal
alumno_00934,Estructuras de Datos
alumno_00934,Fisica I
alumno_00934,Calculo II
alumno_00934,Introduccion a la Programacion
alumno_00934,Algebra
alumno_00934,Bases de Datos I
alumno_00935,Programacion Orientada a Objetos
alumno_00935,Calculo I
alumno_00935,Estructuras de Datos
alumno_00935,Fisica I
alumno_00935,Calculo II
alumno_00935,Introduccion a la Programacion
alumno_00935,Bases de Datos I
alumno_00936,Calculo II
alumno_00936,Algebra Lineal
alumno_00936,Fisica I
alumno_00936,Matematica Discreta
alumno_00936,Algebra
alumno_00936,Calculo III
alumno_00937,Introduccion a la Programacion
alumno_00937,Estructuras de Datos
alumno_00937,Programacion Orientada a Objetos
alumno_00938,Introduccion a la Programacion
alumno_00938,Calculo I
alumno_00938,Estructuras de Datos
alumno_00938,Programacion Orientada a Objetos
alumno_00939,Matematica Discreta
alumno_00939,Programacion Orientada a Objetos
alumno_00939,Probabilidad y Estadistica
alumno_00939,Calculo I
alumno_00939,Algebra Lineal
alumno_00939,Estructuras de Datos
alumno_00939,Fisica I
alumno_00939,Calculo II
alumno_00939,Introduccion a la Programacion
alumno_00939,Calculo III
alumno_00939,Algebra
alumno_00939,Bases de Datos I
alumno_00940,Programacion Orientada a Objetos
alumno_00940,Calculo I
alumno_00940,Algebra Lineal
alumno_00940,Estructuras de Datos
alumno_00940,Fisica I
alumno_00940,Introduccion a la Programacion
alumno_00940,Algebra
alumno_00941,Matematica Discreta
alumno_00941,Probabilidad y Estadistica
alumno_00941,Calculo I
alumno_00941,Algebra Lineal
alumno_00941,Fisica I
alumno_00941,Calculo II
alumno_00941,Introduccion a la Programacion
alumno_00941,Algebra
alumno_00942,Matematica Discreta
alumno_00942,Programacion Orientada a Objetos
alumno_00942,Probabilidad y Estadistica
alumno_00942,Calculo I
alumno_00942,Calculo II
alumno_00942,Introduccion a la Programacion
alumno_00942,Calculo III
alumno_00942,Algebra
alumno_00943,Programacion Orientada a Objetos
alumno_00943,Calculo I
alumno_00943,Estructuras de Datos
alumno_00943,Fisica I
alumno_00943,Matematica Discreta
alumno_00943,Introduccion a la Programacion
alumno_00943,Bases de Datos I
alumno_00944,Programacion Orientada a Objetos
alumno_00944,Calculo I
alumno_00944,Estructuras de Datos
alumno_00944,Matematica Discreta
alumno_00944,Introduccion a la Programacion
alumno_00944,Calculo III
alumno_00945,Programacion Orientada a Objetos
alumno_00945,Calculo I
alumno_00945,Algebra Lineal
alumno_00945,Estructuras de Datos
alumno_00945,Introduccion a la Programacion
alumno_00945,Algebra
alumno_00945,Bases de Datos I
alumno_00946,Programacion Orientada a Objetos
alumno_00946,Calculo I
alumno_00946,Algebra Lineal
alumno_00946,Fisica I
alumno_00946,Calculo II
alumno_00946,Introduccion a la Programacion
alumno_00946,Algebra
alumno_00947,Programacion Orientada a Objetos
alumno_00947,Calculo I
alumno_00947,Algebra Lineal
alumno_00947,Estructuras de Datos
alumno_00947,Fisica I
alumno_00947,Calculo II
alumno_00947,Introduccion a la Programacion
alumno_00947,Algebra
alumno_00947,Bases de Datos I
alumno_00948,Calculo I
alumno_00948,Algebra Lineal
alumno_00948,Introduccion a la Programacion
alumno_00948,Calculo III
alumno_00948,Algebra
alumno_00949,Programacion Orientada a Objetos
alumno_00949,Calculo I
alumno_00949,Algebra Lineal
alumno_00949,Estructuras de Datos
alumno_00949,Fisica I
alumno_00949,Introduccion a la Programacion
alumno_00949,Algebra
alumno_00949,Bases de Datos I
alumno_00950,Probabilidad y Estadistica
alumno_00950,Calculo I
alumno_00950,Algebra Lineal
alumno_00950,Calculo II
alumno_00950,Introduccion a la Programacion
alumno_00950,Algebra
alumno_00951,Programacion Orientada a Objetos
alumno_00951,Estructuras de Datos
alumno_00951,Fisica I
alumno_00951,Introduccion a la Programacion
alumno_00951,Algebra
alumno_00951,Bases de Datos I
alumno_00952,Matematica Discreta
alumno_00952,Probabilidad y Estadistica
alumno_00952,Calculo I
alumno_00952,Algebra Lineal
alumno_00952,Fisica I
alumno_00952,Calculo II
alumno_00952,Introduccion a la Programacion
alumno_00952,Calculo III
alumno_00952,Algebra
alumno_00953,Programacion Orientada a Objetos
alumno_00953,Calculo I
alumno_00953,Estructuras de Datos
alumno_00953,Calculo II
alumno_00953,Introduccion a la Programacion
alumno_00953,Calculo III
alumno_00953,Algebra
alumno_00954,Algebra
alumno_00954,Fisica I
alumno_00954,Calculo I
alumno_00954,Probabilidad y Estadistica
alumno_00955,Introduccion a la Programacion
alumno_00955,Fisica I
alumno_00955,Calculo I
alumno_00956,Programacion Orientada a Objetos
alumno_00956,Calculo I
alumno_00956,Estructuras de Datos
alumno_00956,Fisica I
alumno_00956,Calculo II
alumno_00956,Introduccion a la Programacion
alumno_00956,Calculo III
alumno_00956,Bases de Datos I
alumno_00957,Matematica Discreta
alumno_00957,Programacion Orientada a Objetos
alumno_00957,Calculo I
alumno_00957,Estructuras de Datos
alumno_00957,Calculo II
alumno_00957,Introduccion a la Programacion
alumno_00957,Calculo III
alumno_00957,Algebra
alumno_00957,Bases de Datos I
alumno_00958,Programacion Orientada a Objetos
alumno_00958,Probabilidad y Estadistica
alumno_00958,Calculo I
alumno_00958,Algebra Lineal
alumno_00958,Estructuras de Datos
alumno_00958,Fisica I
alumno_00958,Calculo II
alumno_00958,Introduccion a la Programacion
alumno_00958,Calculo III
alumno_00958,Algebra
alumno_00958,Bases de Datos I
alumno_00959,Programacion Orientada a Objetos
alumno_00959,Calculo I
alumno_00959,Estructuras de Datos
alumno_00959,Fisica I
alumno_00959,Matematica Discreta
alumno_00959,Introduccion a la Programacion
alumno_00960,Programacion Orientada a Objetos
alumno_00960,Calculo I
alumno_00960,Estructuras de Datos
alumno_00960,Fisica I
alumno_00960,Calculo II
alumno_00960,Introduccion a la Programacion
alumno_00960,Bases de Datos I
alumno_00961,Programacion Orientada a Objetos
alumno_00961,Probabilidad y Estadistica
alumno_00961,Calculo I
alumno_00961,Estructuras de Datos
alumno_00961,Calculo II
alumno_00961,Introduccion a la Programacion
alumno_00961,Bases de Datos I
alumno_00962,Programacion Orientada a Objetos
alumno_00962,Probabilidad y Estadistica
alumno_00962,Calculo I
alumno_00962,Estructuras de Datos
alumno_00962,Calculo II
alumno_00962,Introduccion a la Programacion
alumno_00962,Calculo III
alumno_00962,Algebra
alumno_00963,Programacion Orientada a Objetos
alumno_00963,Calculo I
alumno_00963,Algebra Lineal
alumno_00963,Estructuras de Datos
alumno_00963,Introduccion a la Programacion
alumno_00963,Algebra
alumno_00963,Bases de Datos I
alumno_00964,Introduccion a la Programacion
alumno_00964,Fisica I
alumno_00964,Algebra
alumno_00964,Algebra Lineal
alumno_00965,Programacion Orientada a Objetos
alumno_00965,Calculo I
alumno_00965,Estructuras de Datos
alumno_00965,Fisica I
alumno_00965,Calculo II
alumno_00965,Introduccion a la Programacion
alumno_00965,Bases de Datos I
alumno_00966,Programacion Orientada a Objetos
alumno_00966,Probabilidad y Estadistica
alumno_00966,Calculo I
alumno_00966,Algebra Lineal
alumno_00966,Estructuras de Datos
alumno_00966,Calculo II
alumno_00966,Introduccion a la Programacion
alumno_00966,Algebra
alumno_00966,Bases de Datos I
alumno_00967,Algebra
alumno_00967,Algebra Lineal
alumno_00967,Matematica Discreta
alumno_00968,Programacion Orientada a Objetos
alumno_00968,Calculo I
alumno_00968,Algebra Lineal
alumno_00968,Fisica I
alumno_00968,Calculo II
alumno_00968,Introduccion a la Programacion
alumno_00968,Algebra
alumno_00969,Matematica Discreta
alumno_00969,Programacion Orientada a Objetos
alumno_00969,Calculo I
alumno_00969,Algebra Lineal
alumno_00969,Estructuras de Datos
alumno_00969,Calculo II
alumno_00969,Introduccion a la Programacion
alumno_00969,Calculo III
alumno_00969,Algebra
alumno_00969,Bases de Datos I
alumno_00970,Programacion Orientada a Objetos
alumno_00970,Calculo I
alumno_00970,Algebra Lineal
alumno_00970,Estructuras de Datos
alumno_00970,Introduccion a la Programacion
alumno_00970,Algebra
alumno_00970,Bases de Datos I
alumno_00971,Programacion Orientada a Objetos
alumno_00971,Probabilidad y Estadistica
alumno_00971,Estructuras de Datos
alumno_00971,Fisica I
alumno_00971,Calculo II
alumno_00971,Introduccion a la Programacion
alumno_00971,Calculo III
alumno_00971,Bases de Datos I
alumno_00972,Introduccion a la Programacion
alumno_00972,Estructuras de Datos
alumno_00972,Bases de Datos I
alumno_00972,Programacion Orientada a Objetos
alumno_00973,Matematica Discreta
alumno_00973,Programacion Orientada a Objetos
alumno_00973,Probabilidad y Estadistica
alumno_00973,Calculo I
alumno_00973,Estructuras de Datos
alumno_00973,Calculo II
alumno_00973,Introduccion a la Programacion
alumno_00973,Calculo III
alumno_00973,Algebra
alumno_00973,Bases de Datos I
alumno_00974,Programacion Orientada a Objetos
alumno_00974,Calculo I
alumno_00974,Estructuras de Datos
alumno_00974,Fisica I
alumno_00974,Introduccion a la Programacion
alumno_00975,Calculo III
alumno_00975,Calculo I
alumno_00975,Calculo II
alumno_00976,Programacion Orientada a Objetos
alumno_00976,Calculo I
alumno_00976,Algebra Lineal
alumno_00976,Estructuras de Datos
alumno_00976,Matematica Discreta
alumno_00976,Introduccion a la Programacion
alumno_00976,Algebra
alumno_00977,Matematica Discreta
alumno_00977,Programacion Orientada a Objetos
alumno_00977,Probabilidad y Estadistica
alumno_00977,Calculo I
alumno_00977,Algebra Lineal
alumno_00977,Estructuras de Datos
alumno_00977,Calculo II
alumno_00977,Introduccion a la Programacion
alumno_00977,Algebra
alumno_00978,Programacion Orientada a Objetos
alumno_00978,Calculo I
alumno_00978,Algebra Lineal
alumno_00978,Estructuras de Datos
alumno_00978,Matematica Discreta
alumno_00978,Introduccion a la Programacion
alumno_00978,Calculo III
alumno_00978,Algebra
alumno_00978,Bases de Datos I
alumno_00979,Matematica Discreta
alumno_00979,Programacion Orientada a Objetos
alumno_00979,Probabilidad y Estadistica
alumno_00979,Calculo I
alumno_00979,Algebra Lineal
alumno_00979,Fisica I
alumno_00979,Calculo II
alumno_00979,Introduccion a la Programacion
alumno_00979,Calculo III
alumno_00979,Algebra
alumno_00980,Calculo I
alumno_00980,Algebra Lineal
alumno_00980,Fisica I
alumno_00980,Calculo II
alumno_00980,Introduccion a la Programacion
alumno_00980,Calculo III
alumno_00980,Algebra
alumno_00981,Matematica Discreta
alumno_00981,Programacion Orientada a Objetos
alumno_00981,Probabilidad y Estadistica
alumno_00981,Calculo I
alumno_00981,Estructuras de Datos
alumno_00981,Fisica I
alumno_00981,Calculo II
alumno_00981,Introduccion a la Programacion
alumno_00981,Algebra
alumno_00982,Calculo I
alumno_00982,Fisica I
alumno_00982,Calculo II
alumno_00982,Algebra
alumno_00982,Calculo III
alumno_00983,Calculo I
alumno_00983,Algebra Lineal
alumno_00983,Fisica I
alumno_00983,Introduccion a la Programacion
alumno_00983,Algebra
alumno_00984,Programacion Orientada a Objetos
alumno_00984,Probabilidad y Estadistica
alumno_00984,Calculo I
alumno_00984,Algebra Lineal
alumno_00984,Estructuras de Datos
alumno_00984,Calculo II
alumno_00984,Introduccion a la Programacion
alumno_00984,Algebra
alumno_00984,Bases de Datos I
alumno_00985,Matematica Discreta
alumno_00985,Programacion Orientada a Objetos
alumno_00985,Calculo I
alumno_00985,Algebra Lineal
alumno_00985,Fisica I
alumno_00985,Calculo II
alumno_00985,Introduccion a la Programacion
alumno_00985,Algebra
alumno_00986,Programacion Orientada a Objetos
alumno_00986,Probabilidad y Estadistica
alumno_00986,Calculo I
alumno_00986,Estructuras de Datos
alumno_00986,Fisica I
alumno_00986,Calculo II
alumno_00986,Introduccion a la Programacion
alumno_00986,Calculo III
alumno_00986,Algebra
alumno_00987,Programacion Orientada a Objetos
alumno_00987,Probabilidad y Estadistica
alumno_00987,Calculo I
alumno_00987,Algebra Lineal
alumno_00987,Estructuras de Datos
alumno_00987,Calculo II
alumno_00987,Introduccion a la Programacion
alumno_00987,Algebra
alumno_00987,Bases de Datos I
alumno_00988,Programacion Orientada a Objetos
alumno_00988,Calculo I
alumno_00988,Algebra Lineal
alumno_00988,Fisica I
alumno_00988,Matematica Discreta
alumno_00988,Introduccion a la Programacion
alumno_00988,Algebra
alumno_00989,Matematica Discreta
alumno_00989,Programacion Orientada a Objetos
alumno_00989,Probabilidad y Estadistica
alumno_00989,Calculo I
alumno_00989,Algebra Lineal
alumno_00989,Fisica I
alumno_00989,Calculo II
alumno_00989,Introduccion a la Programacion
alumno_00989,Algebra
alumno_00989,Bases de Datos I
alumno_00990,Matematica Discreta
alumno_00990,Programacion Orientada a Objetos
alumno_00990,Calculo I
alumno_00990,Algebra Lineal
alumno_00990,Estructuras de Datos
alumno_00990,Fisica I
alumno_00990,Calculo II
alumno_00990,Introduccion a la Programacion
alumno_00990,Calculo III
alumno_00990,Algebra
alumno_00991,Programacion Orientada a Objetos
alumno_00991,Calculo I
alumno_00991,Algebra Lineal
alumno_00991,Estructuras de Datos
alumno_00991,Fisica I
alumno_00991,Introduccion a la Programacion
alumno_00991,Calculo III
alumno_00991,Algebra
alumno_00991,Bases de Datos I
alumno_00992,Introduccion a la Programacion
alumno_00992,Algebra
alumno_00992,Algebra Lineal
alumno_00992,Programacion Orientada a Objetos
alumno_00993,Programacion Orientada a Objetos
alumno_00993,Probabilidad y Estadistica
alumno_00993,Calculo I
alumno_00993,Estructuras de Datos
alumno_00993,Calculo II
alumno_00993,Introduccion a la Programacion
alumno_00993,Calculo III
alumno_00993,Bases de Datos I
alumno_00994,Programacion Orientada a Objetos
alumno_00994,Probabilidad y Estadistica
alumno_00994,Calculo I
alumno_00994,Algebra Lineal
alumno_00994,Estructuras de Datos
alumno_00994,Fisica I
alumno_00994,Calculo II
alumno_00994,Introduccion a la Programacion
alumno_00994,Calculo III
alumno_00994,Algebra
alumno_00994,Bases de Datos I
alumno_00995,Programacion Orientada a Objetos
alumno_00995,Probabilidad y Estadistica
alumno_00995,Calculo I
alumno_00995,Algebra Lineal
alumno_00995,Fisica I
alumno_00995,Calculo II
alumno_00995,Introduccion a la Programacion
alumno_00995,Algebra
alumno_00996,Programacion Orientada a Objetos
alumno_00996,Algebra Lineal
alumno_00996,Calculo II
alumno_00996,Introduccion a la Programacion
alumno_00996,Algebra
alumno_00997,Matematica Discreta
alumno_00997,Programacion Orientada a Objetos
alumno_00997,Probabilidad y Estadistica
alumno_00997,Calculo I
alumno_00997,Fisica I
alumno_00997,Calculo II
alumno_00997,Introduccion a la Programacion
alumno_00997,Calculo III
alumno_00997,Algebra
alumno_00998,Programacion Orientada a Objetos
alumno_00998,Calculo I
alumno_00998,Algebra Lineal
alumno_00998,Estructuras de Datos
alumno_00998,Calculo II
alumno_00998,Introduccion a la Programacion
alumno_00998,Algebra
alumno_00999,Programacion Orientada a Objetos
alumno_00999,Probabilidad y Estadistica
alumno_00999,Calculo I
alumno_00999,Estructuras de Datos
alumno_00999,Fisica I
alumno_00999,Calculo II
alumno_00999,Introduccion a la Programacion
alumno_00999,Calculo III
alumno_00999,Bases de Datos I
alumno_01000,Matematica Discreta
alumno_01000,Programacion Orientada a Objetos
alumno_01000,Probabilidad y Estadistica
alumno_01000,Calculo I
alumno_01000,Estructuras de Datos
alumno_01000,Fisica I
alumno_01000,Calculo II
alumno_01000,Introduccion a la Programacion
alumno_01000,Calculo III
alumno_01000,Algebra
alumno_01000,Bases de Datos I
alumno_01001,Calculo III
alumno_01001,Fisica I
alumno_01001,Calculo I
alumno_01001,Calculo II
alumno_01002,Programacion Orientada a Objetos
alumno_01002,Probabilidad y Estadistica
alumno_01002,Calculo I
alumno_01002,Fisica I
alumno_01002,Calculo II
alumno_01002,Introduccion a la Programacion
alumno_01002,Algebra
alumno_01003,Programacion Orientada a Objetos
alumno_01003,Estructuras de Datos
alumno_01003,Fisica I
alumno_01003,Matematica Discreta
alumno_01003,Introduccion a la Programacion
alumno_01003,Algebra
alumno_01004,Programacion Orientada a Objetos
alumno_01004,Calculo I
alumno_01004,Estructuras de Datos
alumno_01004,Calculo II
alumno_01004,Introduccion a la Programacion
alumno_01004,Calculo III
alumno_01004,Bases de Datos I
alumno_01005,Programacion Orientada a Objetos
alumno_01005,Calculo I
alumno_01005,Estructuras de Datos
alumno_01005,Fisica I
alumno_01005,Calculo II
alumno_01005,Introduccion a la Programacion
alumno_01005,Calculo III
alumno_01005,Bases de Datos I
alumno_01006,Programacion Orientada a Objetos
alumno_01006,Calculo I
alumno_01006,Algebra Lineal
alumno_01006,Estructuras de Datos
alumno_01006,Fisica I
alumno_01006,Matematica Discreta
alumno_01006,Introduccion a la Programacion
alumno_01006,Algebra
alumno_01007,Programacion Orientada a Objetos
alumno_01007,Estructuras de Datos
alumno_01007,Fisica I
alumno_01007,Introduccion a la Programacion
alumno_01007,Algebra
alumno_01007,Bases de Datos I
alumno_01008,Programacion Orientada a Objetos
alumno_01008,Calculo I
alumno_01008,Algebra Lineal
alumno_01008,Estructuras de Datos
alumno_01008,Fisica I
alumno_01008,Calculo II
alumno_01008,Introduccion a la Programacion
alumno_01008,Algebra
alumno_01009,Programacion Orientada a Objetos
alumno_01009,Calculo I
alumno_01009,Algebra Lineal
alumno_01009,Estructuras de Datos
alumno_01009,Fisica I
alumno_01009,Introduccion a la Programacion
alumno_01009,Algebra
alumno_01009,Bases de Datos I
alumno_01010,Programacion Orientada a Objetos
alumno_01010,Estructuras de Datos
alumno_01010,Fisica I
alumno_01010,Matematica Discreta
alumno_01010,Introduccion a la Programacion
alumno_01010,Algebra
alumno_01010,Bases de Datos I
alumno_01011,Programacion Orientada a Objetos
alumno_01011,Calculo I
alumno_01011,Algebra Lineal
alumno_01011,Estructuras de Datos
alumno_01011,Fisica I
alumno_01011,Calculo II
alumno_01011,Introduccion a la Programacion
alumno_01011,Calculo III
alumno_01011,Algebra
alumno_01011,Bases de Datos I
alumno_01012,Programacion Orientada a Objetos
alumno_01012,Estructuras de Datos
alumno_01012,Calculo II
alumno_01012,Introduccion a la Programacion
alumno_01012,Calculo III
alumno_01012,Bases de Datos I
alumno_01013,Algebra
alumno_01013,Fisica I
alumno_01013,Algebra Lineal
alumno_01013,Matematica Discreta
alumno_01014,Matematica Discreta
alumno_01014,Programacion Orientada a Objetos
alumno_01014,Calculo I
alumno_01014,Algebra Lineal
alumno_01014,Calculo II
alumno_01014,Introduccion a la Programacion
alumno_01014,Calculo III
alumno_01014,Algebra
alumno_01015,Matematica Discreta
alumno_01015,Programacion Orientada a Objetos
alumno_01015,Calculo I
alumno_01015,Algebra Lineal
alumno_01015,Estructuras de Datos
alumno_01015,Calculo II
alumno_01015,Introduccion a la Programacion
alumno_01015,Calculo III
alumno_01015,Algebra
alumno_01016,Programacion Orientada a Objetos
alumno_01016,Calculo I
alumno_01016,Algebra Lineal
alumno_01016,Fisica I
alumno_01016,Matematica Discreta
alumno_01016,Introduccion a la Programacion
alumno_01016,Algebra
alumno_01017,Matematica Discreta
alumno_01017,Programacion Orientada a Objetos
alumno_01017,Calculo I
alumno_01017,Algebra Lineal
alumno_01017,Estructuras de Datos
alumno_01017,Calculo II
alumno_01017,Introduccion a la Programacion
alumno_01017,Calculo III
alumno_01017,Algebra
alumno_01017,Bases de Datos I
alumno_01018,Matematica Discreta
alumno_01018,Probabilidad y Estadistica
alumno_01018,Calculo I
alumno_01018,Algebra Lineal
alumno_01018,Calculo II
alumno_01018,Introduccion a la Programacion
alumno_01018,Calculo III
alumno_01018,Algebra
alumno_01019,Programacion Orientada a Objetos
alumno_01019,Algebra Lineal
alumno_01019,Estructuras de Datos
alumno_01019,Fisica I
alumno_01019,Matematica Discreta
alumno_01019,Introduccion a la Programacion
alumno_01019,Algebra
alumno_01019,Bases de Datos I
alumno_01020,Matematica Discreta
alumno_01020,Programacion Orientada a Objetos
alumno_01020,Probabilidad y Estadistica
alumno_01020,Calculo I
alumno_01020,Algebra Lineal
alumno_01020,Estructuras de Datos
alumno_01020,Fisica I
alumno_01020,Calculo II
alumno_01020,Introduccion a la Programacion
alumno_01020,Calculo III
alumno_01020,Algebra
alumno_01020,Bases de Datos I
alumno_01021,Programacion Orientada a Objetos
alumno_01021,Probabilidad y Estadistica
alumno_01021,Calculo I
alumno_01021,Estructuras de Datos
alumno_01021,Fisica I
alumno_01021,Calculo II
alumno_01021,Introduccion a la Programacion
alumno_01021,Calculo III
alumno_01021,Bases de Datos I
alumno_01022,Programacion Orientada a Objetos
alumno_01022,Calculo I
alumno_01022,Fisica I
alumno_01022,Matematica Discreta
alumno_01022,Introduccion a la Programacion
alumno_01022,Algebra
alumno_01023,Matematica Discreta
alumno_01023,Programacion Orientada a Objetos
alumno_01023,Calculo I
alumno_01023,Algebra Lineal
alumno_01023,Calculo II
alumno_01023,Introduccion a la Programacion
alumno_01023,Calculo III
alumno_01023,Algebra
alumno_01024,Algebra
alumno_01024,Fisica I
alumno_01024,Algebra Lineal
alumno_01025,Introduccion a la Programacion
alumno_01025,Algebra
alumno_01025,Bases de Datos I
alumno_01025,Algebra Lineal
alumno_01026,Programacion Orientada a Objetos
alumno_01026,Algebra Lineal
alumno_01026,Estructuras de Datos
alumno_01026,Fisica I
alumno_01026,Introduccion a la Programacion
alumno_01026,Algebra
alumno_01026,Bases de Datos I
alumno_01027,Programacion Orientada a Objetos
alumno_01027,Probabilidad y Estadistica
alumno_01027,Calculo I
alumno_01027,Algebra Lineal
alumno_01027,Estructuras de Datos
alumno_01027,Calculo II
alumno_01027,Introduccion a la Programacion
alumno_01027,Calculo III
alumno_01027,Algebra
alumno_01027,Bases de Datos I
alumno_01028,Programacion Orientada a Objetos
alumno_01028,Calculo I
alumno_01028,Algebra Lineal
alumno_01028,Estructuras de Datos
alumno_01028,Calculo II
alumno_01028,Introduccion a la Programacion
alumno_01028,Calculo III
alumno_01028,Algebra
alumno_01028,Bases de Datos I
alumno_01029,Programacion Orientada a Objetos
alumno_01029,Probabilidad y Estadistica
alumno_01029,Calculo I
alumno_01029,Algebra Lineal
alumno_01029,Estructuras de Datos
alumno_01029,Fisica I
alumno_01029,Calculo II
alumno_01029,Introduccion a la Programacion
alumno_01029,Calculo III
alumno_01029,Algebra
alumno_01029,Bases de Datos I
alumno_01030,Programacion Orientada a Objetos
alumno_01030,Probabilidad y Estadistica
alumno_01030,Calculo I
alumno_01030,Estructuras de Datos
alumno_01030,Calculo II
alumno_01030,Introduccion a la Programacion
alumno_01030,Bases de Datos I
alumno_01031,Matematica Discreta
alumno_01031,Programacion Orientada a Objetos
alumno_01031,Calculo I
alumno_01031,Algebra Lineal
alumno_01031,Fisica I
alumno_01031,Calculo II
alumno_01031,Introduccion a la Programacion
alumno_01031,Calculo III
alumno_01031,Algebra
alumno_01032,Matematica Discreta
alumno_01032,Programacion Orientada a Objetos
alumno_01032,Probabilidad y Estadistica
alumno_01032,Calculo I
alumno_01032,Algebra Lineal
alumno_01032,Estructuras de Datos
alumno_01032,Calculo II
alumno_01032,Introduccion a la Programacion
alumno_01032,Algebra
alumno_01032,Bases de Datos I
alumno_01033,Programacion Orientada a Objetos
alumno_01033,Probabilidad y Estadistica
alumno_01033,Calculo I
alumno_01033,Estructuras de Datos
alumno_01033,Calculo II
alumno_01033,Introduccion a la Programacion
alumno_01033,Calculo III
alumno_01033,Bases de Datos I
alumno_01034,Programacion Orientada a Objetos
alumno_01034,Probabilidad y Estadistica
alumno_01034,Calculo I
alumno_01034,Fisica I
alumno_01034,Calculo II
alumno_01034,Introduccion a la Programacion
alumno_01034,Calculo III
alumno_01035,Programacion Orientada a Objetos
alumno_01035,Probabilidad y Estadistica
alumno_01035,Calculo I
alumno_01035,Estructuras de Datos
alumno_01035,Fisica I
alumno_01035,Calculo II
alumno_01035,Introduccion a la Programacion
alumno_01035,Calculo III
alumno_01036,Probabilidad y Estadistica
alumno_01036,Calculo I
alumno_01036,Fisica I
alumno_01036,Calculo II
alumno_01036,Introduccion a la Programacion
alumno_01036,Calculo III
alumno_01036,Algebra
alumno_01037,Matematica Discreta
alumno_01037,Calculo I
alumno_01037,Algebra Lineal
alumno_01037,Calculo II
alumno_01037,Introduccion a la Programacion
alumno_01037,Calculo III
alumno_01037,Algebra
alumno_01037,Bases de Datos I
alumno_01038,Matematica Discreta
alumno_01038,Programacion Orientada a Objetos
alumno_01038,Calculo I
alumno_01038,Algebra Lineal
alumno_01038,Estructuras de Datos
alumno_01038,Fisica I
alumno_01038,Calculo II
alumno_01038,Introduccion a la Programacion
alumno_01038,Calculo III
alumno_01038,Algebra
alumno_01039,Calculo I
alumno_01039,Algebra Lineal
alumno_01039,Matematica Discreta
alumno_01039,Introduccion a la Programacion
alumno_01039,Algebra
alumno_01040,Fisica I
alumno_01041,Programacion Orientada a Objetos
alumno_01041,Calculo I
alumno_01041,Algebra Lineal
alumno_01041,Introduccion a la Programacion
alumno_01041,Algebra
alumno_01042,Introduccion a la Programacion
alumno_01042,Fisica I
alumno_01042,Calculo I
alumno_01042,Programacion Orientada a Objetos
alumno_01043,Programacion Orientada a Objetos
alumno_01043,Calculo I
alumno_01043,Algebra Lineal
alumno_01043,Matematica Discreta
alumno_01043,Introduccion a la Programacion
alumno_01043,Algebra
alumno_01044,Programacion Orientada a Objetos
alumno_01044,Calculo I
alumno_01044,Algebra Lineal
alumno_01044,Estructuras de Datos
alumno_01044,Fisica I
alumno_01044,Matematica Discreta
alumno_01044,Introduccion a la Programacion
alumno_01044,Algebra
alumno_01045,Programacion Orientada a Objetos
alumno_01045,Calculo I
alumno_01045,Estructuras de Datos
alumno_01045,Fisica I
alumno_01045,Calculo II
alumno_01045,Introduccion a la Programacion
alumno_01045,Bases de Datos I
alumno_01046,Probabilidad y Estadistica
alumno_01046,Algebra Lineal
alumno_01046,Fisica I
alumno_01046,Matematica Discreta
alumno_01046,Introduccion a la Programacion
alumno_01046,Algebra
alumno_01047,Introduccion a la Programacion
alumno_01047,Calculo I
alumno_01047,Calculo III
alumno_01048,Programacion Orientada a Objetos
alumno_01048,Estructuras de Datos
alumno_01048,Fisica I
alumno_01048,Matematica Discreta
alumno_01048,Introduccion a la Programacion
alumno_01048,Algebra
alumno_01048,Bases de Datos I
alumno_01049,Programacion Orientada a Objetos
alumno_01049,Algebra Lineal
alumno_01049,Estructuras de Datos
alumno_01049,Fisica I
alumno_01049,Introduccion a la Programacion
alumno_01049,Algebra
alumno_01049,Bases de Datos I
alumno_01050,Programacion Orientada a Objetos
alumno_01050,Calculo I
alumno_01050,Algebra Lineal
alumno_01050,Estructuras de Datos
alumno_01050,Fisica I
alumno_01050,Matematica Discreta
alumno_01050,Introduccion a la Programacion
alumno_01050,Algebra
alumno_01050,Bases de Datos I
alumno_01051,Introduccion a la Programacion
alumno_01051,Fisica I
alumno_01051,Estructuras de Datos
alumno_01051,Programacion Orientada a Objetos
alumno_01052,Algebra
alumno_01052,Algebra Lineal
alumno_01053,Programacion Orientada a Objetos
alumno_01053,Calculo I
alumno_01053,Algebra Lineal
alumno_01053,Fisica I
alumno_01053,Introduccion a la Programacion
alumno_01053,Algebra
alumno_01054,Matematica Discreta
alumno_01054,Calculo I
alumno_01054,Fisica I
alumno_01054,Calculo II
alumno_01054,Introduccion a la Programacion
alumno_01054,Algebra
alumno_01055,Programacion Orientada a Objetos
alumno_01055,Calculo I
alumno_01055,Algebra Lineal
alumno_01055,Estructuras de Datos
alumno_01055,Fisica I
alumno_01055,Matematica Discreta
alumno_01055,Introduccion a la Programacion
alumno_01055,Algebra
alumno_01055,Bases de Datos I
alumno_01056,Programacion Orientada a Objetos
alumno_01056,Calculo I
alumno_01056,Estructuras de Datos
alumno_01056,Fisica I
alumno_01056,Matematica Discreta
alumno_01056,Introduccion a la Programacion
alumno_01056,Algebra
alumno_01056,Bases de Datos I
alumno_01057,Matematica Discreta
alumno_01057,Probabilidad y Estadistica
alumno_01057,Calculo I
alumno_01057,Fisica I
alumno_01057,Calculo II
alumno_01057,Introduccion a la Programacion
alumno_01057,Algebra
alumno_01058,Programacion Orientada a Objetos
alumno_01058,Calculo I
alumno_01058,Algebra Lineal
alumno_01058,Fisica I
alumno_01058,Calculo II
alumno_01058,Introduccion a la Programacion
alumno_01058,Algebra
alumno_01059,Programacion Orientada a Objetos
alumno_01059,Algebra Lineal
alumno_01059,Estructuras de Datos
alumno_01059,Fisica I
alumno_01059,Matematica Discreta
alumno_01059,Introduccion a la Programacion
alumno_01059,Algebra
alumno_01060,Calculo I
alumno_01060,Algebra Lineal
alumno_01060,Fisica I
alumno_01060,Matematica Discreta
alumno_01060,Algebra
alumno_01061,Programacion Orientada a Objetos
alumno_01061,Probabilidad y Estadistica
alumno_01061,Calculo I
alumno_01061,Algebra Lineal
alumno_01061,Estructuras de Datos
alumno_01061,Fisica I
alumno_01061,Calculo II
alumno_01061,Introduccion a la Programacion
alumno_01061,Calculo III
alumno_01061,Algebra
alumno_01061,Bases de Datos I
alumno_01062,Programacion Orientada a Objetos
alumno_01062,Calculo I
alumno_01062,Algebra Lineal
alumno_01062,Estructuras de Datos
alumno_01062,Fisica I
alumno_01062,Calculo II
alumno_01062,Introduccion a la Programacion
alumno_01062,Algebra
alumno_01062,Bases de Datos I
alumno_01063,Programacion Orientada a Objetos
alumno_01063,Probabilidad y Estadistica
alumno_01063,Calculo I
alumno_01063,Algebra Lineal
alumno_01063,Estructuras de Datos
alumno_01063,Fisica I
alumno_01063,Calculo II
alumno_01063,Introduccion a la Programacion
alumno_01063,Algebra
alumno_01064,Programacion Orientada a Objetos
alumno_01064,Calculo I
alumno_01064,Algebra Lineal
alumno_01064,Estructuras de Datos
alumno_01064,Fisica I
alumno_01064,Matematica Discreta
alumno_01064,Algebra
alumno_01064,Bases de Datos I
alumno_01065,Programacion Orientada a Objetos
alumno_01065,Calculo I
alumno_01065,Algebra Lineal
alumno_01065,Matematica Discreta
alumno_01065,Introduccion a la Programacion
alumno_01065,Algebra
alumno_01066,Introduccion a la Programacion
alumno_01066,Fisica I
alumno_01066,Algebra
alumno_01066,Algebra Lineal
alumno_01067,Fisica I
alumno_01067,Calculo III
alumno_01068,Probabilidad y Estadistica
alumno_01068,Calculo I
alumno_01068,Fisica I
alumno_01068,Calculo II
alumno_01068,Introduccion a la Programacion
alumno_01068,Calculo III
alumno_01068,Bases de Datos I
alumno_01069,Programacion Orientada a Objetos
alumno_01069,Calculo I
alumno_01069,Algebra Lineal
alumno_01069,Estructuras de Datos
alumno_01069,Introduccion a la Programacion
alumno_01069,Algebra
alumno_01069,Bases de Datos I
alumno_01070,Introduccion a la Programacion
alumno_01070,Fisica I
alumno_01070,Algebra Lineal
alumno_01071,Calculo I
alumno_01071,Algebra Lineal
alumno_01071,Fisica I
alumno_01071,Introduccion a la Programacion
alumno_01071,Algebra
alumno_01072,Calculo III
alumno_01072,Probabilidad y Estadistica
alumno_01072,Calculo I
alumno_01072,Calculo II
alumno_01073,Calculo II
alumno_01073,Probabilidad y Estadistica
alumno_01073,Calculo I
alumno_01073,Algebra Lineal
alumno_01073,Matematica Discreta
alumno_01073,Algebra
alumno_01073,Calculo III
alumno_01074,Probabilidad y Estadistica
alumno_01074,Calculo I
alumno_01074,Algebra Lineal
alumno_01074,Fisica I
alumno_01074,Calculo II
alumno_01074,Introduccion a la Programacion
alumno_01074,Algebra
alumno_01075,Programacion Orientada a Objetos
alumno_01075,Probabilidad y Estadistica
alumno_01075,Calculo I
alumno_01075,Estructuras de Datos
alumno_01075,Calculo II
alumno_01075,Introduccion a la Programacion
alumno_01075,Calculo III
alumno_01075,Bases de Datos I
alumno_01076,Programacion Orientada a Objetos
alumno_01076,Probabilidad y Estadistica
alumno_01076,Calculo I
alumno_01076,Algebra Lineal
alumno_01076,Estructuras de Datos
alumno_01076,Fisica I
alumno_01076,Calculo II
alumno_01076,Introduccion a la Programacion
alumno_01076,Calculo III
alumno_01076,Algebra
alumno_01077,Programacion Orientada a Objetos
alumno_01077,Algebra Lineal
alumno_01077,Estructuras de Datos
alumno_01077,Fisica I
alumno_01077,Matematica Discreta
alumno_01077,Introduccion a la Programacion
alumno_01077,Algebra
alumno_01077,Bases de Datos I
alumno_01078,Matematica Discreta
alumno_01078,Programacion Orientada a Objetos
alumno_01078,Calculo I
alumno_01078,Algebra Lineal
alumno_01078,Calculo II
alumno_01078,Algebra
alumno_01078,Calculo III
alumno_01079,Matematica Discreta
alumno_01079,Programacion Orientada a Objetos
alumno_01079,Probabilidad y Estadistica
alumno_01079,Calculo I
alumno_01079,Estructuras de Datos
alumno_01079,Calculo II
alumno_01079,Introduccion a la Programacion
alumno_01079,Calculo III
alumno_01079,Algebra
alumno_01079,Bases de Datos I
alumno_01080,Introduccion a la Programacion
alumno_01080,Estructuras de Datos
alumno_01080,Bases de Datos I
alumno_01080,Programacion Orientada a Objetos
alumno_01081,Programacion Orientada a Objetos
alumno_01081,Calculo I
alumno_01081,Estructuras de Datos
alumno_01081,Fisica I
alumno_01081,Introduccion a la Programacion
alumno_01081,Algebra
alumno_01081,Bases de Datos I
alumno_01082,Programacion Orientada a Objetos
alumno_01082,Calculo I
alumno_01082,Algebra Lineal
alumno_01082,Estructuras de Datos
alumno_01082,Matematica Discreta
alumno_01082,Introduccion a la Programacion
alumno_01082,Algebra
alumno_01082,Bases de Datos I
alumno_01083,Programacion Orientada a Objetos
alumno_01083,Estructuras de Datos
alumno_01083,Fisica I
alumno_01083,Matematica Discreta
alumno_01083,Introduccion a la Programacion
alumno_01083,Algebra
alumno_01083,Bases de Datos I
alumno_01084,Matematica Discreta
alumno_01084,Programacion Orientada a Objetos
alumno_01084,Calculo I
alumno_01084,Fisica I
alumno_01084,Calculo II
alumno_01084,Introduccion a la Programacion
alumno_01084,Calculo III
alumno_01084,Algebra
alumno_01085,Matematica Discreta
alumno_01085,Programacion Orientada a Objetos
alumno_01085,Calculo I
alumno_01085,Algebra Lineal
alumno_01085,Estructuras de Datos
alumno_01085,Calculo II
alumno_01085,Introduccion a la Programacion
alumno_01085,Calculo III
alumno_01085,Algebra
alumno_01085,Bases de Datos I
alumno_01086,Calculo II
alumno_01086,Probabilidad y Estadistica
alumno_01086,Calculo I
alumno_01086,Matematica Discreta
alumno_01086,Algebra
alumno_01086,Calculo III
alumno_01087,Programacion Orientada a Objetos
alumno_01087,Algebra Lineal
alumno_01087,Estructuras de Datos
alumno_01087,Fisica I
alumno_01087,Introduccion a la Programacion
alumno_01087,Algebra
alumno_01088,Matematica Discreta
alumno_01088,Programacion Orientada a Objetos
alumno_01088,Probabilidad y Estadistica
alumno_01088,Calculo I
alumno_01088,Estructuras de Datos
alumno_01088,Fisica I
alumno_01088,Calculo II
alumno_01088,Introduccion a la Programacion
alumno_01088,Algebra
alumno_01088,Bases de Datos I
alumno_01089,Programacion Orientada a Objetos
alumno_01089,Probabilidad y Estadistica
alumno_01089,Calculo I
alumno_01089,Algebra Lineal
alumno_01089,Estructuras de Datos
alumno_01089,Fisica I
alumno_01089,Calculo II
alumno_01089,Introduccion a la Programacion
alumno_01089,Algebra
alumno_01089,Bases de Datos I
alumno_01090,Programacion Orientada a Objetos
alumno_01090,Calculo I
alumno_01090,Algebra Lineal
alumno_01090,Fisica I
alumno_01090,Introduccion a la Programacion
alumno_01090,Algebra
alumno_01091,Programacion Orientada a Objetos
alumno_01091,Calculo I
alumno_01091,Estructuras de Datos
alumno_01091,Fisica I
alumno_01091,Introduccion a la Programacion
alumno_01091,Algebra
alumno_01091,Bases de Datos I
alumno_01092,Programacion Orientada a Objetos
alumno_01092,Probabilidad y Estadistica
alumno_01092,Algebra Lineal
alumno_01092,Estructuras de Datos
alumno_01092,Fisica I
alumno_01092,Matematica Discreta
alumno_01092,Introduccion a la Programacion
alumno_01092,Algebra
alumno_01092,Bases de Datos I
alumno_01093,Programacion Orientada a Objetos
alumno_01093,Probabilidad y Estadistica
alumno_01093,Calculo I
alumno_01093,Algebra Lineal
alumno_01093,Estructuras de Datos
alumno_01093,Fisica I
alumno_01093,Calculo II
alumno_01093,Introduccion a la Programacion
alumno_01093,Algebra
alumno_01093,Bases de Datos I
alumno_01094,Introduccion a la Programacion
alumno_01094,Calculo I
alumno_01094,Algebra
alumno_01095,Programacion Orientada a Objetos
alumno_01095,Calculo I
alumno_01095,Algebra Lineal
alumno_01095,Estructuras de Datos
alumno_01095,Fisica I
alumno_01095,Matematica Discreta
alumno_01095,Introduccion a la Programacion
alumno_01095,Calculo III
alumno_01095,Algebra
alumno_01096,Programacion Orientada a Objetos
alumno_01096,Estructuras de Datos
alumno_01096,Algebra
alumno_01096,Introduccion a la Programacion
alumno_01096,Bases de Datos I
alumno_01097,Programacion Orientada a Objetos
alumno_01097,Calculo I
alumno_01097,Estructuras de Datos
alumno_01097,Calculo II
alumno_01097,Introduccion a la Programacion
alumno_01097,Algebra
alumno_01097,Bases de Datos I
alumno_01098,Matematica Discreta
alumno_01098,Programacion Orientada a Objetos
alumno_01098,Calculo I
alumno_01098,Algebra Lineal
alumno_01098,Estructuras de Datos
alumno_01098,Calculo II
alumno_01098,Introduccion a la Programacion
alumno_01098,Calculo III
alumno_01098,Algebra
alumno_01099,Calculo I
alumno_01099,Algebra Lineal
alumno_01099,Fisica I
alumno_01099,Calculo II
alumno_01099,Introduccion a la Programacion
alumno_01099,Calculo III
alumno_01099,Algebra
alumno_01100,Introduccion a la Programacion
alumno_01100,Fisica I
alumno_01100,Calculo I
alumno_01100,Programacion Orientada a Objetos
alumno_01101,Matematica Discreta
alumno_01101,Probabilidad y Estadistica
alumno_01101,Calculo I
alumno_01101,Algebra Lineal
alumno_01101,Fisica I
alumno_01101,Calculo II
alumno_01101,Algebra
alumno_01102,Programacion Orientada a Objetos
alumno_01102,Algebra Lineal
alumno_01102,Estructuras de Datos
alumno_01102,Fisica I
alumno_01102,Introduccion a la Programacion
alumno_01102,Algebra
alumno_01102,Bases de Datos I
alumno_01103,Algebra
alumno_01103,Fisica I
alumno_01103,Calculo I
alumno_01104,Matematica Discreta
alumno_01104,Probabilidad y Estadistica
alumno_01104,Calculo I
alumno_01104,Algebra Lineal
alumno_01104,Fisica I
alumno_01104,Calculo II
alumno_01104,Introduccion a la Programacion
alumno_01104,Calculo III
alumno_01104,Algebra
alumno_01105,Programacion Orientada a Objetos
alumno_01105,Probabilidad y Estadistica
alumno_01105,Calculo I
alumno_01105,Estructuras de Datos
alumno_01105,Fisica I
alumno_01105,Calculo II
alumno_01105,Introduccion a la Programacion
alumno_01105,Bases de Datos I
alumno_01106,Programacion Orientada a Objetos
alumno_01106,Calculo I
alumno_01106,Algebra Lineal
alumno_01106,Estructuras de Datos
alumno_01106,Fisica I
alumno_01106,Matematica Discreta
alumno_01106,Introduccion a la Programacion
alumno_01106,Algebra
alumno_01106,Bases de Datos I
alumno_01107,Probabilidad y Estadistica
alumno_01107,Calculo I
alumno_01107,Calculo II
alumno_01107,Introduccion a la Programacion
alumno_01107,Calculo III
alumno_01108,Programacion Orientada a Objetos
alumno_01108,Probabilidad y Estadistica
alumno_01108,Calculo I
alumno_01108,Estructuras de Datos
alumno_01108,Fisica I
alumno_01108,Calculo II
alumno_01108,Introduccion a la Programacion
alumno_01108,Calculo III
alumno_01108,Algebra
alumno_01108,Bases de Datos I
alumno_01109,Introduccion a la Programacion
alumno_01109,Fisica I
alumno_01109,Programacion Orientada a Objetos
alumno_01109,Calculo II
alumno_01110,Programacion Orientada a Objetos
alumno_01110,Algebra Lineal
alumno_01110,Estructuras de Datos
alumno_01110,Fisica I
alumno_01110,Introduccion a la Programacion
alumno_01110,Algebra
alumno_01110,Bases de Datos I
alumno_01111,Introduccion a la Programacion
alumno_01111,Calculo I
alumno_01111,Estructuras de Datos
alumno_01111,Programacion Orientada a Objetos
alumno_01112,Introduccion a la Programacion
alumno_01112,Algebra
alumno_01112,Algebra Lineal
alumno_01113,Programacion Orientada a Objetos
alumno_01113,Calculo I
alumno_01113,Algebra Lineal
alumno_01113,Estructuras de Datos
alumno_01113,Fisica I
alumno_01113,Introduccion a la Programacion
alumno_01113,Algebra
alumno_01114,Introduccion a la Programacion
alumno_01114,Fisica I
alumno_01114,Calculo I
alumno_01114,Programacion Orientada a Objetos
alumno_01115,Programacion Orientada a Objetos
alumno_01115,Algebra Lineal
alumno_01115,Estructuras de Datos
alumno_01115,Fisica I
alumno_01115,Matematica Discreta
alumno_01115,Introduccion a la Programacion
alumno_01115,Algebra
alumno_01116,Programacion Orientada a Objetos
alumno_01116,Calculo I
alumno_01116,Algebra Lineal
alumno_01116,Estructuras de Datos
alumno_01116,Fisica I
alumno_01116,Calculo II
alumno_01116,Introduccion a la Programacion
alumno_01116,Algebra
alumno_01116,Bases de Datos I
alumno_01117,Calculo I
alumno_01117,Algebra Lineal
alumno_01117,Fisica I
alumno_01117,Matematica Discreta
alumno_01117,Introduccion a la Programacion
alumno_01117,Algebra
alumno_01118,Probabilidad y Estadistica
alumno_01118,Fisica I
alumno_01118,Calculo II
alumno_01118,Algebra
alumno_01118,Calculo III
alumno_01119,Programacion Orientada a Objetos
alumno_01119,Calculo I
alumno_01119,Algebra Lineal
alumno_01119,Estructuras de Datos
alumno_01119,Fisica I
alumno_01119,Matematica Discreta
alumno_01119,Introduccion a la Programacion
alumno_01119,Algebra
alumno_01120,Programacion Orientada a Objetos
alumno_01120,Calculo I
alumno_01120,Algebra Lineal
alumno_01120,Estructuras de Datos
alumno_01120,Fisica I
alumno_01120,Matematica Discreta
alumno_01120,Introduccion a la Programacion
alumno_01120,Algebra
alumno_01120,Bases de Datos I
alumno_01121,Programacion Orientada a Objetos
alumno_01121,Algebra Lineal
alumno_01121,Estructuras de Datos
alumno_01121,Fisica I
alumno_01121,Matematica Discreta
alumno_01121,Introduccion a la Programacion
alumno_01121,Algebra
alumno_01122,Probabilidad y Estadistica
alumno_01122,Calculo I
alumno_01122,Matematica Discreta
alumno_01122,Calculo II
alumno_01123,Programacion Orientada a Objetos
alumno_01123,Probabilidad y Estadistica
alumno_01123,Calculo I
alumno_01123,Estructuras de Datos
alumno_01123,Fisica I
alumno_01123,Calculo II
alumno_01123,Introduccion a la Programacion
alumno_01123,Algebra
alumno_01123,Bases de Datos I
alumno_01124,Programacion Orientada a Objetos
alumno_01124,Estructuras de Datos
alumno_01124,Fisica I
alumno_01124,Introduccion a la Programacion
alumno_01124,Bases de Datos I
alumno_01125,Programacion Orientada a Objetos
alumno_01125,Probabilidad y Estadistica
alumno_01125,Algebra Lineal
alumno_01125,Estructuras de Datos
alumno_01125,Introduccion a la Programacion
alumno_01125,Algebra
alumno_01125,Bases de Datos I
alumno_01126,Introduccion a la Programacion
alumno_01126,Estructuras de Datos
alumno_01126,Bases de Datos I
alumno_01126,Programacion Orientada a Objetos
alumno_01127,Programacion Orientada a Objetos
alumno_01127,Calculo I
alumno_01127,Calculo II
alumno_01127,Introduccion a la Programacion
alumno_01127,Calculo III
alumno_01128,Programacion Orientada a Objetos
alumno_01128,Algebra Lineal
alumno_01128,Estructuras de Datos
alumno_01128,Fisica I
alumno_01128,Matematica Discreta
alumno_01128,Introduccion a la Programacion
alumno_01128,Algebra
alumno_01128,Bases de Datos I
alumno_01129,Programacion Orientada a Objetos
alumno_01129,Probabilidad y Estadistica
alumno_01129,Algebra Lineal
alumno_01129,Estructuras de Datos
alumno_01129,Introduccion a la Programacion
alumno_01129,Algebra
alumno_01130,Programacion Orientada a Objetos
alumno_01130,Probabilidad y Estadistica
alumno_01130,Calculo I
alumno_01130,Algebra Lineal
alumno_01130,Estructuras de Datos
alumno_01130,Fisica I
alumno_01130,Calculo II
alumno_01130,Introduccion a la Programacion
alumno_01130,Calculo III
alumno_01130,Algebra
alumno_01130,Bases de Datos I
alumno_01131,Matematica Discreta
alumno_01131,Programacion Orientada a Objetos
alumno_01131,Calculo I
alumno_01131,Algebra Lineal
alumno_01131,Estructuras de Datos
alumno_01131,Fisica I
alumno_01131,Calculo II
alumno_01131,Introduccion a la Programacion
alumno_01131,Calculo III
alumno_01131,Algebra
alumno_01131,Bases de Datos I
alumno_01132,Programacion Orientada a Objetos
alumno_01132,Calculo I
alumno_01132,Algebra Lineal
alumno_01132,Estructuras de Datos
alumno_01132,Fisica I
alumno_01132,Calculo II
alumno_01132,Introduccion a la Programacion
alumno_01132,Calculo III
alumno_01132,Algebra
alumno_01132,Bases de Datos I
alumno_01133,Programacion Orientada a Objetos
alumno_01133,Algebra Lineal
alumno_01133,Matematica Discreta
alumno_01133,Introduccion a la Programacion
alumno_01133,Algebra
alumno_01134,Programacion Orientada a Objetos
alumno_01134,Calculo I
alumno_01134,Estructuras de Datos
alumno_01134,Matematica Discreta
alumno_01134,Introduccion a la Programacion
alumno_01134,Algebra
alumno_01134,Bases de Datos I
alumno_01135,Programacion Orientada a Objetos
alumno_01135,Algebra Lineal
alumno_01135,Estructuras de Datos
alumno_01135,Introduccion a la Programacion
alumno_01135,Algebra
alumno_01136,Programacion Orientada a Objetos
alumno_01136,Probabilidad y Estadistica
alumno_01136,Calculo I
alumno_01136,Estructuras de Datos
alumno_01136,Fisica I
alumno_01136,Calculo II
alumno_01136,Introduccion a la Programacion
alumno_01136,Algebra
alumno_01137,Matematica Discreta
alumno_01137,Programacion Orientada a Objetos
alumno_01137,Calculo I
alumno_01137,Algebra Lineal
alumno_01137,Estructuras de Datos
alumno_01137,Calculo II
alumno_01137,Introduccion a la Programacion
alumno_01137,Algebra
alumno_01137,Bases de Datos I
alumno_01138,Matematica Discreta
alumno_01138,Programacion Orientada a Objetos
alumno_01138,Calculo I
alumno_01138,Estructuras de Datos
alumno_01138,Fisica I
alumno_01138,Calculo II
alumno_01138,Introduccion a la Programacion
alumno_01138,Calculo III
alumno_01138,Algebra
alumno_01139,Programacion Orientada a Objetos
alumno_01139,Calculo I
alumno_01139,Estructuras de Datos
alumno_01139,Fisica I
alumno_01139,Introduccion a la Programacion
alumno_01139,Bases de Datos I
alumno_01140,Matematica Discreta
alumno_01140,Programacion Orientada a Objetos
alumno_01140,Probabilidad y Estadistica
alumno_01140,Calculo I
alumno_01140,Algebra Lineal
alumno_01140,Estructuras de Datos
alumno_01140,Calculo II
alumno_01140,Introduccion a la Programacion
alumno_01140,Algebra
alumno_01140,Bases de Datos I
alumno_01141,Matematica Discreta
alumno_01141,Programacion Orientada a Objetos
alumno_01141,Probabilidad y Estadistica
alumno_01141,Calculo I
alumno_01141,Algebra Lineal
alumno_01141,Fisica I
alumno_01141,Calculo II
alumno_01141,Introduccion a la Programacion
alumno_01141,Algebra
alumno_01142,Introduccion a la Programacion
alumno_01142,Calculo I
alumno_01142,Algebra
alumno_01142,Algebra Lineal
alumno_01143,Programacion Orientada a Objetos
alumno_01143,Calculo I
alumno_01143,Algebra Lineal
alumno_01143,Estructuras de Datos
alumno_01143,Fisica I
alumno_01143,Introduccion a la Programacion
alumno_01143,Algebra
alumno_01143,Bases de Datos I
alumno_01144,Fisica I
alumno_01144,Probabilidad y Estadistica
alumno_01144,Matematica Discreta
alumno_01145,Programacion Orientada a Objetos
alumno_01145,Probabilidad y Estadistica
alumno_01145,Calculo I
alumno_01145,Algebra Lineal
alumno_01145,Fisica I
alumno_01145,Calculo II
alumno_01145,Introduccion a la Programacion
alumno_01145,Calculo III
alumno_01145,Algebra
alumno_01146,Matematica Discreta
alumno_01146,Programacion Orientada a Objetos
alumno_01146,Probabilidad y Estadistica
alumno_01146,Calculo I
alumno_01146,Algebra Lineal
alumno_01146,Calculo II
alumno_01146,Introduccion a la Programacion
alumno_01146,Calculo III
alumno_01146,Algebra
alumno_01147,Programacion Orientada a Objetos
alumno_01147,Probabilidad y Estadistica
alumno_01147,Calculo I
alumno_01147,Algebra Lineal
alumno_01147,Estructuras de Datos
alumno_01147,Calculo II
alumno_01147,Introduccion a la Programacion
alumno_01147,Calculo III
alumno_01147,Algebra
alumno_01148,Calculo I
alumno_01148,Algebra Lineal
alumno_01148,Fisica I
alumno_01148,Matematica Discreta
alumno_01148,Introduccion a la Programacion
alumno_01148,Algebra
alumno_01149,Programacion Orientada a Objetos
alumno_01149,Probabilidad y Estadistica
alumno_01149,Estructuras de Datos
alumno_01149,Fisica I
alumno_01149,Calculo II
alumno_01149,Introduccion a la Programacion
alumno_01149,Calculo III
alumno_01149,Algebra
alumno_01150,Programacion Orientada a Objetos
alumno_01150,Probabilidad y Estadistica
alumno_01150,Calculo I
alumno_01150,Algebra Lineal
alumno_01150,Estructuras de Datos
alumno_01150,Calculo II
alumno_01150,Introduccion a la Programacion
alumno_01150,Algebra
alumno_01150,Bases de Datos I
alumno_01151,Programacion Orientada a Objetos
alumno_01151,Probabilidad y Estadistica
alumno_01151,Calculo I
alumno_01151,Estructuras de Datos
alumno_01151,Calculo II
alumno_01151,Introduccion a la Programacion
alumno_01151,Calculo III
alumno_01151,Bases de Datos I
alumno_01152,Programacion Orientada a Objetos
alumno_01152,Algebra Lineal
alumno_01152,Estructuras de Datos
alumno_01152,Matematica Discreta
alumno_01152,Introduccion a la Programacion
alumno_01152,Algebra
alumno_01153,Probabilidad y Estadistica
alumno_01153,Calculo I
alumno_01153,Algebra Lineal
alumno_01153,Calculo II
alumno_01153,Algebra
alumno_01153,Calculo III
alumno_01154,Introduccion a la Programacion
alumno_01154,Estructuras de Datos
alumno_01154,Bases de Datos I
alumno_01154,Programacion Orientada a Objetos
alumno_01155,Calculo I
alumno_01155,Fisica I
alumno_01155,Calculo II
alumno_01155,Algebra
alumno_01155,Calculo III
alumno_01156,Programacion Orientada a Objetos
alumno_01156,Calculo I
alumno_01156,Estructuras de Datos
alumno_01156,Calculo II
alumno_01156,Introduccion a la Programacion
alumno_01156,Calculo III
alumno_01156,Algebra
alumno_01156,Bases de Datos I
alumno_01157,Calculo II
alumno_01157,Calculo I
alumno_01157,Matematica Discreta
alumno_01157,Introduccion a la Programacion
alumno_01157,Calculo III
alumno_01157,Algebra
alumno_01158,Programacion Orientada a Objetos
alumno_01158,Calculo I
alumno_01158,Estructuras de Datos
alumno_01158,Fisica I
alumno_01158,Calculo II
alumno_01158,Introduccion a la Programacion
alumno_01158,Bases de Datos I
alumno_01159,Matematica Discreta
alumno_01159,Programacion Orientada a Objetos
alumno_01159,Calculo I
alumno_01159,Estructuras de Datos
alumno_01159,Fisica I
alumno_01159,Calculo II
alumno_01159,Introduccion a la Programacion
alumno_01159,Calculo III
alumno_01159,Algebra
alumno_01159,Bases de Datos I
alumno_01160,Programacion Orientada a Objetos
alumno_01160,Probabilidad y Estadistica
alumno_01160,Calculo I
alumno_01160,Estructuras de Datos
alumno_01160,Fisica I
alumno_01160,Calculo II
alumno_01160,Introduccion a la Programacion
alumno_01160,Calculo III
alumno_01160,Algebra
alumno_01160,Bases de Datos I
alumno_01161,Matematica Discreta
alumno_01161,Programacion Orientada a Objetos
alumno_01161,Calculo I
alumno_01161,Algebra Lineal
alumno_01161,Fisica I
alumno_01161,Calculo II
alumno_01161,Introduccion a la Programacion
alumno_01161,Calculo III
alumno_01161,Algebra
alumno_01162,Calculo II
alumno_01162,Fisica I
alumno_01162,Matematica Discreta
alumno_01162,Introduccion a la Programacion
alumno_01162,Calculo III
alumno_01163,Programacion Orientada a Objetos
alumno_01163,Probabilidad y Estadistica
alumno_01163,Calculo I
alumno_01163,Estructuras de Datos
alumno_01163,Calculo II
alumno_01163,Introduccion a la Programacion
alumno_01163,Bases de Datos I
alumno_01164,Programacion Orientada a Objetos
alumno_01164,Probabilidad y Estadistica
alumno_01164,Calculo I
alumno_01164,Algebra Lineal
alumno_01164,Calculo II
alumno_01164,Introduccion a la Programacion
alumno_01164,Calculo III
alumno_01164,Algebra
alumno_01165,Introduccion a la Programacion
alumno_01165,Fisica I
alumno_01165,Calculo I
alumno_01165,Programacion Orientada a Objetos
alumno_01166,Matematica Discreta
alumno_01166,Programacion Orientada a Objetos
alumno_01166,Probabilidad y Estadistica
alumno_01166,Calculo I
alumno_01166,Algebra Lineal
alumno_01166,Estructuras de Datos
alumno_01166,Fisica I
alumno_01166,Calculo II
alumno_01166,Introduccion a la Programacion
alumno_01166,Algebra
alumno_01167,Introduccion a la Programacion
alumno_01167,Calculo I
alumno_01167,Programacion Orientada a Objetos
alumno_01168,Calculo I
alumno_01168,Algebra Lineal
alumno_01168,Fisica I
alumno_01168,Matematica Discreta
alumno_01168,Introduccion a la Programacion
alumno_01168,Algebra
alumno_01169,Matematica Discreta
alumno_01169,Programacion Orientada a Objetos
alumno_01169,Probabilidad y Estadistica
alumno_01169,Calculo I
alumno_01169,Estructuras de Datos
alumno_01169,Calculo II
alumno_01169,Introduccion a la Programacion
alumno_01169,Algebra
alumno_01169,Bases de Datos I
alumno_01170,Matematica Discreta
alumno_01170,Probabilidad y Estadistica
alumno_01170,Calculo I
alumno_01170,Algebra Lineal
alumno_01170,Fisica I
alumno_01170,Calculo II
alumno_01170,Algebra
alumno_01170,Calculo III
alumno_01171,Matematica Discreta
alumno_01171,Calculo I
alumno_01171,Algebra Lineal
alumno_01171,Fisica I
alumno_01171,Calculo II
alumno_01171,Introduccion a la Programacion
alumno_01172,Matematica Discreta
alumno_01172,Programacion Orientada a Objetos
alumno_01172,Calculo I
alumno_01172,Algebra Lineal
alumno_01172,Estructuras de Datos
alumno_01172,Calculo II
alumno_01172,Introduccion a la Programacion
alumno_01172,Algebra
alumno_01173,Introduccion a la Programacion
alumno_01173,Algebra
alumno_01173,Algebra Lineal
alumno_01174,Programacion Orientada a Objetos
alumno_01174,Probabilidad y Estadistica
alumno_01174,Calculo I
alumno_01174,Algebra Lineal
alumno_01174,Estructuras de Datos
alumno_01174,Fisica I
alumno_01174,Introduccion a la Programacion
alumno_01174,Algebra
alumno_01174,Bases de Datos I
alumno_01175,Programacion Orientada a Objetos
alumno_01175,Probabilidad y Estadistica
alumno_01175,Calculo I
alumno_01175,Estructuras de Datos
alumno_01175,Fisica I
alumno_01175,Calculo II
alumno_01175,Introduccion a la Programacion
alumno_01175,Calculo III
alumno_01175,Bases de Datos I
alumno_01176,Programacion Orientada a Objetos
alumno_01176,Calculo I
alumno_01176,Estructuras de Datos
alumno_01176,Fisica I
alumno_01176,Calculo II
alumno_01176,Introduccion a la Programacion
alumno_01176,Calculo III
alumno_01176,Algebra
alumno_01177,Calculo II
alumno_01177,Calculo I
alumno_01177,Algebra Lineal
alumno_01177,Matematica Discreta
alumno_01177,Algebra
alumno_01177,Calculo III
alumno_01178,Programacion Orientada a Objetos
alumno_01178,Probabilidad y Estadistica
alumno_01178,Calculo I
alumno_01178,Estructuras de Datos
alumno_01178,Fisica I
alumno_01178,Calculo II
alumno_01178,Introduccion a la Programacion
alumno_01178,Calculo III
alumno_01178,Bases de Datos I
alumno_01179,Programacion Orientada a Objetos
alumno_01179,Calculo I
alumno_01179,Algebra Lineal
alumno_01179,Estructuras de Datos
alumno_01179,Fisica I
alumno_01179,Calculo II
alumno_01179,Introduccion a la Programacion
alumno_01179,Algebra
alumno_01180,Programacion Orientada a Objetos
alumno_01180,Calculo I
alumno_01180,Algebra Lineal
alumno_01180,Estructuras de Datos
alumno_01180,Fisica I
alumno_01180,Calculo II
alumno_01180,Introduccion a la Programacion
alumno_01180,Algebra
alumno_01181,Matematica Discreta
alumno_01181,Programacion Orientada a Objetos
alumno_01181,Calculo I
alumno_01181,Algebra Lineal
alumno_01181,Calculo II
alumno_01181,Introduccion a la Programacion
alumno_01181,Calculo III
alumno_01181,Algebra
alumno_01182,Programacion Orientada a Objetos
alumno_01182,Algebra Lineal
alumno_01182,Estructuras de Datos
alumno_01182,Introduccion a la Programacion
alumno_01182,Algebra
alumno_01183,Programacion Orientada a Objetos
alumno_01183,Calculo I
alumno_01183,Estructuras de Datos
alumno_01183,Fisica I
alumno_01183,Introduccion a la Programacion
alumno_01183,Calculo III
alumno_01183,Bases de Datos I
alumno_01184,Introduccion a la Programacion
alumno_01184,Fisica I
alumno_01184,Algebra
alumno_01184,Matematica Discreta
alumno_01185,Programacion Orientada a Objetos
alumno_01185,Calculo I
alumno_01185,Algebra Lineal
alumno_01185,Estructuras de Datos
alumno_01185,Matematica Discreta
alumno_01185,Introduccion a la Programacion
alumno_01185,Calculo III
alumno_01185,Algebra
alumno_01186,Programacion Orientada a Objetos
alumno_01186,Probabilidad y Estadistica
alumno_01186,Calculo I
alumno_01186,Algebra Lineal
alumno_01186,Estructuras de Datos
alumno_01186,Calculo II
alumno_01186,Introduccion a la Programacion
alumno_01186,Algebra
alumno_01186,Bases de Datos I
alumno_01187,Matematica Discreta
alumno_01187,Calculo I
alumno_01187,Algebra Lineal
alumno_01187,Calculo II
alumno_01187,Introduccion a la Programacion
alumno_01187,Calculo III
alumno_01187,Algebra
alumno_01188,Algebra
alumno_01188,Calculo I
alumno_01188,Calculo II
alumno_01189,Probabilidad y Estadistica
alumno_01189,Calculo I
alumno_01189,Fisica I
alumno_01189,Calculo II
alumno_01189,Introduccion a la Programacion
alumno_01189,Calculo III
alumno_01190,Matematica Discreta
alumno_01190,Programacion Orientada a Objetos
alumno_01190,Probabilidad y Estadistica
alumno_01190,Calculo I
alumno_01190,Algebra Lineal
alumno_01190,Estructuras de Datos
alumno_01190,Calculo II
alumno_01190,Introduccion a la Programacion
alumno_01190,Calculo III
alumno_01190,Algebra
alumno_01190,Bases de Datos I
alumno_01191,Programacion Orientada a Objetos
alumno_01191,Algebra Lineal
alumno_01191,Estructuras de Datos
alumno_01191,Matematica Discreta
alumno_01191,Introduccion a la Programacion
alumno_01191,Algebra
alumno_01191,Bases de Datos I
alumno_01192,Programacion Orientada a Objetos
alumno_01192,Probabilidad y Estadistica
alumno_01192,Calculo I
alumno_01192,Fisica I
alumno_01192,Calculo II
alumno_01192,Introduccion a la Programacion
alumno_01192,Algebra
alumno_01192,Bases de Datos I
alumno_01193,Programacion Orientada a Objetos
alumno_01193,Probabilidad y Estadistica
alumno_01193,Calculo I
alumno_01193,Algebra Lineal
alumno_01193,Estructuras de Datos
alumno_01193,Fisica I
alumno_01193,Calculo II
alumno_01193,Introduccion a la Programacion
alumno_01193,Calculo III
alumno_01193,Algebra
alumno_01193,Bases de Datos I
alumno_01194,Fisica I
alumno_01194,Calculo I
alumno_01194,Probabilidad y Estadistica
alumno_01194,Calculo II
alumno_01195,Programacion Orientada a Objetos
alumno_01195,Algebra Lineal
alumno_01195,Estructuras de Datos
alumno_01195,Introduccion a la Programacion
alumno_01195,Algebra
alumno_01195,Bases de Datos I
alumno_01196,Programacion Orientada a Objetos
alumno_01196,Calculo I
alumno_01196,Estructuras de Datos
alumno_01196,Fisica I
alumno_01196,Calculo II
alumno_01196,Introduccion a la Programacion
alumno_01196,Calculo III
alumno_01196,Algebra
alumno_01196,Bases de Datos I
alumno_01197,Programacion Orientada a Objetos
alumno_01197,Probabilidad y Estadistica
alumno_01197,Calculo I
alumno_01197,Algebra Lineal
alumno_01197,Estructuras de Datos
alumno_01197,Calculo II
alumno_01197,Introduccion a la Programacion
alumno_01197,Algebra
alumno_01197,Bases de Datos I
alumno_01198,Matematica Discreta
alumno_01198,Programacion Orientada a Objetos
alumno_01198,Calculo I
alumno_01198,Algebra Lineal
alumno_01198,Estructuras de Datos
alumno_01198,Fisica I
alumno_01198,Calculo II
alumno_01198,Introduccion a la Programacion
alumno_01198,Calculo III
alumno_01198,Algebra
alumno_01199,Programacion Orientada a Objetos
alumno_01199,Probabilidad y Estadistica
alumno_01199,Calculo I
alumno_01199,Algebra Lineal
alumno_01199,Calculo II
alumno_01199,Introduccion a la Programacion
alumno_01199,Calculo III
alumno_01199,Algebra
alumno_01200,Introduccion a la Programacion
alumno_01200,Fisica I
alumno_01200,Algebra
alumno_01200,Algebra Lineal
alumno_01201,Programacion Orientada a Objetos
alumno_01201,Calculo I
alumno_01201,Estructuras de Datos
alumno_01201,Fisica I
alumno_01201,Calculo II
alumno_01201,Introduccion a la Programacion
alumno_01201,Algebra
alumno_01202,Probabilidad y Estadistica
alumno_01202,Calculo I
alumno_01202,Matematica Discreta
alumno_01202,Introduccion a la Programacion
alumno_01202,Algebra
alumno_01203,Matematica Discreta
alumno_01203,Calculo I
alumno_01203,Fisica I
alumno_01203,Calculo II
alumno_01203,Introduccion a la Programacion
alumno_01203,Algebra
alumno_01204,Algebra
alumno_01204,Fisica I
alumno_01204,Algebra Lineal
alumno_01204,Matematica Discreta
alumno_01205,Programacion Orientada a Objetos
alumno_01205,Calculo I
alumno_01205,Algebra Lineal
alumno_01205,Fisica I
alumno_01205,Introduccion a la Programacion
alumno_01205,Algebra
alumno_01206,Programacion Orientada a Objetos
alumno_01206,Algebra Lineal
alumno_01206,Fisica I
alumno_01206,Introduccion a la Programacion
alumno_01206,Algebra
alumno_01207,Calculo I
alumno_01207,Algebra Lineal
alumno_01207,Fisica I
alumno_01207,Introduccion a la Programacion
alumno_01207,Algebra
alumno_01208,Programacion Orientada a Objetos
alumno_01208,Estructuras de Datos
alumno_01208,Fisica I
alumno_01208,Matematica Discreta
alumno_01208,Introduccion a la Programacion
alumno_01209,Programacion Orientada a Objetos
alumno_01209,Algebra Lineal
alumno_01209,Estructuras de Datos
alumno_01209,Fisica I
alumno_01209,Matematica Discreta
alumno_01209,Introduccion a la Programacion
alumno_01209,Algebra
alumno_01209,Bases de Datos I
alumno_01210,Programacion Orientada a Objetos
alumno_01210,Calculo I
alumno_01210,Estructuras de Datos
alumno_01210,Calculo II
alumno_01210,Introduccion a la Programacion
alumno_01210,Calculo III
alumno_01210,Bases de Datos I
alumno_01211,Programacion Orientada a Objetos
alumno_01211,Calculo I
alumno_01211,Algebra Lineal
alumno_01211,Estructuras de Datos
alumno_01211,Fisica I
alumno_01211,Introduccion a la Programacion
alumno_01211,Algebra
alumno_01211,Bases de Datos I
alumno_01212,Matematica Discreta
alumno_01212,Programacion Orientada a Objetos
alumno_01212,Probabilidad y Estadistica
alumno_01212,Calculo I
alumno_01212,Algebra Lineal
alumno_01212,Estructuras de Datos
alumno_01212,Calculo II
alumno_01212,Introduccion a la Programacion
alumno_01212,Algebra
alumno_01212,Bases de Datos I
alumno_01213,Programacion Orientada a Objetos
alumno_01213,Algebra Lineal
alumno_01213,Estructuras de Datos
alumno_01213,Fisica I
alumno_01213,Introduccion a la Programacion
alumno_01213,Algebra
alumno_01214,Fisica I
alumno_01215,Programacion Orientada a Objetos
alumno_01215,Algebra Lineal
alumno_01215,Fisica I
alumno_01215,Matematica Discreta
alumno_01215,Introduccion a la Programacion
alumno_01215,Algebra
alumno_01216,Programacion Orientada a Objetos
alumno_01216,Calculo I
alumno_01216,Fisica I
alumno_01216,Calculo II
alumno_01216,Introduccion a la Programacion
alumno_01216,Calculo III
alumno_01217,Matematica Discreta
alumno_01217,Probabilidad y Estadistica
alumno_01217,Calculo I
alumno_01217,Algebra Lineal
alumno_01217,Fisica I
alumno_01217,Calculo II
alumno_01217,Introduccion a la Programacion
alumno_01217,Calculo III
alumno_01217,Algebra
alumno_01217,Bases de Datos I
alumno_01218,Calculo I
alumno_01218,Algebra Lineal
alumno_01218,Fisica I
alumno_01218,Calculo II
alumno_01218,Algebra
alumno_01218,Calculo III
alumno_01219,Programacion Orientada a Objetos
alumno_01219,Estructuras de Datos
alumno_01219,Fisica I
alumno_01219,Introduccion a la Programacion
alumno_01219,Algebra
alumno_01219,Bases de Datos I
alumno_01220,Introduccion a la Programacion
alumno_01220,Fisica I
alumno_01220,Calculo I
alumno_01220,Programacion Orientada a Objetos
alumno_01221,Programacion Orientada a Objetos
alumno_01221,Calculo I
alumno_01221,Estructuras de Datos
alumno_01221,Calculo II
alumno_01221,Introduccion a la Programacion
alumno_01221,Calculo III
alumno_01221,Bases de Datos I
alumno_01222,Matematica Discreta
alumno_01222,Programacion Orientada a Objetos
alumno_01222,Probabilidad y Estadistica
alumno_01222,Calculo I
alumno_01222,Estructuras de Datos
alumno_01222,Calculo II
alumno_01222,Introduccion a la Programacion
alumno_01222,Calculo III
alumno_01222,Algebra
alumno_01222,Bases de Datos I
alumno_01223,Programacion Orientada a Objetos
alumno_01223,Probabilidad y Estadistica
alumno_01223,Calculo I
alumno_01223,Estructuras de Datos
alumno_01223,Fisica I
alumno_01223,Calculo II
alumno_01223,Introduccion a la Programacion
alumno_01223,Calculo III
alumno_01223,Algebra
alumno_01224,Matematica Discreta
alumno_01224,Calculo I
alumno_01224,Fisica I
alumno_01224,Calculo II
alumno_01224,Introduccion a la Programacion
alumno_01224,Algebra
alumno_01225,Programacion Orientada a Objetos
alumno_01225,Algebra Lineal
alumno_01225,Estructuras de Datos
alumno_01225,Fisica I
alumno_01225,Matematica Discreta
alumno_01225,Introduccion a la Programacion
alumno_01225,Algebra
alumno_01225,Bases de Datos I
alumno_01226,Programacion Orientada a Objetos
alumno_01226,Calculo I
alumno_01226,Estructuras de Datos
alumno_01226,Calculo II
alumno_01226,Introduccion a la Programacion
alumno_01226,Calculo III
alumno_01226,Algebra
alumno_01226,Bases de Datos I
alumno_01227,Programacion Orientada a Objetos
alumno_01227,Calculo I
alumno_01227,Algebra Lineal
alumno_01227,Fisica I
alumno_01227,Calculo II
alumno_01227,Introduccion a la Programacion
alumno_01227,Calculo III
alumno_01227,Algebra
alumno_01228,Matematica Discreta
alumno_01228,Programacion Orientada a Objetos
alumno_01228,Probabilidad y Estadistica
alumno_01228,Calculo I
alumno_01228,Algebra Lineal
alumno_01228,Estructuras de Datos
alumno_01228,Fisica I
alumno_01228,Calculo II
alumno_01228,Introduccion a la Programacion
alumno_01228,Calculo III
alumno_01228,Algebra
alumno_01229,Fisica I
alumno_01229,Calculo I
alumno_01230,Programacion Orientada a Objetos
alumno_01230,Estructuras de Datos
alumno_01230,Fisica I
alumno_01230,Introduccion a la Programacion
alumno_01230,Bases de Datos I
alumno_01231,Matematica Discreta
alumno_01231,Programacion Orientada a Objetos
alumno_01231,Probabilidad y Estadistica
alumno_01231,Calculo I
alumno_01231,Fisica I
alumno_01231,Calculo II
alumno_01231,Introduccion a la Programacion
alumno_01231,Calculo III
alumno_01231,Algebra
alumno_01232,Matematica Discreta
alumno_01232,Programacion Orientada a Objetos
alumno_01232,Probabilidad y Estadistica
alumno_01232,Calculo I
alumno_01232,Fisica I
alumno_01232,Calculo II
alumno_01232,Introduccion a la Programacion
alumno_01232,Calculo III
alumno_01232,Bases de Datos I
alumno_01233,Programacion Orientada a Objetos
alumno_01233,Probabilidad y Estadistica
alumno_01233,Calculo I
alumno_01233,Calculo II
alumno_01233,Introduccion a la Programacion
alumno_01234,Introduccion a la Programacion
alumno_01234,Estructuras de Datos
alumno_01234,Bases de Datos I
alumno_01234,Programacion Orientada a Objetos
alumno_01235,Programacion Orientada a Objetos
alumno_01235,Algebra Lineal
alumno_01235,Estructuras de Datos
alumno_01235,Fisica I
alumno_01235,Introduccion a la Programacion
alumno_01235,Algebra
alumno_01236,Matematica Discreta
alumno_01236,Programacion Orientada a Objetos
alumno_01236,Calculo I
alumno_01236,Estructuras de Datos
alumno_01236,Fisica I
alumno_01236,Calculo II
alumno_01236,Introduccion a la Programacion
alumno_01236,Calculo III
alumno_01236,Bases de Datos I
alumno_01237,Introduccion a la Programacion
alumno_01237,Fisica I
alumno_01237,Calculo I
alumno_01237,Programacion Orientada a Objetos
alumno_01238,Matematica Discreta
alumno_01238,Probabilidad y Estadistica
alumno_01238,Calculo I
alumno_01238,Algebra Lineal
alumno_01238,Fisica I
alumno_01238,Calculo II
alumno_01238,Algebra
alumno_01238,Calculo III
alumno_01239,Programacion Orientada a Objetos
alumno_01239,Probabilidad y Estadistica
alumno_01239,Calculo I
alumno_01239,Calculo II
alumno_01239,Introduccion a la Programacion
alumno_01239,Calculo III
alumno_01239,Algebra
alumno_01240,Programacion Orientada a Objetos
alumno_01240,Probabilidad y Estadistica
alumno_01240,Calculo I
alumno_01240,Algebra Lineal
alumno_01240,Estructuras de Datos
alumno_01240,Fisica I
alumno_01240,Calculo II
alumno_01240,Introduccion a la Programacion
alumno_01240,Algebra
alumno_01240,Bases de Datos I
alumno_01241,Programacion Orientada a Objetos
alumno_01241,Probabilidad y Estadistica
alumno_01241,Calculo I
alumno_01241,Algebra Lineal
alumno_01241,Estructuras de Datos
alumno_01241,Fisica I
alumno_01241,Calculo II
alumno_01241,Introduccion a la Programacion
alumno_01241,Algebra
alumno_01241,Bases de Datos I
alumno_01242,Matematica Discreta
alumno_01242,Programacion Orientada a Objetos
alumno_01242,Probabilidad y Estadistica
alumno_01242,Calculo I
alumno_01242,Calculo II
alumno_01242,Introduccion a la Programacion
alumno_01242,Calculo III
alumno_01242,Algebra
alumno_01243,Calculo I
alumno_01243,Fisica I
alumno_01243,Matematica Discreta
alumno_01243,Introduccion a la Programacion
alumno_01243,Algebra
alumno_01244,Probabilidad y Estadistica
alumno_01244,Calculo I
alumno_01244,Algebra Lineal
alumno_01244,Fisica I
alumno_01244,Calculo II
alumno_01244,Introduccion a la Programacion
alumno_01244,Algebra
alumno_01245,Programacion Orientada a Objetos
alumno_01245,Estructuras de Datos
alumno_01245,Fisica I
alumno_01245,Matematica Discreta
alumno_01245,Introduccion a la Programacion
alumno_01245,Algebra
alumno_01246,Programacion Orientada a Objetos
alumno_01246,Algebra Lineal
alumno_01246,Estructuras de Datos
alumno_01246,Introduccion a la Programacion
alumno_01246,Algebra
alumno_01246,Bases de Datos I
alumno_01247,Programacion Orientada a Objetos
alumno_01247,Calculo I
alumno_01247,Algebra Lineal
alumno_01247,Estructuras de Datos
alumno_01247,Fisica I
alumno_01247,Matematica Discreta
alumno_01247,Introduccion a la Programacion
alumno_01247,Algebra
alumno_01247,Bases de Datos I
alumno_01248,Programacion Orientada a Objetos
alumno_01248,Algebra Lineal
alumno_01248,Estructuras de Datos
alumno_01248,Fisica I
alumno_01248,Introduccion a la Programacion
alumno_01248,Algebra
alumno_01249,Programacion Orientada a Objetos
alumno_01249,Probabilidad y Estadistica
alumno_01249,Calculo I
alumno_01249,Fisica I
alumno_01249,Calculo II
alumno_01249,Introduccion a la Programacion
alumno_01249,Algebra
alumno_01250,Programacion Orientada a Objetos
alumno_01250,Estructuras de Datos
alumno_01250,Fisica I
alumno_01250,Introduccion a la Programacion
alumno_01250,Calculo III
alumno_01250,Bases de Datos I
alumno_01251,Programacion Orientada a Objetos
alumno_01251,Calculo I
alumno_01251,Algebra Lineal
alumno_01251,Estructuras de Datos
alumno_01251,Fisica I
alumno_01251,Matematica Discreta
alumno_01251,Introduccion a la Programacion
alumno_01251,Algebra
alumno_01252,Matematica Discreta
alumno_01252,Programacion Orientada a Objetos
alumno_01252,Probabilidad y Estadistica
alumno_01252,Calculo I
alumno_01252,Algebra Lineal
alumno_01252,Estructuras de Datos
alumno_01252,Fisica I
alumno_01252,Calculo II
alumno_01252,Introduccion a la Programacion
alumno_01252,Calculo III
alumno_01252,Algebra
alumno_01253,Algebra
alumno_01253,Calculo I
alumno_01253,Algebra Lineal
alumno_01254,Programacion Orientada a Objetos
alumno_01254,Probabilidad y Estadistica
alumno_01254,Calculo I
alumno_01254,Algebra Lineal
alumno_01254,Estructuras de Datos
alumno_01254,Fisica I
alumno_01254,Calculo II
alumno_01254,Introduccion a la Programacion
alumno_01254,Calculo III
alumno_01254,Algebra
alumno_01254,Bases de Datos I
alumno_01255,Programacion Orientada a Objetos
alumno_01255,Probabilidad y Estadistica
alumno_01255,Calculo I
alumno_01255,Algebra Lineal
alumno_01255,Estructuras de Datos
alumno_01255,Fisica I
alumno_01255,Calculo II
alumno_01255,Introduccion a la Programacion
alumno_01255,Calculo III
alumno_01255,Algebra
alumno_01255,Bases de Datos I
alumno_01256,Matematica Discreta
alumno_01256,Programacion Orientada a Objetos
alumno_01256,Probabilidad y Estadistica
alumno_01256,Calculo I
alumno_01256,Fisica I
alumno_01256,Calculo II
alumno_01256,Introduccion a la Programacion
alumno_01256,Calculo III
alumno_01256,Algebra
alumno_01257,Matematica Discreta
alumno_01257,Programacion Orientada a Objetos
alumno_01257,Calculo I
alumno_01257,Algebra Lineal
alumno_01257,Fisica I
alumno_01257,Calculo II
alumno_01257,Introduccion a la Programacion
alumno_01257,Calculo III
alumno_01257,Algebra
alumno_01258,Programacion Orientada a Objetos
alumno_01258,Calculo I
alumno_01258,Estructuras de Datos
alumno_01258,Matematica Discreta
alumno_01258,Introduccion a la Programacion
alumno_01258,Algebra
alumno_01258,Bases de Datos I
alumno_01259,Matematica Discreta
alumno_01259,Programacion Orientada a Objetos
alumno_01259,Probabilidad y Estadistica
alumno_01259,Calculo I
alumno_01259,Algebra Lineal
alumno_01259,Calculo II
alumno_01259,Introduccion a la Programacion
alumno_01259,Calculo III
alumno_01259,Algebra
alumno_01260,Calculo II
alumno_01260,Probabilidad y Estadistica
alumno_01260,Calculo I
alumno_01260,Matematica Discreta
alumno_01260,Calculo III
alumno_01261,Matematica Discreta
alumno_01261,Programacion Orientada a Objetos
alumno_01261,Calculo I
alumno_01261,Algebra Lineal
alumno_01261,Fisica I
alumno_01261,Calculo II
alumno_01261,Introduccion a la Programacion
alumno_01261,Calculo III
alumno_01261,Algebra
alumno_01262,Matematica Discreta
alumno_01262,Calculo I
alumno_01262,Algebra Lineal
alumno_01262,Calculo II
alumno_01262,Introduccion a la Programacion
alumno_01262,Calculo III
alumno_01262,Algebra
alumno_01263,Programacion Orientada a Objetos
alumno_01263,Probabilidad y Estadistica
alumno_01263,Calculo I
alumno_01263,Fisica I
alumno_01263,Calculo II
alumno_01263,Introduccion a la Programacion
alumno_01263,Calculo III
alumno_01263,Algebra
alumno_01263,Bases de Datos I
alumno_01264,Introduccion a la Programacion
alumno_01264,Fisica I
alumno_01264,Algebra
alumno_01264,Programacion Orientada a Objetos
alumno_01265,Programacion Orientada a Objetos
alumno_01265,Calculo I
alumno_01265,Estructuras de Datos
alumno_01265,Fisica I
alumno_01265,Calculo II
alumno_01265,Introduccion a la Programacion
alumno_01266,Matematica Discreta
alumno_01266,Programacion Orientada a Objetos
alumno_01266,Calculo I
alumno_01266,Algebra Lineal
alumno_01266,Estructuras de Datos
alumno_01266,Fisica I
alumno_01266,Calculo II
alumno_01266,Introduccion a la Programacion
alumno_01266,Calculo III
alumno_01266,Algebra
alumno_01266,Bases de Datos I
alumno_01267,Programacion Orientada a Objetos
alumno_01267,Probabilidad y Estadistica
alumno_01267,Calculo I
alumno_01267,Estructuras de Datos
alumno_01267,Calculo II
alumno_01267,Introduccion a la Programacion
alumno_01267,Calculo III
alumno_01267,Algebra
alumno_01268,Programacion Orientada a Objetos
alumno_01268,Calculo I
alumno_01268,Algebra Lineal
alumno_01268,Fisica I
alumno_01268,Calculo II
alumno_01268,Introduccion a la Programacion
alumno_01268,Calculo III
alumno_01268,Algebra
alumno_01269,Programacion Orientada a Objetos
alumno_01269,Estructuras de Datos
alumno_01269,Matematica Discreta
alumno_01269,Introduccion a la Programacion
alumno_01269,Algebra
alumno_01269,Bases de Datos I
alumno_01270,Probabilidad y Estadistica
alumno_01270,Calculo I
alumno_01270,Fisica I
alumno_01270,Calculo II
alumno_01270,Introduccion a la Programacion
alumno_01270,Calculo III
alumno_01270,Algebra
alumno_01271,Introduccion a la Programacion
alumno_01271,Probabilidad y Estadistica
alumno_01271,Algebra
alumno_01271,Algebra Lineal
alumno_01272,Programacion Orientada a Objetos
alumno_01272,Calculo I
alumno_01272,Algebra Lineal
alumno_01272,Estructuras de Datos
alumno_01272,Fisica I
alumno_01272,Matematica Discreta
alumno_01272,Introduccion a la Programacion
alumno_01272,Algebra
alumno_01273,Algebra
alumno_01273,Matematica Discreta
alumno_01273,Algebra Lineal
alumno_01273,Programacion Orientada a Objetos
alumno_01274,Programacion Orientada a Objetos
alumno_01274,Probabilidad y Estadistica
alumno_01274,Calculo I
alumno_01274,Calculo II
alumno_01274,Introduccion a la Programacion
alumno_01274,Calculo III
alumno_01275,Matematica Discreta
alumno_01275,Programacion Orientada a Objetos
alumno_01275,Calculo I
alumno_01275,Algebra Lineal
alumno_01275,Estructuras de Datos
alumno_01275,Calculo II
alumno_01275,Introduccion a la Programacion
alumno_01275,Calculo III
alumno_01275,Algebra
alumno_01275,Bases de Datos I
alumno_01276,Matematica Discreta
alumno_01276,Programacion Orientada a Objetos
alumno_01276,Calculo I
alumno_01276,Algebra Lineal
alumno_01276,Estructuras de Datos
alumno_01276,Fisica I
alumno_01276,Calculo II
alumno_01276,Introduccion a la Programacion
alumno_01276,Algebra
alumno_01276,Bases de Datos I
alumno_01277,Matematica Discreta
alumno_01277,Programacion Orientada a Objetos
alumno_01277,Probabilidad y Estadistica
alumno_01277,Calculo I
alumno_01277,Estructuras de Datos
alumno_01277,Fisica I
alumno_01277,Calculo II
alumno_01277,Introduccion a la Programacion
alumno_01277,Calculo III
alumno_01277,Algebra
alumno_01278,Algebra Lineal
alumno_01278,Fisica I
alumno_01278,Matematica Discreta
alumno_01278,Introduccion a la Programacion
alumno_01278,Algebra
alumno_01279,Programacion Orientada a Objetos
alumno_01279,Probabilidad y Estadistica
alumno_01279,Calculo I
alumno_01279,Algebra Lineal
alumno_01279,Estructuras de Datos
alumno_01279,Calculo II
alumno_01279,Introduccion a la Programacion
alumno_01279,Algebra
alumno_01279,Bases de Datos I
alumno_01280,Calculo I
alumno_01280,Algebra Lineal
alumno_01280,Fisica I
alumno_01280,Calculo II
alumno_01280,Introduccion a la Programacion
alumno_01280,Calculo III
alumno_01280,Algebra
alumno_01281,Programacion Orientada a Objetos
alumno_01281,Probabilidad y Estadistica
alumno_01281,Calculo I
alumno_01281,Algebra Lineal
alumno_01281,Fisica I
alumno_01281,Calculo II
alumno_01281,Introduccion a la Programacion
alumno_01281,Calculo III
alumno_01281,Algebra
alumno_01282,Programacion Orientada a Objetos
alumno_01282,Calculo I
alumno_01282,Estructuras de Datos
alumno_01282,Fisica I
alumno_01282,Introduccion a la Programacion
alumno_01282,Algebra
alumno_01282,Bases de Datos I
alumno_01283,Matematica Discreta
alumno_01283,Programacion Orientada a Objetos
alumno_01283,Calculo I
alumno_01283,Algebra Lineal
alumno_01283,Estructuras de Datos
alumno_01283,Calculo II
alumno_01283,Introduccion a la Programacion
alumno_01283,Algebra
alumno_01283,Bases de Datos I
alumno_01284,Calculo I
alumno_01284,Algebra Lineal
alumno_01284,Fisica I
alumno_01284,Calculo II
alumno_01284,Algebra
alumno_01284,Calculo III
alumno_01285,Matematica Discreta
alumno_01285,Programacion Orientada a Objetos
alumno_01285,Calculo I
alumno_01285,Algebra Lineal
alumno_01285,Fisica I
alumno_01285,Calculo II
alumno_01285,Introduccion a la Programacion
alumno_01285,Calculo III
alumno_01285,Algebra
alumno_01286,Introduccion a la Programacion
alumno_01286,Algebra
alumno_01286,Algebra Lineal
alumno_01286,Matematica Discreta
alumno_01287,Programacion Orientada a Objetos
alumno_01287,Calculo I
alumno_01287,Algebra Lineal
alumno_01287,Estructuras de Datos
alumno_01287,Fisica I
alumno_01287,Calculo II
alumno_01287,Introduccion a la Programacion
alumno_01287,Algebra
alumno_01288,Programacion Orientada a Objetos
alumno_01288,Calculo I
alumno_01288,Algebra Lineal
alumno_01288,Fisica I
alumno_01288,Introduccion a la Programacion
alumno_01288,Algebra
alumno_01289,Matematica Discreta
alumno_01289,Programacion Orientada a Objetos
alumno_01289,Probabilidad y Estadistica
alumno_01289,Calculo I
alumno_01289,Algebra Lineal
alumno_01289,Estructuras de Datos
alumno_01289,Fisica I
alumno_01289,Calculo II
alumno_01289,Introduccion a la Programacion
alumno_01289,Calculo III
alumno_01289,Algebra
alumno_01290,Matematica Discreta
alumno_01290,Probabilidad y Estadistica
alumno_01290,Calculo I
alumno_01290,Algebra Lineal
alumno_01290,Fisica I
alumno_01290,Calculo II
alumno_01290,Algebra
alumno_01290,Calculo III
alumno_01291,Algebra
alumno_01291,Algebra Lineal
alumno_01291,Matematica Discreta
alumno_01292,Introduccion a la Programacion
alumno_01292,Calculo I
alumno_01292,Algebra
alumno_01292,Algebra Lineal
alumno_01293,Programacion Orientada a Objetos
alumno_01293,Calculo I
alumno_01293,Algebra Lineal
alumno_01293,Estructuras de Datos
alumno_01293,Fisica I
alumno_01293,Calculo II
alumno_01293,Introduccion a la Programacion
alumno_01293,Algebra
alumno_01293,Bases de Datos I
alumno_01294,Programacion Orientada a Objetos
alumno_01294,Calculo I
alumno_01294,Algebra Lineal
alumno_01294,Estructuras de Datos
alumno_01294,Fisica I
alumno_01294,Matematica Discreta
alumno_01294,Introduccion a la Programacion
alumno_01294,Algebra
alumno_01294,Bases de Datos I
alumno_01295,Programacion Orientada a Objetos
alumno_01295,Probabilidad y Estadistica
alumno_01295,Calculo I
alumno_01295,Fisica I
alumno_01295,Calculo II
alumno_01295,Introduccion a la Programacion
alumno_01295,Calculo III
alumno_01295,Algebra
alumno_01296,Matematica Discreta
alumno_01296,Programacion Orientada a Objetos
alumno_01296,Calculo I
alumno_01296,Algebra Lineal
alumno_01296,Estructuras de Datos
alumno_01296,Calculo II
alumno_01296,Introduccion a la Programacion
alumno_01296,Algebra
alumno_01296,Bases de Datos I
alumno_01297,Matematica Discreta
alumno_01297,Programacion Orientada a Objetos
alumno_01297,Calculo I
alumno_01297,Algebra Lineal
alumno_01297,Estructuras de Datos
alumno_01297,Fisica I
alumno_01297,Calculo II
alumno_01297,Introduccion a la Programacion
alumno_01297,Algebra
alumno_01298,Programacion Orientada a Objetos
alumno_01298,Calculo I
alumno_01298,Calculo II
alumno_01298,Introduccion a la Programacion
alumno_01298,Calculo III
alumno_01299,Programacion Orientada a Objetos
alumno_01299,Calculo I
alumno_01299,Algebra Lineal
alumno_01299,Estructuras de Datos
alumno_01299,Fisica I
alumno_01299,Matematica Discreta
alumno_01299,Introduccion a la Programacion
alumno_01299,Algebra
alumno_01299,Bases de Datos I
alumno_01300,Matematica Discreta
alumno_01300,Calculo I
alumno_01300,Algebra Lineal
alumno_01300,Fisica I
alumno_01300,Calculo II
alumno_01300,Algebra
alumno_01300,Calculo III
alumno_01301,Programacion Orientada a Objetos
alumno_01301,Algebra Lineal
alumno_01301,Estructuras de Datos
alumno_01301,Fisica I
alumno_01301,Introduccion a la Programacion
alumno_01301,Algebra
alumno_01302,Programacion Orientada a Objetos
alumno_01302,Probabilidad y Estadistica
alumno_01302,Calculo I
alumno_01302,Algebra Lineal
alumno_01302,Fisica I
alumno_01302,Calculo II
alumno_01302,Introduccion a la Programacion
alumno_01302,Calculo III
alumno_01302,Algebra
alumno_01303,Programacion Orientada a Objetos
alumno_01303,Probabilidad y Estadistica
alumno_01303,Calculo I
alumno_01303,Estructuras de Datos
alumno_01303,Fisica I
alumno_01303,Calculo II
alumno_01303,Introduccion a la Programacion
alumno_01303,Calculo III
alumno_01303,Bases de Datos I
alumno_01304,Programacion Orientada a Objetos
alumno_01304,Calculo I
alumno_01304,Algebra Lineal
alumno_01304,Estructuras de Datos
alumno_01304,Calculo II
alumno_01304,Introduccion a la Programacion
alumno_01304,Calculo III
alumno_01304,Algebra
alumno_01304,Bases de Datos I
alumno_01305,Programacion Orientada a Objetos
alumno_01305,Estructuras de Datos
alumno_01305,Fisica I
alumno_01305,Introduccion a la Programacion
alumno_01305,Algebra
alumno_01306,Calculo II
alumno_01306,Programacion Orientada a Objetos
alumno_01306,Probabilidad y Estadistica
alumno_01306,Calculo I
alumno_01306,Estructuras de Datos
alumno_01306,Matematica Discreta
alumno_01306,Introduccion a la Programacion
alumno_01306,Calculo III
alumno_01306,Bases de Datos I
alumno_01307,Algebra
alumno_01307,Calculo I
alumno_01307,Algebra Lineal
alumno_01307,Matematica Discreta
alumno_01308,Introduccion a la Programacion
alumno_01308,Programacion Orientada a Objetos
alumno_01309,Introduccion a la Programacion
alumno_01309,Fisica I
alumno_01310,Matematica Discreta
alumno_01310,Calculo I
alumno_01310,Algebra Lineal
alumno_01310,Estructuras de Datos
alumno_01310,Fisica I
alumno_01310,Calculo II
alumno_01310,Introduccion a la Programacion
alumno_01310,Calculo III
alumno_01310,Algebra
alumno_01310,Bases de Datos I
alumno_01311,Programacion Orientada a Objetos
alumno_01311,Probabilidad y Estadistica
alumno_01311,Calculo I
alumno_01311,Estructuras de Datos
alumno_01311,Calculo II
alumno_01311,Introduccion a la Programacion
alumno_01311,Calculo III
alumno_01311,Bases de Datos I
alumno_01312,Programacion Orientada a Objetos
alumno_01312,Calculo I
alumno_01312,Estructuras de Datos
alumno_01312,Fisica I
alumno_01312,Introduccion a la Programacion
alumno_01312,Algebra
alumno_01313,Programacion Orientada a Objetos
alumno_01313,Probabilidad y Estadistica
alumno_01313,Calculo I
alumno_01313,Algebra Lineal
alumno_01313,Fisica I
alumno_01313,Calculo II
alumno_01313,Introduccion a la Programacion
alumno_01313,Algebra
alumno_01314,Programacion Orientada a Objetos
alumno_01314,Probabilidad y Estadistica
alumno_01314,Calculo I
alumno_01314,Algebra Lineal
alumno_01314,Estructuras de Datos
alumno_01314,Fisica I
alumno_01314,Calculo II
alumno_01314,Introduccion a la Programacion
alumno_01314,Calculo III
alumno_01314,Algebra
alumno_01315,Matematica Discreta
alumno_01315,Calculo I
alumno_01315,Algebra Lineal
alumno_01315,Fisica I
alumno_01315,Calculo II
alumno_01315,Introduccion a la Programacion
alumno_01315,Calculo III
alumno_01315,Algebra
alumno_01315,Bases de Datos I
alumno_01316,Programacion Orientada a Objetos
alumno_01316,Calculo I
alumno_01316,Algebra Lineal
alumno_01316,Fisica I
alumno_01316,Matematica Discreta
alumno_01316,Introduccion a la Programacion
alumno_01316,Algebra
alumno_01317,Matematica Discreta
alumno_01317,Programacion Orientada a Objetos
alumno_01317,Probabilidad y Estadistica
alumno_01317,Calculo I
alumno_01317,Algebra Lineal
alumno_01317,Fisica I
alumno_01317,Calculo II
alumno_01317,Introduccion a la Programacion
alumno_01317,Calculo III
alumno_01317,Algebra
alumno_01318,Calculo I
alumno_01318,Algebra Lineal
alumno_01318,Introduccion a la Programacion
alumno_01318,Calculo III
alumno_01318,Algebra
alumno_01319,Programacion Orientada a Objetos
alumno_01319,Calculo I
alumno_01319,Algebra Lineal
alumno_01319,Estructuras de Datos
alumno_01319,Fisica I
alumno_01319,Calculo II
alumno_01319,Introduccion a la Programacion
alumno_01319,Calculo III
alumno_01319,Algebra
alumno_01320,Algebra
alumno_01320,Fisica I
alumno_01320,Algebra Lineal
alumno_01320,Matematica Discreta
alumno_01321,Programacion Orientada a Objetos
alumno_01321,Algebra Lineal
alumno_01321,Estructuras de Datos
alumno_01321,Fisica I
alumno_01321,Introduccion a la Programacion
alumno_01321,Algebra
alumno_01322,Probabilidad y Estadistica
alumno_01322,Calculo I
alumno_01322,Fisica I
alumno_01322,Calculo II
alumno_01322,Calculo III
alumno_01323,Programacion Orientada a Objetos
alumno_01323,Calculo I
alumno_01323,Algebra Lineal
alumno_01323,Estructuras de Datos
alumno_01323,Fisica I
alumno_01323,Introduccion a la Programacion
alumno_01323,Algebra
alumno_01324,Algebra
alumno_01324,Calculo I
alumno_01324,Algebra Lineal
alumno_01325,Programacion Orientada a Objetos
alumno_01325,Calculo I
alumno_01325,Calculo II
alumno_01325,Introduccion a la Programacion
alumno_01325,Calculo III
alumno_01326,Calculo I
alumno_01326,Algebra Lineal
alumno_01326,Fisica I
alumno_01326,Calculo II
alumno_01326,Introduccion a la Programacion
alumno_01326,Calculo III
alumno_01326,Algebra
alumno_01327,Matematica Discreta
alumno_01327,Probabilidad y Estadistica
alumno_01327,Calculo I
alumno_01327,Algebra Lineal
alumno_01327,Fisica I
alumno_01327,Calculo II
alumno_01327,Algebra
alumno_01327,Calculo III
alumno_01328,Programacion Orientada a Objetos
alumno_01328,Calculo I
alumno_01328,Algebra Lineal
alumno_01328,Estructuras de Datos
alumno_01328,Fisica I
alumno_01328,Calculo II
alumno_01328,Introduccion a la Programacion
alumno_01328,Algebra
alumno_01328,Bases de Datos I
alumno_01329,Programacion Orientada a Objetos
alumno_01329,Calculo I
alumno_01329,Algebra Lineal
alumno_01329,Estructuras de Datos
alumno_01329,Introduccion a la Programacion
alumno_01329,Algebra
alumno_01329,Bases de Datos I
alumno_01330,Matematica Discreta
alumno_01330,Programacion Orientada a Objetos
alumno_01330,Calculo I
alumno_01330,Estructuras de Datos
alumno_01330,Calculo II
alumno_01330,Introduccion a la Programacion
alumno_01330,Algebra
alumno_01330,Bases de Datos I
alumno_01331,Matematica Discreta
alumno_01331,Programacion Orientada a Objetos
alumno_01331,Probabilidad y Estadistica
alumno_01331,Calculo I
alumno_01331,Algebra Lineal
alumno_01331,Estructuras de Datos
alumno_01331,Fisica I
alumno_01331,Calculo II
alumno_01331,Introduccion a la Programacion
alumno_01331,Calculo III
alumno_01331,Algebra
alumno_01331,Bases de Datos I
alumno_01332,Algebra
alumno_01332,Calculo I
alumno_01332,Calculo III
alumno_01332,Algebra Lineal
alumno_01333,Matematica Discreta
alumno_01333,Programacion Orientada a Objetos
alumno_01333,Calculo I
alumno_01333,Algebra Lineal
alumno_01333,Estructuras de Datos
alumno_01333,Fisica I
alumno_01333,Calculo II
alumno_01333,Introduccion a la Programacion
alumno_01333,Calculo III
alumno_01333,Algebra
alumno_01333,Bases de Datos I
alumno_01334,Programacion Orientada a Objetos
alumno_01334,Calculo I
alumno_01334,Algebra Lineal
alumno_01334,Estructuras de Datos
alumno_01334,Calculo II
alumno_01334,Introduccion a la Programacion
alumno_01334,Calculo III
alumno_01334,Algebra
alumno_01334,Bases de Datos I
alumno_01335,Matematica Discreta
alumno_01335,Calculo I
alumno_01335,Algebra Lineal
alumno_01335,Fisica I
alumno_01335,Calculo II
alumno_01335,Introduccion a la Programacion
alumno_01335,Calculo III
alumno_01335,Algebra
alumno_01336,Matematica Discreta
alumno_01336,Programacion Orientada a Objetos
alumno_01336,Calculo I
alumno_01336,Algebra Lineal
alumno_01336,Estructuras de Datos
alumno_01336,Fisica I
alumno_01336,Calculo II
alumno_01336,Introduccion a la Programacion
alumno_01336,Calculo III
alumno_01336,Algebra
alumno_01337,Programacion Orientada a Objetos
alumno_01337,Calculo I
alumno_01337,Algebra Lineal
alumno_01337,Calculo II
alumno_01337,Introduccion a la Programacion
alumno_01337,Calculo III
alumno_01337,Algebra
alumno_01338,Introduccion a la Programacion
alumno_01338,Probabilidad y Estadistica
alumno_01338,Calculo I
alumno_01338,Calculo II
alumno_01339,Programacion Orientada a Objetos
alumno_01339,Algebra Lineal
alumno_01339,Estructuras de Datos
alumno_01339,Fisica I
alumno_01339,Matematica Discreta
alumno_01339,Introduccion a la Programacion
alumno_01339,Algebra
alumno_01340,Programacion Orientada a Objetos
alumno_01340,Probabilidad y Estadistica
alumno_01340,Calculo I
alumno_01340,Estructuras de Datos
alumno_01340,Calculo II
alumno_01340,Introduccion a la Programacion
alumno_01340,Calculo III
alumno_01341,Programacion Orientada a Objetos
alumno_01341,Probabilidad y Estadistica
alumno_01341,Algebra Lineal
alumno_01341,Estructuras de Datos
alumno_01341,Introduccion a la Programacion
alumno_01341,Algebra
alumno_01342,Programacion Orientada a Objetos
alumno_01342,Calculo I
alumno_01342,Algebra Lineal
alumno_01342,Estructuras de Datos
alumno_01342,Fisica I
alumno_01342,Matematica Discreta
alumno_01342,Introduccion a la Programacion
alumno_01342,Algebra
alumno_01342,Bases de Datos I
alumno_01343,Matematica Discreta
alumno_01343,Programacion Orientada a Objetos
alumno_01343,Probabilidad y Estadistica
alumno_01343,Calculo I
alumno_01343,Algebra Lineal
alumno_01343,Estructuras de Datos
alumno_01343,Calculo II
alumno_01343,Introduccion a la Programacion
alumno_01343,Calculo III
alumno_01343,Algebra
alumno_01343,Bases de Datos I
alumno_01344,Programacion Orientada a Objetos
alumno_01344,Calculo I
alumno_01344,Estructuras de Datos
alumno_01344,Fisica I
alumno_01344,Matematica Discreta
alumno_01344,Introduccion a la Programacion
alumno_01344,Algebra
alumno_01344,Bases de Datos I
alumno_01345,Probabilidad y Estadistica
alumno_01345,Calculo I
alumno_01345,Calculo II
alumno_01345,Introduccion a la Programacion
alumno_01345,Calculo III
alumno_01346,Programacion Orientada a Objetos
alumno_01346,Calculo I
alumno_01346,Algebra Lineal
alumno_01346,Estructuras de Datos
alumno_01346,Fisica I
alumno_01346,Matematica Discreta
alumno_01346,Introduccion a la Programacion
alumno_01346,Algebra
alumno_01346,Bases de Datos I
alumno_01347,Introduccion a la Programacion
alumno_01347,Probabilidad y Estadistica
alumno_01347,Algebra
alumno_01347,Algebra Lineal
alumno_01348,Introduccion a la Programacion
alumno_01348,Fisica I
alumno_01348,Programacion Orientada a Objetos
alumno_01349,Programacion Orientada a Objetos
alumno_01349,Calculo I
alumno_01349,Algebra Lineal
alumno_01349,Calculo II
alumno_01349,Introduccion a la Programacion
alumno_01349,Calculo III
alumno_01349,Algebra
alumno_01350,Programacion Orientada a Objetos
alumno_01350,Probabilidad y Estadistica
alumno_01350,Calculo I
alumno_01350,Algebra Lineal
alumno_01350,Calculo II
alumno_01350,Introduccion a la Programacion
alumno_01350,Calculo III
alumno_01350,Algebra
alumno_01351,Matematica Discreta
alumno_01351,Programacion Orientada a Objetos
alumno_01351,Probabilidad y Estadistica
alumno_01351,Calculo I
alumno_01351,Algebra Lineal
alumno_01351,Calculo II
alumno_01351,Introduccion a la Programacion
alumno_01351,Calculo III
alumno_01351,Algebra
alumno_01352,Introduccion a la Programacion
alumno_01352,Calculo I
alumno_01352,Programacion Orientada a Objetos
alumno_01352,Calculo II
alumno_01353,Programacion Orientada a Objetos
alumno_01353,Calculo I
alumno_01353,Estructuras de Datos
alumno_01353,Fisica I
alumno_01353,Matematica Discreta
alumno_01353,Introduccion a la Programacion
alumno_01353,Algebra
alumno_01353,Bases de Datos I
alumno_01354,Probabilidad y Estadistica
alumno_01354,Calculo I
alumno_01354,Fisica I
alumno_01354,Calculo II
alumno_01354,Calculo III
alumno_01355,Programacion Orientada a Objetos
alumno_01355,Calculo I
alumno_01355,Algebra Lineal
alumno_01355,Fisica I
alumno_01355,Matematica Discreta
alumno_01355,Introduccion a la Programacion
alumno_01355,Algebra
alumno_01356,Matematica Discreta
alumno_01356,Programacion Orientada a Objetos
alumno_01356,Calculo I
alumno_01356,Algebra Lineal
alumno_01356,Estructuras de Datos
alumno_01356,Fisica I
alumno_01356,Calculo II
alumno_01356,Introduccion a la Programacion
alumno_01356,Calculo III
alumno_01356,Algebra
alumno_01357,Programacion Orientada a Objetos
alumno_01357,Calculo I
alumno_01357,Algebra Lineal
alumno_01357,Fisica I
alumno_01357,Matematica Discreta
alumno_01357,Introduccion a la Programacion
alumno_01357,Algebra
alumno_01358,Programacion Orientada a Objetos
alumno_01358,Algebra Lineal
alumno_01358,Fisica I
alumno_01358,Matematica Discreta
alumno_01358,Introduccion a la Programacion
alumno_01358,Algebra
alumno_01359,Introduccion a la Programacion
alumno_01359,Algebra
alumno_01359,Programacion Orientada a Objetos
alumno_01360,Calculo II
alumno_01360,Programacion Orientada a Objetos
alumno_01360,Probabilidad y Estadistica
alumno_01360,Calculo I
alumno_01360,Estructuras de Datos
alumno_01360,Matematica Discreta
alumno_01360,Introduccion a la Programacion
alumno_01360,Bases de Datos I
alumno_01361,Calculo I
alumno_01361,Algebra Lineal
alumno_01361,Fisica I
alumno_01361,Introduccion a la Programacion
alumno_01361,Algebra
alumno_01362,Matematica Discreta
alumno_01362,Probabilidad y Estadistica
alumno_01362,Calculo I
alumno_01362,Algebra Lineal
alumno_01362,Fisica I
alumno_01362,Calculo II
alumno_01362,Algebra
alumno_01362,Calculo III
alumno_01363,Matematica Discreta
alumno_01363,Programacion Orientada a Objetos
alumno_01363,Probabilidad y Estadistica
alumno_01363,Calculo I
alumno_01363,Algebra Lineal
alumno_01363,Estructuras de Datos
alumno_01363,Calculo II
alumno_01363,Introduccion a la Programacion
alumno_01363,Calculo III
alumno_01363,Algebra
alumno_01363,Bases de Datos I
alumno_01364,Probabilidad y Estadistica
alumno_01364,Calculo I
alumno_01364,Algebra Lineal
alumno_01364,Fisica I
alumno_01364,Calculo II
alumno_01364,Algebra
alumno_01364,Calculo III
alumno_01365,Introduccion a la Programacion
alumno_01365,Calculo I
alumno_01365,Algebra
alumno_01365,Algebra Lineal
alumno_01366,Programacion Orientada a Objetos
alumno_01366,Calculo I
alumno_01366,Algebra Lineal
alumno_01366,Estructuras de Datos
alumno_01366,Calculo II
alumno_01366,Introduccion a la Programacion
alumno_01366,Calculo III
alumno_01366,Algebra
alumno_01367,Matematica Discreta
alumno_01367,Programacion Orientada a Objetos
alumno_01367,Calculo I
alumno_01367,Algebra Lineal
alumno_01367,Estructuras de Datos
alumno_01367,Fisica I
alumno_01367,Calculo II
alumno_01367,Introduccion a la Programacion
alumno_01367,Calculo III
alumno_01367,Algebra
alumno_01367,Bases de Datos I
alumno_01368,Programacion Orientada a Objetos
alumno_01368,Calculo I
alumno_01368,Fisica I
alumno_01368,Matematica Discreta
alumno_01368,Introduccion a la Programacion
alumno_01368,Algebra
alumno_01369,Matematica Discreta
alumno_01369,Calculo I
alumno_01369,Algebra Lineal
alumno_01369,Fisica I
alumno_01369,Calculo II
alumno_01369,Introduccion a la Programacion
alumno_01369,Calculo III
alumno_01369,Algebra
alumno_01369,Bases de Datos I
alumno_01370,Matematica Discreta
alumno_01370,Probabilidad y Estadistica
alumno_01370,Calculo I
alumno_01370,Fisica I
alumno_01370,Calculo II
alumno_01370,Introduccion a la Programacion
alumno_01370,Algebra
alumno_01371,Programacion Orientada a Objetos
alumno_01371,Probabilidad y Estadistica
alumno_01371,Calculo I
alumno_01371,Estructuras de Datos
alumno_01371,Calculo II
alumno_01371,Introduccion a la Programacion
alumno_01371,Bases de Datos I
alumno_01372,Programacion Orientada a Objetos
alumno_01372,Calculo I
alumno_01372,Algebra Lineal
alumno_01372,Estructuras de Datos
alumno_01372,Fisica I
alumno_01372,Calculo II
alumno_01372,Introduccion a la Programacion
alumno_01372,Algebra
alumno_01372,Bases de Datos I
alumno_01373,Programacion Orientada a Objetos
alumno_01373,Estructuras de Datos
alumno_01373,Fisica I
alumno_01373,Introduccion a la Programacion
alumno_01373,Bases de Datos I
alumno_01374,Programacion Orientada a Objetos
alumno_01374,Estructuras de Datos
alumno_01374,Matematica Discreta
alumno_01374,Introduccion a la Programacion
alumno_01374,Algebra
alumno_01374,Bases de Datos I
alumno_01375,Programacion Orientada a Objetos
alumno_01375,Probabilidad y Estadistica
alumno_01375,Calculo I
alumno_01375,Algebra Lineal
alumno_01375,Estructuras de Datos
alumno_01375,Fisica I
alumno_01375,Calculo II
alumno_01375,Introduccion a la Programacion
alumno_01375,Calculo III
alumno_01375,Algebra
alumno_01376,Programacion Orientada a Objetos
alumno_01376,Probabilidad y Estadistica
alumno_01376,Calculo I
alumno_01376,Estructuras de Datos
alumno_01376,Calculo II
alumno_01376,Introduccion a la Programacion
alumno_01377,Programacion Orientada a Objetos
alumno_01377,Probabilidad y Estadistica
alumno_01377,Calculo I
alumno_01377,Algebra Lineal
alumno_01377,Fisica I
alumno_01377,Calculo II
alumno_01377,Introduccion a la Programacion
alumno_01377,Algebra
alumno_01378,Programacion Orientada a Objetos
alumno_01378,Calculo I
alumno_01378,Fisica I
alumno_01378,Introduccion a la Programacion
alumno_01378,Bases de Datos I
alumno_01379,Programacion Orientada a Objetos
alumno_01379,Probabilidad y Estadistica
alumno_01379,Calculo I
alumno_01379,Estructuras de Datos
alumno_01379,Fisica I
alumno_01379,Calculo II
alumno_01379,Introduccion a la Programacion
alumno_01379,Calculo III
alumno_01379,Bases de Datos I
alumno_01380,Programacion Orientada a Objetos
alumno_01380,Calculo I
alumno_01380,Algebra Lineal
alumno_01380,Fisica I
alumno_01380,Matematica Discreta
alumno_01380,Introduccion a la Programacion
alumno_01380,Calculo III
alumno_01380,Algebra
alumno_01381,Calculo I
alumno_01381,Algebra Lineal
alumno_01381,Calculo II
alumno_01381,Introduccion a la Programacion
alumno_01381,Calculo III
alumno_01381,Algebra
alumno_01382,Matematica Discreta
alumno_01382,Programacion Orientada a Objetos
alumno_01382,Probabilidad y Estadistica
alumno_01382,Calculo I
alumno_01382,Estructuras de Datos
alumno_01382,Fisica I
alumno_01382,Calculo II
alumno_01382,Introduccion a la Programacion
alumno_01382,Calculo III
alumno_01382,Algebra
alumno_01382,Bases de Datos I
alumno_01383,Programacion Orientada a Objetos
alumno_01383,Probabilidad y Estadistica
alumno_01383,Calculo I
alumno_01383,Algebra Lineal
alumno_01383,Estructuras de Datos
alumno_01383,Matematica Discreta
alumno_01383,Introduccion a la Programacion
alumno_01383,Algebra
alumno_01383,Bases de Datos I
alumno_01384,Matematica Discreta
alumno_01384,Programacion Orientada a Objetos
alumno_01384,Calculo I
alumno_01384,Algebra Lineal
alumno_01384,Estructuras de Datos
alumno_01384,Fisica I
alumno_01384,Calculo II
alumno_01384,Introduccion a la Programacion
alumno_01384,Algebra
alumno_01384,Bases de Datos I
alumno_01385,Matematica Discreta
alumno_01385,Programacion Orientada a Objetos
alumno_01385,Probabilidad y Estadistica
alumno_01385,Calculo I
alumno_01385,Calculo II
alumno_01385,Introduccion a la Programacion
alumno_01385,Algebra
alumno_01386,Matematica Discreta
alumno_01386,Programacion Orientada a Objetos
alumno_01386,Calculo I
alumno_01386,Algebra Lineal
alumno_01386,Estructuras de Datos
alumno_01386,Fisica I
alumno_01386,Calculo II
alumno_01386,Introduccion a la Programacion
alumno_01386,Calculo III
alumno_01386,Algebra
alumno_01386,Bases de Datos I
alumno_01387,Matematica Discreta
alumno_01387,Programacion Orientada a Objetos
alumno_01387,Probabilidad y Estadistica
alumno_01387,Calculo I
alumno_01387,Algebra Lineal
alumno_01387,Estructuras de Datos
alumno_01387,Calculo II
alumno_01387,Introduccion a la Programacion
alumno_01387,Calculo III
alumno_01387,Algebra
alumno_01388,Programacion Orientada a Objetos
alumno_01388,Probabilidad y Estadistica
alumno_01388,Calculo I
alumno_01388,Estructuras de Datos
alumno_01388,Fisica I
alumno_01388,Calculo II
alumno_01388,Introduccion a la Programacion
alumno_01388,Calculo III
alumno_01388,Bases de Datos I
alumno_01389,Matematica Discreta
alumno_01389,Programacion Orientada a Objetos
alumno_01389,Probabilidad y Estadistica
alumno_01389,Calculo I
alumno_01389,Algebra Lineal
alumno_01389,Estructuras de Datos
alumno_01389,Fisica I
alumno_01389,Calculo II
alumno_01389,Introduccion a la Programacion
alumno_01389,Algebra
alumno_01389,Bases de Datos I
alumno_01390,Programacion Orientada a Objetos
alumno_01390,Calculo I
alumno_01390,Algebra Lineal
alumno_01390,Estructuras de Datos
alumno_01390,Fisica I
alumno_01390,Introduccion a la Programacion
alumno_01390,Algebra
alumno_01390,Bases de Datos I
alumno_01391,Matematica Discreta
alumno_01391,Programacion Orientada a Objetos
alumno_01391,Calculo I
alumno_01391,Algebra Lineal
alumno_01391,Fisica I
alumno_01391,Calculo II
alumno_01391,Introduccion a la Programacion
alumno_01391,Calculo III
alumno_01391,Algebra
alumno_01392,Programacion Orientada a Objetos
alumno_01392,Probabilidad y Estadistica
alumno_01392,Algebra Lineal
alumno_01392,Introduccion a la Programacion
alumno_01392,Algebra
alumno_01393,Programacion Orientada a Objetos
alumno_01393,Fisica I
alumno_01393,Matematica Discreta
alumno_01393,Introduccion a la Programacion
alumno_01393,Algebra
alumno_01394,Programacion Orientada a Objetos
alumno_01394,Calculo I
alumno_01394,Algebra Lineal
alumno_01394,Estructuras de Datos
alumno_01394,Introduccion a la Programacion
alumno_01394,Algebra
alumno_01395,Matematica Discreta
alumno_01395,Programacion Orientada a Objetos
alumno_01395,Probabilidad y Estadistica
alumno_01395,Calculo I
alumno_01395,Algebra Lineal
alumno_01395,Calculo II
alumno_01395,Introduccion a la Programacion
alumno_01395,Algebra
alumno_01396,Programacion Orientada a Objetos
alumno_01396,Algebra Lineal
alumno_01396,Estructuras de Datos
alumno_01396,Fisica I
alumno_01396,Introduccion a la Programacion
alumno_01396,Algebra
alumno_01396,Bases de Datos I
alumno_01397,Programacion Orientada a Objetos
alumno_01397,Calculo I
alumno_01397,Estructuras de Datos
alumno_01397,Fisica I
alumno_01397,Matematica Discreta
alumno_01397,Introduccion a la Programacion
alumno_01397,Algebra
alumno_01397,Bases de Datos I
alumno_01398,Introduccion a la Programacion
alumno_01398,Calculo I
alumno_01398,Algebra
alumno_01398,Algebra Lineal
alumno_01399,Programacion Orientada a Objetos
alumno_01399,Estructuras de Datos
alumno_01399,Fisica I
alumno_01399,Matematica Discreta
alumno_01399,Introduccion a la Programacion
alumno_01399,Algebra
alumno_01400,Programacion Orientada a Objetos
alumno_01400,Calculo I
alumno_01400,Algebra Lineal
alumno_01400,Estructuras de Datos
alumno_01400,Introduccion a la Programacion
alumno_01400,Algebra
alumno_01401,Programacion Orientada a Objetos
alumno_01401,Calculo I
alumno_01401,Fisica I
alumno_01401,Calculo II
alumno_01401,Introduccion a la Programacion
alumno_01401,Calculo III
alumno_01401,Algebra
alumno_01402,Matematica Discreta
alumno_01402,Programacion Orientada a Objetos
alumno_01402,Calculo I
alumno_01402,Algebra Lineal
alumno_01402,Estructuras de Datos
alumno_01402,Fisica I
alumno_01402,Calculo II
alumno_01402,Introduccion a la Programacion
alumno_01402,Calculo III
alumno_01402,Algebra
alumno_01402,Bases de Datos I
alumno_01403,Programacion Orientada a Objetos
alumno_01403,Calculo I
alumno_01403,Estructuras de Datos
alumno_01403,Fisica I
alumno_01403,Matematica Discreta
alumno_01403,Introduccion a la Programacion
alumno_01403,Bases de Datos I
alumno_01404,Programacion Orientada a Objetos
alumno_01404,Calculo I
alumno_01404,Estructuras de Datos
alumno_01404,Fisica I
alumno_01404,Introduccion a la Programacion
alumno_01404,Algebra
alumno_01404,Bases de Datos I
alumno_01405,Matematica Discreta
alumno_01405,Programacion Orientada a Objetos
alumno_01405,Probabilidad y Estadistica
alumno_01405,Calculo I
alumno_01405,Algebra Lineal
alumno_01405,Fisica I
alumno_01405,Calculo II
alumno_01405,Introduccion a la Programacion
alumno_01405,Calculo III
alumno_01405,Algebra
alumno_01406,Programacion Orientada a Objetos
alumno_01406,Algebra Lineal
alumno_01406,Estructuras de Datos
alumno_01406,Matematica Discreta
alumno_01406,Introduccion a la Programacion
alumno_01406,Algebra
alumno_01407,Programacion Orientada a Objetos
alumno_01407,Calculo I
alumno_01407,Estructuras de Datos
alumno_01407,Calculo II
alumno_01407,Introduccion a la Programacion
alumno_01407,Bases de Datos I
alumno_01408,Programacion Orientada a Objetos
alumno_01408,Probabilidad y Estadistica
alumno_01408,Calculo I
alumno_01408,Algebra Lineal
alumno_01408,Calculo II
alumno_01408,Introduccion a la Programacion
alumno_01408,Calculo III
alumno_01408,Algebra
alumno_01409,Matematica Discreta
alumno_01409,Programacion Orientada a Objetos
alumno_01409,Calculo I
alumno_01409,Algebra Lineal
alumno_01409,Estructuras de Datos
alumno_01409,Calculo II
alumno_01409,Introduccion a la Programacion
alumno_01409,Calculo III
alumno_01409,Algebra
alumno_01409,Bases de Datos I
alumno_01410,Programacion Orientada a Objetos
alumno_01410,Estructuras de Datos
alumno_01410,Fisica I
alumno_01410,Matematica Discreta
alumno_01410,Introduccion a la Programacion
alumno_01410,Algebra
alumno_01410,Bases de Datos I
alumno_01411,Programacion Orientada a Objetos
alumno_01411,Calculo I
alumno_01411,Algebra Lineal
alumno_01411,Fisica I
alumno_01411,Calculo II
alumno_01411,Introduccion a la Programacion
alumno_01411,Calculo III
alumno_01411,Algebra
alumno_01412,Introduccion a la Programacion
alumno_01412,Fisica I
alumno_01412,Matematica Discreta
alumno_01413,Programacion Orientada a Objetos
alumno_01413,Calculo I
alumno_01413,Algebra Lineal
alumno_01413,Estructuras de Datos
alumno_01413,Calculo II
alumno_01413,Introduccion a la Programacion
alumno_01413,Algebra
alumno_01413,Bases de Datos I
alumno_01414,Programacion Orientada a Objetos
alumno_01414,Probabilidad y Estadistica
alumno_01414,Calculo I
alumno_01414,Algebra Lineal
alumno_01414,Estructuras de Datos
alumno_01414,Fisica I
alumno_01414,Calculo II
alumno_01414,Introduccion a la Programacion
alumno_01414,Calculo III
alumno_01414,Algebra
alumno_01415,Programacion Orientada a Objetos
alumno_01415,Probabilidad y Estadistica
alumno_01415,Calculo I
alumno_01415,Estructuras de Datos
alumno_01415,Calculo II
alumno_01415,Introduccion a la Programacion
alumno_01415,Calculo III
alumno_01415,Algebra
alumno_01416,Programacion Orientada a Objetos
alumno_01416,Probabilidad y Estadistica
alumno_01416,Calculo I
alumno_01416,Algebra Lineal
alumno_01416,Calculo II
alumno_01416,Introduccion a la Programacion
alumno_01416,Algebra
alumno_01417,Programacion Orientada a Objetos
alumno_01417,Probabilidad y Estadistica
alumno_01417,Calculo I
alumno_01417,Algebra Lineal
alumno_01417,Estructuras de Datos
alumno_01417,Calculo II
alumno_01417,Introduccion a la Programacion
alumno_01417,Calculo III
alumno_01417,Algebra
alumno_01417,Bases de Datos I
alumno_01418,Programacion Orientada a Objetos
alumno_01418,Probabilidad y Estadistica
alumno_01418,Calculo I
alumno_01418,Estructuras de Datos
alumno_01418,Fisica I
alumno_01418,Calculo II
alumno_01418,Introduccion a la Programacion
alumno_01418,Calculo III
alumno_01419,Programacion Orientada a Objetos
alumno_01419,Probabilidad y Estadistica
alumno_01419,Calculo I
alumno_01419,Estructuras de Datos
alumno_01419,Fisica I
alumno_01419,Calculo II
alumno_01419,Introduccion a la Programacion
alumno_01419,Calculo III
alumno_01419,Bases de Datos I
alumno_01420,Programacion Orientada a Objetos
alumno_01420,Estructuras de Datos
alumno_01420,Fisica I
alumno_01420,Introduccion a la Programacion
alumno_01420,Bases de Datos I
alumno_01421,Programacion Orientada a Objetos
alumno_01421,Algebra Lineal
alumno_01421,Estructuras de Datos
alumno_01421,Fisica I
alumno_01421,Matematica Discreta
alumno_01421,Introduccion a la Programacion
alumno_01421,Algebra
alumno_01422,Programacion Orientada a Objetos
alumno_01422,Calculo I
alumno_01422,Estructuras de Datos
alumno_01422,Fisica I
alumno_01422,Algebra
alumno_01423,Programacion Orientada a Objetos
alumno_01423,Algebra Lineal
alumno_01423,Estructuras de Datos
alumno_01423,Fisica I
alumno_01423,Introduccion a la Programacion
alumno_01423,Algebra
alumno_01424,Programacion Orientada a Objetos
alumno_01424,Algebra Lineal
alumno_01424,Estructuras de Datos
alumno_01424,Fisica I
alumno_01424,Matematica Discreta
alumno_01424,Introduccion a la Programacion
alumno_01424,Algebra
alumno_01424,Bases de Datos I
alumno_01425,Programacion Orientada a Objetos
alumno_01425,Estructuras de Datos
alumno_01425,Fisica I
alumno_01425,Introduccion a la Programacion
alumno_01425,Algebra
alumno_01425,Bases de Datos I
alumno_01426,Programacion Orientada a Objetos
alumno_01426,Calculo I
alumno_01426,Algebra Lineal
alumno_01426,Fisica I
alumno_01426,Introduccion a la Programacion
alumno_01426,Algebra
alumno_01427,Programacion Orientada a Objetos
alumno_01427,Probabilidad y Estadistica
alumno_01427,Calculo I
alumno_01427,Estructuras de Datos
alumno_01427,Fisica I
alumno_01427,Calculo II
alumno_01427,Introduccion a la Programacion
alumno_01427,Calculo III
alumno_01427,Algebra
alumno_01428,Algebra
alumno_01428,Calculo I
alumno_01429,Algebra
alumno_01429,Algebra Lineal
alumno_01430,Programacion Orientada a Objetos
alumno_01430,Probabilidad y Estadistica
alumno_01430,Calculo I
alumno_01430,Algebra Lineal
alumno_01430,Estructuras de Datos
alumno_01430,Fisica I
alumno_01430,Calculo II
alumno_01430,Introduccion a la Programacion
alumno_01430,Calculo III
alumno_01430,Algebra
alumno_01431,Calculo I
alumno_01431,Algebra Lineal
alumno_01431,Estructuras de Datos
alumno_01431,Fisica I
alumno_01431,Matematica Discreta
alumno_01431,Introduccion a la Programacion
alumno_01431,Algebra
alumno_01431,Bases de Datos I
alumno_01432,Programacion Orientada a Objetos
alumno_01432,Probabilidad y Estadistica
alumno_01432,Calculo I
alumno_01432,Estructuras de Datos
alumno_01432,Fisica I
alumno_01432,Calculo II
alumno_01432,Introduccion a la Programacion
alumno_01432,Calculo III
alumno_01432,Bases de Datos I
alumno_01433,Introduccion a la Programacion
alumno_01433,Calculo I
alumno_01433,Programacion Orientada a Objetos
alumno_01434,Programacion Orientada a Objetos
alumno_01434,Probabilidad y Estadistica
alumno_01434,Calculo I
alumno_01434,Algebra Lineal
alumno_01434,Estructuras de Datos
alumno_01434,Fisica I
alumno_01434,Introduccion a la Programacion
alumno_01434,Algebra
alumno_01434,Bases de Datos I
alumno_01435,Programacion Orientada a Objetos
alumno_01435,Calculo I
alumno_01435,Algebra Lineal
alumno_01435,Fisica I
alumno_01435,Calculo II
alumno_01435,Introduccion a la Programacion
alumno_01435,Calculo III
alumno_01435,Algebra
alumno_01436,Programacion Orientada a Objetos
alumno_01436,Calculo I
alumno_01436,Algebra Lineal
alumno_01436,Fisica I
alumno_01436,Introduccion a la Programacion
alumno_01436,Algebra
alumno_01437,Programacion Orientada a Objetos
alumno_01437,Probabilidad y Estadistica
alumno_01437,Calculo I
alumno_01437,Algebra Lineal
alumno_01437,Fisica I
alumno_01437,Calculo II
alumno_01437,Introduccion a la Programacion
alumno_01437,Algebra
alumno_01438,Matematica Discreta
alumno_01438,Programacion Orientada a Objetos
alumno_01438,Probabilidad y Estadistica
alumno_01438,Calculo I
alumno_01438,Algebra Lineal
alumno_01438,Estructuras de Datos
alumno_01438,Fisica I
alumno_01438,Calculo II
alumno_01438,Introduccion a la Programacion
alumno_01438,Calculo III
alumno_01438,Algebra
alumno_01439,Programacion Orientada a Objetos
alumno_01439,Probabilidad y Estadistica
alumno_01439,Calculo I
alumno_01439,Algebra Lineal
alumno_01439,Fisica I
alumno_01439,Matematica Discreta
alumno_01439,Introduccion a la Programacion
alumno_01439,Algebra
alumno_01440,Programacion Orientada a Objetos
alumno_01440,Calculo I
alumno_01440,Estructuras de Datos
alumno_01440,Fisica I
alumno_01440,Calculo II
alumno_01440,Introduccion a la Programacion
alumno_01440,Calculo III
alumno_01440,Bases de Datos I
alumno_01441,Programacion Orientada a Objetos
alumno_01441,Calculo I
alumno_01441,Algebra Lineal
alumno_01441,Estructuras de Datos
alumno_01441,Fisica I
alumno_01441,Matematica Discreta
alumno_01441,Introduccion a la Programacion
alumno_01441,Algebra
alumno_01441,Bases de Datos I
alumno_01442,Matematica Discreta
alumno_01442,Programacion Orientada a Objetos
alumno_01442,Probabilidad y Estadistica
alumno_01442,Calculo I
alumno_01442,Algebra Lineal
alumno_01442,Estructuras de Datos
alumno_01442,Fisica I
alumno_01442,Calculo II
alumno_01442,Introduccion a la Programacion
alumno_01442,Algebra
alumno_01443,Programacion Orientada a Objetos
alumno_01443,Probabilidad y Estadistica
alumno_01443,Calculo I
alumno_01443,Algebra Lineal
alumno_01443,Estructuras de Datos
alumno_01443,Calculo II
alumno_01443,Introduccion a la Programacion
alumno_01443,Calculo III
alumno_01443,Algebra
alumno_01444,Calculo III
alumno_01444,Fisica I
alumno_01444,Calculo I
alumno_01444,Matematica Discreta
alumno_01445,Fisica I
alumno_01446,Programacion Orientada a Objetos
alumno_01446,Calculo I
alumno_01446,Estructuras de Datos
alumno_01446,Fisica I
alumno_01446,Calculo II
alumno_01446,Introduccion a la Programacion
alumno_01446,Bases de Datos I
alumno_01447,Programacion Orientada a Objetos
alumno_01447,Probabilidad y Estadistica
alumno_01447,Calculo I
alumno_01447,Estructuras de Datos
alumno_01447,Fisica I
alumno_01447,Calculo II
alumno_01447,Introduccion a la Programacion
alumno_01448,Probabilidad y Estadistica
alumno_01448,Calculo I
alumno_01448,Algebra Lineal
alumno_01448,Introduccion a la Programacion
alumno_01448,Algebra
alumno_01449,Probabilidad y Estadistica
alumno_01449,Calculo I
alumno_01449,Fisica I
alumno_01449,Calculo II
alumno_01449,Introduccion a la Programacion
alumno_01449,Algebra
alumno_01450,Probabilidad y Estadistica
alumno_01450,Calculo I
alumno_01450,Fisica I
alumno_01450,Calculo II
alumno_01450,Introduccion a la Programacion
alumno_01450,Calculo III
alumno_01450,Algebra
alumno_01451,Introduccion a la Programacion
alumno_01451,Fisica I
alumno_01451,Calculo I
alumno_01452,Programacion Orientada a Objetos
alumno_01452,Estructuras de Datos
alumno_01452,Fisica I
alumno_01452,Introduccion a la Programacion
alumno_01452,Algebra
alumno_01452,Bases de Datos I
alumno_01453,Matematica Discreta
alumno_01453,Programacion Orientada a Objetos
alumno_01453,Calculo I
alumno_01453,Algebra Lineal
alumno_01453,Estructuras de Datos
alumno_01453,Fisica I
alumno_01453,Calculo II
alumno_01453,Introduccion a la Programacion
alumno_01453,Algebra
alumno_01453,Bases de Datos I
alumno_01454,Probabilidad y Estadistica
alumno_01454,Calculo I
alumno_01454,Algebra Lineal
alumno_01454,Fisica I
alumno_01454,Calculo II
alumno_01454,Introduccion a la Programacion
alumno_01454,Algebra
alumno_01455,Programacion Orientada a Objetos
alumno_01455,Calculo I
alumno_01455,Estructuras de Datos
alumno_01455,Fisica I
alumno_01455,Introduccion a la Programacion
alumno_01455,Algebra
alumno_01456,Programacion Orientada a Objetos
alumno_01456,Calculo I
alumno_01456,Algebra Lineal
alumno_01456,Estructuras de Datos
alumno_01456,Fisica I
alumno_01456,Introduccion a la Programacion
alumno_01456,Algebra
alumno_01456,Bases de Datos I
alumno_01457,Programacion Orientada a Objetos
alumno_01457,Calculo I
alumno_01457,Algebra Lineal
alumno_01457,Estructuras de Datos
alumno_01457,Fisica I
alumno_01457,Calculo II
alumno_01457,Introduccion a la Programacion
alumno_01457,Calculo III
alumno_01457,Algebra
alumno_01457,Bases de Datos I
alumno_01458,Programacion Orientada a Objetos
alumno_01458,Calculo I
alumno_01458,Estructuras de Datos
alumno_01458,Fisica I
alumno_01458,Calculo II
alumno_01458,Introduccion a la Programacion
alumno_01458,Bases de Datos I
alumno_01459,Programacion Orientada a Objetos
alumno_01459,Probabilidad y Estadistica
alumno_01459,Calculo I
alumno_01459,Algebra Lineal
alumno_01459,Estructuras de Datos
alumno_01459,Fisica I
alumno_01459,Calculo II
alumno_01459,Introduccion a la Programacion
alumno_01459,Calculo III
alumno_01459,Algebra
alumno_01459,Bases de Datos I
alumno_01460,Programacion Orientada a Objetos
alumno_01460,Probabilidad y Estadistica
alumno_01460,Algebra Lineal
alumno_01460,Estructuras de Datos
alumno_01460,Fisica I
alumno_01460,Introduccion a la Programacion
alumno_01460,Algebra
alumno_01460,Bases de Datos I
alumno_01461,Matematica Discreta
alumno_01461,Programacion Orientada a Objetos
alumno_01461,Probabilidad y Estadistica
alumno_01461,Calculo I
alumno_01461,Estructuras de Datos
alumno_01461,Fisica I
alumno_01461,Calculo II
alumno_01461,Introduccion a la Programacion
alumno_01461,Algebra
alumno_01462,Matematica Discreta
alumno_01462,Programacion Orientada a Objetos
alumno_01462,Calculo I
alumno_01462,Algebra Lineal
alumno_01462,Estructuras de Datos
alumno_01462,Calculo II
alumno_01462,Introduccion a la Programacion
alumno_01462,Algebra
alumno_01462,Bases de Datos I
alumno_01463,Programacion Orientada a Objetos
alumno_01463,Calculo I
alumno_01463,Algebra Lineal
alumno_01463,Estructuras de Datos
alumno_01463,Fisica I
alumno_01463,Introduccion a la Programacion
alumno_01463,Algebra
alumno_01463,Bases de Datos I
alumno_01464,Programacion Orientada a Objetos
alumno_01464,Algebra Lineal
alumno_01464,Fisica I
alumno_01464,Matematica Discreta
alumno_01464,Introduccion a la Programacion
alumno_01464,Algebra
alumno_01465,Programacion Orientada a Objetos
alumno_01465,Calculo I
alumno_01465,Fisica I
alumno_01465,Calculo II
alumno_01465,Introduccion a la Programacion
alumno_01465,Algebra
alumno_01466,Introduccion a la Programacion
alumno_01466,Fisica I
alumno_01466,Algebra
alumno_01467,Programacion Orientada a Objetos
alumno_01467,Calculo I
alumno_01467,Algebra Lineal
alumno_01467,Estructuras de Datos
alumno_01467,Introduccion a la Programacion
alumno_01467,Algebra
alumno_01467,Bases de Datos I
alumno_01468,Programacion Orientada a Objetos
alumno_01468,Calculo I
alumno_01468,Estructuras de Datos
alumno_01468,Introduccion a la Programacion
alumno_01468,Bases de Datos I
alumno_01469,Matematica Discreta
alumno_01469,Programacion Orientada a Objetos
alumno_01469,Probabilidad y Estadistica
alumno_01469,Calculo I
alumno_01469,Algebra Lineal
alumno_01469,Fisica I
alumno_01469,Calculo II
alumno_01469,Algebra
alumno_01469,Calculo III
alumno_01470,Matematica Discreta
alumno_01470,Programacion Orientada a Objetos
alumno_01470,Probabilidad y Estadistica
alumno_01470,Calculo I
alumno_01470,Algebra Lineal
alumno_01470,Fisica I
alumno_01470,Calculo II
alumno_01470,Introduccion a la Programacion
alumno_01470,Algebra
alumno_01471,Programacion Orientada a Objetos
alumno_01471,Probabilidad y Estadistica
alumno_01471,Calculo I
alumno_01471,Algebra Lineal
alumno_01471,Fisica I
alumno_01471,Calculo II
alumno_01471,Introduccion a la Programacion
alumno_01471,Calculo III
alumno_01471,Algebra
alumno_01472,Calculo I
alumno_01472,Algebra Lineal
alumno_01472,Matematica Discreta
alumno_01472,Introduccion a la Programacion
alumno_01472,Calculo III
alumno_01472,Algebra
alumno_01473,Programacion Orientada a Objetos
alumno_01473,Calculo I
alumno_01473,Estructuras de Datos
alumno_01473,Fisica I
alumno_01473,Calculo II
alumno_01473,Introduccion a la Programacion
alumno_01473,Calculo III
alumno_01473,Algebra
alumno_01473,Bases de Datos I
alumno_01474,Programacion Orientada a Objetos
alumno_01474,Calculo I
alumno_01474,Algebra Lineal
alumno_01474,Estructuras de Datos
alumno_01474,Fisica I
alumno_01474,Matematica Discreta
alumno_01474,Introduccion a la Programacion
alumno_01474,Algebra
alumno_01475,Introduccion a la Programacion
alumno_01475,Programacion Orientada a Objetos
alumno_01476,Algebra
alumno_01476,Fisica I
alumno_01476,Calculo I
alumno_01476,Probabilidad y Estadistica
alumno_01477,Matematica Discreta
alumno_01477,Programacion Orientada a Objetos
alumno_01477,Probabilidad y Estadistica
alumno_01477,Calculo I
alumno_01477,Estructuras de Datos
alumno_01477,Calculo II
alumno_01477,Introduccion a la Programacion
alumno_01477,Calculo III
alumno_01477,Algebra
alumno_01478,Programacion Orientada a Objetos
alumno_01478,Calculo I
alumno_01478,Estructuras de Datos
alumno_01478,Fisica I
alumno_01478,Matematica Discreta
alumno_01478,Introduccion a la Programacion
alumno_01478,Algebra
alumno_01479,Calculo III
alumno_01479,Calculo I
alumno_01479,Calculo II
alumno_01480,Programacion Orientada a Objetos
alumno_01480,Calculo I
alumno_01480,Algebra Lineal
alumno_01480,Fisica I
alumno_01480,Matematica Discreta
alumno_01480,Introduccion a la Programacion
alumno_01480,Algebra
alumno_01481,Programacion Orientada a Objetos
alumno_01481,Probabilidad y Estadistica
alumno_01481,Calculo I
alumno_01481,Algebra Lineal
alumno_01481,Fisica I
alumno_01481,Calculo II
alumno_01481,Introduccion a la Programacion
alumno_01481,Algebra
alumno_01482,Matematica Discreta
alumno_01482,Programacion Orientada a Objetos
alumno_01482,Calculo I
alumno_01482,Algebra Lineal
alumno_01482,Estructuras de Datos
alumno_01482,Fisica I
alumno_01482,Calculo II
alumno_01482,Introduccion a la Programacion
alumno_01482,Algebra
alumno_01482,Bases de Datos I
alumno_01483,Programacion Orientada a Objetos
alumno_01483,Calculo I
alumno_01483,Estructuras de Datos
alumno_01483,Fisica I
alumno_01483,Introduccion a la Programacion
alumno_01484,Programacion Orientada a Objetos
alumno_01484,Probabilidad y Estadistica
alumno_01484,Calculo I
alumno_01484,Algebra Lineal
alumno_01484,Estructuras de Datos
alumno_01484,Calculo II
alumno_01484,Introduccion a la Programacion
alumno_01484,Calculo III
alumno_01484,Algebra
alumno_01484,Bases de Datos I
alumno_01485,Programacion Orientada a Objetos
alumno_01485,Calculo I
alumno_01485,Estructuras de Datos
alumno_01485,Fisica I
alumno_01485,Matematica Discreta
alumno_01485,Introduccion a la Programacion
alumno_01485,Bases de Datos I
alumno_01486,Programacion Orientada a Objetos
alumno_01486,Calculo I
alumno_01486,Matematica Discreta
alumno_01486,Introduccion a la Programacion
alumno_01486,Algebra
alumno_01486,Bases de Datos I
alumno_01487,Algebra
alumno_01487,Calculo I
alumno_01487,Algebra Lineal
alumno_01487,Calculo II
alumno_01488,Probabilidad y Estadistica
alumno_01488,Calculo I
alumno_01488,Algebra Lineal
alumno_01488,Calculo II
alumno_01488,Introduccion a la Programacion
alumno_01488,Algebra
alumno_01489,Programacion Orientada a Objetos
alumno_01489,Probabilidad y Estadistica
alumno_01489,Calculo I
alumno_01489,Estructuras de Datos
alumno_01489,Fisica I
alumno_01489,Calculo II
alumno_01489,Introduccion a la Programacion
alumno_01489,Bases de Datos I
alumno_01490,Programacion Orientada a Objetos
alumno_01490,Calculo I
alumno_01490,Estructuras de Datos
alumno_01490,Introduccion a la Programacion
alumno_01490,Bases de Datos I
alumno_01491,Programacion Orientada a Objetos
alumno_01491,Probabilidad y Estadistica
alumno_01491,Calculo I
alumno_01491,Estructuras de Datos
alumno_01491,Fisica I
alumno_01491,Calculo II
alumno_01491,Introduccion a la Programacion
alumno_01492,Matematica Discreta
alumno_01492,Programacion Orientada a Objetos
alumno_01492,Probabilidad y Estadistica
alumno_01492,Calculo I
alumno_01492,Algebra Lineal
alumno_01492,Estructuras de Datos
alumno_01492,Calculo II
alumno_01492,Introduccion a la Programacion
alumno_01492,Calculo III
alumno_01492,Algebra
alumno_01493,Programacion Orientada a Objetos
alumno_01493,Probabilidad y Estadistica
alumno_01493,Calculo I
alumno_01493,Calculo II
alumno_01493,Introduccion a la Programacion
alumno_01493,Calculo III
alumno_01494,Programacion Orientada a Objetos
alumno_01494,Calculo I
alumno_01494,Algebra Lineal
alumno_01494,Estructuras de Datos
alumno_01494,Fisica I
alumno_01494,Introduccion a la Programacion
alumno_01494,Algebra
alumno_01494,Bases de Datos I
alumno_01495,Matematica Discreta
alumno_01495,Calculo I
alumno_01495,Fisica I
alumno_01495,Calculo II
alumno_01495,Introduccion a la Programacion
alumno_01495,Algebra
alumno_01496,Programacion Orientada a Objetos
alumno_01496,Algebra Lineal
alumno_01496,Estructuras de Datos
alumno_01496,Fisica I
alumno_01496,Introduccion a la Programacion
alumno_01496,Algebra
alumno_01497,Matematica Discreta
alumno_01497,Programacion Orientada a Objetos
alumno_01497,Probabilidad y Estadistica
alumno_01497,Calculo I
alumno_01497,Estructuras de Datos
alumno_01497,Fisica I
alumno_01497,Calculo II
alumno_01497,Introduccion a la Programacion
alumno_01497,Calculo III
alumno_01497,Bases de Datos I
alumno_01498,Matematica Discreta
alumno_01498,Programacion Orientada a Objetos
alumno_01498,Calculo I
alumno_01498,Algebra Lineal
alumno_01498,Fisica I
alumno_01498,Calculo II
alumno_01498,Introduccion a la Programacion
alumno_01498,Algebra
alumno_01499,Introduccion a la Programacion
alumno_01499,Estructuras de Datos
alumno_01499,Programacion Orientada a Objetos
alumno_01500,Programacion Orientada a Objetos
alumno_01500,Probabilidad y Estadistica
alumno_01500,Calculo I
alumno_01500,Algebra Lineal
alumno_01500,Fisica I
alumno_01500,Calculo II
alumno_01500,Introduccion a la Programacion
alumno_01500,Calculo III
alumno_01500,Algebra
alumno_01501,Programacion Orientada a Objetos
alumno_01501,Calculo I
alumno_01501,Estructuras de Datos
alumno_01501,Fisica I
alumno_01501,Matematica Discreta
alumno_01501,Introduccion a la Programacion
alumno_01501,Algebra
alumno_01501,Bases de Datos I
alumno_01502,Matematica Discreta
alumno_01502,Calculo I
alumno_01502,Algebra Lineal
alumno_01502,Calculo II
alumno_01502,Introduccion a la Programacion
alumno_01502,Calculo III
alumno_01502,Algebra
alumno_01503,Programacion Orientada a Objetos
alumno_01503,Algebra Lineal
alumno_01503,Estructuras de Datos
alumno_01503,Fisica I
alumno_01503,Introduccion a la Programacion
alumno_01503,Algebra
alumno_01503,Bases de Datos I
alumno_01504,Programacion Orientada a Objetos
alumno_01504,Calculo I
alumno_01504,Algebra Lineal
alumno_01504,Introduccion a la Programacion
alumno_01504,Algebra
alumno_01505,Programacion Orientada a Objetos
alumno_01505,Calculo I
alumno_01505,Estructuras de Datos
alumno_01505,Fisica I
alumno_01505,Calculo II
alumno_01505,Introduccion a la Programacion
alumno_01505,Calculo III
alumno_01505,Bases de Datos I
alumno_01506,Matematica Discreta
alumno_01506,Calculo I
alumno_01506,Algebra Lineal
alumno_01506,Fisica I
alumno_01506,Calculo II
alumno_01506,Introduccion a la Programacion
alumno_01506,Calculo III
alumno_01506,Algebra
alumno_01507,Programacion Orientada a Objetos
alumno_01507,Algebra Lineal
alumno_01507,Estructuras de Datos
alumno_01507,Fisica I
alumno_01507,Matematica Discreta
alumno_01507,Introduccion a la Programacion
alumno_01507,Algebra
alumno_01507,Bases de Datos I
alumno_01508,Programacion Orientada a Objetos
alumno_01508,Calculo I
alumno_01508,Estructuras de Datos
alumno_01508,Calculo II
alumno_01508,Introduccion a la Programacion
alumno_01508,Calculo III
alumno_01509,Introduccion a la Programacion
alumno_01509,Algebra
alumno_01509,Programacion Orientada a Objetos
alumno_01510,Probabilidad y Estadistica
alumno_01510,Calculo I
alumno_01510,Algebra Lineal
alumno_01510,Fisica I
alumno_01510,Calculo II
alumno_01510,Algebra
alumno_01510,Calculo III
alumno_01511,Programacion Orientada a Objetos
alumno_01511,Probabilidad y Estadistica
alumno_01511,Calculo I
alumno_01511,Algebra Lineal
alumno_01511,Calculo II
alumno_01511,Introduccion a la Programacion
alumno_01511,Calculo III
alumno_01511,Algebra
alumno_01512,Programacion Orientada a Objetos
alumno_01512,Calculo I
alumno_01512,Algebra Lineal
alumno_01512,Estructuras de Datos
alumno_01512,Fisica I
alumno_01512,Calculo II
alumno_01512,Introduccion a la Programacion
alumno_01512,Calculo III
alumno_01512,Algebra
alumno_01512,Bases de Datos I
alumno_01513,Programacion Orientada a Objetos
alumno_01513,Calculo I
alumno_01513,Estructuras de Datos
alumno_01513,Fisica I
alumno_01513,Introduccion a la Programacion
alumno_01514,Programacion Orientada a Objetos
alumno_01514,Probabilidad y Estadistica
alumno_01514,Calculo I
alumno_01514,Algebra Lineal
alumno_01514,Estructuras de Datos
alumno_01514,Fisica I
alumno_01514,Calculo II
alumno_01514,Introduccion a la Programacion
alumno_01514,Algebra
alumno_01514,Bases de Datos I
alumno_01515,Programacion Orientada a Objetos
alumno_01515,Estructuras de Datos
alumno_01515,Fisica I
alumno_01515,Introduccion a la Programacion
alumno_01515,Algebra
alumno_01516,Programacion Orientada a Objetos
alumno_01516,Calculo I
alumno_01516,Algebra Lineal
alumno_01516,Fisica I
alumno_01516,Introduccion a la Programacion
alumno_01516,Algebra
alumno_01517,Programacion Orientada a Objetos
alumno_01517,Probabilidad y Estadistica
alumno_01517,Calculo I
alumno_01517,Estructuras de Datos
alumno_01517,Fisica I
alumno_01517,Calculo II
alumno_01517,Introduccion a la Programacion
alumno_01517,Calculo III
alumno_01517,Bases de Datos I
alumno_01518,Matematica Discreta
alumno_01518,Programacion Orientada a Objetos
alumno_01518,Probabilidad y Estadistica
alumno_01518,Calculo I
alumno_01518,Algebra Lineal
alumno_01518,Fisica I
alumno_01518,Calculo II
alumno_01518,Introduccion a la Programacion
alumno_01518,Algebra
alumno_01519,Programacion Orientada a Objetos
alumno_01519,Calculo I
alumno_01519,Algebra Lineal
alumno_01519,Estructuras de Datos
alumno_01519,Matematica Discreta
alumno_01519,Introduccion a la Programacion
alumno_01519,Algebra
alumno_01519,Bases de Datos I
alumno_01520,Introduccion a la Programacion
alumno_01520,Probabilidad y Estadistica
alumno_01520,Calculo I
alumno_01520,Calculo II
alumno_01521,Probabilidad y Estadistica
alumno_01521,Calculo I
alumno_01521,Algebra Lineal
alumno_01521,Calculo II
alumno_01521,Algebra
alumno_01521,Calculo III
alumno_01521,Bases de Datos I
alumno_01522,Programacion Orientada a Objetos
alumno_01522,Algebra Lineal
alumno_01522,Fisica I
alumno_01522,Introduccion a la Programacion
alumno_01522,Algebra
alumno_01522,Bases de Datos I
alumno_01523,Introduccion a la Programacion
alumno_01523,Calculo I
alumno_01523,Programacion Orientada a Objetos
alumno_01524,Calculo II
alumno_01524,Programacion Orientada a Objetos
alumno_01524,Calculo I
alumno_01524,Matematica Discreta
alumno_01524,Introduccion a la Programacion
alumno_01524,Calculo III
alumno_01525,Programacion Orientada a Objetos
alumno_01525,Probabilidad y Estadistica
alumno_01525,Calculo I
alumno_01525,Algebra Lineal
alumno_01525,Estructuras de Datos
alumno_01525,Calculo II
alumno_01525,Introduccion a la Programacion
alumno_01525,Algebra
alumno_01526,Probabilidad y Estadistica
alumno_01526,Calculo I
alumno_01526,Algebra Lineal
alumno_01526,Fisica I
alumno_01526,Algebra
alumno_01527,Programacion Orientada a Objetos
alumno_01527,Probabilidad y Estadistica
alumno_01527,Estructuras de Datos
alumno_01527,Algebra
alumno_01527,Calculo II
alumno_01527,Introduccion a la Programacion
alumno_01527,Bases de Datos I
alumno_01528,Programacion Orientada a Objetos
alumno_01528,Probabilidad y Estadistica
alumno_01528,Calculo I
alumno_01528,Algebra Lineal
alumno_01528,Fisica I
alumno_01528,Calculo II
alumno_01528,Introduccion a la Programacion
alumno_01528,Algebra
alumno_01529,Programacion Orientada a Objetos
alumno_01529,Calculo I
alumno_01529,Algebra Lineal
alumno_01529,Matematica Discreta
alumno_01529,Introduccion a la Programacion
alumno_01529,Algebra
alumno_01530,Programacion Orientada a Objetos
alumno_01530,Calculo I
alumno_01530,Estructuras de Datos
alumno_01530,Fisica I
alumno_01530,Introduccion a la Programacion
alumno_01531,Matematica Discreta
alumno_01531,Calculo I
alumno_01531,Algebra Lineal
alumno_01531,Fisica I
alumno_01531,Calculo II
alumno_01531,Introduccion a la Programacion
alumno_01531,Calculo III
alumno_01531,Algebra
alumno_01532,Programacion Orientada a Objetos
alumno_01532,Calculo I
alumno_01532,Algebra Lineal
alumno_01532,Estructuras de Datos
alumno_01532,Fisica I
alumno_01532,Introduccion a la Programacion
alumno_01532,Algebra
alumno_01533,Introduccion a la Programacion
alumno_01533,Fisica I
alumno_01533,Algebra
alumno_01533,Algebra Lineal
alumno_01534,Programacion Orientada a Objetos
alumno_01534,Calculo I
alumno_01534,Algebra Lineal
alumno_01534,Estructuras de Datos
alumno_01534,Fisica I
alumno_01534,Introduccion a la Programacion
alumno_01534,Calculo III
alumno_01534,Bases de Datos I
alumno_01535,Programacion Orientada a Objetos
alumno_01535,Fisica I
alumno_01535,Matematica Discreta
alumno_01535,Introduccion a la Programacion
alumno_01535,Algebra
alumno_01536,Programacion Orientada a Objetos
alumno_01536,Estructuras de Datos
alumno_01536,Fisica I
alumno_01536,Introduccion a la Programacion
alumno_01536,Bases de Datos I
alumno_01537,Matematica Discreta
alumno_01537,Programacion Orientada a Objetos
alumno_01537,Probabilidad y Estadistica
alumno_01537,Calculo I
alumno_01537,Estructuras de Datos
alumno_01537,Calculo II
alumno_01537,Introduccion a la Programacion
alumno_01537,Calculo III
alumno_01537,Algebra
alumno_01538,Introduccion a la Programacion
alumno_01538,Fisica I
alumno_01538,Calculo I
alumno_01538,Algebra
alumno_01539,Introduccion a la Programacion
alumno_01539,Fisica I
alumno_01539,Calculo I
alumno_01540,Programacion Orientada a Objetos
alumno_01540,Probabilidad y Estadistica
alumno_01540,Calculo I
alumno_01540,Algebra Lineal
alumno_01540,Estructuras de Datos
alumno_01540,Fisica I
alumno_01540,Calculo II
alumno_01540,Introduccion a la Programacion
alumno_01540,Algebra
alumno_01540,Bases de Datos I
alumno_01541,Programacion Orientada a Objetos
alumno_01541,Calculo I
alumno_01541,Algebra Lineal
alumno_01541,Estructuras de Datos
alumno_01541,Fisica I
alumno_01541,Calculo II
alumno_01541,Introduccion a la Programacion
alumno_01541,Algebra
alumno_01541,Bases de Datos I
alumno_01542,Programacion Orientada a Objetos
alumno_01542,Calculo I
alumno_01542,Algebra Lineal
alumno_01542,Estructuras de Datos
alumno_01542,Introduccion a la Programacion
alumno_01542,Algebra
alumno_01542,Bases de Datos I
alumno_01543,Programacion Orientada a Objetos
alumno_01543,Algebra Lineal
alumno_01543,Estructuras de Datos
alumno_01543,Introduccion a la Programacion
alumno_01543,Algebra
alumno_01543,Bases de Datos I
alumno_01544,Matematica Discreta
alumno_01544,Programacion Orientada a Objetos
alumno_01544,Calculo I
alumno_01544,Algebra Lineal
alumno_01544,Estructuras de Datos
alumno_01544,Calculo II
alumno_01544,Introduccion a la Programacion
alumno_01544,Calculo III
alumno_01544,Algebra
alumno_01544,Bases de Datos I
alumno_01545,Programacion Orientada a Objetos
alumno_01545,Calculo I
alumno_01545,Algebra Lineal
alumno_01545,Estructuras de Datos
alumno_01545,Fisica I
alumno_01545,Calculo II
alumno_01545,Introduccion a la Programacion
alumno_01545,Calculo III
alumno_01545,Bases de Datos I
alumno_01546,Programacion Orientada a Objetos
alumno_01546,Probabilidad y Estadistica
alumno_01546,Calculo I
alumno_01546,Algebra Lineal
alumno_01546,Estructuras de Datos
alumno_01546,Fisica I
alumno_01546,Introduccion a la Programacion
alumno_01546,Calculo III
alumno_01546,Algebra
alumno_01547,Programacion Orientada a Objetos
alumno_01547,Algebra Lineal
alumno_01547,Estructuras de Datos
alumno_01547,Introduccion a la Programacion
alumno_01547,Algebra
alumno_01548,Programacion Orientada a Objetos
alumno_01548,Calculo I
alumno_01548,Algebra Lineal
alumno_01548,Estructuras de Datos
alumno_01548,Matematica Discreta
alumno_01548,Introduccion a la Programacion
alumno_01548,Algebra
alumno_01548,Bases de Datos I
alumno_01549,Matematica Discreta
alumno_01549,Programacion Orientada a Objetos
alumno_01549,Probabilidad y Estadistica
alumno_01549,Calculo I
alumno_01549,Algebra Lineal
alumno_01549,Estructuras de Datos
alumno_01549,Fisica I
alumno_01549,Calculo II
alumno_01549,Introduccion a la Programacion
alumno_01549,Algebra
alumno_01550,Matematica Discreta
alumno_01550,Calculo I
alumno_01550,Algebra Lineal
alumno_01550,Calculo II
alumno_01550,Introduccion a la Programacion
alumno_01550,Calculo III
alumno_01550,Algebra
alumno_01551,Probabilidad y Estadistica
alumno_01551,Calculo I
alumno_01551,Algebra Lineal
alumno_01551,Fisica I
alumno_01551,Calculo II
alumno_01551,Introduccion a la Programacion
alumno_01551,Calculo III
alumno_01551,Algebra
alumno_01552,Matematica Discreta
alumno_01552,Calculo I
alumno_01552,Algebra Lineal
alumno_01552,Calculo II
alumno_01552,Introduccion a la Programacion
alumno_01552,Calculo III
alumno_01552,Algebra
alumno_01553,Calculo II
alumno_01553,Calculo I
alumno_01553,Estructuras de Datos
alumno_01553,Fisica I
alumno_01553,Matematica Discreta
alumno_01553,Introduccion a la Programacion
alumno_01553,Bases de Datos I
alumno_01554,Programacion Orientada a Objetos
alumno_01554,Probabilidad y Estadistica
alumno_01554,Algebra Lineal
alumno_01554,Introduccion a la Programacion
alumno_01554,Algebra
alumno_01555,Programacion Orientada a Objetos
alumno_01555,Calculo I
alumno_01555,Algebra Lineal
alumno_01555,Estructuras de Datos
alumno_01555,Fisica I
alumno_01555,Calculo II
alumno_01555,Introduccion a la Programacion
alumno_01555,Calculo III
alumno_01555,Algebra
alumno_01556,Programacion Orientada a Objetos
alumno_01556,Calculo I
alumno_01556,Estructuras de Datos
alumno_01556,Fisica I
alumno_01556,Introduccion a la Programacion
alumno_01557,Programacion Orientada a Objetos
alumno_01557,Algebra Lineal
alumno_01557,Estructuras de Datos
alumno_01557,Calculo II
alumno_01557,Introduccion a la Programacion
alumno_01557,Calculo III
alumno_01557,Algebra
alumno_01558,Programacion Orientada a Objetos
alumno_01558,Calculo I
alumno_01558,Estructuras de Datos
alumno_01558,Fisica I
alumno_01558,Calculo II
alumno_01558,Introduccion a la Programacion
alumno_01558,Bases de Datos I
alumno_01559,Programacion Orientada a Objetos
alumno_01559,Probabilidad y Estadistica
alumno_01559,Calculo I
alumno_01559,Estructuras de Datos
alumno_01559,Calculo II
alumno_01559,Introduccion a la Programacion
alumno_01559,Calculo III
alumno_01559,Algebra
alumno_01560,Matematica Discreta
alumno_01560,Programacion Orientada a Objetos
alumno_01560,Calculo I
alumno_01560,Algebra Lineal
alumno_01560,Estructuras de Datos
alumno_01560,Fisica I
alumno_01560,Calculo II
alumno_01560,Introduccion a la Programacion
alumno_01560,Calculo III
alumno_01560,Algebra
alumno_01560,Bases de Datos I
alumno_01561,Programacion Orientada a Objetos
alumno_01561,Probabilidad y Estadistica
alumno_01561,Calculo I
alumno_01561,Algebra Lineal
alumno_01561,Estructuras de Datos
alumno_01561,Calculo II
alumno_01561,Introduccion a la Programacion
alumno_01561,Calculo III
alumno_01561,Algebra
alumno_01562,Programacion Orientada a Objetos
alumno_01562,Probabilidad y Estadistica
alumno_01562,Estructuras de Datos
alumno_01562,Matematica Discreta
alumno_01562,Introduccion a la Programacion
alumno_01562,Bases de Datos I
alumno_01563,Programacion Orientada a Objetos
alumno_01563,Estructuras de Datos
alumno_01563,Fisica I
alumno_01563,Introduccion a la Programacion
alumno_01563,Algebra
alumno_01563,Bases de Datos I
alumno_01564,Matematica Discreta
alumno_01564,Programacion Orientada a Objetos
alumno_01564,Calculo I
alumno_01564,Algebra Lineal
alumno_01564,Estructuras de Datos
alumno_01564,Calculo II
alumno_01564,Introduccion a la Programacion
alumno_01564,Calculo III
alumno_01564,Algebra
alumno_01565,Programacion Orientada a Objetos
alumno_01565,Probabilidad y Estadistica
alumno_01565,Estructuras de Datos
alumno_01565,Calculo II
alumno_01565,Introduccion a la Programacion
alumno_01565,Calculo III
alumno_01565,Bases de Datos I
alumno_01566,Programacion Orientada a Objetos
alumno_01566,Probabilidad y Estadistica
alumno_01566,Calculo I
alumno_01566,Algebra Lineal
alumno_01566,Fisica I
alumno_01566,Calculo II
alumno_01566,Introduccion a la Programacion
alumno_01566,Calculo III
alumno_01566,Algebra
alumno_01567,Programacion Orientada a Objetos
alumno_01567,Calculo I
alumno_01567,Algebra Lineal
alumno_01567,Estructuras de Datos
alumno_01567,Fisica I
alumno_01567,Calculo II
alumno_01567,Introduccion a la Programacion
alumno_01567,Calculo III
alumno_01567,Algebra
alumno_01568,Algebra
alumno_01568,Calculo I
alumno_01568,Algebra Lineal
alumno_01568,Matematica Discreta
alumno_01569,Fisica I
alumno_01569,Calculo III
alumno_01569,Calculo II
alumno_01570,Programacion Orientada a Objetos
alumno_01570,Calculo I
alumno_01570,Fisica I
alumno_01570,Calculo II
alumno_01570,Introduccion a la Programacion
alumno_01571,Matematica Discreta
alumno_01571,Programacion Orientada a Objetos
alumno_01571,Probabilidad y Estadistica
alumno_01571,Calculo I
alumno_01571,Fisica I
alumno_01571,Calculo II
alumno_01571,Introduccion a la Programacion
alumno_01571,Calculo III
alumno_01571,Algebra
alumno_01572,Programacion Orientada a Objetos
alumno_01572,Calculo I
alumno_01572,Algebra Lineal
alumno_01572,Estructuras de Datos
alumno_01572,Fisica I
alumno_01572,Matematica Discreta
alumno_01572,Introduccion a la Programacion
alumno_01572,Algebra
alumno_01573,Matematica Discreta
alumno_01573,Programacion Orientada a Objetos
alumno_01573,Probabilidad y Estadistica
alumno_01573,Calculo I
alumno_01573,Estructuras de Datos
alumno_01573,Fisica I
alumno_01573,Calculo II
alumno_01573,Introduccion a la Programacion
alumno_01573,Calculo III
alumno_01573,Algebra
alumno_01574,Calculo II
alumno_01574,Calculo I
alumno_01574,Matematica Discreta
alumno_01574,Introduccion a la Programacion
alumno_01574,Calculo III
alumno_01574,Algebra
alumno_01575,Programacion Orientada a Objetos
alumno_01575,Calculo I
alumno_01575,Algebra Lineal
alumno_01575,Estructuras de Datos
alumno_01575,Fisica I
alumno_01575,Introduccion a la Programacion
alumno_01575,Algebra
alumno_01575,Bases de Datos I
alumno_01576,Matematica Discreta
alumno_01576,Programacion Orientada a Objetos
alumno_01576,Calculo I
alumno_01576,Algebra Lineal
alumno_01576,Estructuras de Datos
alumno_01576,Fisica I
alumno_01576,Calculo II
alumno_01576,Introduccion a la Programacion
alumno_01576,Calculo III
alumno_01576,Algebra
alumno_01576,Bases de Datos I
alumno_01577,Programacion Orientada a Objetos
alumno_01577,Probabilidad y Estadistica
alumno_01577,Estructuras de Datos
alumno_01577,Fisica I
alumno_01577,Introduccion a la Programacion
alumno_01578,Programacion Orientada a Objetos
alumno_01578,Calculo I
alumno_01578,Algebra Lineal
alumno_01578,Estructuras de Datos
alumno_01578,Fisica I
alumno_01578,Matematica Discreta
alumno_01578,Introduccion a la Programacion
alumno_01578,Algebra
alumno_01578,Bases de Datos I
alumno_01579,Introduccion a la Programacion
alumno_01579,Estructuras de Datos
alumno_01579,Bases de Datos I
alumno_01579,Programacion Orientada a Objetos
alumno_01580,Programacion Orientada a Objetos
alumno_01580,Probabilidad y Estadistica
alumno_01580,Calculo I
alumno_01580,Calculo II
alumno_01580,Introduccion a la Programacion
alumno_01581,Probabilidad y Estadistica
alumno_01581,Calculo I
alumno_01581,Algebra Lineal
alumno_01581,Calculo II
alumno_01581,Introduccion a la Programacion
alumno_01581,Calculo III
alumno_01581,Algebra
alumno_01582,Programacion Orientada a Objetos
alumno_01582,Calculo I
alumno_01582,Estructuras de Datos
alumno_01582,Fisica I
alumno_01582,Introduccion a la Programacion
alumno_01583,Matematica Discreta
alumno_01583,Programacion Orientada a Objetos
alumno_01583,Probabilidad y Estadistica
alumno_01583,Calculo I
alumno_01583,Calculo II
alumno_01583,Introduccion a la Programacion
alumno_01583,Algebra
alumno_01584,Programacion Orientada a Objetos
alumno_01584,Algebra Lineal
alumno_01584,Estructuras de Datos
alumno_01584,Calculo II
alumno_01584,Introduccion a la Programacion
alumno_01584,Calculo III
alumno_01584,Algebra
alumno_01585,Programacion Orientada a Objetos
alumno_01585,Calculo I
alumno_01585,Estructuras de Datos
alumno_01585,Fisica I
alumno_01585,Calculo II
alumno_01585,Introduccion a la Programacion
alumno_01586,Programacion Orientada a Objetos
alumno_01586,Calculo I
alumno_01586,Fisica I
alumno_01586,Calculo II
alumno_01586,Introduccion a la Programacion
alumno_01586,Algebra
alumno_01587,Introduccion a la Programacion
alumno_01587,Calculo I
alumno_01587,Estructuras de Datos
alumno_01587,Programacion Orientada a Objetos
alumno_01588,Matematica Discreta
alumno_01588,Programacion Orientada a Objetos
alumno_01588,Calculo I
alumno_01588,Algebra Lineal
alumno_01588,Estructuras de Datos
alumno_01588,Calculo II
alumno_01588,Introduccion a la Programacion
alumno_01588,Calculo III
alumno_01588,Algebra
alumno_01588,Bases de Datos I
alumno_01589,Programacion Orientada a Objetos
alumno_01589,Calculo I
alumno_01589,Algebra Lineal
alumno_01589,Estructuras de Datos
alumno_01589,Calculo II
alumno_01589,Introduccion a la Programacion
alumno_01589,Calculo III
alumno_01589,Algebra
alumno_01590,Algebra
alumno_01590,Probabilidad y Estadistica
alumno_01590,Calculo I
alumno_01590,Matematica Discreta
alumno_01591,Programacion Orientada a Objetos
alumno_01591,Calculo I
alumno_01591,Estructuras de Datos
alumno_01591,Fisica I
alumno_01591,Introduccion a la Programacion
alumno_01591,Bases de Datos I
alumno_01592,Programacion Orientada a Objetos
alumno_01592,Probabilidad y Estadistica
alumno_01592,Calculo I
alumno_01592,Algebra Lineal
alumno_01592,Calculo II
alumno_01592,Introduccion a la Programacion
alumno_01592,Calculo III
alumno_01592,Algebra
alumno_01593,Programacion Orientada a Objetos
alumno_01593,Calculo I
alumno_01593,Estructuras de Datos
alumno_01593,Fisica I
alumno_01593,Calculo II
alumno_01593,Introduccion a la Programacion
alumno_01594,Programacion Orientada a Objetos
alumno_01594,Algebra Lineal
alumno_01594,Estructuras de Datos
alumno_01594,Introduccion a la Programacion
alumno_01594,Algebra
alumno_01594,Bases de Datos I
alumno_01595,Programacion Orientada a Objetos
alumno_01595,Probabilidad y Estadistica
alumno_01595,Algebra Lineal
alumno_01595,Fisica I
alumno_01595,Calculo II
alumno_01595,Introduccion a la Programacion
alumno_01595,Calculo III
alumno_01595,Algebra
alumno_01596,Programacion Orientada a Objetos
alumno_01596,Calculo I
alumno_01596,Estructuras de Datos
alumno_01596,Calculo II
alumno_01596,Introduccion a la Programacion
alumno_01596,Algebra
alumno_01596,Bases de Datos I
alumno_01597,Introduccion a la Programacion
alumno_01597,Fisica I
alumno_01597,Estructuras de Datos
alumno_01597,Programacion Orientada a Objetos
alumno_01598,Programacion Orientada a Objetos
alumno_01598,Probabilidad y Estadistica
alumno_01598,Calculo I
alumno_01598,Estructuras de Datos
alumno_01598,Calculo II
alumno_01598,Introduccion a la Programacion
alumno_01598,Algebra
alumno_01598,Bases de Datos I
alumno_01599,Matematica Discreta
alumno_01599,Programacion Orientada a Objetos
alumno_01599,Calculo I
alumno_01599,Algebra Lineal
alumno_01599,Fisica I
alumno_01599,Calculo II
alumno_01599,Introduccion a la Programacion
alumno_01599,Calculo III
alumno_01599,Algebra
alumno_01600,Matematica Discreta
alumno_01600,Programacion Orientada a Objetos
alumno_01600,Calculo I
alumno_01600,Estructuras de Datos
alumno_01600,Fisica I
alumno_01600,Calculo II
alumno_01600,Introduccion a la Programacion
alumno_01600,Calculo III
alumno_01600,Algebra
alumno_01600,Bases de Datos I
alumno_01601,Introduccion a la Programacion
alumno_01601,Calculo I
alumno_01601,Algebra
alumno_01601,Algebra Lineal
alumno_01602,Introduccion a la Programacion
alumno_01602,Fisica I
alumno_01602,Algebra
alumno_01602,Algebra Lineal
alumno_01603,Programacion Orientada a Objetos
alumno_01603,Probabilidad y Estadistica
alumno_01603,Calculo I
alumno_01603,Estructuras de Datos
alumno_01603,Fisica I
alumno_01603,Calculo II
alumno_01603,Introduccion a la Programacion
alumno_01603,Bases de Datos I
alumno_01604,Programacion Orientada a Objetos
alumno_01604,Probabilidad y Estadistica
alumno_01604,Calculo I
alumno_01604,Algebra Lineal
alumno_01604,Estructuras de Datos
alumno_01604,Fisica I
alumno_01604,Calculo II
alumno_01604,Introduccion a la Programacion
alumno_01604,Algebra
alumno_01604,Bases de Datos I
alumno_01605,Programacion Orientada a Objetos
alumno_01605,Algebra Lineal
alumno_01605,Estructuras de Datos
alumno_01605,Fisica I
alumno_01605,Introduccion a la Programacion
alumno_01605,Algebra
alumno_01605,Bases de Datos I
alumno_01606,Matematica Discreta
alumno_01606,Programacion Orientada a Objetos
alumno_01606,Probabilidad y Estadistica
alumno_01606,Calculo I
alumno_01606,Fisica I
alumno_01606,Calculo II
alumno_01606,Introduccion a la Programacion
alumno_01606,Calculo III
alumno_01606,Algebra
alumno_01607,Programacion Orientada a Objetos
alumno_01607,Probabilidad y Estadistica
alumno_01607,Algebra Lineal
alumno_01607,Estructuras de Datos
alumno_01607,Introduccion a la Programacion
alumno_01607,Bases de Datos I
alumno_01608,Matematica Discreta
alumno_01608,Programacion Orientada a Objetos
alumno_01608,Probabilidad y Estadistica
alumno_01608,Calculo I
alumno_01608,Algebra Lineal
alumno_01608,Estructuras de Datos
alumno_01608,Calculo II
alumno_01608,Introduccion a la Programacion
alumno_01608,Calculo III
alumno_01608,Algebra
alumno_01609,Introduccion a la Programacion
alumno_01609,Algebra
alumno_01609,Programacion Orientada a Objetos
alumno_01609,Calculo II
alumno_01610,Programacion Orientada a Objetos
alumno_01610,Probabilidad y Estadistica
alumno_01610,Calculo I
alumno_01610,Algebra Lineal
alumno_01610,Fisica I
alumno_01610,Calculo II
alumno_01610,Introduccion a la Programacion
alumno_01610,Algebra
alumno_01611,Programacion Orientada a Objetos
alumno_01611,Calculo I
alumno_01611,Algebra Lineal
alumno_01611,Fisica I
alumno_01611,Introduccion a la Programacion
alumno_01611,Algebra
alumno_01612,Programacion Orientada a Objetos
alumno_01612,Algebra Lineal
alumno_01612,Estructuras de Datos
alumno_01612,Matematica Discreta
alumno_01612,Introduccion a la Programacion
alumno_01612,Algebra
alumno_01613,Calculo III
alumno_01613,Fisica I
alumno_01613,Calculo I
alumno_01613,Calculo II
alumno_01614,Introduccion a la Programacion
alumno_01614,Calculo I
alumno_01614,Algebra
alumno_01614,Algebra Lineal
alumno_01615,Matematica Discreta
alumno_01615,Programacion Orientada a Objetos
alumno_01615,Probabilidad y Estadistica
alumno_01615,Calculo I
alumno_01615,Fisica I
alumno_01615,Calculo II
alumno_01615,Introduccion a la Programacion
alumno_01615,Algebra
alumno_01616,Calculo II
alumno_01616,Programacion Orientada a Objetos
alumno_01616,Calculo I
alumno_01616,Matematica Discreta
alumno_01616,Introduccion a la Programacion
alumno_01617,Programacion Orientada a Objetos
alumno_01617,Calculo I
alumno_01617,Algebra Lineal
alumno_01617,Fisica I
alumno_01617,Introduccion a la Programacion
alumno_01617,Algebra
alumno_01618,Matematica Discreta
alumno_01618,Programacion Orientada a Objetos
alumno_01618,Calculo I
alumno_01618,Algebra Lineal
alumno_01618,Estructuras de Datos
alumno_01618,Calculo II
alumno_01618,Introduccion a la Programacion
alumno_01618,Calculo III
alumno_01618,Algebra
alumno_01619,Programacion Orientada a Objetos
alumno_01619,Calculo I
alumno_01619,Estructuras de Datos
alumno_01619,Fisica I
alumno_01619,Calculo II
alumno_01619,Introduccion a la Programacion
alumno_01620,Calculo I
alumno_01620,Fisica I
alumno_01620,Calculo II
alumno_01620,Introduccion a la Programacion
alumno_01620,Calculo III
alumno_01621,Matematica Discreta
alumno_01621,Programacion Orientada a Objetos
alumno_01621,Probabilidad y Estadistica
alumno_01621,Calculo I
alumno_01621,Algebra Lineal
alumno_01621,Fisica I
alumno_01621,Calculo II
alumno_01621,Introduccion a la Programacion
alumno_01621,Algebra
alumno_01622,Introduccion a la Programacion
alumno_01622,Programacion Orientada a Objetos
alumno_01623,Introduccion a la Programacion
alumno_01623,Fisica I
alumno_01623,Algebra
alumno_01623,Algebra Lineal
alumno_01624,Programacion Orientada a Objetos
alumno_01624,Algebra Lineal
alumno_01624,Fisica I
alumno_01624,Introduccion a la Programacion
alumno_01624,Algebra
alumno_01625,Programacion Orientada a Objetos
alumno_01625,Calculo I
alumno_01625,Algebra Lineal
alumno_01625,Fisica I
alumno_01625,Introduccion a la Programacion
alumno_01625,Algebra
alumno_01626,Matematica Discreta
alumno_01626,Programacion Orientada a Objetos
alumno_01626,Calculo I
alumno_01626,Algebra Lineal
alumno_01626,Estructuras de Datos
alumno_01626,Fisica I
alumno_01626,Calculo II
alumno_01626,Introduccion a la Programacion
alumno_01626,Algebra
alumno_01626,Bases de Datos I
alumno_01627,Introduccion a la Programacion
alumno_01627,Fisica I
alumno_01627,Algebra
alumno_01627,Algebra Lineal
alumno_01628,Programacion Orientada a Objetos
alumno_01628,Calculo I
alumno_01628,Estructuras de Datos
alumno_01628,Fisica I
alumno_01628,Introduccion a la Programacion
alumno_01628,Algebra
alumno_01629,Matematica Discreta
alumno_01629,Programacion Orientada a Objetos
alumno_01629,Probabilidad y Estadistica
alumno_01629,Calculo I
alumno_01629,Algebra Lineal
alumno_01629,Fisica I
alumno_01629,Calculo II
alumno_01629,Introduccion a la Programacion
alumno_01629,Algebra
alumno_01630,Matematica Discreta
alumno_01630,Programacion Orientada a Objetos
alumno_01630,Probabilidad y Estadistica
alumno_01630,Calculo I
alumno_01630,Algebra Lineal
alumno_01630,Estructuras de Datos
alumno_01630,Fisica I
alumno_01630,Calculo II
alumno_01630,Introduccion a la Programacion
alumno_01630,Algebra
alumno_01630,Bases de Datos I
alumno_01631,Programacion Orientada a Objetos
alumno_01631,Algebra Lineal
alumno_01631,Estructuras de Datos
alumno_01631,Fisica I
alumno_01631,Introduccion a la Programacion
alumno_01631,Algebra
alumno_01631,Bases de Datos I
alumno_01632,Algebra
alumno_01632,Fisica I
alumno_01632,Calculo I
alumno_01633,Calculo I
alumno_01633,Fisica I
alumno_01633,Calculo II
alumno_01633,Introduccion a la Programacion
alumno_01633,Calculo III
alumno_01634,Programacion Orientada a Objetos
alumno_01634,Probabilidad y Estadistica
alumno_01634,Calculo I
alumno_01634,Algebra Lineal
alumno_01634,Fisica I
alumno_01634,Calculo II
alumno_01634,Introduccion a la Programacion
alumno_01634,Calculo III
alumno_01634,Algebra
alumno_01635,Programacion Orientada a Objetos
alumno_01635,Calculo I
alumno_01635,Algebra Lineal
alumno_01635,Estructuras de Datos
alumno_01635,Fisica I
alumno_01635,Introduccion a la Programacion
alumno_01635,Algebra
alumno_01636,Programacion Orientada a Objetos
alumno_01636,Probabilidad y Estadistica
alumno_01636,Calculo I
alumno_01636,Algebra Lineal
alumno_01636,Estructuras de Datos
alumno_01636,Calculo II
alumno_01636,Introduccion a la Programacion
alumno_01636,Algebra
alumno_01636,Bases de Datos I
alumno_01637,Programacion Orientada a Objetos
alumno_01637,Probabilidad y Estadistica
alumno_01637,Calculo I
alumno_01637,Estructuras de Datos
alumno_01637,Calculo II
alumno_01637,Introduccion a la Programacion
alumno_01637,Calculo III
alumno_01637,Bases de Datos I
alumno_01638,Introduccion a la Programacion
alumno_01638,Algebra
alumno_01638,Matematica Discreta
alumno_01639,Programacion Orientada a Objetos
alumno_01639,Calculo I
alumno_01639,Algebra Lineal
alumno_01639,Estructuras de Datos
alumno_01639,Fisica I
alumno_01639,Matematica Discreta
alumno_01639,Introduccion a la Programacion
alumno_01639,Algebra
alumno_01640,Programacion Orientada a Objetos
alumno_01640,Probabilidad y Estadistica
alumno_01640,Calculo I
alumno_01640,Estructuras de Datos
alumno_01640,Fisica I
alumno_01640,Calculo II
alumno_01640,Introduccion a la Programacion
alumno_01640,Bases de Datos I
alumno_01641,Programacion Orientada a Objetos
alumno_01641,Probabilidad y Estadistica
alumno_01641,Calculo I
alumno_01641,Estructuras de Datos
alumno_01641,Calculo II
alumno_01641,Introduccion a la Programacion
alumno_01641,Bases de Datos I
alumno_01642,Programacion Orientada a Objetos
alumno_01642,Calculo I
alumno_01642,Matematica Discreta
alumno_01642,Introduccion a la Programacion
alumno_01642,Algebra
alumno_01642,Bases de Datos I
alumno_01643,Calculo I
alumno_01643,Algebra Lineal
alumno_01643,Fisica I
alumno_01643,Introduccion a la Programacion
alumno_01643,Algebra
alumno_01643,Bases de Datos I
alumno_01644,Programacion Orientada a Objetos
alumno_01644,Calculo I
alumno_01644,Estructuras de Datos
alumno_01644,Calculo II
alumno_01644,Introduccion a la Programacion
alumno_01645,Programacion Orientada a Objetos
alumno_01645,Probabilidad y Estadistica
alumno_01645,Calculo I
alumno_01645,Estructuras de Datos
alumno_01645,Fisica I
alumno_01645,Calculo II
alumno_01645,Introduccion a la Programacion
alumno_01645,Bases de Datos I
alumno_01646,Programacion Orientada a Objetos
alumno_01646,Calculo I
alumno_01646,Estructuras de Datos
alumno_01646,Fisica I
alumno_01646,Introduccion a la Programacion
alumno_01646,Bases de Datos I
alumno_01647,Programacion Orientada a Objetos
alumno_01647,Calculo I
alumno_01647,Algebra Lineal
alumno_01647,Estructuras de Datos
alumno_01647,Fisica I
alumno_01647,Matematica Discreta
alumno_01647,Introduccion a la Programacion
alumno_01647,Algebra
alumno_01647,Bases de Datos I
alumno_01648,Algebra
alumno_01648,Fisica I
alumno_01648,Calculo I
alumno_01648,Algebra Lineal
alumno_01649,Programacion Orientada a Objetos
alumno_01649,Calculo I
alumno_01649,Algebra Lineal
alumno_01649,Estructuras de Datos
alumno_01649,Fisica I
alumno_01649,Calculo II
alumno_01649,Introduccion a la Programacion
alumno_01649,Algebra
alumno_01649,Bases de Datos I
alumno_01650,Matematica Discreta
alumno_01650,Programacion Orientada a Objetos
alumno_01650,Probabilidad y Estadistica
alumno_01650,Calculo I
alumno_01650,Algebra Lineal
alumno_01650,Estructuras de Datos
alumno_01650,Fisica I
alumno_01650,Calculo II
alumno_01650,Introduccion a la Programacion
alumno_01650,Calculo III
alumno_01650,Algebra
alumno_01650,Bases de Datos I
alumno_01651,Introduccion a la Programacion
alumno_01651,Probabilidad y Estadistica
alumno_01651,Calculo I
alumno_01652,Matematica Discreta
alumno_01652,Programacion Orientada a Objetos
alumno_01652,Calculo I
alumno_01652,Algebra Lineal
alumno_01652,Estructuras de Datos
alumno_01652,Fisica I
alumno_01652,Calculo II
alumno_01652,Introduccion a la Programacion
alumno_01652,Algebra
alumno_01652,Bases de Datos I
alumno_01653,Matematica Discreta
alumno_01653,Programacion Orientada a Objetos
alumno_01653,Calculo I
alumno_01653,Algebra Lineal
alumno_01653,Estructuras de Datos
alumno_01653,Fisica I
alumno_01653,Calculo II
alumno_01653,Introduccion a la Programacion
alumno_01653,Calculo III
alumno_01653,Algebra
alumno_01654,Matematica Discreta
alumno_01654,Programacion Orientada a Objetos
alumno_01654,Calculo I
alumno_01654,Algebra Lineal
alumno_01654,Fisica I
alumno_01654,Calculo II
alumno_01654,Introduccion a la Programacion
alumno_01654,Calculo III
alumno_01654,Algebra
alumno_01655,Introduccion a la Programacion
alumno_01655,Fisica I
alumno_01655,Algebra
alumno_01655,Matematica Discreta
alumno_01656,Programacion Orientada a Objetos
alumno_01656,Probabilidad y Estadistica
alumno_01656,Calculo I
alumno_01656,Estructuras de Datos
alumno_01656,Fisica I
alumno_01656,Calculo II
alumno_01656,Introduccion a la Programacion
alumno_01656,Calculo III
alumno_01656,Bases de Datos I
alumno_01657,Probabilidad y Estadistica
alumno_01657,Calculo I
alumno_01657,Fisica I
alumno_01657,Calculo II
alumno_01657,Algebra
alumno_01657,Calculo III
alumno_01658,Programacion Orientada a Objetos
alumno_01658,Probabilidad y Estadistica
alumno_01658,Calculo I
alumno_01658,Algebra Lineal
alumno_01658,Estructuras de Datos
alumno_01658,Fisica I
alumno_01658,Matematica Discreta
alumno_01658,Introduccion a la Programacion
alumno_01658,Algebra
alumno_01658,Bases de Datos I
alumno_01659,Programacion Orientada a Objetos
alumno_01659,Probabilidad y Estadistica
alumno_01659,Calculo I
alumno_01659,Algebra Lineal
alumno_01659,Estructuras de Datos
alumno_01659,Calculo II
alumno_01659,Introduccion a la Programacion
alumno_01659,Calculo III
alumno_01659,Algebra
alumno_01659,Bases de Datos I
alumno_01660,Programacion Orientada a Objetos
alumno_01660,Estructuras de Datos
alumno_01660,Fisica I
alumno_01660,Introduccion a la Programacion
alumno_01660,Bases de Datos I
alumno_01661,Programacion Orientada a Objetos
alumno_01661,Calculo I
alumno_01661,Algebra Lineal
alumno_01661,Estructuras de Datos
alumno_01661,Fisica I
alumno_01661,Calculo II
alumno_01661,Introduccion a la Programacion
alumno_01661,Calculo III
alumno_01661,Algebra
alumno_01662,Matematica Discreta
alumno_01662,Programacion Orientada a Objetos
alumno_01662,Probabilidad y Estadistica
alumno_01662,Calculo I
alumno_01662,Algebra Lineal
alumno_01662,Fisica I
alumno_01662,Calculo II
alumno_01662,Introduccion a la Programacion
alumno_01662,Algebra
alumno_01663,Programacion Orientada a Objetos
alumno_01663,Probabilidad y Estadistica
alumno_01663,Calculo I
alumno_01663,Estructuras de Datos
alumno_01663,Calculo II
alumno_01663,Introduccion a la Programacion
alumno_01663,Calculo III
alumno_01664,Programacion Orientada a Objetos
alumno_01664,Calculo I
alumno_01664,Algebra Lineal
alumno_01664,Estructuras de Datos
alumno_01664,Matematica Discreta
alumno_01664,Introduccion a la Programacion
alumno_01664,Algebra
alumno_01664,Bases de Datos I
alumno_01665,Introduccion a la Programacion
alumno_01665,Fisica I
alumno_01665,Calculo I
alumno_01665,Calculo II
alumno_01666,Programacion Orientada a Objetos
alumno_01666,Probabilidad y Estadistica
alumno_01666,Calculo I
alumno_01666,Fisica I
alumno_01666,Introduccion a la Programacion
alumno_01667,Programacion Orientada a Objetos
alumno_01667,Calculo I
alumno_01667,Algebra Lineal
alumno_01667,Estructuras de Datos
alumno_01667,Fisica I
alumno_01667,Introduccion a la Programacion
alumno_01667,Calculo III
alumno_01667,Bases de Datos I
alumno_01668,Matematica Discreta
alumno_01668,Programacion Orientada a Objetos
alumno_01668,Calculo I
alumno_01668,Estructuras de Datos
alumno_01668,Fisica I
alumno_01668,Calculo II
alumno_01668,Introduccion a la Programacion
alumno_01668,Calculo III
alumno_01668,Algebra
alumno_01669,Algebra
alumno_01669,Fisica I
alumno_01669,Calculo I
alumno_01670,Programacion Orientada a Objetos
alumno_01670,Probabilidad y Estadistica
alumno_01670,Algebra Lineal
alumno_01670,Estructuras de Datos
alumno_01670,Fisica I
alumno_01670,Calculo II
alumno_01670,Introduccion a la Programacion
alumno_01670,Calculo III
alumno_01670,Algebra
alumno_01670,Bases de Datos I
alumno_01671,Programacion Orientada a Objetos
alumno_01671,Estructuras de Datos
alumno_01671,Fisica I
alumno_01671,Matematica Discreta
alumno_01671,Introduccion a la Programacion
alumno_01671,Bases de Datos I
alumno_01672,Programacion Orientada a Objetos
alumno_01672,Calculo I
alumno_01672,Fisica I
alumno_01672,Calculo II
alumno_01672,Introduccion a la Programacion
alumno_01673,Algebra
alumno_01673,Calculo I
alumno_01673,Algebra Lineal
alumno_01673,Matematica Discreta
alumno_01674,Programacion Orientada a Objetos
alumno_01674,Calculo I
alumno_01674,Algebra Lineal
alumno_01674,Estructuras de Datos
alumno_01674,Fisica I
alumno_01674,Introduccion a la Programacion
alumno_01674,Algebra
alumno_01675,Programacion Orientada a Objetos
alumno_01675,Calculo I
alumno_01675,Estructuras de Datos
alumno_01675,Fisica I
alumno_01675,Calculo II
alumno_01675,Introduccion a la Programacion
alumno_01675,Bases de Datos I
alumno_01676,Programacion Orientada a Objetos
alumno_01676,Calculo I
alumno_01676,Algebra Lineal
alumno_01676,Estructuras de Datos
alumno_01676,Calculo II
alumno_01676,Introduccion a la Programacion
alumno_01676,Calculo III
alumno_01676,Algebra
alumno_01676,Bases de Datos I
alumno_01677,Calculo I
alumno_01677,Algebra Lineal
alumno_01677,Matematica Discreta
alumno_01677,Introduccion a la Programacion
alumno_01677,Algebra
alumno_01678,Matematica Discreta
alumno_01678,Programacion Orientada a Objetos
alumno_01678,Probabilidad y Estadistica
alumno_01678,Calculo I
alumno_01678,Algebra Lineal
alumno_01678,Estructuras de Datos
alumno_01678,Calculo II
alumno_01678,Introduccion a la Programacion
alumno_01678,Calculo III
alumno_01678,Algebra
alumno_01678,Bases de Datos I
alumno_01679,Programacion Orientada a Objetos
alumno_01679,Probabilidad y Estadistica
alumno_01679,Calculo I
alumno_01679,Algebra Lineal
alumno_01679,Estructuras de Datos
alumno_01679,Fisica I
alumno_01679,Calculo II
alumno_01679,Introduccion a la Programacion
alumno_01679,Calculo III
alumno_01679,Algebra
alumno_01679,Bases de Datos I
alumno_01680,Programacion Orientada a Objetos
alumno_01680,Calculo I
alumno_01680,Algebra Lineal
alumno_01680,Estructuras de Datos
alumno_01680,Calculo II
alumno_01680,Introduccion a la Programacion
alumno_01680,Calculo III
alumno_01680,Algebra
alumno_01680,Bases de Datos I
alumno_01681,Programacion Orientada a Objetos
alumno_01681,Calculo I
alumno_01681,Algebra Lineal
alumno_01681,Estructuras de Datos
alumno_01681,Calculo II
alumno_01681,Introduccion a la Programacion
alumno_01681,Calculo III
alumno_01681,Algebra
alumno_01682,Programacion Orientada a Objetos
alumno_01682,Calculo I
alumno_01682,Estructuras de Datos
alumno_01682,Fisica I
alumno_01682,Matematica Discreta
alumno_01682,Introduccion a la Programacion
alumno_01682,Algebra
alumno_01683,Programacion Orientada a Objetos
alumno_01683,Algebra Lineal
alumno_01683,Matematica Discreta
alumno_01683,Introduccion a la Programacion
alumno_01683,Algebra
alumno_01684,Programacion Orientada a Objetos
alumno_01684,Probabilidad y Estadistica
alumno_01684,Calculo I
alumno_01684,Algebra Lineal
alumno_01684,Fisica I
alumno_01684,Calculo II
alumno_01684,Introduccion a la Programacion
alumno_01684,Calculo III
alumno_01684,Algebra
alumno_01685,Programacion Orientada a Objetos
alumno_01685,Probabilidad y Estadistica
alumno_01685,Calculo I
alumno_01685,Estructuras de Datos
alumno_01685,Calculo II
alumno_01685,Introduccion a la Programacion
alumno_01685,Calculo III
alumno_01685,Bases de Datos I
alumno_01686,Calculo III
alumno_01686,Fisica I
alumno_01686,Calculo I
alumno_01686,Calculo II
alumno_01687,Programacion Orientada a Objetos
alumno_01687,Calculo I
alumno_01687,Algebra Lineal
alumno_01687,Estructuras de Datos
alumno_01687,Fisica I
alumno_01687,Matematica Discreta
alumno_01687,Introduccion a la Programacion
alumno_01687,Algebra
alumno_01687,Bases de Datos I
alumno_01688,Matematica Discreta
alumno_01688,Programacion Orientada a Objetos
alumno_01688,Probabilidad y Estadistica
alumno_01688,Calculo I
alumno_01688,Algebra Lineal
alumno_01688,Calculo II
alumno_01688,Introduccion a la Programacion
alumno_01688,Algebra
alumno_01689,Programacion Orientada a Objetos
alumno_01689,Calculo I
alumno_01689,Algebra Lineal
alumno_01689,Estructuras de Datos
alumno_01689,Calculo II
alumno_01689,Introduccion a la Programacion
alumno_01689,Calculo III
alumno_01689,Algebra
alumno_01689,Bases de Datos I
alumno_01690,Programacion Orientada a Objetos
alumno_01690,Calculo I
alumno_01690,Algebra Lineal
alumno_01690,Estructuras de Datos
alumno_01690,Fisica I
alumno_01690,Matematica Discreta
alumno_01690,Introduccion a la Programacion
alumno_01690,Algebra
alumno_01690,Bases de Datos I
alumno_01691,Matematica Discreta
alumno_01691,Programacion Orientada a Objetos
alumno_01691,Probabilidad y Estadistica
alumno_01691,Calculo I
alumno_01691,Algebra Lineal
alumno_01691,Estructuras de Datos
alumno_01691,Fisica I
alumno_01691,Calculo II
alumno_01691,Introduccion a la Programacion
alumno_01691,Calculo III
alumno_01691,Algebra
alumno_01691,Bases de Datos I
alumno_01692,Programacion Orientada a Objetos
alumno_01692,Algebra Lineal
alumno_01692,Estructuras de Datos
alumno_01692,Fisica I
alumno_01692,Matematica Discreta
alumno_01692,Introduccion a la Programacion
alumno_01692,Algebra
alumno_01692,Bases de Datos I
alumno_01693,Programacion Orientada a Objetos
alumno_01693,Probabilidad y Estadistica
alumno_01693,Algebra Lineal
alumno_01693,Estructuras de Datos
alumno_01693,Fisica I
alumno_01693,Matematica Discreta
alumno_01693,Introduccion a la Programacion
alumno_01693,Algebra
alumno_01693,Bases de Datos I
alumno_01694,Matematica Discreta
alumno_01694,Programacion Orientada a Objetos
alumno_01694,Calculo I
alumno_01694,Algebra Lineal
alumno_01694,Estructuras de Datos
alumno_01694,Fisica I
alumno_01694,Calculo II
alumno_01694,Introduccion a la Programacion
alumno_01694,Calculo III
alumno_01694,Algebra
alumno_01694,Bases de Datos I
alumno_01695,Introduccion a la Programacion
alumno_01695,Fisica I
alumno_01695,Algebra
alumno_01695,Algebra Lineal
alumno_01696,Programacion Orientada a Objetos
alumno_01696,Calculo I
alumno_01696,Algebra Lineal
alumno_01696,Estructuras de Datos
alumno_01696,Calculo II
alumno_01696,Introduccion a la Programacion
alumno_01696,Algebra
alumno_01696,Bases de Datos I
alumno_01697,Programacion Orientada a Objetos
alumno_01697,Algebra Lineal
alumno_01697,Fisica I
alumno_01697,Introduccion a la Programacion
alumno_01697,Algebra
alumno_01698,Matematica Discreta
alumno_01698,Programacion Orientada a Objetos
alumno_01698,Probabilidad y Estadistica
alumno_01698,Calculo I
alumno_01698,Algebra Lineal
alumno_01698,Estructuras de Datos
alumno_01698,Fisica I
alumno_01698,Calculo II
alumno_01698,Introduccion a la Programacion
alumno_01698,Calculo III
alumno_01698,Algebra
alumno_01699,Fisica I
alumno_01700,Programacion Orientada a Objetos
alumno_01700,Calculo I
alumno_01700,Algebra Lineal
alumno_01700,Estructuras de Datos
alumno_01700,Fisica I
alumno_01700,Calculo II
alumno_01700,Introduccion a la Programacion
alumno_01700,Calculo III
alumno_01700,Algebra
alumno_01700,Bases de Datos I
alumno_01701,Programacion Orientada a Objetos
alumno_01701,Calculo I
alumno_01701,Algebra Lineal
alumno_01701,Estructuras de Datos
alumno_01701,Fisica I
alumno_01701,Matematica Discreta
alumno_01701,Introduccion a la Programacion
alumno_01701,Algebra
alumno_01702,Introduccion a la Programacion
alumno_01702,Calculo I
alumno_01702,Estructuras de Datos
alumno_01702,Programacion Orientada a Objetos
alumno_01703,Matematica Discreta
alumno_01703,Programacion Orientada a Objetos
alumno_01703,Calculo I
alumno_01703,Algebra Lineal
alumno_01703,Calculo II
alumno_01703,Introduccion a la Programacion
alumno_01703,Calculo III
alumno_01703,Algebra
alumno_01704,Programacion Orientada a Objetos
alumno_01704,Algebra Lineal
alumno_01704,Fisica I
alumno_01704,Introduccion a la Programacion
alumno_01704,Algebra
alumno_01705,Programacion Orientada a Objetos
alumno_01705,Calculo I
alumno_01705,Fisica I
alumno_01705,Introduccion a la Programacion
alumno_01705,Bases de Datos I
alumno_01706,Matematica Discreta
alumno_01706,Calculo I
alumno_01706,Algebra Lineal
alumno_01706,Fisica I
alumno_01706,Calculo II
alumno_01706,Algebra
alumno_01706,Calculo III
alumno_01707,Programacion Orientada a Objetos
alumno_01707,Algebra Lineal
alumno_01707,Estructuras de Datos
alumno_01707,Introduccion a la Programacion
alumno_01707,Algebra
alumno_01707,Bases de Datos I
alumno_01708,Calculo I
alumno_01708,Algebra Lineal
alumno_01708,Matematica Discreta
alumno_01708,Introduccion a la Programacion
alumno_01708,Algebra
alumno_01709,Programacion Orientada a Objetos
alumno_01709,Calculo I
alumno_01709,Estructuras de Datos
alumno_01709,Calculo II
alumno_01709,Introduccion a la Programacion
alumno_01709,Calculo III
alumno_01710,Programacion Orientada a Objetos
alumno_01710,Probabilidad y Estadistica
alumno_01710,Calculo I
alumno_01710,Estructuras de Datos
alumno_01710,Calculo II
alumno_01710,Introduccion a la Programacion
alumno_01711,Calculo I
alumno_01711,Algebra Lineal
alumno_01711,Calculo II
alumno_01711,Introduccion a la Programacion
alumno_01711,Calculo III
alumno_01711,Algebra
alumno_01712,Programacion Orientada a Objetos
alumno_01712,Calculo I
alumno_01712,Algebra Lineal
alumno_01712,Estructuras de Datos
alumno_01712,Fisica I
alumno_01712,Matematica Discreta
alumno_01712,Introduccion a la Programacion
alumno_01712,Algebra
alumno_01712,Bases de Datos I
alumno_01713,Calculo II
alumno_01713,Probabilidad y Estadistica
alumno_01713,Algebra Lineal
alumno_01713,Matematica Discreta
alumno_01713,Introduccion a la Programacion
alumno_01713,Calculo III
alumno_01713,Algebra
alumno_01714,Programacion Orientada a Objetos
alumno_01714,Calculo I
alumno_01714,Estructuras de Datos
alumno_01714,Fisica I
alumno_01714,Introduccion a la Programacion
alumno_01714,Bases de Datos I
alumno_01715,Programacion Orientada a Objetos
alumno_01715,Probabilidad y Estadistica
alumno_01715,Calculo I
alumno_01715,Algebra Lineal
alumno_01715,Estructuras de Datos
alumno_01715,Fisica I
alumno_01715,Calculo II
alumno_01715,Introduccion a la Programacion
alumno_01715,Algebra
alumno_01716,Matematica Discreta
alumno_01716,Programacion Orientada a Objetos
alumno_01716,Calculo I
alumno_01716,Algebra Lineal
alumno_01716,Fisica I
alumno_01716,Calculo II
alumno_01716,Introduccion a la Programacion
alumno_01716,Calculo III
alumno_01716,Algebra
alumno_01717,Calculo I
alumno_01717,Algebra Lineal
alumno_01717,Calculo II
alumno_01717,Introduccion a la Programacion
alumno_01717,Calculo III
alumno_01717,Algebra
alumno_01717,Bases de Datos I
alumno_01718,Calculo I
alumno_01718,Fisica I
alumno_01718,Calculo II
alumno_01718,Introduccion a la Programacion
alumno_01718,Algebra
alumno_01719,Calculo I
alumno_01719,Algebra Lineal
alumno_01719,Fisica I
alumno_01719,Algebra
alumno_01719,Calculo III
alumno_01720,Algebra
alumno_01720,Fisica I
alumno_01720,Calculo I
alumno_01720,Algebra Lineal
alumno_01721,Programacion Orientada a Objetos
alumno_01721,Calculo I
alumno_01721,Algebra Lineal
alumno_01721,Estructuras de Datos
alumno_01721,Introduccion a la Programacion
alumno_01721,Algebra
alumno_01721,Bases de Datos I
alumno_01722,Programacion Orientada a Objetos
alumno_01722,Calculo I
alumno_01722,Algebra Lineal
alumno_01722,Estructuras de Datos
alumno_01722,Calculo II
alumno_01722,Introduccion a la Programacion
alumno_01722,Calculo III
alumno_01722,Algebra
alumno_01722,Bases de Datos I
alumno_01723,Programacion Orientada a Objetos
alumno_01723,Calculo I
alumno_01723,Matematica Discreta
alumno_01723,Introduccion a la Programacion
alumno_01723,Algebra
alumno_01724,Programacion Orientada a Objetos
alumno_01724,Calculo I
alumno_01724,Algebra Lineal
alumno_01724,Estructuras de Datos
alumno_01724,Fisica I
alumno_01724,Introduccion a la Programacion
alumno_01724,Algebra
alumno_01724,Bases de Datos I
alumno_01725,Programacion Orientada a Objetos
alumno_01725,Calculo I
alumno_01725,Algebra Lineal
alumno_01725,Estructuras de Datos
alumno_01725,Matematica Discreta
alumno_01725,Introduccion a la Programacion
alumno_01725,Algebra
alumno_01725,Bases de Datos I
alumno_01726,Calculo I
alumno_01727,Programacion Orientada a Objetos
alumno_01727,Calculo I
alumno_01727,Algebra Lineal
alumno_01727,Estructuras de Datos
alumno_01727,Fisica I
alumno_01727,Introduccion a la Programacion
alumno_01727,Algebra
alumno_01727,Bases de Datos I
alumno_01728,Matematica Discreta
alumno_01728,Programacion Orientada a Objetos
alumno_01728,Probabilidad y Estadistica
alumno_01728,Calculo I
alumno_01728,Algebra Lineal
alumno_01728,Estructuras de Datos
alumno_01728,Fisica I
alumno_01728,Calculo II
alumno_01728,Algebra
alumno_01728,Calculo III
alumno_01728,Bases de Datos I
alumno_01729,Programacion Orientada a Objetos
alumno_01729,Calculo I
alumno_01729,Estructuras de Datos
alumno_01729,Introduccion a la Programacion
alumno_01729,Algebra
alumno_01730,Programacion Orientada a Objetos
alumno_01730,Calculo I
alumno_01730,Algebra Lineal
alumno_01730,Matematica Discreta
alumno_01730,Introduccion a la Programacion
alumno_01730,Algebra
alumno_01731,Programacion Orientada a Objetos
alumno_01731,Calculo I
alumno_01731,Algebra Lineal
alumno_01731,Fisica I
alumno_01731,Introduccion a la Programacion
alumno_01731,Algebra
alumno_01732,Introduccion a la Programacion
alumno_01732,Algebra
alumno_01732,Algebra Lineal
alumno_01732,Programacion Orientada a Objetos
alumno_01733,Programacion Orientada a Objetos
alumno_01733,Calculo I
alumno_01733,Fisica I
alumno_01733,Matematica Discreta
alumno_01733,Introduccion a la Programacion
alumno_01733,Algebra
alumno_01733,Bases de Datos I
alumno_01734,Probabilidad y Estadistica
alumno_01734,Calculo I
alumno_01734,Programacion Orientada a Objetos
alumno_01735,Programacion Orientada a Objetos
alumno_01735,Algebra Lineal
alumno_01735,Fisica I
alumno_01735,Introduccion a la Programacion
alumno_01735,Algebra
alumno_01736,Introduccion a la Programacion
alumno_01736,Algebra
alumno_01736,Algebra Lineal
alumno_01736,Matematica Discreta
alumno_01737,Probabilidad y Estadistica
alumno_01737,Calculo I
alumno_01737,Estructuras de Datos
alumno_01737,Calculo II
alumno_01737,Algebra
alumno_01737,Calculo III
alumno_01738,Algebra
alumno_01738,Calculo I
alumno_01738,Algebra Lineal
alumno_01738,Matematica Discreta
alumno_01739,Programacion Orientada a Objetos
alumno_01739,Algebra Lineal
alumno_01739,Estructuras de Datos
alumno_01739,Introduccion a la Programacion
alumno_01739,Algebra
alumno_01739,Bases de Datos I
alumno_01740,Matematica Discreta
alumno_01740,Programacion Orientada a Objetos
alumno_01740,Probabilidad y Estadistica
alumno_01740,Calculo I
alumno_01740,Estructuras de Datos
alumno_01740,Fisica I
alumno_01740,Calculo II
alumno_01740,Introduccion a la Programacion
alumno_01740,Calculo III
alumno_01740,Algebra
alumno_01741,Programacion Orientada a Objetos
alumno_01741,Calculo I
alumno_01741,Estructuras de Datos
alumno_01741,Matematica Discreta
alumno_01741,Introduccion a la Programacion
alumno_01741,Algebra
alumno_01742,Programacion Orientada a Objetos
alumno_01742,Probabilidad y Estadistica
alumno_01742,Calculo I
alumno_01742,Estructuras de Datos
alumno_01742,Fisica I
alumno_01742,Calculo II
alumno_01742,Introduccion a la Programacion
alumno_01742,Calculo III
alumno_01742,Bases de Datos I
alumno_01743,Programacion Orientada a Objetos
alumno_01743,Calculo I
alumno_01743,Estructuras de Datos
alumno_01743,Introduccion a la Programacion
alumno_01743,Algebra
alumno_01743,Bases de Datos I
alumno_01744,Calculo I
alumno_01744,Calculo II
alumno_01744,Introduccion a la Programacion
alumno_01744,Calculo III
alumno_01744,Algebra
alumno_01745,Matematica Discreta
alumno_01745,Calculo I
alumno_01745,Algebra Lineal
alumno_01745,Fisica I
alumno_01745,Calculo II
alumno_01745,Algebra
alumno_01746,Introduccion a la Programacion
alumno_01746,Fisica I
alumno_01746,Programacion Orientada a Objetos
alumno_01747,Probabilidad y Estadistica
alumno_01747,Calculo I
alumno_01747,Algebra Lineal
alumno_01747,Calculo II
alumno_01747,Algebra
alumno_01747,Calculo III
alumno_01748,Programacion Orientada a Objetos
alumno_01748,Calculo I
alumno_01748,Estructuras de Datos
alumno_01748,Matematica Discreta
alumno_01748,Introduccion a la Programacion
alumno_01748,Algebra
alumno_01749,Calculo II
alumno_01749,Probabilidad y Estadistica
alumno_01749,Calculo I
alumno_01749,Matematica Discreta
alumno_01749,Introduccion a la Programacion
alumno_01749,Calculo III
alumno_01749,Algebra
alumno_01750,Calculo I
alumno_01750,Fisica I
alumno_01750,Matematica Discreta
alumno_01750,Introduccion a la Programacion
alumno_01750,Algebra
alumno_01751,Programacion Orientada a Objetos
alumno_01751,Calculo I
alumno_01751,Algebra Lineal
alumno_01751,Estructuras de Datos
alumno_01751,Fisica I
alumno_01751,Introduccion a la Programacion
alumno_01751,Bases de Datos I
alumno_01752,Matematica Discreta
alumno_01752,Programacion Orientada a Objetos
alumno_01752,Calculo I
alumno_01752,Algebra Lineal
alumno_01752,Estructuras de Datos
alumno_01752,Fisica I
alumno_01752,Calculo II
alumno_01752,Introduccion a la Programacion
alumno_01752,Calculo III
alumno_01752,Algebra
alumno_01753,Introduccion a la Programacion
alumno_01753,Calculo I
alumno_01753,Programacion Orientada a Objetos
alumno_01754,Programacion Orientada a Objetos
alumno_01754,Calculo I
alumno_01754,Algebra Lineal
alumno_01754,Fisica I
alumno_01754,Matematica Discreta
alumno_01754,Introduccion a la Programacion
alumno_01754,Algebra
alumno_01755,Matematica Discreta
alumno_01755,Programacion Orientada a Objetos
alumno_01755,Calculo I
alumno_01755,Algebra Lineal
alumno_01755,Estructuras de Datos
alumno_01755,Fisica I
alumno_01755,Calculo II
alumno_01755,Introduccion a la Programacion
alumno_01755,Algebra
alumno_01756,Matematica Discreta
alumno_01756,Programacion Orientada a Objetos
alumno_01756,Probabilidad y Estadistica
alumno_01756,Algebra Lineal
alumno_01756,Estructuras de Datos
alumno_01756,Calculo II
alumno_01756,Introduccion a la Programacion
alumno_01756,Algebra
alumno_01756,Bases de Datos I
alumno_01757,Matematica Discreta
alumno_01757,Programacion Orientada a Objetos
alumno_01757,Probabilidad y Estadistica
alumno_01757,Calculo I
alumno_01757,Algebra Lineal
alumno_01757,Calculo II
alumno_01757,Introduccion a la Programacion
alumno_01757,Algebra
alumno_01758,Programacion Orientada a Objetos
alumno_01758,Calculo I
alumno_01758,Fisica I
alumno_01758,Introduccion a la Programacion
alumno_01758,Algebra
alumno_01759,Programacion Orientada a Objetos
alumno_01759,Calculo I
alumno_01759,Algebra Lineal
alumno_01759,Estructuras de Datos
alumno_01759,Fisica I
alumno_01759,Calculo II
alumno_01759,Introduccion a la Programacion
alumno_01759,Calculo III
alumno_01759,Algebra
alumno_01759,Bases de Datos I
alumno_01760,Programacion Orientada a Objetos
alumno_01760,Calculo I
alumno_01760,Algebra Lineal
alumno_01760,Estructuras de Datos
alumno_01760,Fisica I
alumno_01760,Matematica Discreta
alumno_01760,Introduccion a la Programacion
alumno_01760,Algebra
alumno_01760,Bases de Datos I
alumno_01761,Matematica Discreta
alumno_01761,Programacion Orientada a Objetos
alumno_01761,Calculo I
alumno_01761,Algebra Lineal
alumno_01761,Fisica I
alumno_01761,Calculo II
alumno_01761,Introduccion a la Programacion
alumno_01761,Calculo III
alumno_01761,Algebra
alumno_01762,Programacion Orientada a Objetos
alumno_01762,Calculo I
alumno_01762,Algebra Lineal
alumno_01762,Estructuras de Datos
alumno_01762,Fisica I
alumno_01762,Calculo II
alumno_01762,Introduccion a la Programacion
alumno_01762,Calculo III
alumno_01762,Algebra
alumno_01762,Bases de Datos I
alumno_01763,Programacion Orientada a Objetos
alumno_01763,Calculo I
alumno_01763,Algebra Lineal
alumno_01763,Estructuras de Datos
alumno_01763,Fisica I
alumno_01763,Calculo II
alumno_01763,Introduccion a la Programacion
alumno_01763,Calculo III
alumno_01763,Algebra
alumno_01764,Programacion Orientada a Objetos
alumno_01764,Calculo I
alumno_01764,Algebra Lineal
alumno_01764,Fisica I
alumno_01764,Matematica Discreta
alumno_01764,Introduccion a la Programacion
alumno_01764,Algebra
alumno_01765,Matematica Discreta
alumno_01765,Programacion Orientada a Objetos
alumno_01765,Probabilidad y Estadistica
alumno_01765,Calculo I
alumno_01765,Calculo II
alumno_01765,Introduccion a la Programacion
alumno_01765,Algebra
alumno_01766,Programacion Orientada a Objetos
alumno_01766,Calculo I
alumno_01766,Algebra Lineal
alumno_01766,Fisica I
alumno_01766,Calculo II
alumno_01766,Introduccion a la Programacion
alumno_01766,Algebra
alumno_01767,Matematica Discreta
alumno_01767,Programacion Orientada a Objetos
alumno_01767,Calculo I
alumno_01767,Algebra Lineal
alumno_01767,Estructuras de Datos
alumno_01767,Fisica I
alumno_01767,Calculo II
alumno_01767,Introduccion a la Programacion
alumno_01767,Calculo III
alumno_01767,Algebra
alumno_01767,Bases de Datos I
alumno_01768,Programacion Orientada a Objetos
alumno_01768,Calculo I
alumno_01768,Estructuras de Datos
alumno_01768,Fisica I
alumno_01768,Introduccion a la Programacion
alumno_01768,Algebra
alumno_01768,Bases de Datos I
alumno_01769,Programacion Orientada a Objetos
alumno_01769,Algebra Lineal
alumno_01769,Estructuras de Datos
alumno_01769,Calculo II
alumno_01769,Introduccion a la Programacion
alumno_01769,Algebra
alumno_01769,Bases de Datos I
alumno_01770,Programacion Orientada a Objetos
alumno_01770,Calculo I
alumno_01770,Fisica I
alumno_01770,Matematica Discreta
alumno_01770,Introduccion a la Programacion
alumno_01770,Algebra
alumno_01771,Algebra
alumno_01771,Fisica I
alumno_01771,Algebra Lineal
alumno_01772,Programacion Orientada a Objetos
alumno_01772,Calculo I
alumno_01772,Estructuras de Datos
alumno_01772,Fisica I
alumno_01772,Calculo II
alumno_01772,Introduccion a la Programacion
alumno_01773,Matematica Discreta
alumno_01773,Programacion Orientada a Objetos
alumno_01773,Calculo I
alumno_01773,Algebra Lineal
alumno_01773,Estructuras de Datos
alumno_01773,Calculo II
alumno_01773,Introduccion a la Programacion
alumno_01773,Algebra
alumno_01773,Bases de Datos I
alumno_01774,Programacion Orientada a Objetos
alumno_01774,Calculo I
alumno_01774,Algebra Lineal
alumno_01774,Fisica I
alumno_01774,Calculo II
alumno_01774,Introduccion a la Programacion
alumno_01774,Calculo III
alumno_01774,Algebra
alumno_01775,Matematica Discreta
alumno_01775,Programacion Orientada a Objetos
alumno_01775,Probabilidad y Estadistica
alumno_01775,Calculo I
alumno_01775,Algebra Lineal
alumno_01775,Estructuras de Datos
alumno_01775,Fisica I
alumno_01775,Calculo II
alumno_01775,Introduccion a la Programacion
alumno_01775,Calculo III
alumno_01775,Algebra
alumno_01775,Bases de Datos I
alumno_01776,Calculo I
alumno_01776,Algebra Lineal
alumno_01776,Fisica I
alumno_01776,Introduccion a la Programacion
alumno_01776,Algebra
alumno_01777,Programacion Orientada a Objetos
alumno_01777,Calculo I
alumno_01777,Estructuras de Datos
alumno_01777,Fisica I
alumno_01777,Introduccion a la Programacion
alumno_01777,Bases de Datos I
alumno_01778,Programacion Orientada a Objetos
alumno_01778,Probabilidad y Estadistica
alumno_01778,Calculo I
alumno_01778,Algebra Lineal
alumno_01778,Calculo II
alumno_01778,Introduccion a la Programacion
alumno_01778,Calculo III
alumno_01778,Algebra
alumno_01779,Programacion Orientada a Objetos
alumno_01779,Calculo I
alumno_01779,Estructuras de Datos
alumno_01779,Fisica I
alumno_01779,Introduccion a la Programacion
alumno_01780,Matematica Discreta
alumno_01780,Programacion Orientada a Objetos
alumno_01780,Probabilidad y Estadistica
alumno_01780,Calculo I
alumno_01780,Algebra Lineal
alumno_01780,Estructuras de Datos
alumno_01780,Calculo II
alumno_01780,Introduccion a la Programacion
alumno_01780,Calculo III
alumno_01780,Algebra
alumno_01780,Bases de Datos I
alumno_01781,Programacion Orientada a Objetos
alumno_01781,Algebra Lineal
alumno_01781,Estructuras de Datos
alumno_01781,Fisica I
alumno_01781,Matematica Discreta
alumno_01781,Introduccion a la Programacion
alumno_01781,Algebra
alumno_01782,Programacion Orientada a Objetos
alumno_01782,Calculo I
alumno_01782,Algebra Lineal
alumno_01782,Estructuras de Datos
alumno_01782,Introduccion a la Programacion
alumno_01782,Algebra
alumno_01782,Bases de Datos I
alumno_01783,Programacion Orientada a Objetos
alumno_01783,Calculo I
alumno_01783,Algebra Lineal
alumno_01783,Estructuras de Datos
alumno_01783,Fisica I
alumno_01783,Introduccion a la Programacion
alumno_01783,Algebra
alumno_01783,Bases de Datos I
alumno_01784,Programacion Orientada a Objetos
alumno_01784,Probabilidad y Estadistica
alumno_01784,Calculo I
alumno_01784,Algebra Lineal
alumno_01784,Fisica I
alumno_01784,Calculo II
alumno_01784,Introduccion a la Programacion
alumno_01784,Calculo III
alumno_01784,Algebra
alumno_01785,Matematica Discreta
alumno_01785,Programacion Orientada a Objetos
alumno_01785,Calculo I
alumno_01785,Estructuras de Datos
alumno_01785,Calculo II
alumno_01785,Introduccion a la Programacion
alumno_01785,Calculo III
alumno_01785,Algebra
alumno_01786,Programacion Orientada a Objetos
alumno_01786,Calculo I
alumno_01786,Algebra Lineal
alumno_01786,Fisica I
alumno_01786,Calculo II
alumno_01786,Introduccion a la Programacion
alumno_01786,Algebra
alumno_01787,Matematica Discreta
alumno_01787,Programacion Orientada a Objetos
alumno_01787,Probabilidad y Estadistica
alumno_01787,Calculo I
alumno_01787,Algebra Lineal
alumno_01787,Estructuras de Datos
alumno_01787,Fisica I
alumno_01787,Calculo II
alumno_01787,Introduccion a la Programacion
alumno_01787,Algebra
alumno_01787,Bases de Datos I
alumno_01788,Matematica Discreta
alumno_01788,Programacion Orientada a Objetos
alumno_01788,Probabilidad y Estadistica
alumno_01788,Calculo I
alumno_01788,Algebra Lineal
alumno_01788,Estructuras de Datos
alumno_01788,Calculo II
alumno_01788,Introduccion a la Programacion
alumno_01788,Algebra
alumno_01788,Bases de Datos I
alumno_01789,Programacion Orientada a Objetos
alumno_01789,Calculo I
alumno_01789,Calculo II
alumno_01789,Introduccion a la Programacion
alumno_01789,Calculo III
alumno_01790,Probabilidad y Estadistica
alumno_01790,Calculo I
alumno_01790,Algebra Lineal
alumno_01790,Fisica I
alumno_01790,Calculo II
alumno_01790,Algebra
alumno_01790,Calculo III
alumno_01791,Programacion Orientada a Objetos
alumno_01791,Algebra Lineal
alumno_01791,Fisica I
alumno_01791,Matematica Discreta
alumno_01791,Introduccion a la Programacion
alumno_01791,Algebra
alumno_01792,Programacion Orientada a Objetos
alumno_01792,Calculo I
alumno_01792,Algebra Lineal
alumno_01792,Estructuras de Datos
alumno_01792,Fisica I
alumno_01792,Introduccion a la Programacion
alumno_01792,Algebra
alumno_01792,Bases de Datos I
alumno_01793,Algebra Lineal
alumno_01793,Fisica I
alumno_01793,Introduccion a la Programacion
alumno_01793,Algebra
alumno_01793,Bases de Datos I
alumno_01794,Matematica Discreta
alumno_01794,Probabilidad y Estadistica
alumno_01794,Calculo I
alumno_01794,Algebra Lineal
alumno_01794,Fisica I
alumno_01794,Calculo II
alumno_01794,Algebra
alumno_01794,Calculo III
alumno_01795,Programacion Orientada a Objetos
alumno_01795,Calculo I
alumno_01795,Algebra Lineal
alumno_01795,Estructuras de Datos
alumno_01795,Matematica Discreta
alumno_01795,Introduccion a la Programacion
alumno_01795,Algebra
alumno_01795,Bases de Datos I
alumno_01796,Programacion Orientada a Objetos
alumno_01796,Calculo I
alumno_01796,Estructuras de Datos
alumno_01796,Fisica I
alumno_01796,Introduccion a la Programacion
alumno_01796,Algebra
alumno_01797,Programacion Orientada a Objetos
alumno_01797,Calculo I
alumno_01797,Algebra Lineal
alumno_01797,Estructuras de Datos
alumno_01797,Fisica I
alumno_01797,Introduccion a la Programacion
alumno_01797,Algebra
alumno_01797,Bases de Datos I
alumno_01798,Matematica Discreta
alumno_01798,Programacion Orientada a Objetos
alumno_01798,Probabilidad y Estadistica
alumno_01798,Calculo I
alumno_01798,Algebra Lineal
alumno_01798,Estructuras de Datos
alumno_01798,Fisica I
alumno_01798,Calculo II
alumno_01798,Introduccion a la Programacion
alumno_01798,Calculo III
alumno_01798,Algebra
alumno_01799,Algebra
alumno_01800,Programacion Orientada a Objetos
alumno_01800,Probabilidad y Estadistica
alumno_01800,Calculo I
alumno_01800,Algebra Lineal
alumno_01800,Estructuras de Datos
alumno_01800,Fisica I
alumno_01800,Calculo II
alumno_01800,Introduccion a la Programacion
alumno_01800,Calculo III
alumno_01800,Algebra
alumno_01800,Bases de Datos I
alumno_01801,Introduccion a la Programacion
alumno_01801,Fisica I
alumno_01801,Programacion Orientada a Objetos
alumno_01802,Programacion Orientada a Objetos
alumno_01802,Probabilidad y Estadistica
alumno_01802,Calculo I
alumno_01802,Algebra Lineal
alumno_01802,Fisica I
alumno_01802,Calculo II
alumno_01802,Introduccion a la Programacion
alumno_01802,Algebra
alumno_01803,Programacion Orientada a Objetos
alumno_01803,Algebra Lineal
alumno_01803,Matematica Discreta
alumno_01803,Introduccion a la Programacion
alumno_01803,Algebra
alumno_01804,Calculo I
alumno_01804,Algebra Lineal
alumno_01804,Calculo II
alumno_01804,Introduccion a la Programacion
alumno_01804,Algebra
alumno_01805,Probabilidad y Estadistica
alumno_01805,Calculo I
alumno_01805,Algebra Lineal
alumno_01805,Fisica I
alumno_01805,Calculo II
alumno_01805,Introduccion a la Programacion
alumno_01805,Calculo III
alumno_01805,Algebra
alumno_01805,Bases de Datos I
alumno_01806,Matematica Discreta
alumno_01806,Probabilidad y Estadistica
alumno_01806,Calculo I
alumno_01806,Algebra Lineal
alumno_01806,Calculo II
alumno_01806,Introduccion a la Programacion
alumno_01806,Calculo III
alumno_01806,Algebra
alumno_01807,Matematica Discreta
alumno_01807,Programacion Orientada a Objetos
alumno_01807,Calculo I
alumno_01807,Algebra Lineal
alumno_01807,Estructuras de Datos
alumno_01807,Calculo II
alumno_01807,Introduccion a la Programacion
alumno_01807,Calculo III
alumno_01807,Algebra
alumno_01807,Bases de Datos I
alumno_01808,Calculo I
alumno_01808,Algebra Lineal
alumno_01808,Fisica I
alumno_01808,Matematica Discreta
alumno_01808,Algebra
alumno_01809,Programacion Orientada a Objetos
alumno_01809,Probabilidad y Estadistica
alumno_01809,Calculo I
alumno_01809,Algebra Lineal
alumno_01809,Estructuras de Datos
alumno_01809,Fisica I
alumno_01809,Calculo II
alumno_01809,Introduccion a la Programacion
alumno_01809,Calculo III
alumno_01809,Algebra
alumno_01809,Bases de Datos I
alumno_01810,Programacion Orientada a Objetos
alumno_01810,Calculo I
alumno_01810,Estructuras de Datos
alumno_01810,Fisica I
alumno_01810,Matematica Discreta
alumno_01810,Introduccion a la Programacion
alumno_01810,Algebra
alumno_01810,Bases de Datos I
alumno_01811,Programacion Orientada a Objetos
alumno_01811,Calculo I
alumno_01811,Algebra Lineal
alumno_01811,Estructuras de Datos
alumno_01811,Fisica I
alumno_01811,Calculo II
alumno_01811,Introduccion a la Programacion
alumno_01811,Calculo III
alumno_01811,Algebra
alumno_01811,Bases de Datos I
alumno_01812,Introduccion a la Programacion
alumno_01812,Fisica I
alumno_01812,Estructuras de Datos
alumno_01812,Programacion Orientada a Objetos
alumno_01813,Matematica Discreta
alumno_01813,Programacion Orientada a Objetos
alumno_01813,Probabilidad y Estadistica
alumno_01813,Calculo I
alumno_01813,Algebra Lineal
alumno_01813,Calculo II
alumno_01813,Introduccion a la Programacion
alumno_01813,Algebra
alumno_01814,Programacion Orientada a Objetos
alumno_01814,Probabilidad y Estadistica
alumno_01814,Calculo I
alumno_01814,Algebra Lineal
alumno_01814,Fisica I
alumno_01814,Calculo II
alumno_01814,Introduccion a la Programacion
alumno_01814,Algebra
alumno_01815,Algebra
alumno_01815,Calculo I
alumno_01815,Calculo III
alumno_01816,Programacion Orientada a Objetos
alumno_01816,Probabilidad y Estadistica
alumno_01816,Calculo I
alumno_01816,Estructuras de Datos
alumno_01816,Calculo II
alumno_01816,Introduccion a la Programacion
alumno_01816,Calculo III
alumno_01817,Programacion Orientada a Objetos
alumno_01817,Probabilidad y Estadistica
alumno_01817,Calculo I
alumno_01817,Estructuras de Datos
alumno_01817,Fisica I
alumno_01817,Calculo II
alumno_01817,Introduccion a la Programacion
alumno_01817,Bases de Datos I
alumno_01818,Programacion Orientada a Objetos
alumno_01818,Probabilidad y Estadistica
alumno_01818,Calculo I
alumno_01818,Estructuras de Datos
alumno_01818,Fisica I
alumno_01818,Calculo II
alumno_01818,Introduccion a la Programacion
alumno_01818,Calculo III
alumno_01818,Bases de Datos I
alumno_01819,Probabilidad y Estadistica
alumno_01819,Calculo I
alumno_01819,Estructuras de Datos
alumno_01819,Fisica I
alumno_01819,Calculo II
alumno_01819,Introduccion a la Programacion
alumno_01820,Matematica Discreta
alumno_01820,Programacion Orientada a Objetos
alumno_01820,Probabilidad y Estadistica
alumno_01820,Calculo I
alumno_01820,Algebra Lineal
alumno_01820,Estructuras de Datos
alumno_01820,Calculo II
alumno_01820,Introduccion a la Programacion
alumno_01820,Calculo III
alumno_01820,Algebra
alumno_01820,Bases de Datos I
alumno_01821,Programacion Orientada a Objetos
alumno_01821,Algebra Lineal
alumno_01821,Estructuras de Datos
alumno_01821,Fisica I
alumno_01821,Introduccion a la Programacion
alumno_01821,Algebra
alumno_01822,Calculo II
alumno_01822,Calculo I
alumno_01822,Matematica Discreta
alumno_01822,Introduccion a la Programacion
alumno_01822,Calculo III
alumno_01823,Introduccion a la Programacion
alumno_01823,Calculo I
alumno_01824,Programacion Orientada a Objetos
alumno_01824,Calculo I
alumno_01824,Estructuras de Datos
alumno_01824,Fisica I
alumno_01824,Introduccion a la Programacion
alumno_01824,Bases de Datos I
alumno_01825,Calculo II
alumno_01825,Programacion Orientada a Objetos
alumno_01825,Probabilidad y Estadistica
alumno_01825,Calculo I
alumno_01825,Estructuras de Datos
alumno_01825,Matematica Discreta
alumno_01825,Introduccion a la Programacion
alumno_01825,Calculo III
alumno_01826,Programacion Orientada a Objetos
alumno_01826,Probabilidad y Estadistica
alumno_01826,Calculo I
alumno_01826,Algebra Lineal
alumno_01826,Fisica I
alumno_01826,Matematica Discreta
alumno_01826,Introduccion a la Programacion
alumno_01826,Algebra
alumno_01827,Programacion Orientada a Objetos
alumno_01827,Probabilidad y Estadistica
alumno_01827,Calculo I
alumno_01827,Fisica I
alumno_01827,Calculo II
alumno_01827,Introduccion a la Programacion
alumno_01828,Matematica Discreta
alumno_01828,Programacion Orientada a Objetos
alumno_01828,Calculo I
alumno_01828,Algebra Lineal
alumno_01828,Estructuras de Datos
alumno_01828,Calculo II
alumno_01828,Introduccion a la Programacion
alumno_01828,Algebra
alumno_01828,Bases de Datos I
alumno_01829,Matematica Discreta
alumno_01829,Programacion Orientada a Objetos
alumno_01829,Probabilidad y Estadistica
alumno_01829,Calculo I
alumno_01829,Estructuras de Datos
alumno_01829,Fisica I
alumno_01829,Calculo II
alumno_01829,Introduccion a la Programacion
alumno_01829,Calculo III
alumno_01830,Matematica Discreta
alumno_01830,Programacion Orientada a Objetos
alumno_01830,Calculo I
alumno_01830,Estructuras de Datos
alumno_01830,Fisica I
alumno_01830,Calculo II
alumno_01830,Introduccion a la Programacion
alumno_01831,Programacion Orientada a Objetos
alumno_01831,Calculo I
alumno_01831,Algebra Lineal
alumno_01831,Estructuras de Datos
alumno_01831,Matematica Discreta
alumno_01831,Introduccion a la Programacion
alumno_01831,Algebra
alumno_01832,Programacion Orientada a Objetos
alumno_01832,Probabilidad y Estadistica
alumno_01832,Calculo I
alumno_01832,Algebra Lineal
alumno_01832,Fisica I
alumno_01832,Calculo II
alumno_01832,Introduccion a la Programacion
alumno_01832,Algebra
alumno_01833,Matematica Discreta
alumno_01833,Programacion Orientada a Objetos
alumno_01833,Probabilidad y Estadistica
alumno_01833,Calculo I
alumno_01833,Algebra Lineal
alumno_01833,Calculo II
alumno_01833,Introduccion a la Programacion
alumno_01833,Calculo III
alumno_01833,Algebra
alumno_01834,Programacion Orientada a Objetos
alumno_01834,Calculo I
alumno_01834,Fisica I
alumno_01834,Calculo II
alumno_01834,Introduccion a la Programacion
alumno_01834,Calculo III
alumno_01834,Algebra
alumno_01835,Programacion Orientada a Objetos
alumno_01835,Calculo I
alumno_01835,Estructuras de Datos
alumno_01835,Fisica I
alumno_01835,Introduccion a la Programacion
alumno_01835,Algebra
alumno_01835,Bases de Datos I
alumno_01836,Matematica Discreta
alumno_01836,Probabilidad y Estadistica
alumno_01836,Calculo I
alumno_01836,Algebra Lineal
alumno_01836,Estructuras de Datos
alumno_01836,Fisica I
alumno_01836,Calculo II
alumno_01836,Introduccion a la Programacion
alumno_01836,Algebra
alumno_01836,Bases de Datos I
alumno_01837,Programacion Orientada a Objetos
alumno_01837,Probabilidad y Estadistica
alumno_01837,Calculo I
alumno_01837,Estructuras de Datos
alumno_01837,Fisica I
alumno_01837,Introduccion a la Programacion
alumno_01837,Algebra
alumno_01837,Bases de Datos I
alumno_01838,Programacion Orientada a Objetos
alumno_01838,Calculo I
alumno_01838,Algebra Lineal
alumno_01838,Estructuras de Datos
alumno_01838,Calculo II
alumno_01838,Introduccion a la Programacion
alumno_01838,Algebra
alumno_01838,Bases de Datos I
alumno_01839,Programacion Orientada a Objetos
alumno_01839,Probabilidad y Estadistica
alumno_01839,Calculo I
alumno_01839,Algebra Lineal
alumno_01839,Estructuras de Datos
alumno_01839,Calculo II
alumno_01839,Introduccion a la Programacion
alumno_01839,Calculo III
alumno_01839,Algebra
alumno_01840,Programacion Orientada a Objetos
alumno_01840,Calculo I
alumno_01840,Estructuras de Datos
alumno_01840,Introduccion a la Programacion
alumno_01840,Algebra
alumno_01840,Bases de Datos I
alumno_01841,Calculo II
alumno_01841,Programacion Orientada a Objetos
alumno_01841,Probabilidad y Estadistica
alumno_01841,Calculo I
alumno_01841,Estructuras de Datos
alumno_01841,Matematica Discreta
alumno_01841,Introduccion a la Programacion
alumno_01841,Calculo III
alumno_01841,Bases de Datos I
alumno_01842,Programacion Orientada a Objetos
alumno_01842,Algebra Lineal
alumno_01842,Estructuras de Datos
alumno_01842,Fisica I
alumno_01842,Introduccion a la Programacion
alumno_01842,Algebra
alumno_01842,Bases de Datos I
alumno_01843,Programacion Orientada a Objetos
alumno_01843,Calculo I
alumno_01843,Estructuras de Datos
alumno_01843,Fisica I
alumno_01843,Calculo II
alumno_01843,Introduccion a la Programacion
alumno_01843,Bases de Datos I
alumno_01844,Matematica Discreta
alumno_01844,Programacion Orientada a Objetos
alumno_01844,Probabilidad y Estadistica
alumno_01844,Calculo I
alumno_01844,Algebra Lineal
alumno_01844,Estructuras de Datos
alumno_01844,Calculo II
alumno_01844,Introduccion a la Programacion
alumno_01844,Calculo III
alumno_01844,Algebra
alumno_01844,Bases de Datos I
alumno_01845,Calculo I
alumno_01845,Algebra Lineal
alumno_01845,Introduccion a la Programacion
alumno_01845,Algebra
alumno_01845,Bases de Datos I
alumno_01846,Programacion Orientada a Objetos
alumno_01846,Calculo I
alumno_01846,Algebra Lineal
alumno_01846,Fisica I
alumno_01846,Matematica Discreta
alumno_01846,Introduccion a la Programacion
alumno_01846,Algebra
alumno_01847,Fisica I
alumno_01847,Calculo I
alumno_01848,Matematica Discreta
alumno_01848,Programacion Orientada a Objetos
alumno_01848,Probabilidad y Estadistica
alumno_01848,Calculo I
alumno_01848,Algebra Lineal
alumno_01848,Estructuras de Datos
alumno_01848,Fisica I
alumno_01848,Calculo II
alumno_01848,Introduccion a la Programacion
alumno_01848,Calculo III
alumno_01848,Algebra
alumno_01849,Programacion Orientada a Objetos
alumno_01849,Algebra Lineal
alumno_01849,Estructuras de Datos
alumno_01849,Fisica I
alumno_01849,Introduccion a la Programacion
alumno_01849,Algebra
alumno_01849,Bases de Datos I
alumno_01850,Programacion Orientada a Objetos
alumno_01850,Calculo I
alumno_01850,Estructuras de Datos
alumno_01850,Introduccion a la Programacion
alumno_01850,Bases de Datos I
alumno_01851,Matematica Discreta
alumno_01851,Programacion Orientada a Objetos
alumno_01851,Probabilidad y Estadistica
alumno_01851,Algebra Lineal
alumno_01851,Estructuras de Datos
alumno_01851,Calculo II
alumno_01851,Introduccion a la Programacion
alumno_01851,Calculo III
alumno_01851,Algebra
alumno_01851,Bases de Datos I
alumno_01852,Programacion Orientada a Objetos
alumno_01852,Calculo I
alumno_01852,Algebra Lineal
alumno_01852,Estructuras de Datos
alumno_01852,Fisica I
alumno_01852,Introduccion a la Programacion
alumno_01852,Algebra
alumno_01852,Bases de Datos I
alumno_01853,Programacion Orientada a Objetos
alumno_01853,Calculo I
alumno_01853,Estructuras de Datos
alumno_01853,Fisica I
alumno_01853,Matematica Discreta
alumno_01853,Introduccion a la Programacion
alumno_01853,Algebra
alumno_01853,Bases de Datos I
alumno_01854,Matematica Discreta
alumno_01854,Programacion Orientada a Objetos
alumno_01854,Probabilidad y Estadistica
alumno_01854,Calculo I
alumno_01854,Algebra Lineal
alumno_01854,Calculo II
alumno_01854,Introduccion a la Programacion
alumno_01854,Calculo III
alumno_01854,Algebra
alumno_01855,Programacion Orientada a Objetos
alumno_01855,Probabilidad y Estadistica
alumno_01855,Calculo I
alumno_01855,Algebra Lineal
alumno_01855,Estructuras de Datos
alumno_01855,Fisica I
alumno_01855,Calculo II
alumno_01855,Introduccion a la Programacion
alumno_01855,Calculo III
alumno_01855,Algebra
alumno_01856,Programacion Orientada a Objetos
alumno_01856,Probabilidad y Estadistica
alumno_01856,Calculo I
alumno_01856,Algebra Lineal
alumno_01856,Fisica I
alumno_01856,Calculo II
alumno_01856,Introduccion a la Programacion
alumno_01856,Calculo III
alumno_01856,Algebra
alumno_01857,Matematica Discreta
alumno_01857,Programacion Orientada a Objetos
alumno_01857,Calculo I
alumno_01857,Estructuras de Datos
alumno_01857,Calculo II
alumno_01857,Introduccion a la Programacion
alumno_01857,Algebra
alumno_01858,Matematica Discreta
alumno_01858,Programacion Orientada a Objetos
alumno_01858,Probabilidad y Estadistica
alumno_01858,Calculo I
alumno_01858,Algebra Lineal
alumno_01858,Fisica I
alumno_01858,Calculo II
alumno_01858,Introduccion a la Programacion
alumno_01858,Algebra
alumno_01859,Matematica Discreta
alumno_01859,Programacion Orientada a Objetos
alumno_01859,Probabilidad y Estadistica
alumno_01859,Calculo I
alumno_01859,Algebra Lineal
alumno_01859,Estructuras de Datos
alumno_01859,Fisica I
alumno_01859,Calculo II
alumno_01859,Introduccion a la Programacion
alumno_01859,Calculo III
alumno_01859,Algebra
alumno_01860,Programacion Orientada a Objetos
alumno_01860,Calculo I
alumno_01860,Algebra Lineal
alumno_01860,Fisica I
alumno_01860,Matematica Discreta
alumno_01860,Introduccion a la Programacion
alumno_01860,Algebra
alumno_01861,Programacion Orientada a Objetos
alumno_01861,Algebra Lineal
alumno_01861,Estructuras de Datos
alumno_01861,Introduccion a la Programacion
alumno_01861,Algebra
alumno_01861,Bases de Datos I
alumno_01862,Matematica Discreta
alumno_01862,Programacion Orientada a Objetos
alumno_01862,Calculo I
alumno_01862,Algebra Lineal
alumno_01862,Estructuras de Datos
alumno_01862,Fisica I
alumno_01862,Calculo II
alumno_01862,Introduccion a la Programacion
alumno_01862,Algebra
alumno_01862,Bases de Datos I
alumno_01863,Programacion Orientada a Objetos
alumno_01863,Calculo I
alumno_01863,Estructuras de Datos
alumno_01863,Fisica I
alumno_01863,Calculo II
alumno_01863,Introduccion a la Programacion
alumno_01863,Calculo III
alumno_01863,Bases de Datos I
alumno_01864,Matematica Discreta
alumno_01864,Programacion Orientada a Objetos
alumno_01864,Probabilidad y Estadistica
alumno_01864,Calculo I
alumno_01864,Algebra Lineal
alumno_01864,Estructuras de Datos
alumno_01864,Fisica I
alumno_01864,Calculo II
alumno_01864,Introduccion a la Programacion
alumno_01864,Calculo III
alumno_01864,Algebra
alumno_01865,Programacion Orientada a Objetos
alumno_01865,Calculo I
alumno_01865,Algebra Lineal
alumno_01865,Fisica I
alumno_01865,Matematica Discreta
alumno_01865,Introduccion a la Programacion
alumno_01865,Algebra
alumno_01866,Introduccion a la Programacion
alumno_01866,Fisica I
alumno_01866,Calculo I
alumno_01866,Programacion Orientada a Objetos
alumno_01867,Programacion Orientada a Objetos
alumno_01867,Calculo I
alumno_01867,Estructuras de Datos
alumno_01867,Fisica I
alumno_01867,Matematica Discreta
alumno_01867,Introduccion a la Programacion
alumno_01867,Algebra
alumno_01868,Introduccion a la Programacion
alumno_01868,Calculo III
alumno_01868,Bases de Datos I
alumno_01868,Calculo II
alumno_01869,Probabilidad y Estadistica
alumno_01869,Calculo I
alumno_01869,Matematica Discreta
alumno_01869,Introduccion a la Programacion
alumno_01869,Algebra
alumno_01870,Matematica Discreta
alumno_01870,Programacion Orientada a Objetos
alumno_01870,Probabilidad y Estadistica
alumno_01870,Calculo I
alumno_01870,Algebra Lineal
alumno_01870,Estructuras de Datos
alumno_01870,Calculo II
alumno_01870,Introduccion a la Programacion
alumno_01870,Algebra
alumno_01870,Bases de Datos I
alumno_01871,Matematica Discreta
alumno_01871,Programacion Orientada a Objetos
alumno_01871,Calculo I
alumno_01871,Estructuras de Datos
alumno_01871,Fisica I
alumno_01871,Calculo II
alumno_01871,Introduccion a la Programacion
alumno_01872,Programacion Orientada a Objetos
alumno_01872,Probabilidad y Estadistica
alumno_01872,Calculo I
alumno_01872,Algebra Lineal
alumno_01872,Fisica I
alumno_01872,Calculo II
alumno_01872,Introduccion a la Programacion
alumno_01872,Calculo III
alumno_01872,Algebra
alumno_01873,Matematica Discreta
alumno_01873,Probabilidad y Estadistica
alumno_01873,Calculo I
alumno_01873,Algebra Lineal
alumno_01873,Fisica I
alumno_01873,Calculo II
alumno_01873,Introduccion a la Programacion
alumno_01873,Calculo III
alumno_01873,Algebra
alumno_01874,Programacion Orientada a Objetos
alumno_01874,Probabilidad y Estadistica
alumno_01874,Calculo I
alumno_01874,Algebra Lineal
alumno_01874,Estructuras de Datos
alumno_01874,Fisica I
alumno_01874,Calculo II
alumno_01874,Introduccion a la Programacion
alumno_01874,Calculo III
alumno_01874,Bases de Datos I
alumno_01875,Programacion Orientada a Objetos
alumno_01875,Calculo I
alumno_01875,Estructuras de Datos
alumno_01875,Fisica I
alumno_01875,Calculo II
alumno_01875,Introduccion a la Programacion
alumno_01875,Calculo III
alumno_01876,Matematica Discreta
alumno_01876,Programacion Orientada a Objetos
alumno_01876,Probabilidad y Estadistica
alumno_01876,Calculo I
alumno_01876,Algebra Lineal
alumno_01876,Estructuras de Datos
alumno_01876,Fisica I
alumno_01876,Calculo II
alumno_01876,Introduccion a la Programacion
alumno_01876,Calculo III
alumno_01876,Algebra
alumno_01877,Matematica Discreta
alumno_01877,Programacion Orientada a Objetos
alumno_01877,Calculo I
alumno_01877,Calculo II
alumno_01877,Introduccion a la Programacion
alumno_01877,Calculo III
alumno_01877,Algebra
alumno_01878,Probabilidad y Estadistica
alumno_01878,Calculo I
alumno_01878,Algebra Lineal
alumno_01878,Fisica I
alumno_01878,Calculo II
alumno_01878,Introduccion a la Programacion
alumno_01878,Calculo III
alumno_01878,Algebra
alumno_01879,Matematica Discreta
alumno_01879,Programacion Orientada a Objetos
alumno_01879,Calculo I
alumno_01879,Estructuras de Datos
alumno_01879,Fisica I
alumno_01879,Calculo II
alumno_01879,Introduccion a la Programacion
alumno_01879,Algebra
alumno_01879,Bases de Datos I
alumno_01880,Matematica Discreta
alumno_01880,Programacion Orientada a Objetos
alumno_01880,Probabilidad y Estadistica
alumno_01880,Calculo I
alumno_01880,Algebra Lineal
alumno_01880,Fisica I
alumno_01880,Calculo II
alumno_01880,Introduccion a la Programacion
alumno_01880,Algebra
alumno_01881,Programacion Orientada a Objetos
alumno_01881,Probabilidad y Estadistica
alumno_01881,Calculo I
alumno_01881,Algebra Lineal
alumno_01881,Fisica I
alumno_01881,Calculo II
alumno_01881,Introduccion a la Programacion
alumno_01881,Calculo III
alumno_01881,Algebra
alumno_01882,Calculo I
alumno_01882,Algebra Lineal
alumno_01882,Fisica I
alumno_01882,Calculo II
alumno_01882,Algebra
alumno_01882,Calculo III
alumno_01883,Programacion Orientada a Objetos
alumno_01883,Calculo I
alumno_01883,Algebra Lineal
alumno_01883,Estructuras de Datos
alumno_01883,Fisica I
alumno_01883,Calculo II
alumno_01883,Introduccion a la Programacion
alumno_01883,Calculo III
alumno_01883,Algebra
alumno_01883,Bases de Datos I
alumno_01884,Programacion Orientada a Objetos
alumno_01884,Calculo I
alumno_01884,Algebra Lineal
alumno_01884,Fisica I
alumno_01884,Introduccion a la Programacion
alumno_01884,Algebra
alumno_01885,Programacion Orientada a Objetos
alumno_01885,Calculo I
alumno_01885,Estructuras de Datos
alumno_01885,Introduccion a la Programacion
alumno_01885,Algebra
alumno_01886,Programacion Orientada a Objetos
alumno_01886,Calculo I
alumno_01886,Algebra Lineal
alumno_01886,Fisica I
alumno_01886,Introduccion a la Programacion
alumno_01886,Algebra
alumno_01887,Algebra
alumno_01887,Algebra Lineal
alumno_01888,Matematica Discreta
alumno_01888,Programacion Orientada a Objetos
alumno_01888,Calculo I
alumno_01888,Estructuras de Datos
alumno_01888,Fisica I
alumno_01888,Calculo II
alumno_01888,Introduccion a la Programacion
alumno_01888,Bases de Datos I
alumno_01889,Programacion Orientada a Objetos
alumno_01889,Calculo I
alumno_01889,Algebra Lineal
alumno_01889,Fisica I
alumno_01889,Matematica Discreta
alumno_01889,Introduccion a la Programacion
alumno_01889,Algebra
alumno_01890,Programacion Orientada a Objetos
alumno_01890,Algebra Lineal
alumno_01890,Estructuras de Datos
alumno_01890,Fisica I
alumno_01890,Introduccion a la Programacion
alumno_01890,Algebra
alumno_01890,Bases de Datos I
alumno_01891,Calculo II
alumno_01891,Calculo I
alumno_01891,Algebra Lineal
alumno_01891,Matematica Discreta
alumno_01891,Algebra
alumno_01892,Matematica Discreta
alumno_01892,Programacion Orientada a Objetos
alumno_01892,Probabilidad y Estadistica
alumno_01892,Calculo I
alumno_01892,Fisica I
alumno_01892,Calculo II
alumno_01892,Introduccion a la Programacion
alumno_01892,Calculo III
alumno_01892,Algebra
alumno_01893,Matematica Discreta
alumno_01893,Programacion Orientada a Objetos
alumno_01893,Probabilidad y Estadistica
alumno_01893,Calculo I
alumno_01893,Algebra Lineal
alumno_01893,Calculo II
alumno_01893,Introduccion a la Programacion
alumno_01893,Algebra
alumno_01894,Programacion Orientada a Objetos
alumno_01894,Algebra Lineal
alumno_01894,Matematica Discreta
alumno_01894,Introduccion a la Programacion
alumno_01894,Algebra
alumno_01894,Bases de Datos I
alumno_01895,Algebra Lineal
alumno_01895,Fisica I
alumno_01895,Matematica Discreta
alumno_01895,Introduccion a la Programacion
alumno_01895,Algebra
alumno_01896,Introduccion a la Programacion
alumno_01896,Calculo I
alumno_01896,Calculo II
alumno_01897,Programacion Orientada a Objetos
alumno_01897,Probabilidad y Estadistica
alumno_01897,Calculo I
alumno_01897,Calculo II
alumno_01897,Introduccion a la Programacion
alumno_01897,Algebra
alumno_01897,Bases de Datos I
alumno_01898,Programacion Orientada a Objetos
alumno_01898,Algebra Lineal
alumno_01898,Estructuras de Datos
alumno_01898,Fisica I
alumno_01898,Matematica Discreta
alumno_01898,Introduccion a la Programacion
alumno_01898,Algebra
alumno_01899,Introduccion a la Programacion
alumno_01899,Estructuras de Datos
alumno_01899,Bases de Datos I
alumno_01899,Programacion Orientada a Objetos
alumno_01900,Programacion Orientada a Objetos
alumno_01900,Estructuras de Datos
alumno_01900,Fisica I
alumno_01900,Introduccion a la Programacion
alumno_01900,Bases de Datos I
alumno_01901,Probabilidad y Estadistica
alumno_01901,Calculo I
alumno_01901,Fisica I
alumno_01901,Calculo II
alumno_01901,Introduccion a la Programacion
alumno_01901,Algebra
alumno_01902,Matematica Discreta
alumno_01902,Programacion Orientada a Objetos
alumno_01902,Probabilidad y Estadistica
alumno_01902,Calculo I
alumno_01902,Algebra Lineal
alumno_01902,Estructuras de Datos
alumno_01902,Fisica I
alumno_01902,Calculo II
alumno_01902,Introduccion a la Programacion
alumno_01902,Calculo III
alumno_01902,Algebra
alumno_01903,Matematica Discreta
alumno_01903,Programacion Orientada a Objetos
alumno_01903,Calculo I
alumno_01903,Fisica I
alumno_01903,Calculo II
alumno_01903,Introduccion a la Programacion
alumno_01903,Calculo III
alumno_01903,Algebra
alumno_01904,Probabilidad y Estadistica
alumno_01904,Calculo I
alumno_01904,Fisica I
alumno_01904,Calculo II
alumno_01904,Bases de Datos I
alumno_01905,Introduccion a la Programacion
alumno_01905,Fisica I
alumno_01905,Programacion Orientada a Objetos
alumno_01906,Calculo II
alumno_01906,Probabilidad y Estadistica
alumno_01906,Calculo I
alumno_01906,Estructuras de Datos
alumno_01906,Fisica I
alumno_01906,Matematica Discreta
alumno_01906,Algebra
alumno_01906,Calculo III
alumno_01906,Bases de Datos I
alumno_01907,Matematica Discreta
alumno_01907,Programacion Orientada a Objetos
alumno_01907,Probabilidad y Estadistica
alumno_01907,Calculo I
alumno_01907,Estructuras de Datos
alumno_01907,Fisica I
alumno_01907,Calculo II
alumno_01907,Introduccion a la Programacion
alumno_01907,Calculo III
alumno_01907,Algebra
alumno_01908,Introduccion a la Programacion
alumno_01908,Estructuras de Datos
alumno_01908,Bases de Datos I
alumno_01908,Programacion Orientada a Objetos
alumno_01909,Matematica Discreta
alumno_01909,Programacion Orientada a Objetos
alumno_01909,Probabilidad y Estadistica
alumno_01909,Estructuras de Datos
alumno_01909,Fisica I
alumno_01909,Calculo II
alumno_01909,Introduccion a la Programacion
alumno_01909,Algebra
alumno_01909,Bases de Datos I
alumno_01910,Programacion Orientada a Objetos
alumno_01910,Calculo I
alumno_01910,Algebra Lineal
alumno_01910,Estructuras de Datos
alumno_01910,Fisica I
alumno_01910,Introduccion a la Programacion
alumno_01910,Algebra
alumno_01910,Bases de Datos I
alumno_01911,Calculo II
alumno_01911,Probabilidad y Estadistica
alumno_01911,Calculo I
alumno_01911,Fisica I
alumno_01911,Matematica Discreta
alumno_01911,Algebra
alumno_01912,Programacion Orientada a Objetos
alumno_01912,Calculo I
alumno_01912,Algebra Lineal
alumno_01912,Introduccion a la Programacion
alumno_01912,Algebra
alumno_01913,Matematica Discreta
alumno_01913,Programacion Orientada a Objetos
alumno_01913,Probabilidad y Estadistica
alumno_01913,Calculo I
alumno_01913,Algebra Lineal
alumno_01913,Estructuras de Datos
alumno_01913,Calculo II
alumno_01913,Introduccion a la Programacion
alumno_01913,Calculo III
alumno_01913,Algebra
alumno_01913,Bases de Datos I
alumno_01914,Matematica Discreta
alumno_01914,Programacion Orientada a Objetos
alumno_01914,Probabilidad y Estadistica
alumno_01914,Calculo I
alumno_01914,Algebra Lineal
alumno_01914,Calculo II
alumno_01914,Introduccion a la Programacion
alumno_01914,Calculo III
alumno_01914,Algebra
alumno_01915,Calculo II
alumno_01915,Probabilidad y Estadistica
alumno_01915,Calculo I
alumno_01915,Matematica Discreta
alumno_01915,Introduccion a la Programacion
alumno_01915,Calculo III
alumno_01916,Programacion Orientada a Objetos
alumno_01916,Calculo I
alumno_01916,Algebra Lineal
alumno_01916,Introduccion a la Programacion
alumno_01916,Algebra
alumno_01917,Matematica Discreta
alumno_01917,Programacion Orientada a Objetos
alumno_01917,Probabilidad y Estadistica
alumno_01917,Calculo I
alumno_01917,Algebra Lineal
alumno_01917,Fisica I
alumno_01917,Calculo II
alumno_01917,Introduccion a la Programacion
alumno_01917,Algebra
alumno_01918,Programacion Orientada a Objetos
alumno_01918,Probabilidad y Estadistica
alumno_01918,Calculo I
alumno_01918,Fisica I
alumno_01918,Calculo II
alumno_01918,Introduccion a la Programacion
alumno_01918,Calculo III
alumno_01919,Programacion Orientada a Objetos
alumno_01919,Calculo I
alumno_01919,Estructuras de Datos
alumno_01919,Fisica I
alumno_01919,Calculo II
alumno_01919,Introduccion a la Programacion
alumno_01919,Calculo III
alumno_01919,Algebra
alumno_01920,Matematica Discreta
alumno_01920,Programacion Orientada a Objetos
alumno_01920,Probabilidad y Estadistica
alumno_01920,Calculo I
alumno_01920,Algebra Lineal
alumno_01920,Estructuras de Datos
alumno_01920,Fisica I
alumno_01920,Calculo II
alumno_01920,Introduccion a la Programacion
alumno_01920,Algebra
alumno_01921,Programacion Orientada a Objetos
alumno_01921,Algebra Lineal
alumno_01921,Fisica I
alumno_01921,Introduccion a la Programacion
alumno_01921,Algebra
alumno_01922,Calculo I
alumno_01922,Calculo II
alumno_01923,Calculo II
alumno_01923,Programacion Orientada a Objetos
alumno_01923,Calculo I
alumno_01923,Estructuras de Datos
alumno_01923,Matematica Discreta
alumno_01923,Introduccion a la Programacion
alumno_01923,Calculo III
alumno_01924,Calculo I
alumno_01924,Algebra Lineal
alumno_01924,Calculo II
alumno_01924,Introduccion a la Programacion
alumno_01924,Calculo III
alumno_01924,Algebra
alumno_01924,Bases de Datos I
alumno_01925,Programacion Orientada a Objetos
alumno_01925,Algebra Lineal
alumno_01925,Estructuras de Datos
alumno_01925,Fisica I
alumno_01925,Introduccion a la Programacion
alumno_01925,Algebra
alumno_01925,Bases de Datos I
alumno_01926,Programacion Orientada a Objetos
alumno_01926,Estructuras de Datos
alumno_01926,Fisica I
alumno_01926,Introduccion a la Programacion
alumno_01926,Bases de Datos I
alumno_01927,Programacion Orientada a Objetos
alumno_01927,Probabilidad y Estadistica
alumno_01927,Calculo I
alumno_01927,Algebra Lineal
alumno_01927,Estructuras de Datos
alumno_01927,Fisica I
alumno_01927,Calculo II
alumno_01927,Introduccion a la Programacion
alumno_01927,Calculo III
alumno_01927,Algebra
alumno_01927,Bases de Datos I
alumno_01928,Programacion Orientada a Objetos
alumno_01928,Calculo I
alumno_01928,Algebra Lineal
alumno_01928,Estructuras de Datos
alumno_01928,Fisica I
alumno_01928,Matematica Discreta
alumno_01928,Introduccion a la Programacion
alumno_01928,Algebra
alumno_01928,Bases de Datos I
alumno_01929,Programacion Orientada a Objetos
alumno_01929,Algebra Lineal
alumno_01929,Fisica I
alumno_01929,Matematica Discreta
alumno_01929,Introduccion a la Programacion
alumno_01929,Algebra
alumno_01930,Matematica Discreta
alumno_01930,Programacion Orientada a Objetos
alumno_01930,Calculo I
alumno_01930,Estructuras de Datos
alumno_01930,Fisica I
alumno_01930,Calculo II
alumno_01930,Introduccion a la Programacion
alumno_01930,Calculo III
alumno_01930,Algebra
alumno_01930,Bases de Datos I
alumno_01931,Programacion Orientada a Objetos
alumno_01931,Calculo I
alumno_01931,Algebra Lineal
alumno_01931,Estructuras de Datos
alumno_01931,Fisica I
alumno_01931,Calculo II
alumno_01931,Introduccion a la Programacion
alumno_01931,Calculo III
alumno_01931,Algebra
alumno_01931,Bases de Datos I
alumno_01932,Calculo I
alumno_01932,Algebra Lineal
alumno_01932,Matematica Discreta
alumno_01932,Introduccion a la Programacion
alumno_01932,Algebra
alumno_01933,Programacion Orientada a Objetos
alumno_01933,Probabilidad y Estadistica
alumno_01933,Calculo I
alumno_01933,Estructuras de Datos
alumno_01933,Fisica I
alumno_01933,Matematica Discreta
alumno_01933,Introduccion a la Programacion
alumno_01933,Algebra
alumno_01933,Bases de Datos I
alumno_01934,Programacion Orientada a Objetos
alumno_01934,Calculo I
alumno_01934,Algebra Lineal
alumno_01934,Estructuras de Datos
alumno_01934,Calculo II
alumno_01934,Introduccion a la Programacion
alumno_01934,Algebra
alumno_01935,Matematica Discreta
alumno_01935,Programacion Orientada a Objetos
alumno_01935,Probabilidad y Estadistica
alumno_01935,Calculo I
alumno_01935,Algebra Lineal
alumno_01935,Estructuras de Datos
alumno_01935,Calculo II
alumno_01935,Introduccion a la Programacion
alumno_01935,Calculo III
alumno_01935,Algebra
alumno_01935,Bases de Datos I
alumno_01936,Programacion Orientada a Objetos
alumno_01936,Algebra Lineal
alumno_01936,Estructuras de Datos
alumno_01936,Fisica I
alumno_01936,Matematica Discreta
alumno_01936,Introduccion a la Programacion
alumno_01936,Algebra
alumno_01936,Bases de Datos I
alumno_01937,Programacion Orientada a Objetos
alumno_01937,Calculo I
alumno_01937,Estructuras de Datos
alumno_01937,Fisica I
alumno_01937,Matematica Discreta
alumno_01937,Introduccion a la Programacion
alumno_01937,Algebra
alumno_01937,Bases de Datos I
alumno_01938,Programacion Orientada a Objetos
alumno_01938,Probabilidad y Estadistica
alumno_01938,Calculo I
alumno_01938,Fisica I
alumno_01938,Calculo II
alumno_01938,Introduccion a la Programacion
alumno_01939,Programacion Orientada a Objetos
alumno_01939,Calculo I
alumno_01939,Algebra Lineal
alumno_01939,Estructuras de Datos
alumno_01939,Fisica I
alumno_01939,Matematica Discreta
alumno_01939,Introduccion a la Programacion
alumno_01939,Algebra
alumno_01940,Programacion Orientada a Objetos
alumno_01940,Calculo I
alumno_01940,Fisica I
alumno_01940,Matematica Discreta
alumno_01940,Introduccion a la Programacion
alumno_01940,Algebra
alumno_01941,Calculo I
alumno_01941,Algebra Lineal
alumno_01941,Fisica I
alumno_01941,Calculo II
alumno_01941,Introduccion a la Programacion
alumno_01941,Calculo III
alumno_01941,Algebra
alumno_01942,Matematica Discreta
alumno_01942,Calculo I
alumno_01942,Fisica I
alumno_01942,Calculo II
alumno_01942,Introduccion a la Programacion
alumno_01942,Algebra
alumno_01943,Programacion Orientada a Objetos
alumno_01943,Probabilidad y Estadistica
alumno_01943,Calculo I
alumno_01943,Estructuras de Datos
alumno_01943,Calculo II
alumno_01943,Introduccion a la Programacion
alumno_01943,Calculo III
alumno_01943,Bases de Datos I
alumno_01944,Matematica Discreta
alumno_01944,Programacion Orientada a Objetos
alumno_01944,Probabilidad y Estadistica
alumno_01944,Calculo I
alumno_01944,Algebra Lineal
alumno_01944,Estructuras de Datos
alumno_01944,Calculo II
alumno_01944,Introduccion a la Programacion
alumno_01944,Calculo III
alumno_01944,Algebra
alumno_01944,Bases de Datos I
alumno_01945,Programacion Orientada a Objetos
alumno_01945,Calculo I
alumno_01945,Estructuras de Datos
alumno_01945,Fisica I
alumno_01945,Introduccion a la Programacion
alumno_01945,Algebra
alumno_01945,Bases de Datos I
alumno_01946,Fisica I
alumno_01946,Calculo I
alumno_01946,Estructuras de Datos
alumno_01946,Calculo II
alumno_01947,Programacion Orientada a Objetos
alumno_01947,Algebra Lineal
alumno_01947,Estructuras de Datos
alumno_01947,Fisica I
alumno_01947,Matematica Discreta
alumno_01947,Introduccion a la Programacion
alumno_01947,Algebra
alumno_01947,Bases de Datos I
alumno_01948,Programacion Orientada a Objetos
alumno_01948,Calculo I
alumno_01948,Fisica I
alumno_01948,Introduccion a la Programacion
alumno_01948,Algebra
alumno_01949,Programacion Orientada a Objetos
alumno_01949,Algebra Lineal
alumno_01949,Estructuras de Datos
alumno_01949,Introduccion a la Programacion
alumno_01949,Algebra
alumno_01949,Bases de Datos I
alumno_01950,Programacion Orientada a Objetos
alumno_01950,Probabilidad y Estadistica
alumno_01950,Calculo I
alumno_01950,Algebra Lineal
alumno_01950,Fisica I
alumno_01950,Calculo II
alumno_01950,Introduccion a la Programacion
alumno_01950,Algebra
alumno_01951,Programacion Orientada a Objetos
alumno_01951,Calculo I
alumno_01951,Algebra Lineal
alumno_01951,Estructuras de Datos
alumno_01951,Fisica I
alumno_01951,Matematica Discreta
alumno_01951,Introduccion a la Programacion
alumno_01951,Algebra
alumno_01951,Bases de Datos I
alumno_01952,Programacion Orientada a Objetos
alumno_01952,Estructuras de Datos
alumno_01952,Fisica I
alumno_01952,Matematica Discreta
alumno_01952,Introduccion a la Programacion
alumno_01952,Algebra
alumno_01952,Bases de Datos I
alumno_01953,Introduccion a la Programacion
alumno_01953,Algebra
alumno_01953,Algebra Lineal
alumno_01953,Programacion Orientada a Objetos
alumno_01954,Calculo I
alumno_01954,Algebra Lineal
alumno_01954,Fisica I
alumno_01954,Calculo II
alumno_01954,Introduccion a la Programacion
alumno_01954,Algebra
alumno_01955,Programacion Orientada a Objetos
alumno_01955,Probabilidad y Estadistica
alumno_01955,Calculo I
alumno_01955,Estructuras de Datos
alumno_01955,Fisica I
alumno_01955,Calculo II
alumno_01955,Introduccion a la Programacion
alumno_01955,Calculo III
alumno_01956,Programacion Orientada a Objetos
alumno_01956,Calculo I
alumno_01956,Fisica I
alumno_01956,Matematica Discreta
alumno_01956,Introduccion a la Programacion
alumno_01957,Programacion Orientada a Objetos
alumno_01957,Calculo I
alumno_01957,Algebra Lineal
alumno_01957,Estructuras de Datos
alumno_01957,Fisica I
alumno_01957,Introduccion a la Programacion
alumno_01957,Algebra
alumno_01957,Bases de Datos I
alumno_01958,Programacion Orientada a Objetos
alumno_01958,Algebra Lineal
alumno_01958,Estructuras de Datos
alumno_01958,Fisica I
alumno_01958,Matematica Discreta
alumno_01958,Introduccion a la Programacion
alumno_01958,Algebra
alumno_01958,Bases de Datos I
alumno_01959,Algebra
alumno_01959,Calculo I
alumno_01959,Calculo III
alumno_01959,Calculo II
alumno_01960,Programacion Orientada a Objetos
alumno_01960,Probabilidad y Estadistica
alumno_01960,Calculo I
alumno_01960,Algebra Lineal
alumno_01960,Fisica I
alumno_01960,Calculo II
alumno_01960,Introduccion a la Programacion
alumno_01960,Calculo III
alumno_01960,Algebra
alumno_01961,Programacion Orientada a Objetos
alumno_01961,Calculo I
alumno_01961,Algebra Lineal
alumno_01961,Estructuras de Datos
alumno_01961,Fisica I
alumno_01961,Calculo II
alumno_01961,Introduccion a la Programacion
alumno_01961,Algebra
alumno_01962,Programacion Orientada a Objetos
alumno_01962,Probabilidad y Estadistica
alumno_01962,Calculo I
alumno_01962,Algebra Lineal
alumno_01962,Estructuras de Datos
alumno_01962,Fisica I
alumno_01962,Calculo II
alumno_01962,Introduccion a la Programacion
alumno_01962,Calculo III
alumno_01962,Algebra
alumno_01962,Bases de Datos I
alumno_01963,Programacion Orientada a Objetos
alumno_01963,Calculo I
alumno_01963,Algebra Lineal
alumno_01963,Estructuras de Datos
alumno_01963,Introduccion a la Programacion
alumno_01963,Algebra
alumno_01963,Bases de Datos I
alumno_01964,Programacion Orientada a Objetos
alumno_01964,Probabilidad y Estadistica
alumno_01964,Calculo I
alumno_01964,Algebra Lineal
alumno_01964,Estructuras de Datos
alumno_01964,Fisica I
alumno_01964,Calculo II
alumno_01964,Introduccion a la Programacion
alumno_01964,Algebra
alumno_01964,Bases de Datos I
alumno_01965,Programacion Orientada a Objetos
alumno_01965,Calculo I
alumno_01965,Algebra Lineal
alumno_01965,Fisica I
alumno_01965,Calculo II
alumno_01965,Introduccion a la Programacion
alumno_01965,Calculo III
alumno_01965,Algebra
alumno_01966,Matematica Discreta
alumno_01966,Calculo I
alumno_01966,Algebra Lineal
alumno_01966,Fisica I
alumno_01966,Calculo II
alumno_01966,Algebra
alumno_01966,Calculo III
alumno_01967,Introduccion a la Programacion
alumno_01967,Algebra
alumno_01967,Algebra Lineal
alumno_01968,Probabilidad y Estadistica
alumno_01968,Calculo I
alumno_01968,Calculo II
alumno_01968,Introduccion a la Programacion
alumno_01968,Calculo III
alumno_01969,Programacion Orientada a Objetos
alumno_01969,Calculo I
alumno_01969,Algebra Lineal
alumno_01969,Fisica I
alumno_01969,Matematica Discreta
alumno_01969,Introduccion a la Programacion
alumno_01969,Algebra
alumno_01970,Matematica Discreta
alumno_01970,Probabilidad y Estadistica
alumno_01970,Calculo I
alumno_01970,Algebra Lineal
alumno_01970,Fisica I
alumno_01970,Calculo II
alumno_01970,Introduccion a la Programacion
alumno_01970,Calculo III
alumno_01970,Algebra
alumno_01971,Programacion Orientada a Objetos
alumno_01971,Calculo I
alumno_01971,Algebra Lineal
alumno_01971,Fisica I
alumno_01971,Matematica Discreta
alumno_01971,Introduccion a la Programacion
alumno_01971,Algebra
alumno_01972,Fisica I
alumno_01972,Calculo I
alumno_01972,Calculo II
alumno_01973,Programacion Orientada a Objetos
alumno_01973,Calculo I
alumno_01973,Algebra Lineal
alumno_01973,Estructuras de Datos
alumno_01973,Calculo II
alumno_01973,Introduccion a la Programacion
alumno_01973,Algebra
alumno_01973,Bases de Datos I
alumno_01974,Matematica Discreta
alumno_01974,Programacion Orientada a Objetos
alumno_01974,Calculo I
alumno_01974,Algebra Lineal
alumno_01974,Calculo II
alumno_01974,Introduccion a la Programacion
alumno_01974,Algebra
alumno_01975,Matematica Discreta
alumno_01975,Programacion Orientada a Objetos
alumno_01975,Calculo I
alumno_01975,Algebra Lineal
alumno_01975,Estructuras de Datos
alumno_01975,Fisica I
alumno_01975,Calculo II
alumno_01975,Introduccion a la Programacion
alumno_01975,Calculo III
alumno_01975,Algebra
alumno_01976,Programacion Orientada a Objetos
alumno_01976,Calculo I
alumno_01976,Algebra Lineal
alumno_01976,Matematica Discreta
alumno_01976,Introduccion a la Programacion
alumno_01976,Algebra
alumno_01977,Matematica Discreta
alumno_01977,Calculo I
alumno_01977,Algebra Lineal
alumno_01977,Calculo II
alumno_01977,Introduccion a la Programacion
alumno_01977,Algebra
alumno_01978,Programacion Orientada a Objetos
alumno_01978,Calculo I
alumno_01978,Algebra Lineal
alumno_01978,Estructuras de Datos
alumno_01978,Calculo II
alumno_01978,Introduccion a la Programacion
alumno_01978,Algebra
alumno_01978,Bases de Datos I
alumno_01979,Matematica Discreta
alumno_01979,Programacion Orientada a Objetos
alumno_01979,Calculo I
alumno_01979,Algebra Lineal
alumno_01979,Estructuras de Datos
alumno_01979,Calculo II
alumno_01979,Introduccion a la Programacion
alumno_01979,Algebra
alumno_01979,Bases de Datos I
alumno_01980,Calculo I
alumno_01980,Algebra Lineal
alumno_01980,Fisica I
alumno_01980,Matematica Discreta
alumno_01980,Introduccion a la Programacion
alumno_01980,Algebra
alumno_01981,Calculo I
alumno_01981,Algebra Lineal
alumno_01981,Fisica I
alumno_01981,Matematica Discreta
alumno_01981,Algebra
alumno_01982,Programacion Orientada a Objetos
alumno_01982,Calculo I
alumno_01982,Estructuras de Datos
alumno_01982,Fisica I
alumno_01982,Matematica Discreta
alumno_01982,Introduccion a la Programacion
alumno_01982,Algebra
alumno_01983,Matematica Discreta
alumno_01983,Programacion Orientada a Objetos
alumno_01983,Probabilidad y Estadistica
alumno_01983,Calculo I
alumno_01983,Estructuras de Datos
alumno_01983,Fisica I
alumno_01983,Calculo II
alumno_01983,Introduccion a la Programacion
alumno_01983,Calculo III
alumno_01983,Algebra
alumno_01984,Programacion Orientada a Objetos
alumno_01984,Calculo I
alumno_01984,Algebra Lineal
alumno_01984,Estructuras de Datos
alumno_01984,Fisica I
alumno_01984,Calculo II
alumno_01984,Introduccion a la Programacion
alumno_01984,Algebra
alumno_01984,Bases de Datos I
alumno_01985,Programacion Orientada a Objetos
alumno_01985,Probabilidad y Estadistica
alumno_01985,Calculo I
alumno_01985,Estructuras de Datos
alumno_01985,Matematica Discreta
alumno_01985,Introduccion a la Programacion
alumno_01985,Algebra
alumno_01986,Programacion Orientada a Objetos
alumno_01986,Calculo I
alumno_01986,Estructuras de Datos
alumno_01986,Calculo II
alumno_01986,Introduccion a la Programacion
alumno_01986,Calculo III
alumno_01986,Bases de Datos I
alumno_01987,Matematica Discreta
alumno_01987,Programacion Orientada a Objetos
alumno_01987,Probabilidad y Estadistica
alumno_01987,Calculo I
alumno_01987,Algebra Lineal
alumno_01987,Estructuras de Datos
alumno_01987,Fisica I
alumno_01987,Calculo II
alumno_01987,Introduccion a la Programacion
alumno_01987,Algebra
alumno_01988,Matematica Discreta
alumno_01988,Programacion Orientada a Objetos
alumno_01988,Probabilidad y Estadistica
alumno_01988,Calculo I
alumno_01988,Algebra Lineal
alumno_01988,Calculo II
alumno_01988,Introduccion a la Programacion
alumno_01988,Calculo III
alumno_01988,Algebra
alumno_01989,Matematica Discreta
alumno_01989,Programacion Orientada a Objetos
alumno_01989,Probabilidad y Estadistica
alumno_01989,Calculo I
alumno_01989,Estructuras de Datos
alumno_01989,Fisica I
alumno_01989,Calculo II
alumno_01989,Introduccion a la Programacion
alumno_01989,Calculo III
alumno_01989,Algebra
alumno_01989,Bases de Datos I
alumno_01990,Programacion Orientada a Objetos
alumno_01990,Probabilidad y Estadistica
alumno_01990,Calculo I
alumno_01990,Algebra Lineal
alumno_01990,Fisica I
alumno_01990,Introduccion a la Programacion
alumno_01991,Programacion Orientada a Objetos
alumno_01991,Calculo I
alumno_01991,Algebra Lineal
alumno_01991,Estructuras de Datos
alumno_01991,Introduccion a la Programacion
alumno_01991,Algebra
alumno_01992,Programacion Orientada a Objetos
alumno_01992,Estructuras de Datos
alumno_01992,Fisica I
alumno_01992,Introduccion a la Programacion
alumno_01992,Bases de Datos I
alumno_01993,Programacion Orientada a Objetos
alumno_01993,Calculo I
alumno_01993,Algebra Lineal
alumno_01993,Estructuras de Datos
alumno_01993,Fisica I
alumno_01993,Matematica Discreta
alumno_01993,Introduccion a la Programacion
alumno_01993,Algebra
alumno_01993,Bases de Datos I
alumno_01994,Programacion Orientada a Objetos
alumno_01994,Calculo I
alumno_01994,Calculo II
alumno_01994,Introduccion a la Programacion
alumno_01994,Algebra
alumno_01995,Programacion Orientada a Objetos
alumno_01995,Calculo I
alumno_01995,Algebra Lineal
alumno_01995,Estructuras de Datos
alumno_01995,Introduccion a la Programacion
alumno_01995,Algebra
alumno_01996,Programacion Orientada a Objetos
alumno_01996,Calculo I
alumno_01996,Algebra Lineal
alumno_01996,Estructuras de Datos
alumno_01996,Fisica I
alumno_01996,Calculo II
alumno_01996,Introduccion a la Programacion
alumno_01996,Calculo III
alumno_01996,Algebra
alumno_01996,Bases de Datos I
alumno_01997,Programacion Orientada a Objetos
alumno_01997,Estructuras de Datos
alumno_01997,Fisica I
alumno_01997,Matematica Discreta
alumno_01997,Introduccion a la Programacion
alumno_01997,Algebra
alumno_01998,Programacion Orientada a Objetos
alumno_01998,Probabilidad y Estadistica
alumno_01998,Calculo I
alumno_01998,Estructuras de Datos
alumno_01998,Calculo II
alumno_01998,Introduccion a la Programacion
alumno_01998,Calculo III
alumno_01998,Bases de Datos I
alumno_01999,Matematica Discreta
alumno_01999,Programacion Orientada a Objetos
alumno_01999,Probabilidad y Estadistica
alumno_01999,Calculo I
alumno_01999,Algebra Lineal
alumno_01999,Estructuras de Datos
alumno_01999,Fisica I
alumno_01999,Calculo II
alumno_01999,Introduccion a la Programacion
alumno_01999,Calculo III
alumno_01999,Algebra
alumno_01999,Bases de Datos I
alumno_02000,Matematica Discreta
alumno_02000,Programacion Orientada a Objetos
alumno_02000,Calculo I
alumno_02000,Algebra Lineal
alumno_02000,Estructuras de Datos
alumno_02000,Fisica I
alumno_02000,Calculo II
alumno_02000,Introduccion a la Programacion
alumno_02000,Calculo III
alumno_02000,Algebra
alumno_02000,Bases de Datos I
alumno_02001,Calculo II
alumno_02001,Probabilidad y Estadistica
alumno_02001,Calculo I
alumno_02001,Algebra Lineal
alumno_02001,Matematica Discreta
alumno_02001,Algebra
alumno_02001,Calculo III
alumno_02002,Calculo I
alumno_02002,Algebra Lineal
alumno_02002,Estructuras de Datos
alumno_02002,Calculo II
alumno_02002,Introduccion a la Programacion
alumno_02002,Calculo III
alumno_02002,Algebra
alumno_02002,Bases de Datos I
alumno_02003,Programacion Orientada a Objetos
alumno_02003,Probabilidad y Estadistica
alumno_02003,Calculo I
alumno_02003,Estructuras de Datos
alumno_02003,Fisica I
alumno_02003,Calculo II
alumno_02003,Introduccion a la Programacion
alumno_02003,Bases de Datos I
alumno_02004,Programacion Orientada a Objetos
alumno_02004,Calculo I
alumno_02004,Estructuras de Datos
alumno_02004,Fisica I
alumno_02004,Introduccion a la Programacion
alumno_02004,Algebra
alumno_02004,Bases de Datos I
alumno_02005,Algebra
alumno_02005,Fisica I
alumno_02005,Calculo I
alumno_02006,Programacion Orientada a Objetos
alumno_02006,Calculo I
alumno_02006,Algebra Lineal
alumno_02006,Matematica Discreta
alumno_02006,Introduccion a la Programacion
alumno_02006,Algebra
alumno_02007,Programacion Orientada a Objetos
alumno_02007,Algebra Lineal
alumno_02007,Fisica I
alumno_02007,Introduccion a la Programacion
alumno_02007,Algebra
alumno_02008,Programacion Orientada a Objetos
alumno_02008,Probabilidad y Estadistica
alumno_02008,Calculo I
alumno_02008,Estructuras de Datos
alumno_02008,Calculo II
alumno_02008,Introduccion a la Programacion
alumno_02008,Algebra
alumno_02008,Bases de Datos I
alumno_02009,Programacion Orientada a Objetos
alumno_02009,Probabilidad y Estadistica
alumno_02009,Calculo I
alumno_02009,Estructuras de Datos
alumno_02009,Calculo II
alumno_02009,Introduccion a la Programacion
alumno_02009,Calculo III
alumno_02009,Bases de Datos I
alumno_02010,Probabilidad y Estadistica
alumno_02010,Calculo I
alumno_02010,Fisica I
alumno_02010,Calculo II
alumno_02010,Introduccion a la Programacion
alumno_02010,Algebra
alumno_02010,Bases de Datos I
alumno_02011,Programacion Orientada a Objetos
alumno_02011,Calculo I
alumno_02011,Estructuras de Datos
alumno_02011,Calculo II
alumno_02011,Introduccion a la Programacion
alumno_02012,Calculo I
alumno_02012,Fisica I
alumno_02012,Matematica Discreta
alumno_02012,Introduccion a la Programacion
alumno_02012,Algebra
alumno_02013,Programacion Orientada a Objetos
alumno_02013,Calculo I
alumno_02013,Algebra Lineal
alumno_02013,Introduccion a la Programacion
alumno_02013,Algebra
alumno_02014,Matematica Discreta
alumno_02014,Programacion Orientada a Objetos
alumno_02014,Calculo I
alumno_02014,Algebra Lineal
alumno_02014,Estructuras de Datos
alumno_02014,Fisica I
alumno_02014,Calculo II
alumno_02014,Introduccion a la Programacion
alumno_02014,Calculo III
alumno_02014,Algebra
alumno_02015,Programacion Orientada a Objetos
alumno_02015,Probabilidad y Estadistica
alumno_02015,Calculo I
alumno_02015,Algebra Lineal
alumno_02015,Estructuras de Datos
alumno_02015,Fisica I
alumno_02015,Calculo II
alumno_02015,Introduccion a la Programacion
alumno_02015,Algebra
alumno_02016,Probabilidad y Estadistica
alumno_02016,Calculo I
alumno_02016,Fisica I
alumno_02016,Calculo II
alumno_02016,Introduccion a la Programacion
alumno_02016,Calculo III
alumno_02017,Matematica Discreta
alumno_02017,Programacion Orientada a Objetos
alumno_02017,Probabilidad y Estadistica
alumno_02017,Calculo I
alumno_02017,Algebra Lineal
alumno_02017,Calculo II
alumno_02017,Introduccion a la Programacion
alumno_02017,Algebra
alumno_02018,Programacion Orientada a Objetos
alumno_02018,Calculo I
alumno_02018,Algebra Lineal
alumno_02018,Estructuras de Datos
alumno_02018,Fisica I
alumno_02018,Calculo II
alumno_02018,Introduccion a la Programacion
alumno_02018,Algebra
alumno_02018,Bases de Datos I
alumno_02019,Programacion Orientada a Objetos
alumno_02019,Probabilidad y Estadistica
alumno_02019,Calculo I
alumno_02019,Estructuras de Datos
alumno_02019,Fisica I
alumno_02019,Calculo II
alumno_02019,Introduccion a la Programacion
alumno_02020,Programacion Orientada a Objetos
alumno_02020,Probabilidad y Estadistica
alumno_02020,Calculo I
alumno_02020,Calculo II
alumno_02020,Introduccion a la Programacion
alumno_02020,Calculo III
alumno_02020,Algebra
alumno_02021,Algebra
alumno_02021,Algebra Lineal
alumno_02022,Programacion Orientada a Objetos
alumno_02022,Estructuras de Datos
alumno_02022,Fisica I
alumno_02022,Introduccion a la Programacion
alumno_02022,Algebra
alumno_02022,Bases de Datos I
alumno_02023,Programacion Orientada a Objetos
alumno_02023,Calculo I
alumno_02023,Algebra Lineal
alumno_02023,Matematica Discreta
alumno_02023,Introduccion a la Programacion
alumno_02023,Algebra
alumno_02024,Programacion Orientada a Objetos
alumno_02024,Algebra Lineal
alumno_02024,Estructuras de Datos
alumno_02024,Fisica I
alumno_02024,Introduccion a la Programacion
alumno_02024,Calculo III
alumno_02024,Algebra
alumno_02024,Bases de Datos I
alumno_02025,Programacion Orientada a Objetos
alumno_02025,Calculo I
alumno_02025,Estructuras de Datos
alumno_02025,Fisica I
alumno_02025,Introduccion a la Programacion
alumno_02025,Bases de Datos I
alumno_02026,Matematica Discreta
alumno_02026,Programacion Orientada a Objetos
alumno_02026,Calculo I
alumno_02026,Algebra Lineal
alumno_02026,Estructuras de Datos
alumno_02026,Calculo II
alumno_02026,Introduccion a la Programacion
alumno_02026,Algebra
alumno_02027,Programacion Orientada a Objetos
alumno_02027,Calculo I
alumno_02027,Estructuras de Datos
alumno_02027,Fisica I
alumno_02027,Calculo II
alumno_02027,Introduccion a la Programacion
alumno_02027,Algebra
alumno_02027,Bases de Datos I
alumno_02028,Programacion Orientada a Objetos
alumno_02028,Calculo I
alumno_02028,Estructuras de Datos
alumno_02028,Fisica I
alumno_02028,Calculo II
alumno_02028,Introduccion a la Programacion
alumno_02029,Programacion Orientada a Objetos
alumno_02029,Probabilidad y Estadistica
alumno_02029,Calculo I
alumno_02029,Algebra Lineal
alumno_02029,Fisica I
alumno_02029,Calculo II
alumno_02029,Introduccion a la Programacion
alumno_02029,Calculo III
alumno_02029,Algebra
alumno_02029,Bases de Datos I
alumno_02030,Probabilidad y Estadistica
alumno_02030,Algebra Lineal
alumno_02030,Fisica I
alumno_02030,Introduccion a la Programacion
alumno_02030,Algebra
alumno_02031,Programacion Orientada a Objetos
alumno_02031,Probabilidad y Estadistica
alumno_02031,Algebra Lineal
alumno_02031,Estructuras de Datos
alumno_02031,Introduccion a la Programacion
alumno_02031,Algebra
alumno_02031,Bases de Datos I
alumno_02032,Matematica Discreta
alumno_02032,Programacion Orientada a Objetos
alumno_02032,Probabilidad y Estadistica
alumno_02032,Calculo I
alumno_02032,Algebra Lineal
alumno_02032,Fisica I
alumno_02032,Calculo II
alumno_02032,Introduccion a la Programacion
alumno_02032,Calculo III
alumno_02032,Algebra
alumno_02033,Probabilidad y Estadistica
alumno_02033,Calculo I
alumno_02033,Algebra Lineal
alumno_02033,Calculo II
alumno_02033,Introduccion a la Programacion
alumno_02033,Algebra
alumno_02034,Programacion Orientada a Objetos
alumno_02034,Estructuras de Datos
alumno_02034,Fisica I
alumno_02034,Introduccion a la Programacion
alumno_02034,Bases de Datos I
alumno_02035,Programacion Orientada a Objetos
alumno_02035,Probabilidad y Estadistica
alumno_02035,Calculo I
alumno_02035,Estructuras de Datos
alumno_02035,Fisica I
alumno_02035,Algebra
alumno_02035,Calculo II
alumno_02035,Introduccion a la Programacion
alumno_02035,Calculo III
alumno_02035,Bases de Datos I
alumno_02036,Programacion Orientada a Objetos
alumno_02036,Algebra Lineal
alumno_02036,Estructuras de Datos
alumno_02036,Introduccion a la Programacion
alumno_02036,Algebra
alumno_02036,Bases de Datos I
alumno_02037,Programacion Orientada a Objetos
alumno_02037,Algebra Lineal
alumno_02037,Fisica I
alumno_02037,Introduccion a la Programacion
alumno_02037,Algebra
alumno_02038,Programacion Orientada a Objetos
alumno_02038,Probabilidad y Estadistica
alumno_02038,Calculo I
alumno_02038,Algebra Lineal
alumno_02038,Estructuras de Datos
alumno_02038,Fisica I
alumno_02038,Calculo II
alumno_02038,Introduccion a la Programacion
alumno_02038,Algebra
alumno_02038,Bases de Datos I
alumno_02039,Programacion Orientada a Objetos
alumno_02039,Probabilidad y Estadistica
alumno_02039,Calculo I
alumno_02039,Algebra Lineal
alumno_02039,Estructuras de Datos
alumno_02039,Fisica I
alumno_02039,Calculo II
alumno_02039,Introduccion a la Programacion
alumno_02039,Calculo III
alumno_02039,Algebra
alumno_02040,Introduccion a la Programacion
alumno_02040,Fisica I
alumno_02041,Programacion Orientada a Objetos
alumno_02041,Calculo I
alumno_02041,Algebra Lineal
alumno_02041,Estructuras de Datos
alumno_02041,Matematica Discreta
alumno_02041,Introduccion a la Programacion
alumno_02041,Algebra
alumno_02042,Programacion Orientada a Objetos
alumno_02042,Calculo I
alumno_02042,Estructuras de Datos
alumno_02042,Introduccion a la Programacion
alumno_02042,Algebra
alumno_02042,Bases de Datos I
alumno_02043,Programacion Orientada a Objetos
alumno_02043,Calculo I
alumno_02043,Estructuras de Datos
alumno_02043,Fisica I
alumno_02043,Calculo II
alumno_02043,Introduccion a la Programacion
alumno_02043,Calculo III
alumno_02043,Algebra
alumno_02043,Bases de Datos I
alumno_02044,Programacion Orientada a Objetos
alumno_02044,Calculo I
alumno_02044,Estructuras de Datos
alumno_02044,Fisica I
alumno_02044,Calculo II
alumno_02044,Introduccion a la Programacion
alumno_02044,Algebra
alumno_02044,Bases de Datos I
alumno_02045,Programacion Orientada a Objetos
alumno_02045,Algebra Lineal
alumno_02045,Matematica Discreta
alumno_02045,Introduccion a la Programacion
alumno_02045,Algebra
alumno_02046,Programacion Orientada a Objetos
alumno_02046,Probabilidad y Estadistica
alumno_02046,Calculo I
alumno_02046,Algebra Lineal
alumno_02046,Fisica I
alumno_02046,Calculo II
alumno_02046,Introduccion a la Programacion
alumno_02046,Algebra
alumno_02047,Algebra
alumno_02047,Fisica I
alumno_02047,Algebra Lineal
alumno_02047,Matematica Discreta
alumno_02048,Programacion Orientada a Objetos
alumno_02048,Calculo I
alumno_02048,Algebra Lineal
alumno_02048,Estructuras de Datos
alumno_02048,Fisica I
alumno_02048,Calculo II
alumno_02048,Introduccion a la Programacion
alumno_02048,Calculo III
alumno_02048,Algebra
alumno_02048,Bases de Datos I
alumno_02049,Programacion Orientada a Objetos
alumno_02049,Algebra Lineal
alumno_02049,Estructuras de Datos
alumno_02049,Matematica Discreta
alumno_02049,Introduccion a la Programacion
alumno_02049,Algebra
alumno_02050,Programacion Orientada a Objetos
alumno_02050,Probabilidad y Estadistica
alumno_02050,Calculo I
alumno_02050,Estructuras de Datos
alumno_02050,Fisica I
alumno_02050,Calculo II
alumno_02050,Introduccion a la Programacion
alumno_02050,Bases de Datos I
alumno_02051,Matematica Discreta
alumno_02051,Programacion Orientada a Objetos
alumno_02051,Calculo I
alumno_02051,Estructuras de Datos
alumno_02051,Fisica I
alumno_02051,Calculo II
alumno_02051,Introduccion a la Programacion
alumno_02051,Algebra
alumno_02051,Bases de Datos I
alumno_02052,Calculo II
alumno_02052,Probabilidad y Estadistica
alumno_02052,Calculo I
alumno_02052,Fisica I
alumno_02052,Matematica Discreta
alumno_02052,Introduccion a la Programacion
alumno_02052,Calculo III
alumno_02053,Programacion Orientada a Objetos
alumno_02053,Probabilidad y Estadistica
alumno_02053,Calculo I
alumno_02053,Algebra Lineal
alumno_02053,Estructuras de Datos
alumno_02053,Calculo II
alumno_02053,Introduccion a la Programacion
alumno_02053,Calculo III
alumno_02053,Algebra
alumno_02053,Bases de Datos I
alumno_02054,Programacion Orientada a Objetos
alumno_02054,Algebra Lineal
alumno_02054,Estructuras de Datos
alumno_02054,Introduccion a la Programacion
alumno_02054,Algebra
alumno_02054,Bases de Datos I
alumno_02055,Matematica Discreta
alumno_02055,Programacion Orientada a Objetos
alumno_02055,Probabilidad y Estadistica
alumno_02055,Calculo I
alumno_02055,Algebra Lineal
alumno_02055,Estructuras de Datos
alumno_02055,Fisica I
alumno_02055,Calculo II
alumno_02055,Introduccion a la Programacion
alumno_02055,Calculo III
alumno_02055,Algebra
alumno_02055,Bases de Datos I
alumno_02056,Introduccion a la Programacion
alumno_02056,Calculo I
alumno_02056,Algebra
alumno_02057,Programacion Orientada a Objetos
alumno_02057,Probabilidad y Estadistica
alumno_02057,Algebra Lineal
alumno_02057,Estructuras de Datos
alumno_02057,Matematica Discreta
alumno_02057,Introduccion a la Programacion
alumno_02057,Algebra
alumno_02057,Bases de Datos I
alumno_02058,Calculo I
alumno_02058,Algebra Lineal
alumno_02058,Fisica I
alumno_02058,Matematica Discreta
alumno_02058,Introduccion a la Programacion
alumno_02058,Algebra
alumno_02059,Programacion Orientada a Objetos
alumno_02059,Algebra Lineal
alumno_02059,Estructuras de Datos
alumno_02059,Introduccion a la Programacion
alumno_02059,Algebra
alumno_02059,Bases de Datos I
alumno_02060,Programacion Orientada a Objetos
alumno_02060,Calculo I
alumno_02060,Estructuras de Datos
alumno_02060,Fisica I
alumno_02060,Calculo II
alumno_02060,Introduccion a la Programacion
alumno_02060,Calculo III
alumno_02060,Bases de Datos I
alumno_02061,Programacion Orientada a Objetos
alumno_02061,Calculo I
alumno_02061,Estructuras de Datos
alumno_02061,Fisica I
alumno_02061,Introduccion a la Programacion
alumno_02062,Probabilidad y Estadistica
alumno_02062,Calculo I
alumno_02062,Algebra Lineal
alumno_02062,Calculo II
alumno_02062,Introduccion a la Programacion
alumno_02062,Calculo III
alumno_02062,Algebra
alumno_02063,Probabilidad y Estadistica
alumno_02063,Calculo I
alumno_02063,Fisica I
alumno_02063,Calculo II
alumno_02063,Introduccion a la Programacion
alumno_02063,Calculo III
alumno_02064,Programacion Orientada a Objetos
alumno_02064,Estructuras de Datos
alumno_02064,Algebra
alumno_02064,Introduccion a la Programacion
alumno_02064,Bases de Datos I
alumno_02065,Programacion Orientada a Objetos
alumno_02065,Calculo I
alumno_02065,Algebra Lineal
alumno_02065,Estructuras de Datos
alumno_02065,Fisica I
alumno_02065,Introduccion a la Programacion
alumno_02065,Calculo III
alumno_02065,Algebra
alumno_02065,Bases de Datos I
alumno_02066,Matematica Discreta
alumno_02066,Programacion Orientada a Objetos
alumno_02066,Probabilidad y Estadistica
alumno_02066,Calculo I
alumno_02066,Algebra Lineal
alumno_02066,Estructuras de Datos
alumno_02066,Fisica I
alumno_02066,Calculo II
alumno_02066,Introduccion a la Programacion
alumno_02066,Calculo III
alumno_02066,Algebra
alumno_02066,Bases de Datos I
alumno_02067,Programacion Orientada a Objetos
alumno_02067,Calculo I
alumno_02067,Algebra Lineal
alumno_02067,Estructuras de Datos
alumno_02067,Fisica I
alumno_02067,Matematica Discreta
alumno_02067,Introduccion a la Programacion
alumno_02067,Algebra
alumno_02068,Algebra
alumno_02068,Probabilidad y Estadistica
alumno_02068,Calculo I
alumno_02068,Algebra Lineal
alumno_02069,Matematica Discreta
alumno_02069,Probabilidad y Estadistica
alumno_02069,Calculo I
alumno_02069,Fisica I
alumno_02069,Calculo II
alumno_02069,Introduccion a la Programacion
alumno_02069,Calculo III
alumno_02069,Algebra
alumno_02070,Calculo I
alumno_02070,Calculo II
alumno_02070,Introduccion a la Programacion
alumno_02070,Calculo III
alumno_02070,Algebra
alumno_02071,Programacion Orientada a Objetos
alumno_02071,Calculo I
alumno_02071,Algebra Lineal
alumno_02071,Fisica I
alumno_02071,Calculo II
alumno_02071,Introduccion a la Programacion
alumno_02071,Calculo III
alumno_02071,Algebra
alumno_02072,Matematica Discreta
alumno_02072,Programacion Orientada a Objetos
alumno_02072,Calculo I
alumno_02072,Algebra Lineal
alumno_02072,Estructuras de Datos
alumno_02072,Calculo II
alumno_02072,Introduccion a la Programacion
alumno_02072,Calculo III
alumno_02072,Algebra
alumno_02073,Introduccion a la Programacion
alumno_02073,Probabilidad y Estadistica
alumno_02073,Estructuras de Datos
alumno_02073,Programacion Orientada a Objetos
alumno_02074,Programacion Orientada a Objetos
alumno_02074,Probabilidad y Estadistica
alumno_02074,Calculo I
alumno_02074,Fisica I
alumno_02074,Calculo II
alumno_02074,Introduccion a la Programacion
alumno_02074,Calculo III
alumno_02074,Algebra
alumno_02075,Programacion Orientada a Objetos
alumno_02075,Probabilidad y Estadistica
alumno_02075,Calculo I
alumno_02075,Algebra Lineal
alumno_02075,Estructuras de Datos
alumno_02075,Fisica I
alumno_02075,Calculo II
alumno_02075,Introduccion a la Programacion
alumno_02075,Algebra
alumno_02075,Bases de Datos I
alumno_02076,Programacion Orientada a Objetos
alumno_02076,Algebra Lineal
alumno_02076,Estructuras de Datos
alumno_02076,Fisica I
alumno_02076,Matematica Discreta
alumno_02076,Introduccion a la Programacion
alumno_02076,Algebra
alumno_02076,Bases de Datos I
alumno_02077,Programacion Orientada a Objetos
alumno_02077,Probabilidad y Estadistica
alumno_02077,Calculo I
alumno_02077,Calculo II
alumno_02077,Introduccion a la Programacion
alumno_02077,Calculo III
alumno_02077,Algebra
alumno_02078,Matematica Discreta
alumno_02078,Programacion Orientada a Objetos
alumno_02078,Calculo I
alumno_02078,Algebra Lineal
alumno_02078,Calculo II
alumno_02078,Introduccion a la Programacion
alumno_02078,Algebra
alumno_02079,Programacion Orientada a Objetos
alumno_02079,Calculo I
alumno_02079,Estructuras de Datos
alumno_02079,Fisica I
alumno_02079,Calculo II
alumno_02079,Introduccion a la Programacion
alumno_02079,Calculo III
alumno_02080,Programacion Orientada a Objetos
alumno_02080,Probabilidad y Estadistica
alumno_02080,Calculo I
alumno_02080,Algebra Lineal
alumno_02080,Estructuras de Datos
alumno_02080,Calculo II
alumno_02080,Introduccion a la Programacion
alumno_02080,Algebra
alumno_02081,Programacion Orientada a Objetos
alumno_02081,Algebra Lineal
alumno_02081,Estructuras de Datos
alumno_02081,Fisica I
alumno_02081,Introduccion a la Programacion
alumno_02081,Algebra
alumno_02081,Bases de Datos I
alumno_02082,Probabilidad y Estadistica
alumno_02082,Calculo I
alumno_02082,Estructuras de Datos
alumno_02082,Algebra
alumno_02082,Introduccion a la Programacion
alumno_02082,Bases de Datos I
alumno_02083,Introduccion a la Programacion
alumno_02083,Fisica I
alumno_02083,Algebra Lineal
alumno_02083,Programacion Orientada a Objetos
alumno_02084,Programacion Orientada a Objetos
alumno_02084,Calculo I
alumno_02084,Estructuras de Datos
alumno_02084,Calculo II
alumno_02084,Introduccion a la Programacion
alumno_02084,Calculo III
alumno_02084,Algebra
alumno_02084,Bases de Datos I
alumno_02085,Probabilidad y Estadistica
alumno_02085,Algebra Lineal
alumno_02085,Fisica I
alumno_02085,Matematica Discreta
alumno_02085,Introduccion a la Programacion
alumno_02085,Calculo III
alumno_02085,Algebra
alumno_02086,Programacion Orientada a Objetos
alumno_02086,Probabilidad y Estadistica
alumno_02086,Algebra Lineal
alumno_02086,Fisica I
alumno_02086,Introduccion a la Programacion
alumno_02086,Algebra
alumno_02087,Matematica Discreta
alumno_02087,Programacion Orientada a Objetos
alumno_02087,Calculo I
alumno_02087,Estructuras de Datos
alumno_02087,Fisica I
alumno_02087,Calculo II
alumno_02087,Introduccion a la Programacion
alumno_02087,Calculo III
alumno_02087,Algebra
alumno_02087,Bases de Datos I
alumno_02088,Matematica Discreta
alumno_02088,Programacion Orientada a Objetos
alumno_02088,Calculo I
alumno_02088,Algebra Lineal
alumno_02088,Estructuras de Datos
alumno_02088,Fisica I
alumno_02088,Calculo II
alumno_02088,Introduccion a la Programacion
alumno_02088,Calculo III
alumno_02088,Algebra
alumno_02089,Programacion Orientada a Objetos
alumno_02089,Probabilidad y Estadistica
alumno_02089,Calculo I
alumno_02089,Algebra Lineal
alumno_02089,Estructuras de Datos
alumno_02089,Fisica I
alumno_02089,Introduccion a la Programacion
alumno_02089,Algebra
alumno_02090,Calculo II
alumno_02090,Probabilidad y Estadistica
alumno_02090,Algebra Lineal
alumno_02090,Fisica I
alumno_02090,Matematica Discreta
alumno_02090,Algebra
alumno_02090,Calculo III
alumno_02091,Programacion Orientada a Objetos
alumno_02091,Algebra Lineal
alumno_02091,Estructuras de Datos
alumno_02091,Fisica I
alumno_02091,Introduccion a la Programacion
alumno_02091,Algebra
alumno_02092,Matematica Discreta
alumno_02092,Programacion Orientada a Objetos
alumno_02092,Calculo I
alumno_02092,Estructuras de Datos
alumno_02092,Fisica I
alumno_02092,Calculo II
alumno_02092,Introduccion a la Programacion
alumno_02092,Algebra
alumno_02093,Matematica Discreta
alumno_02093,Programacion Orientada a Objetos
alumno_02093,Calculo I
alumno_02093,Estructuras de Datos
alumno_02093,Fisica I
alumno_02093,Calculo II
alumno_02093,Introduccion a la Programacion
alumno_02093,Calculo III
alumno_02093,Algebra
alumno_02094,Programacion Orientada a Objetos
alumno_02094,Algebra Lineal
alumno_02094,Estructuras de Datos
alumno_02094,Fisica I
alumno_02094,Matematica Discreta
alumno_02094,Introduccion a la Programacion
alumno_02094,Algebra
alumno_02094,Bases de Datos I
alumno_02095,Matematica Discreta
alumno_02095,Probabilidad y Estadistica
alumno_02095,Calculo I
alumno_02095,Algebra Lineal
alumno_02095,Fisica I
alumno_02095,Calculo II
alumno_02095,Introduccion a la Programacion
alumno_02095,Algebra
alumno_02096,Programacion Orientada a Objetos
alumno_02096,Probabilidad y Estadistica
alumno_02096,Calculo I
alumno_02096,Estructuras de Datos
alumno_02096,Fisica I
alumno_02096,Calculo II
alumno_02096,Introduccion a la Programacion
alumno_02096,Bases de Datos I
alumno_02097,Programacion Orientada a Objetos
alumno_02097,Calculo I
alumno_02097,Estructuras de Datos
alumno_02097,Fisica I
alumno_02097,Matematica Discreta
alumno_02097,Introduccion a la Programacion
alumno_02097,Algebra
alumno_02097,Bases de Datos I
alumno_02098,Programacion Orientada a Objetos
alumno_02098,Calculo I
alumno_02098,Algebra Lineal
alumno_02098,Estructuras de Datos
alumno_02098,Fisica I
alumno_02098,Matematica Discreta
alumno_02098,Introduccion a la Programacion
alumno_02098,Algebra
alumno_02099,Programacion Orientada a Objetos
alumno_02099,Algebra Lineal
alumno_02099,Fisica I
alumno_02099,Calculo II
alumno_02099,Introduccion a la Programacion
alumno_02099,Calculo III
alumno_02099,Algebra
alumno_02100,Matematica Discreta
alumno_02100,Programacion Orientada a Objetos
alumno_02100,Calculo I
alumno_02100,Algebra Lineal
alumno_02100,Calculo II
alumno_02100,Introduccion a la Programacion
alumno_02100,Calculo III
alumno_02100,Algebra
alumno_02101,Matematica Discreta
alumno_02101,Probabilidad y Estadistica
alumno_02101,Calculo I
alumno_02101,Algebra Lineal
alumno_02101,Fisica I
alumno_02101,Calculo II
alumno_02101,Introduccion a la Programacion
alumno_02101,Algebra
alumno_02102,Programacion Orientada a Objetos
alumno_02102,Calculo I
alumno_02102,Estructuras de Datos
alumno_02102,Fisica I
alumno_02102,Introduccion a la Programacion
alumno_02102,Bases de Datos I
alumno_02103,Introduccion a la Programacion
alumno_02103,Fisica I
alumno_02103,Algebra
alumno_02103,Programacion Orientada a Objetos
alumno_02104,Programacion Orientada a Objetos
alumno_02104,Probabilidad y Estadistica
alumno_02104,Calculo I
alumno_02104,Algebra Lineal
alumno_02104,Estructuras de Datos
alumno_02104,Calculo II
alumno_02104,Introduccion a la Programacion
alumno_02104,Calculo III
alumno_02104,Algebra
alumno_02104,Bases de Datos I
alumno_02105,Probabilidad y Estadistica
alumno_02105,Fisica I
alumno_02105,Calculo II
alumno_02105,Introduccion a la Programacion
alumno_02105,Calculo III
alumno_02105,Algebra
alumno_02106,Algebra Lineal
alumno_02106,Fisica I
alumno_02106,Matematica Discreta
alumno_02106,Introduccion a la Programacion
alumno_02106,Algebra
alumno_02107,Programacion Orientada a Objetos
alumno_02107,Estructuras de Datos
alumno_02107,Fisica I
alumno_02107,Calculo II
alumno_02107,Introduccion a la Programacion
alumno_02107,Calculo III
alumno_02107,Bases de Datos I
alumno_02108,Introduccion a la Programacion
alumno_02108,Calculo I
alumno_02108,Estructuras de Datos
alumno_02108,Programacion Orientada a Objetos
alumno_02109,Probabilidad y Estadistica
alumno_02109,Fisica I
alumno_02109,Matematica Discreta
alumno_02109,Introduccion a la Programacion
alumno_02109,Algebra
alumno_02110,Programacion Orientada a Objetos
alumno_02110,Probabilidad y Estadistica
alumno_02110,Calculo I
alumno_02110,Calculo II
alumno_02110,Introduccion a la Programacion
alumno_02110,Calculo III
alumno_02111,Programacion Orientada a Objetos
alumno_02111,Calculo I
alumno_02111,Algebra Lineal
alumno_02111,Estructuras de Datos
alumno_02111,Introduccion a la Programacion
alumno_02111,Algebra
alumno_02111,Bases de Datos I
alumno_02112,Calculo III
alumno_02112,Fisica I
alumno_02112,Calculo I
alumno_02112,Calculo II
alumno_02113,Programacion Orientada a Objetos
alumno_02113,Estructuras de Datos
alumno_02113,Fisica I
alumno_02113,Introduccion a la Programacion
alumno_02113,Bases de Datos I
alumno_02114,Matematica Discreta
alumno_02114,Programacion Orientada a Objetos
alumno_02114,Calculo I
alumno_02114,Algebra Lineal
alumno_02114,Fisica I
alumno_02114,Calculo II
alumno_02114,Introduccion a la Programacion
alumno_02114,Calculo III
alumno_02114,Algebra
alumno_02114,Bases de Datos I
alumno_02115,Matematica Discreta
alumno_02115,Calculo I
alumno_02115,Algebra Lineal
alumno_02115,Calculo II
alumno_02115,Introduccion a la Programacion
alumno_02115,Calculo III
alumno_02115,Algebra
alumno_02116,Programacion Orientada a Objetos
alumno_02116,Calculo I
alumno_02116,Estructuras de Datos
alumno_02116,Calculo II
alumno_02116,Introduccion a la Programacion
alumno_02116,Bases de Datos I
alumno_02117,Matematica Discreta
alumno_02117,Programacion Orientada a Objetos
alumno_02117,Calculo I
alumno_02117,Algebra Lineal
alumno_02117,Estructuras de Datos
alumno_02117,Fisica I
alumno_02117,Calculo II
alumno_02117,Introduccion a la Programacion
alumno_02117,Calculo III
alumno_02117,Algebra
alumno_02118,Matematica Discreta
alumno_02118,Calculo I
alumno_02118,Algebra Lineal
alumno_02118,Fisica I
alumno_02118,Calculo II
alumno_02118,Algebra
alumno_02118,Calculo III
alumno_02119,Programacion Orientada a Objetos
alumno_02119,Calculo I
alumno_02119,Algebra Lineal
alumno_02119,Fisica I
alumno_02119,Calculo II
alumno_02119,Introduccion a la Programacion
alumno_02119,Calculo III
alumno_02119,Algebra
alumno_02120,Programacion Orientada a Objetos
alumno_02120,Algebra Lineal
alumno_02120,Estructuras de Datos
alumno_02120,Matematica Discreta
alumno_02120,Introduccion a la Programacion
alumno_02120,Algebra
alumno_02120,Bases de Datos I
alumno_02121,Programacion Orientada a Objetos
alumno_02121,Calculo I
alumno_02121,Calculo II
alumno_02121,Introduccion a la Programacion
alumno_02121,Calculo III
alumno_02122,Programacion Orientada a Objetos
alumno_02122,Calculo I
alumno_02122,Estructuras de Datos
alumno_02122,Calculo II
alumno_02122,Introduccion a la Programacion
alumno_02123,Programacion Orientada a Objetos
alumno_02123,Estructuras de Datos
alumno_02123,Algebra
alumno_02123,Introduccion a la Programacion
alumno_02123,Bases de Datos I
alumno_02124,Programacion Orientada a Objetos
alumno_02124,Estructuras de Datos
alumno_02124,Fisica I
alumno_02124,Introduccion a la Programacion
alumno_02124,Bases de Datos I
alumno_02125,Programacion Orientada a Objetos
alumno_02125,Calculo I
alumno_02125,Algebra Lineal
alumno_02125,Estructuras de Datos
alumno_02125,Calculo II
alumno_02125,Introduccion a la Programacion
alumno_02125,Calculo III
alumno_02125,Algebra
alumno_02125,Bases de Datos I
alumno_02126,Programacion Orientada a Objetos
alumno_02126,Calculo I
alumno_02126,Algebra Lineal
alumno_02126,Estructuras de Datos
alumno_02126,Fisica I
alumno_02126,Calculo II
alumno_02126,Introduccion a la Programacion
alumno_02126,Algebra
alumno_02126,Bases de Datos I
alumno_02127,Programacion Orientada a Objetos
alumno_02127,Probabilidad y Estadistica
alumno_02127,Calculo I
alumno_02127,Algebra Lineal
alumno_02127,Estructuras de Datos
alumno_02127,Fisica I
alumno_02127,Calculo II
alumno_02127,Introduccion a la Programacion
alumno_02127,Algebra
alumno_02127,Bases de Datos I
alumno_02128,Matematica Discreta
alumno_02128,Programacion Orientada a Objetos
alumno_02128,Calculo I
alumno_02128,Algebra Lineal
alumno_02128,Estructuras de Datos
alumno_02128,Calculo II
alumno_02128,Introduccion a la Programacion
alumno_02128,Calculo III
alumno_02128,Algebra
alumno_02128,Bases de Datos I
alumno_02129,Programacion Orientada a Objetos
alumno_02129,Calculo I
alumno_02129,Estructuras de Datos
alumno_02129,Matematica Discreta
alumno_02129,Introduccion a la Programacion
alumno_02129,Algebra
alumno_02130,Matematica Discreta
alumno_02130,Programacion Orientada a Objetos
alumno_02130,Probabilidad y Estadistica
alumno_02130,Calculo I
alumno_02130,Algebra Lineal
alumno_02130,Fisica I
alumno_02130,Calculo II
alumno_02130,Introduccion a la Programacion
alumno_02130,Algebra
alumno_02131,Introduccion a la Programacion
alumno_02131,Algebra
alumno_02131,Matematica Discreta
alumno_02132,Calculo I
alumno_02132,Algebra Lineal
alumno_02132,Fisica I
alumno_02132,Introduccion a la Programacion
alumno_02132,Algebra
alumno_02133,Programacion Orientada a Objetos
alumno_02133,Estructuras de Datos
alumno_02133,Fisica I
alumno_02133,Introduccion a la Programacion
alumno_02133,Algebra
alumno_02133,Bases de Datos I
alumno_02134,Programacion Orientada a Objetos
alumno_02134,Calculo I
alumno_02134,Fisica I
alumno_02134,Calculo II
alumno_02134,Introduccion a la Programacion
alumno_02134,Calculo III
alumno_02134,Algebra
alumno_02135,Calculo I
alumno_02135,Algebra Lineal
alumno_02135,Calculo II
alumno_02135,Introduccion a la Programacion
alumno_02135,Algebra
alumno_02136,Programacion Orientada a Objetos
alumno_02136,Probabilidad y Estadistica
alumno_02136,Calculo I
alumno_02136,Algebra Lineal
alumno_02136,Estructuras de Datos
alumno_02136,Fisica I
alumno_02136,Calculo II
alumno_02136,Introduccion a la Programacion
alumno_02137,Programacion Orientada a Objetos
alumno_02137,Probabilidad y Estadistica
alumno_02137,Calculo I
alumno_02137,Estructuras de Datos
alumno_02137,Fisica I
alumno_02137,Calculo II
alumno_02137,Introduccion a la Programacion
alumno_02137,Calculo III
alumno_02137,Bases de Datos I
alumno_02138,Programacion Orientada a Objetos
alumno_02138,Probabilidad y Estadistica
alumno_02138,Calculo I
alumno_02138,Algebra Lineal
alumno_02138,Estructuras de Datos
alumno_02138,Calculo II
alumno_02138,Introduccion a la Programacion
alumno_02138,Calculo III
alumno_02138,Algebra
alumno_02139,Calculo I
alumno_02139,Algebra Lineal
alumno_02139,Fisica I
alumno_02139,Introduccion a la Programacion
alumno_02139,Algebra
alumno_02140,Probabilidad y Estadistica
alumno_02140,Calculo I
alumno_02140,Algebra Lineal
alumno_02140,Fisica I
alumno_02140,Calculo II
alumno_02140,Algebra
alumno_02140,Calculo III
alumno_02141,Probabilidad y Estadistica
alumno_02141,Calculo I
alumno_02141,Calculo II
alumno_02141,Introduccion a la Programacion
alumno_02141,Calculo III
alumno_02142,Calculo I
alumno_02142,Algebra Lineal
alumno_02142,Fisica I
alumno_02142,Matematica Discreta
alumno_02142,Introduccion a la Programacion
alumno_02142,Algebra
alumno_02143,Matematica Discreta
alumno_02143,Programacion Orientada a Objetos
alumno_02143,Calculo I
alumno_02143,Algebra Lineal
alumno_02143,Estructuras de Datos
alumno_02143,Fisica I
alumno_02143,Calculo II
alumno_02143,Introduccion a la Programacion
alumno_02143,Algebra
alumno_02144,Matematica Discreta
alumno_02144,Programacion Orientada a Objetos
alumno_02144,Probabilidad y Estadistica
alumno_02144,Calculo I
alumno_02144,Fisica I
alumno_02144,Calculo II
alumno_02144,Introduccion a la Programacion
alumno_02144,Calculo III
alumno_02144,Algebra
alumno_02145,Programacion Orientada a Objetos
alumno_02145,Calculo I
alumno_02145,Estructuras de Datos
alumno_02145,Fisica I
alumno_02145,Introduccion a la Programacion
alumno_02146,Programacion Orientada a Objetos
alumno_02146,Probabilidad y Estadistica
alumno_02146,Calculo I
alumno_02146,Algebra Lineal
alumno_02146,Calculo II
alumno_02146,Introduccion a la Programacion
alumno_02146,Algebra
alumno_02147,Programacion Orientada a Objetos
alumno_02147,Calculo I
alumno_02147,Matematica Discreta
alumno_02147,Introduccion a la Programacion
alumno_02147,Algebra
alumno_02148,Introduccion a la Programacion
alumno_02148,Algebra
alumno_02148,Algebra Lineal
alumno_02149,Programacion Orientada a Objetos
alumno_02149,Calculo I
alumno_02149,Estructuras de Datos
alumno_02149,Fisica I
alumno_02149,Calculo II
alumno_02149,Introduccion a la Programacion
alumno_02149,Calculo III
alumno_02149,Bases de Datos I
alumno_02150,Programacion Orientada a Objetos
alumno_02150,Probabilidad y Estadistica
alumno_02150,Calculo I
alumno_02150,Calculo II
alumno_02150,Introduccion a la Programacion
alumno_02151,Matematica Discreta
alumno_02151,Programacion Orientada a Objetos
alumno_02151,Calculo I
alumno_02151,Algebra Lineal
alumno_02151,Estructuras de Datos
alumno_02151,Fisica I
alumno_02151,Calculo II
alumno_02151,Introduccion a la Programacion
alumno_02151,Calculo III
alumno_02151,Algebra
alumno_02152,Programacion Orientada a Objetos
alumno_02152,Calculo I
alumno_02152,Algebra Lineal
alumno_02152,Estructuras de Datos
alumno_02152,Fisica I
alumno_02152,Calculo II
alumno_02152,Introduccion a la Programacion
alumno_02152,Algebra
alumno_02153,Programacion Orientada a Objetos
alumno_02153,Calculo I
alumno_02153,Algebra Lineal
alumno_02153,Estructuras de Datos
alumno_02153,Fisica I
alumno_02153,Calculo II
alumno_02153,Introduccion a la Programacion
alumno_02153,Calculo III
alumno_02153,Algebra
alumno_02154,Programacion Orientada a Objetos
alumno_02154,Probabilidad y Estadistica
alumno_02154,Calculo I
alumno_02154,Algebra Lineal
alumno_02154,Calculo II
alumno_02154,Introduccion a la Programacion
alumno_02154,Algebra
alumno_02155,Calculo I
alumno_02155,Algebra Lineal
alumno_02155,Fisica I
alumno_02155,Matematica Discreta
alumno_02155,Introduccion a la Programacion
alumno_02155,Algebra
alumno_02156,Programacion Orientada a Objetos
alumno_02156,Calculo I
alumno_02156,Algebra Lineal
alumno_02156,Estructuras de Datos
alumno_02156,Introduccion a la Programacion
alumno_02156,Calculo III
alumno_02156,Algebra
alumno_02156,Bases de Datos I
alumno_02157,Programacion Orientada a Objetos
alumno_02157,Probabilidad y Estadistica
alumno_02157,Calculo I
alumno_02157,Algebra Lineal
alumno_02157,Estructuras de Datos
alumno_02157,Fisica I
alumno_02157,Introduccion a la Programacion
alumno_02157,Algebra
alumno_02157,Bases de Datos I
alumno_02158,Programacion Orientada a Objetos
alumno_02158,Calculo I
alumno_02158,Algebra Lineal
alumno_02158,Fisica I
alumno_02158,Introduccion a la Programacion
alumno_02158,Algebra
alumno_02159,Programacion Orientada a Objetos
alumno_02159,Calculo I
alumno_02159,Estructuras de Datos
alumno_02159,Fisica I
alumno_02159,Calculo II
alumno_02159,Introduccion a la Programacion
alumno_02159,Calculo III
alumno_02159,Bases de Datos I
alumno_02160,Programacion Orientada a Objetos
alumno_02160,Calculo I
alumno_02160,Algebra Lineal
alumno_02160,Fisica I
alumno_02160,Matematica Discreta
alumno_02160,Introduccion a la Programacion
alumno_02160,Algebra
alumno_02161,Programacion Orientada a Objetos
alumno_02161,Calculo I
alumno_02161,Estructuras de Datos
alumno_02161,Matematica Discreta
alumno_02161,Introduccion a la Programacion
alumno_02161,Algebra
alumno_02161,Bases de Datos I
alumno_02162,Matematica Discreta
alumno_02162,Probabilidad y Estadistica
alumno_02162,Calculo I
alumno_02162,Algebra Lineal
alumno_02162,Calculo II
alumno_02162,Introduccion a la Programacion
alumno_02162,Calculo III
alumno_02162,Algebra
alumno_02163,Programacion Orientada a Objetos
alumno_02163,Calculo I
alumno_02163,Algebra Lineal
alumno_02163,Estructuras de Datos
alumno_02163,Matematica Discreta
alumno_02163,Introduccion a la Programacion
alumno_02163,Algebra
alumno_02163,Bases de Datos I
alumno_02164,Probabilidad y Estadistica
alumno_02164,Calculo I
alumno_02164,Algebra Lineal
alumno_02164,Fisica I
alumno_02164,Algebra
alumno_02165,Matematica Discreta
alumno_02165,Programacion Orientada a Objetos
alumno_02165,Probabilidad y Estadistica
alumno_02165,Calculo I
alumno_02165,Estructuras de Datos
alumno_02165,Fisica I
alumno_02165,Calculo II
alumno_02165,Introduccion a la Programacion
alumno_02165,Algebra
alumno_02166,Matematica Discreta
alumno_02166,Programacion Orientada a Objetos
alumno_02166,Probabilidad y Estadistica
alumno_02166,Calculo I
alumno_02166,Algebra Lineal
alumno_02166,Estructuras de Datos
alumno_02166,Calculo II
alumno_02166,Introduccion a la Programacion
alumno_02166,Algebra
alumno_02166,Bases de Datos I
alumno_02167,Programacion Orientada a Objetos
alumno_02167,Calculo I
alumno_02167,Algebra Lineal
alumno_02167,Estructuras de Datos
alumno_02167,Calculo II
alumno_02167,Introduccion a la Programacion
alumno_02167,Calculo III
alumno_02167,Algebra
alumno_02167,Bases de Datos I
alumno_02168,Programacion Orientada a Objetos
alumno_02168,Calculo I
alumno_02168,Algebra Lineal
alumno_02168,Matematica Discreta
alumno_02168,Introduccion a la Programacion
alumno_02168,Algebra
alumno_02169,Programacion Orientada a Objetos
alumno_02169,Calculo I
alumno_02169,Algebra Lineal
alumno_02169,Estructuras de Datos
alumno_02169,Fisica I
alumno_02169,Matematica Discreta
alumno_02169,Introduccion a la Programacion
alumno_02169,Algebra
alumno_02169,Bases de Datos I
alumno_02170,Programacion Orientada a Objetos
alumno_02170,Calculo I
alumno_02170,Algebra Lineal
alumno_02170,Estructuras de Datos
alumno_02170,Fisica I
alumno_02170,Introduccion a la Programacion
alumno_02170,Algebra
alumno_02171,Matematica Discreta
alumno_02171,Probabilidad y Estadistica
alumno_02171,Algebra Lineal
alumno_02171,Fisica I
alumno_02171,Calculo II
alumno_02171,Introduccion a la Programacion
alumno_02171,Calculo III
alumno_02171,Algebra
alumno_02172,Matematica Discreta
alumno_02172,Programacion Orientada a Objetos
alumno_02172,Calculo I
alumno_02172,Algebra Lineal
alumno_02172,Estructuras de Datos
alumno_02172,Fisica I
alumno_02172,Calculo II
alumno_02172,Introduccion a la Programacion
alumno_02172,Algebra
alumno_02173,Matematica Discreta
alumno_02173,Programacion Orientada a Objetos
alumno_02173,Probabilidad y Estadistica
alumno_02173,Calculo I
alumno_02173,Algebra Lineal
alumno_02173,Estructuras de Datos
alumno_02173,Calculo II
alumno_02173,Introduccion a la Programacion
alumno_02173,Algebra
alumno_02174,Algebra
alumno_02174,Bases de Datos I
alumno_02174,Estructuras de Datos
alumno_02175,Algebra
alumno_02175,Calculo I
alumno_02175,Calculo III
alumno_02175,Algebra Lineal
alumno_02176,Programacion Orientada a Objetos
alumno_02176,Calculo I
alumno_02176,Fisica I
alumno_02176,Calculo II
alumno_02176,Introduccion a la Programacion
alumno_02176,Calculo III
alumno_02177,Introduccion a la Programacion
alumno_02177,Fisica I
alumno_02177,Matematica Discreta
alumno_02178,Algebra
alumno_02178,Algebra Lineal
alumno_02179,Introduccion a la Programacion
alumno_02179,Matematica Discreta
alumno_02179,Algebra
alumno_02179,Programacion Orientada a Objetos
alumno_02180,Matematica Discreta
alumno_02180,Programacion Orientada a Objetos
alumno_02180,Calculo I
alumno_02180,Algebra Lineal
alumno_02180,Estructuras de Datos
alumno_02180,Fisica I
alumno_02180,Calculo II
alumno_02180,Introduccion a la Programacion
alumno_02180,Calculo III
alumno_02180,Algebra
alumno_02180,Bases de Datos I
alumno_02181,Programacion Orientada a Objetos
alumno_02181,Algebra Lineal
alumno_02181,Estructuras de Datos
alumno_02181,Matematica Discreta
alumno_02181,Introduccion a la Programacion
alumno_02181,Algebra
alumno_02181,Bases de Datos I
alumno_02182,Introduccion a la Programacion
alumno_02182,Algebra
alumno_02182,Algebra Lineal
alumno_02182,Programacion Orientada a Objetos
alumno_02183,Programacion Orientada a Objetos
alumno_02183,Calculo I
alumno_02183,Algebra Lineal
alumno_02183,Estructuras de Datos
alumno_02183,Fisica I
alumno_02183,Calculo II
alumno_02183,Introduccion a la Programacion
alumno_02183,Calculo III
alumno_02183,Algebra
alumno_02183,Bases de Datos I
alumno_02184,Programacion Orientada a Objetos
alumno_02184,Probabilidad y Estadistica
alumno_02184,Calculo I
alumno_02184,Algebra Lineal
alumno_02184,Estructuras de Datos
alumno_02184,Calculo II
alumno_02184,Introduccion a la Programacion
alumno_02184,Algebra
alumno_02184,Bases de Datos I
alumno_02185,Matematica Discreta
alumno_02185,Programacion Orientada a Objetos
alumno_02185,Probabilidad y Estadistica
alumno_02185,Algebra Lineal
alumno_02185,Estructuras de Datos
alumno_02185,Fisica I
alumno_02185,Calculo II
alumno_02185,Introduccion a la Programacion
alumno_02185,Algebra
alumno_02185,Bases de Datos I
alumno_02186,Programacion Orientada a Objetos
alumno_02186,Probabilidad y Estadistica
alumno_02186,Calculo I
alumno_02186,Algebra Lineal
alumno_02186,Estructuras de Datos
alumno_02186,Fisica I
alumno_02186,Calculo II
alumno_02186,Introduccion a la Programacion
alumno_02186,Calculo III
alumno_02186,Algebra
alumno_02186,Bases de Datos I
alumno_02187,Calculo III
alumno_02187,Fisica I
alumno_02187,Calculo I
alumno_02187,Calculo II
alumno_02188,Introduccion a la Programacion
alumno_02188,Algebra
alumno_02188,Algebra Lineal
alumno_02188,Matematica Discreta
alumno_02189,Matematica Discreta
alumno_02189,Programacion Orientada a Objetos
alumno_02189,Calculo I
alumno_02189,Algebra Lineal
alumno_02189,Estructuras de Datos
alumno_02189,Fisica I
alumno_02189,Calculo II
alumno_02189,Introduccion a la Programacion
alumno_02189,Calculo III
alumno_02189,Algebra
alumno_02189,Bases de Datos I
alumno_02190,Introduccion a la Programacion
alumno_02190,Calculo I
alumno_02190,Estructuras de Datos
alumno_02190,Programacion Orientada a Objetos
alumno_02191,Programacion Orientada a Objetos
alumno_02191,Probabilidad y Estadistica
alumno_02191,Calculo I
alumno_02191,Estructuras de Datos
alumno_02191,Fisica I
alumno_02191,Calculo II
alumno_02191,Introduccion a la Programacion
alumno_02191,Calculo III
alumno_02191,Algebra
alumno_02191,Bases de Datos I
alumno_02192,Programacion Orientada a Objetos
alumno_02192,Probabilidad y Estadistica
alumno_02192,Calculo I
alumno_02192,Algebra Lineal
alumno_02192,Estructuras de Datos
alumno_02192,Fisica I
alumno_02192,Calculo II
alumno_02192,Introduccion a la Programacion
alumno_02192,Calculo III
alumno_02192,Algebra
alumno_02192,Bases de Datos I
alumno_02193,Programacion Orientada a Objetos
alumno_02193,Probabilidad y Estadistica
alumno_02193,Calculo I
alumno_02193,Algebra Lineal
alumno_02193,Estructuras de Datos
alumno_02193,Fisica I
alumno_02193,Calculo II
alumno_02193,Introduccion a la Programacion
alumno_02193,Calculo III
alumno_02193,Algebra
alumno_02193,Bases de Datos I
alumno_02194,Introduccion a la Programacion
alumno_02194,Calculo I
alumno_02194,Algebra
alumno_02194,Matematica Discreta
alumno_02195,Programacion Orientada a Objetos
alumno_02195,Calculo I
alumno_02195,Calculo II
alumno_02195,Introduccion a la Programacion
alumno_02195,Calculo III
alumno_02196,Calculo II
alumno_02196,Probabilidad y Estadistica
alumno_02196,Calculo I
alumno_02196,Matematica Discreta
alumno_02196,Introduccion a la Programacion
alumno_02196,Algebra
alumno_02196,Bases de Datos I
alumno_02197,Programacion Orientada a Objetos
alumno_02197,Calculo I
alumno_02197,Algebra Lineal
alumno_02197,Calculo II
alumno_02197,Introduccion a la Programacion
alumno_02197,Algebra
alumno_02198,Programacion Orientada a Objetos
alumno_02198,Calculo I
alumno_02198,Algebra Lineal
alumno_02198,Matematica Discreta
alumno_02198,Introduccion a la Programacion
alumno_02198,Algebra
alumno_02199,Introduccion a la Programacion
alumno_02199,Fisica I
alumno_02199,Matematica Discreta
alumno_02199,Programacion Orientada a Objetos
alumno_02200,Programacion Orientada a Objetos
alumno_02200,Calculo I
alumno_02200,Algebra Lineal
alumno_02200,Estructuras de Datos
alumno_02200,Calculo II
alumno_02200,Introduccion a la Programacion
alumno_02200,Algebra
alumno_02201,Matematica Discreta
alumno_02201,Programacion Orientada a Objetos
alumno_02201,Calculo I
alumno_02201,Algebra Lineal
alumno_02201,Estructuras de Datos
alumno_02201,Fisica I
alumno_02201,Calculo II
alumno_02201,Introduccion a la Programacion
alumno_02201,Algebra
alumno_02201,Bases de Datos I
alumno_02202,Matematica Discreta
alumno_02202,Programacion Orientada a Objetos
alumno_02202,Calculo I
alumno_02202,Algebra Lineal
alumno_02202,Estructuras de Datos
alumno_02202,Calculo II
alumno_02202,Introduccion a la Programacion
alumno_02202,Algebra
alumno_02203,Matematica Discreta
alumno_02203,Programacion Orientada a Objetos
alumno_02203,Probabilidad y Estadistica
alumno_02203,Calculo I
alumno_02203,Algebra Lineal
alumno_02203,Estructuras de Datos
alumno_02203,Fisica I
alumno_02203,Calculo II
alumno_02203,Introduccion a la Programacion
alumno_02203,Calculo III
alumno_02203,Algebra
alumno_02203,Bases de Datos I
alumno_02204,Introduccion a la Programacion
alumno_02204,Calculo I
alumno_02204,Matematica Discreta
alumno_02204,Programacion Orientada a Objetos
alumno_02205,Matematica Discreta
alumno_02205,Calculo I
alumno_02205,Algebra Lineal
alumno_02205,Calculo II
alumno_02205,Introduccion a la Programacion
alumno_02205,Algebra
alumno_02206,Programacion Orientada a Objetos
alumno_02206,Calculo I
alumno_02206,Algebra Lineal
alumno_02206,Estructuras de Datos
alumno_02206,Introduccion a la Programacion
alumno_02206,Bases de Datos I
alumno_02207,Matematica Discreta
alumno_02207,Programacion Orientada a Objetos
alumno_02207,Calculo I
alumno_02207,Calculo II
alumno_02207,Introduccion a la Programacion
alumno_02207,Algebra
alumno_02208,Programacion Orientada a Objetos
alumno_02208,Probabilidad y Estadistica
alumno_02208,Estructuras de Datos
alumno_02208,Fisica I
alumno_02208,Calculo II
alumno_02208,Introduccion a la Programacion
alumno_02208,Calculo III
alumno_02208,Bases de Datos I
alumno_02209,Programacion Orientada a Objetos
alumno_02209,Calculo I
alumno_02209,Algebra Lineal
alumno_02209,Estructuras de Datos
alumno_02209,Fisica I
alumno_02209,Calculo II
alumno_02209,Introduccion a la Programacion
alumno_02209,Algebra
alumno_02210,Programacion Orientada a Objetos
alumno_02210,Calculo I
alumno_02210,Algebra Lineal
alumno_02210,Introduccion a la Programacion
alumno_02210,Algebra
alumno_02211,Programacion Orientada a Objetos
alumno_02211,Calculo I
alumno_02211,Fisica I
alumno_02211,Calculo II
alumno_02211,Introduccion a la Programacion
alumno_02211,Algebra
alumno_02212,Programacion Orientada a Objetos
alumno_02212,Algebra Lineal
alumno_02212,Estructuras de Datos
alumno_02212,Fisica I
alumno_02212,Matematica Discreta
alumno_02212,Introduccion a la Programacion
alumno_02212,Algebra
alumno_02212,Bases de Datos I
alumno_02213,Matematica Discreta
alumno_02213,Programacion Orientada a Objetos
alumno_02213,Probabilidad y Estadistica
alumno_02213,Calculo I
alumno_02213,Algebra Lineal
alumno_02213,Estructuras de Datos
alumno_02213,Calculo II
alumno_02213,Introduccion a la Programacion
alumno_02213,Calculo III
alumno_02213,Algebra
alumno_02214,Programacion Orientada a Objetos
alumno_02214,Calculo I
alumno_02214,Estructuras de Datos
alumno_02214,Introduccion a la Programacion
alumno_02214,Bases de Datos I
alumno_02215,Calculo II
alumno_02215,Calculo I
alumno_02215,Algebra Lineal
alumno_02215,Matematica Discreta
alumno_02215,Algebra
alumno_02215,Calculo III
alumno_02215,Bases de Datos I
alumno_02216,Calculo I
alumno_02216,Algebra Lineal
alumno_02216,Fisica I
alumno_02216,Calculo II
alumno_02216,Algebra
alumno_02216,Calculo III
alumno_02217,Algebra
alumno_02217,Probabilidad y Estadistica
alumno_02217,Algebra Lineal
alumno_02218,Programacion Orientada a Objetos
alumno_02218,Algebra Lineal
alumno_02218,Estructuras de Datos
alumno_02218,Fisica I
alumno_02218,Introduccion a la Programacion
alumno_02218,Algebra
alumno_02218,Bases de Datos I
alumno_02219,Programacion Orientada a Objetos
alumno_02219,Calculo I
alumno_02219,Algebra Lineal
alumno_02219,Estructuras de Datos
alumno_02219,Fisica I
alumno_02219,Introduccion a la Programacion
alumno_02219,Algebra
alumno_02219,Bases de Datos I
alumno_02220,Matematica Discreta
alumno_02220,Programacion Orientada a Objetos
alumno_02220,Probabilidad y Estadistica
alumno_02220,Calculo I
alumno_02220,Algebra Lineal
alumno_02220,Estructuras de Datos
alumno_02220,Fisica I
alumno_02220,Calculo II
alumno_02220,Introduccion a la Programacion
alumno_02220,Calculo III
alumno_02220,Algebra
alumno_02220,Bases de Datos I
alumno_02221,Matematica Discreta
alumno_02221,Programacion Orientada a Objetos
alumno_02221,Calculo I
alumno_02221,Algebra Lineal
alumno_02221,Estructuras de Datos
alumno_02221,Calculo II
alumno_02221,Introduccion a la Programacion
alumno_02221,Calculo III
alumno_02221,Algebra
alumno_02221,Bases de Datos I
alumno_02222,Programacion Orientada a Objetos
alumno_02222,Calculo I
alumno_02222,Estructuras de Datos
alumno_02222,Fisica I
alumno_02222,Introduccion a la Programacion
alumno_02222,Calculo III
alumno_02222,Bases de Datos I
alumno_02223,Fisica I
alumno_02223,Calculo I
alumno_02223,Matematica Discreta
alumno_02224,Probabilidad y Estadistica
alumno_02224,Calculo I
alumno_02224,Algebra Lineal
alumno_02224,Estructuras de Datos
alumno_02224,Fisica I
alumno_02224,Calculo II
alumno_02224,Algebra
alumno_02224,Calculo III
alumno_02224,Bases de Datos I
alumno_02225,Matematica Discreta
alumno_02225,Programacion Orientada a Objetos
alumno_02225,Probabilidad y Estadistica
alumno_02225,Calculo I
alumno_02225,Algebra Lineal
alumno_02225,Estructuras de Datos
alumno_02225,Fisica I
alumno_02225,Calculo II
alumno_02225,Introduccion a la Programacion
alumno_02225,Calculo III
alumno_02225,Algebra
alumno_02225,Bases de Datos I
alumno_02226,Programacion Orientada a Objetos
alumno_02226,Algebra Lineal
alumno_02226,Estructuras de Datos
alumno_02226,Matematica Discreta
alumno_02226,Introduccion a la Programacion
alumno_02226,Algebra
alumno_02226,Bases de Datos I
alumno_02227,Matematica Discreta
alumno_02227,Programacion Orientada a Objetos
alumno_02227,Probabilidad y Estadistica
alumno_02227,Calculo I
alumno_02227,Estructuras de Datos
alumno_02227,Fisica I
alumno_02227,Calculo II
alumno_02227,Introduccion a la Programacion
alumno_02227,Calculo III
alumno_02227,Algebra
alumno_02228,Programacion Orientada a Objetos
alumno_02228,Probabilidad y Estadistica
alumno_02228,Calculo I
alumno_02228,Estructuras de Datos
alumno_02228,Fisica I
alumno_02228,Calculo II
alumno_02228,Introduccion a la Programacion
alumno_02228,Calculo III
alumno_02228,Algebra
alumno_02228,Bases de Datos I
alumno_02229,Probabilidad y Estadistica
alumno_02229,Calculo I
alumno_02229,Fisica I
alumno_02229,Calculo II
alumno_02229,Calculo III
alumno_02230,Matematica Discreta
alumno_02230,Programacion Orientada a Objetos
alumno_02230,Calculo I
alumno_02230,Estructuras de Datos
alumno_02230,Calculo II
alumno_02230,Introduccion a la Programacion
alumno_02230,Algebra
alumno_02231,Programacion Orientada a Objetos
alumno_02231,Calculo I
alumno_02231,Algebra Lineal
alumno_02231,Estructuras de Datos
alumno_02231,Fisica I
alumno_02231,Matematica Discreta
alumno_02231,Introduccion a la Programacion
alumno_02231,Algebra
alumno_02231,Bases de Datos I
alumno_02232,Programacion Orientada a Objetos
alumno_02232,Probabilidad y Estadistica
alumno_02232,Calculo I
alumno_02232,Algebra Lineal
alumno_02232,Estructuras de Datos
alumno_02232,Calculo II
alumno_02232,Introduccion a la Programacion
alumno_02232,Calculo III
alumno_02232,Algebra
alumno_02232,Bases de Datos I
alumno_02233,Matematica Discreta
alumno_02233,Programacion Orientada a Objetos
alumno_02233,Calculo I
alumno_02233,Estructuras de Datos
alumno_02233,Fisica I
alumno_02233,Calculo II
alumno_02233,Introduccion a la Programacion
alumno_02233,Algebra
alumno_02234,Programacion Orientada a Objetos
alumno_02234,Calculo I
alumno_02234,Estructuras de Datos
alumno_02234,Matematica Discreta
alumno_02234,Introduccion a la Programacion
alumno_02234,Algebra
alumno_02234,Bases de Datos I
alumno_02235,Algebra
alumno_02235,Probabilidad y Estadistica
alumno_02235,Calculo I
alumno_02235,Algebra Lineal
alumno_02236,Matematica Discreta
alumno_02236,Programacion Orientada a Objetos
alumno_02236,Probabilidad y Estadistica
alumno_02236,Calculo I
alumno_02236,Algebra Lineal
alumno_02236,Estructuras de Datos
alumno_02236,Calculo II
alumno_02236,Introduccion a la Programacion
alumno_02236,Calculo III
alumno_02236,Algebra
alumno_02236,Bases de Datos I
alumno_02237,Programacion Orientada a Objetos
alumno_02237,Calculo I
alumno_02237,Algebra Lineal
alumno_02237,Calculo II
alumno_02237,Introduccion a la Programacion
alumno_02237,Calculo III
alumno_02237,Algebra
alumno_02238,Introduccion a la Programacion
alumno_02238,Estructuras de Datos
alumno_02238,Bases de Datos I
alumno_02238,Programacion Orientada a Objetos
alumno_02239,Programacion Orientada a Objetos
alumno_02239,Calculo I
alumno_02239,Estructuras de Datos
alumno_02239,Fisica I
alumno_02239,Introduccion a la Programacion
alumno_02239,Bases de Datos I
alumno_02240,Programacion Orientada a Objetos
alumno_02240,Probabilidad y Estadistica
alumno_02240,Calculo I
alumno_02240,Fisica I
alumno_02240,Calculo II
alumno_02240,Introduccion a la Programacion
alumno_02240,Calculo III
alumno_02240,Algebra
alumno_02241,Introduccion a la Programacion
alumno_02241,Fisica I
alumno_02241,Calculo I
alumno_02242,Programacion Orientada a Objetos
alumno_02242,Calculo I
alumno_02242,Algebra Lineal
alumno_02242,Fisica I
alumno_02242,Matematica Discreta
alumno_02242,Algebra
alumno_02243,Programacion Orientada a Objetos
alumno_02243,Probabilidad y Estadistica
alumno_02243,Calculo I
alumno_02243,Estructuras de Datos
alumno_02243,Fisica I
alumno_02243,Calculo II
alumno_02243,Introduccion a la Programacion
alumno_02243,Calculo III
alumno_02243,Algebra
alumno_02244,Matematica Discreta
alumno_02244,Programacion Orientada a Objetos
alumno_02244,Probabilidad y Estadistica
alumno_02244,Calculo I
alumno_02244,Fisica I
alumno_02244,Calculo II
alumno_02244,Introduccion a la Programacion
alumno_02244,Calculo III
alumno_02244,Algebra
alumno_02245,Programacion Orientada a Objetos
alumno_02245,Calculo I
alumno_02245,Algebra Lineal
alumno_02245,Estructuras de Datos
alumno_02245,Fisica I
alumno_02245,Matematica Discreta
alumno_02245,Introduccion a la Programacion
alumno_02245,Algebra
alumno_02245,Bases de Datos I
alumno_02246,Programacion Orientada a Objetos
alumno_02246,Calculo I
alumno_02246,Calculo II
alumno_02246,Introduccion a la Programacion
alumno_02246,Calculo III
alumno_02247,Calculo III
alumno_02247,Calculo I
alumno_02247,Calculo II
alumno_02248,Programacion Orientada a Objetos
alumno_02248,Probabilidad y Estadistica
alumno_02248,Calculo I
alumno_02248,Estructuras de Datos
alumno_02248,Fisica I
alumno_02248,Calculo II
alumno_02248,Introduccion a la Programacion
alumno_02248,Calculo III
alumno_02248,Algebra
alumno_02248,Bases de Datos I
alumno_02249,Matematica Discreta
alumno_02249,Programacion Orientada a Objetos
alumno_02249,Calculo I
alumno_02249,Algebra Lineal
alumno_02249,Calculo II
alumno_02249,Introduccion a la Programacion
alumno_02249,Calculo III
alumno_02249,Algebra
alumno_02250,Programacion Orientada a Objetos
alumno_02250,Probabilidad y Estadistica
alumno_02250,Calculo I
alumno_02250,Algebra Lineal
alumno_02250,Estructuras de Datos
alumno_02250,Calculo II
alumno_02250,Introduccion a la Programacion
alumno_02250,Calculo III
alumno_02250,Algebra
alumno_02250,Bases de Datos I
alumno_02251,Programacion Orientada a Objetos
alumno_02251,Calculo I
alumno_02251,Estructuras de Datos
alumno_02251,Introduccion a la Programacion
alumno_02251,Bases de Datos I
alumno_02252,Programacion Orientada a Objetos
alumno_02252,Probabilidad y Estadistica
alumno_02252,Calculo I
alumno_02252,Fisica I
alumno_02252,Calculo II
alumno_02252,Calculo III
alumno_02253,Programacion Orientada a Objetos
alumno_02253,Probabilidad y Estadistica
alumno_02253,Calculo I
alumno_02253,Estructuras de Datos
alumno_02253,Calculo II
alumno_02253,Introduccion a la Programacion
alumno_02254,Programacion Orientada a Objetos
alumno_02254,Algebra Lineal
alumno_02254,Estructuras de Datos
alumno_02254,Fisica I
alumno_02254,Introduccion a la Programacion
alumno_02254,Algebra
alumno_02254,Bases de Datos I
alumno_02255,Calculo II
alumno_02255,Calculo I
alumno_02255,Algebra Lineal
alumno_02255,Matematica Discreta
alumno_02255,Algebra
alumno_02256,Programacion Orientada a Objetos
alumno_02256,Algebra Lineal
alumno_02256,Estructuras de Datos
alumno_02256,Matematica Discreta
alumno_02256,Introduccion a la Programacion
alumno_02256,Algebra
alumno_02256,Bases de Datos I
alumno_02257,Probabilidad y Estadistica
alumno_02257,Calculo I
alumno_02257,Fisica I
alumno_02257,Calculo II
alumno_02257,Introduccion a la Programacion
alumno_02258,Matematica Discreta
alumno_02258,Programacion Orientada a Objetos
alumno_02258,Probabilidad y Estadistica
alumno_02258,Calculo I
alumno_02258,Algebra Lineal
alumno_02258,Calculo II
alumno_02258,Introduccion a la Programacion
alumno_02258,Calculo III
alumno_02258,Algebra
alumno_02259,Matematica Discreta
alumno_02259,Programacion Orientada a Objetos
alumno_02259,Calculo I
alumno_02259,Estructuras de Datos
alumno_02259,Calculo II
alumno_02259,Introduccion a la Programacion
alumno_02259,Calculo III
alumno_02259,Algebra
alumno_02260,Matematica Discreta
alumno_02260,Probabilidad y Estadistica
alumno_02260,Calculo I
alumno_02260,Fisica I
alumno_02260,Calculo II
alumno_02260,Introduccion a la Programacion
alumno_02260,Algebra
alumno_02261,Matematica Discreta
alumno_02261,Programacion Orientada a Objetos
alumno_02261,Probabilidad y Estadistica
alumno_02261,Calculo I
alumno_02261,Algebra Lineal
alumno_02261,Estructuras de Datos
alumno_02261,Fisica I
alumno_02261,Calculo II
alumno_02261,Introduccion a la Programacion
alumno_02261,Algebra
alumno_02261,Bases de Datos I
alumno_02262,Matematica Discreta
alumno_02262,Programacion Orientada a Objetos
alumno_02262,Calculo I
alumno_02262,Algebra Lineal
alumno_02262,Calculo II
alumno_02262,Introduccion a la Programacion
alumno_02262,Calculo III
alumno_02262,Algebra
alumno_02263,Matematica Discreta
alumno_02263,Calculo I
alumno_02263,Algebra Lineal
alumno_02263,Estructuras de Datos
alumno_02263,Calculo II
alumno_02263,Introduccion a la Programacion
alumno_02263,Calculo III
alumno_02263,Algebra
alumno_02263,Bases de Datos I
alumno_02264,Matematica Discreta
alumno_02264,Programacion Orientada a Objetos
alumno_02264,Probabilidad y Estadistica
alumno_02264,Calculo I
alumno_02264,Estructuras de Datos
alumno_02264,Calculo II
alumno_02264,Introduccion a la Programacion
alumno_02264,Calculo III
alumno_02264,Algebra
alumno_02265,Programacion Orientada a Objetos
alumno_02265,Calculo I
alumno_02265,Algebra Lineal
alumno_02265,Estructuras de Datos
alumno_02265,Calculo II
alumno_02265,Introduccion a la Programacion
alumno_02265,Bases de Datos I
alumno_02266,Matematica Discreta
alumno_02266,Programacion Orientada a Objetos
alumno_02266,Calculo I
alumno_02266,Algebra Lineal
alumno_02266,Calculo II
alumno_02266,Introduccion a la Programacion
alumno_02266,Calculo III
alumno_02266,Algebra
alumno_02267,Programacion Orientada a Objetos
alumno_02267,Fisica I
alumno_02267,Matematica Discreta
alumno_02267,Introduccion a la Programacion
alumno_02267,Algebra
alumno_02268,Programacion Orientada a Objetos
alumno_02268,Calculo I
alumno_02268,Estructuras de Datos
alumno_02268,Introduccion a la Programacion
alumno_02268,Bases de Datos I
alumno_02269,Matematica Discreta
alumno_02269,Programacion Orientada a Objetos
alumno_02269,Probabilidad y Estadistica
alumno_02269,Calculo I
alumno_02269,Algebra Lineal
alumno_02269,Estructuras de Datos
alumno_02269,Fisica I
alumno_02269,Calculo II
alumno_02269,Algebra
alumno_02269,Calculo III
alumno_02270,Programacion Orientada a Objetos
alumno_02270,Probabilidad y Estadistica
alumno_02270,Calculo I
alumno_02270,Algebra Lineal
alumno_02270,Estructuras de Datos
alumno_02270,Fisica I
alumno_02270,Introduccion a la Programacion
alumno_02270,Algebra
alumno_02271,Programacion Orientada a Objetos
alumno_02271,Probabilidad y Estadistica
alumno_02271,Calculo I
alumno_02271,Algebra Lineal
alumno_02271,Estructuras de Datos
alumno_02271,Fisica I
alumno_02271,Calculo II
alumno_02271,Introduccion a la Programacion
alumno_02271,Calculo III
alumno_02271,Algebra
alumno_02271,Bases de Datos I
alumno_02272,Programacion Orientada a Objetos
alumno_02272,Probabilidad y Estadistica
alumno_02272,Calculo I
alumno_02272,Estructuras de Datos
alumno_02272,Fisica I
alumno_02272,Calculo II
alumno_02272,Introduccion a la Programacion
alumno_02272,Algebra
alumno_02272,Bases de Datos I
alumno_02273,Matematica Discreta
alumno_02273,Programacion Orientada a Objetos
alumno_02273,Calculo I
alumno_02273,Algebra Lineal
alumno_02273,Calculo II
alumno_02273,Introduccion a la Programacion
alumno_02273,Calculo III
alumno_02273,Algebra
alumno_02274,Introduccion a la Programacion
alumno_02274,Estructuras de Datos
alumno_02274,Bases de Datos I
alumno_02274,Programacion Orientada a Objetos
alumno_02275,Programacion Orientada a Objetos
alumno_02275,Calculo I
alumno_02275,Algebra Lineal
alumno_02275,Estructuras de Datos
alumno_02275,Fisica I
alumno_02275,Matematica Discreta
alumno_02275,Introduccion a la Programacion
alumno_02275,Algebra
alumno_02275,Bases de Datos I
alumno_02276,Matematica Discreta
alumno_02276,Programacion Orientada a Objetos
alumno_02276,Calculo I
alumno_02276,Algebra Lineal
alumno_02276,Estructuras de Datos
alumno_02276,Calculo II
alumno_02276,Introduccion a la Programacion
alumno_02276,Calculo III
alumno_02276,Algebra
alumno_02276,Bases de Datos I
alumno_02277,Introduccion a la Programacion
alumno_02277,Estructuras de Datos
alumno_02277,Programacion Orientada a Objetos
alumno_02278,Programacion Orientada a Objetos
alumno_02278,Estructuras de Datos
alumno_02278,Fisica I
alumno_02278,Introduccion a la Programacion
alumno_02278,Algebra
alumno_02278,Bases de Datos I
alumno_02279,Introduccion a la Programacion
alumno_02279,Bases de Datos I
alumno_02279,Programacion Orientada a Objetos
alumno_02279,Calculo II
alumno_02280,Programacion Orientada a Objetos
alumno_02280,Algebra Lineal
alumno_02280,Fisica I
alumno_02280,Matematica Discreta
alumno_02280,Introduccion a la Programacion
alumno_02280,Algebra
alumno_02281,Programacion Orientada a Objetos
alumno_02281,Estructuras de Datos
alumno_02281,Fisica I
alumno_02281,Introduccion a la Programacion
alumno_02281,Bases de Datos I
alumno_02282,Matematica Discreta
alumno_02282,Programacion Orientada a Objetos
alumno_02282,Calculo I
alumno_02282,Algebra Lineal
alumno_02282,Estructuras de Datos
alumno_02282,Calculo II
alumno_02282,Introduccion a la Programacion
alumno_02282,Algebra
alumno_02283,Probabilidad y Estadistica
alumno_02283,Calculo I
alumno_02283,Fisica I
alumno_02283,Calculo II
alumno_02283,Calculo III
alumno_02284,Matematica Discreta
alumno_02284,Programacion Orientada a Objetos
alumno_02284,Probabilidad y Estadistica
alumno_02284,Algebra Lineal
alumno_02284,Fisica I
alumno_02284,Calculo II
alumno_02284,Introduccion a la Programacion
alumno_02284,Calculo III
alumno_02284,Algebra
alumno_02284,Bases de Datos I
alumno_02285,Programacion Orientada a Objetos
alumno_02285,Probabilidad y Estadistica
alumno_02285,Calculo I
alumno_02285,Algebra Lineal
alumno_02285,Estructuras de Datos
alumno_02285,Fisica I
alumno_02285,Calculo II
alumno_02285,Introduccion a la Programacion
alumno_02285,Calculo III
alumno_02285,Algebra
alumno_02285,Bases de Datos I
alumno_02286,Programacion Orientada a Objetos
alumno_02286,Probabilidad y Estadistica
alumno_02286,Calculo I
alumno_02286,Estructuras de Datos
alumno_02286,Fisica I
alumno_02286,Calculo II
alumno_02286,Introduccion a la Programacion
alumno_02287,Programacion Orientada a Objetos
alumno_02287,Probabilidad y Estadistica
alumno_02287,Calculo I
alumno_02287,Estructuras de Datos
alumno_02287,Fisica I
alumno_02287,Calculo II
alumno_02287,Introduccion a la Programacion
alumno_02287,Calculo III
alumno_02287,Bases de Datos I
alumno_02288,Programacion Orientada a Objetos
alumno_02288,Probabilidad y Estadistica
alumno_02288,Calculo I
alumno_02288,Estructuras de Datos
alumno_02288,Fisica I
alumno_02288,Calculo II
alumno_02288,Introduccion a la Programacion
alumno_02288,Calculo III
alumno_02288,Bases de Datos I
alumno_02289,Programacion Orientada a Objetos
alumno_02289,Calculo I
alumno_02289,Algebra Lineal
alumno_02289,Estructuras de Datos
alumno_02289,Fisica I
alumno_02289,Matematica Discreta
alumno_02289,Introduccion a la Programacion
alumno_02289,Algebra
alumno_02289,Bases de Datos I
alumno_02290,Algebra Lineal
alumno_02290,Fisica I
alumno_02290,Matematica Discreta
alumno_02290,Introduccion a la Programacion
alumno_02290,Algebra
alumno_02291,Programacion Orientada a Objetos
alumno_02291,Calculo I
alumno_02291,Fisica I
alumno_02291,Introduccion a la Programacion
alumno_02291,Algebra
alumno_02292,Matematica Discreta
alumno_02292,Programacion Orientada a Objetos
alumno_02292,Probabilidad y Estadistica
alumno_02292,Calculo I
alumno_02292,Algebra Lineal
alumno_02292,Estructuras de Datos
alumno_02292,Calculo II
alumno_02292,Introduccion a la Programacion
alumno_02292,Calculo III
alumno_02292,Algebra
alumno_02292,Bases de Datos I
alumno_02293,Programacion Orientada a Objetos
alumno_02293,Calculo I
alumno_02293,Algebra Lineal
alumno_02293,Estructuras de Datos
alumno_02293,Calculo II
alumno_02293,Introduccion a la Programacion
alumno_02293,Algebra
alumno_02294,Matematica Discreta
alumno_02294,Programacion Orientada a Objetos
alumno_02294,Calculo I
alumno_02294,Algebra Lineal
alumno_02294,Estructuras de Datos
alumno_02294,Fisica I
alumno_02294,Calculo II
alumno_02294,Introduccion a la Programacion
alumno_02294,Algebra
alumno_02294,Bases de Datos I
alumno_02295,Probabilidad y Estadistica
alumno_02295,Calculo I
alumno_02295,Estructuras de Datos
alumno_02295,Fisica I
alumno_02295,Introduccion a la Programacion
alumno_02295,Bases de Datos I
alumno_02296,Matematica Discreta
alumno_02296,Programacion Orientada a Objetos
alumno_02296,Calculo I
alumno_02296,Algebra Lineal
alumno_02296,Calculo II
alumno_02296,Introduccion a la Programacion
alumno_02296,Calculo III
alumno_02296,Algebra
alumno_02297,Programacion Orientada a Objetos
alumno_02297,Calculo I
alumno_02297,Algebra Lineal
alumno_02297,Estructuras de Datos
alumno_02297,Fisica I
alumno_02297,Calculo II
alumno_02297,Introduccion a la Programacion
alumno_02297,Calculo III
alumno_02297,Algebra
alumno_02297,Bases de Datos I
alumno_02298,Matematica Discreta
alumno_02298,Probabilidad y Estadistica
alumno_02298,Calculo I
alumno_02298,Algebra Lineal
alumno_02298,Fisica I
alumno_02298,Calculo II
alumno_02298,Introduccion a la Programacion
alumno_02298,Calculo III
alumno_02298,Algebra
alumno_02299,Programacion Orientada a Objetos
alumno_02299,Probabilidad y Estadistica
alumno_02299,Calculo I
alumno_02299,Estructuras de Datos
alumno_02299,Calculo II
alumno_02299,Introduccion a la Programacion
alumno_02299,Bases de Datos I
alumno_02300,Programacion Orientada a Objetos
alumno_02300,Calculo I
alumno_02300,Estructuras de Datos
alumno_02300,Calculo II
alumno_02300,Introduccion a la Programacion
alumno_02300,Bases de Datos I
alumno_02301,Programacion Orientada a Objetos
alumno_02301,Algebra Lineal
alumno_02301,Estructuras de Datos
alumno_02301,Fisica I
alumno_02301,Introduccion a la Programacion
alumno_02301,Algebra
alumno_02301,Bases de Datos I
alumno_02302,Programacion Orientada a Objetos
alumno_02302,Probabilidad y Estadistica
alumno_02302,Algebra Lineal
alumno_02302,Estructuras de Datos
alumno_02302,Fisica I
alumno_02302,Calculo II
alumno_02302,Introduccion a la Programacion
alumno_02302,Calculo III
alumno_02302,Algebra
alumno_02302,Bases de Datos I
alumno_02303,Probabilidad y Estadistica
alumno_02303,Calculo I
alumno_02303,Fisica I
alumno_02303,Calculo II
alumno_02303,Introduccion a la Programacion
alumno_02303,Calculo III
alumno_02303,Algebra
alumno_02304,Matematica Discreta
alumno_02304,Programacion Orientada a Objetos
alumno_02304,Calculo I
alumno_02304,Algebra Lineal
alumno_02304,Fisica I
alumno_02304,Calculo II
alumno_02304,Introduccion a la Programacion
alumno_02304,Calculo III
alumno_02304,Algebra
alumno_02305,Programacion Orientada a Objetos
alumno_02305,Calculo I
alumno_02305,Algebra Lineal
alumno_02305,Fisica I
alumno_02305,Matematica Discreta
alumno_02305,Introduccion a la Programacion
alumno_02305,Calculo III
alumno_02305,Algebra
alumno_02306,Introduccion a la Programacion
alumno_02306,Fisica I
alumno_02306,Algebra
alumno_02306,Matematica Discreta
alumno_02307,Matematica Discreta
alumno_02307,Programacion Orientada a Objetos
alumno_02307,Calculo I
alumno_02307,Algebra Lineal
alumno_02307,Calculo II
alumno_02307,Introduccion a la Programacion
alumno_02307,Algebra
alumno_02308,Programacion Orientada a Objetos
alumno_02308,Algebra Lineal
alumno_02308,Estructuras de Datos
alumno_02308,Matematica Discreta
alumno_02308,Introduccion a la Programacion
alumno_02308,Algebra
alumno_02309,Matematica Discreta
alumno_02309,Programacion Orientada a Objetos
alumno_02309,Probabilidad y Estadistica
alumno_02309,Calculo I
alumno_02309,Estructuras de Datos
alumno_02309,Fisica I
alumno_02309,Calculo II
alumno_02309,Introduccion a la Programacion
alumno_02309,Calculo III
alumno_02309,Algebra
alumno_02310,Matematica Discreta
alumno_02310,Programacion Orientada a Objetos
alumno_02310,Probabilidad y Estadistica
alumno_02310,Calculo I
alumno_02310,Algebra Lineal
alumno_02310,Fisica I
alumno_02310,Calculo II
alumno_02310,Introduccion a la Programacion
alumno_02310,Algebra
alumno_02311,Introduccion a la Programacion
alumno_02311,Algebra
alumno_02311,Estructuras de Datos
alumno_02311,Programacion Orientada a Objetos
alumno_02312,Programacion Orientada a Objetos
alumno_02312,Calculo I
alumno_02312,Algebra Lineal
alumno_02312,Estructuras de Datos
alumno_02312,Fisica I
alumno_02312,Introduccion a la Programacion
alumno_02312,Algebra
alumno_02313,Matematica Discreta
alumno_02313,Programacion Orientada a Objetos
alumno_02313,Calculo I
alumno_02313,Estructuras de Datos
alumno_02313,Fisica I
alumno_02313,Calculo II
alumno_02313,Introduccion a la Programacion
alumno_02313,Calculo III
alumno_02313,Algebra
alumno_02313,Bases de Datos I
alumno_02314,Introduccion a la Programacion
alumno_02314,Fisica I
alumno_02314,Algebra
alumno_02315,Calculo II
alumno_02315,Programacion Orientada a Objetos
alumno_02315,Calculo I
alumno_02315,Estructuras de Datos
alumno_02315,Matematica Discreta
alumno_02315,Introduccion a la Programacion
alumno_02315,Bases de Datos I
alumno_02316,Introduccion a la Programacion
alumno_02316,Calculo I
alumno_02316,Estructuras de Datos
alumno_02316,Programacion Orientada a Objetos
alumno_02317,Programacion Orientada a Objetos
alumno_02317,Probabilidad y Estadistica
alumno_02317,Calculo I
alumno_02317,Algebra Lineal
alumno_02317,Estructuras de Datos
alumno_02317,Fisica I
alumno_02317,Introduccion a la Programacion
alumno_02317,Algebra
alumno_02317,Bases de Datos I
alumno_02318,Probabilidad y Estadistica
alumno_02318,Calculo I
alumno_02318,Fisica I
alumno_02318,Calculo II
alumno_02318,Introduccion a la Programacion
alumno_02318,Calculo III
alumno_02319,Programacion Orientada a Objetos
alumno_02319,Probabilidad y Estadistica
alumno_02319,Calculo I
alumno_02319,Algebra Lineal
alumno_02319,Fisica I
alumno_02319,Calculo II
alumno_02319,Introduccion a la Programacion
alumno_02319,Algebra
alumno_02320,Programacion Orientada a Objetos
alumno_02320,Calculo I
alumno_02320,Estructuras de Datos
alumno_02320,Calculo II
alumno_02320,Introduccion a la Programacion
alumno_02320,Calculo III
alumno_02320,Algebra
alumno_02320,Bases de Datos I
alumno_02321,Programacion Orientada a Objetos
alumno_02321,Calculo I
alumno_02321,Algebra Lineal
alumno_02321,Estructuras de Datos
alumno_02321,Fisica I
alumno_02321,Introduccion a la Programacion
alumno_02321,Algebra
alumno_02321,Bases de Datos I
alumno_02322,Programacion Orientada a Objetos
alumno_02322,Calculo I
alumno_02322,Estructuras de Datos
alumno_02322,Fisica I
alumno_02322,Calculo II
alumno_02322,Introduccion a la Programacion
alumno_02322,Calculo III
alumno_02323,Programacion Orientada a Objetos
alumno_02323,Probabilidad y Estadistica
alumno_02323,Calculo I
alumno_02323,Algebra Lineal
alumno_02323,Estructuras de Datos
alumno_02323,Fisica I
alumno_02323,Calculo II
alumno_02323,Introduccion a la Programacion
alumno_02323,Algebra
alumno_02324,Programacion Orientada a Objetos
alumno_02324,Algebra Lineal
alumno_02324,Estructuras de Datos
alumno_02324,Fisica I
alumno_02324,Matematica Discreta
alumno_02324,Introduccion a la Programacion
alumno_02324,Algebra
alumno_02324,Bases de Datos I
alumno_02325,Matematica Discreta
alumno_02325,Programacion Orientada a Objetos
alumno_02325,Probabilidad y Estadistica
alumno_02325,Calculo I
alumno_02325,Algebra Lineal
alumno_02325,Fisica I
alumno_02325,Calculo II
alumno_02325,Introduccion a la Programacion
alumno_02325,Calculo III
alumno_02325,Algebra
alumno_02326,Programacion Orientada a Objetos
alumno_02326,Calculo I
alumno_02326,Estructuras de Datos
alumno_02326,Fisica I
alumno_02326,Calculo II
alumno_02326,Introduccion a la Programacion
alumno_02327,Algebra
alumno_02327,Fisica I
alumno_02327,Calculo I
alumno_02328,Matematica Discreta
alumno_02328,Programacion Orientada a Objetos
alumno_02328,Calculo I
alumno_02328,Algebra Lineal
alumno_02328,Estructuras de Datos
alumno_02328,Calculo II
alumno_02328,Introduccion a la Programacion
alumno_02328,Algebra
alumno_02329,Introduccion a la Programacion
alumno_02329,Calculo I
alumno_02329,Programacion Orientada a Objetos
alumno_02330,Programacion Orientada a Objetos
alumno_02330,Estructuras de Datos
alumno_02330,Matematica Discreta
alumno_02330,Introduccion a la Programacion
alumno_02330,Algebra
alumno_02331,Matematica Discreta
alumno_02331,Programacion Orientada a Objetos
alumno_02331,Calculo I
alumno_02331,Algebra Lineal
alumno_02331,Estructuras de Datos
alumno_02331,Calculo II
alumno_02331,Introduccion a la Programacion
alumno_02331,Calculo III
alumno_02331,Algebra
alumno_02331,Bases de Datos I
alumno_02332,Programacion Orientada a Objetos
alumno_02332,Calculo I
alumno_02332,Algebra Lineal
alumno_02332,Fisica I
alumno_02332,Introduccion a la Programacion
alumno_02332,Algebra
alumno_02333,Programacion Orientada a Objetos
alumno_02333,Calculo I
alumno_02333,Fisica I
alumno_02333,Calculo II
alumno_02333,Calculo III
alumno_02334,Programacion Orientada a Objetos
alumno_02334,Probabilidad y Estadistica
alumno_02334,Calculo I
alumno_02334,Estructuras de Datos
alumno_02334,Calculo II
alumno_02334,Introduccion a la Programacion
alumno_02334,Calculo III
alumno_02334,Bases de Datos I
alumno_02335,Matematica Discreta
alumno_02335,Calculo I
alumno_02335,Algebra Lineal
alumno_02335,Calculo II
alumno_02335,Introduccion a la Programacion
alumno_02335,Calculo III
alumno_02335,Algebra
alumno_02336,Introduccion a la Programacion
alumno_02336,Fisica I
alumno_02336,Programacion Orientada a Objetos
alumno_02337,Introduccion a la Programacion
alumno_02337,Fisica I
alumno_02337,Matematica Discreta
alumno_02338,Programacion Orientada a Objetos
alumno_02338,Algebra Lineal
alumno_02338,Fisica I
alumno_02338,Matematica Discreta
alumno_02338,Introduccion a la Programacion
alumno_02338,Algebra
alumno_02339,Programacion Orientada a Objetos
alumno_02339,Probabilidad y Estadistica
alumno_02339,Calculo I
alumno_02339,Algebra Lineal
alumno_02339,Calculo II
alumno_02339,Introduccion a la Programacion
alumno_02339,Algebra
alumno_02340,Programacion Orientada a Objetos
alumno_02340,Calculo I
alumno_02340,Estructuras de Datos
alumno_02340,Fisica I
alumno_02340,Calculo II
alumno_02340,Introduccion a la Programacion
alumno_02340,Calculo III
alumno_02340,Bases de Datos I
alumno_02341,Programacion Orientada a Objetos
alumno_02341,Probabilidad y Estadistica
alumno_02341,Calculo I
alumno_02341,Algebra Lineal
alumno_02341,Estructuras de Datos
alumno_02341,Fisica I
alumno_02341,Calculo II
alumno_02341,Introduccion a la Programacion
alumno_02341,Algebra
alumno_02341,Bases de Datos I
alumno_02342,Matematica Discreta
alumno_02342,Programacion Orientada a Objetos
alumno_02342,Probabilidad y Estadistica
alumno_02342,Calculo I
alumno_02342,Estructuras de Datos
alumno_02342,Fisica I
alumno_02342,Calculo II
alumno_02342,Introduccion a la Programacion
alumno_02342,Bases de Datos I
alumno_02343,Algebra Lineal
alumno_02343,Estructuras de Datos
alumno_02343,Introduccion a la Programacion
alumno_02343,Algebra
alumno_02343,Bases de Datos I
alumno_02344,Matematica Discreta
alumno_02344,Programacion Orientada a Objetos
alumno_02344,Calculo I
alumno_02344,Estructuras de Datos
alumno_02344,Fisica I
alumno_02344,Calculo II
alumno_02344,Introduccion a la Programacion
alumno_02344,Calculo III
alumno_02344,Algebra
alumno_02344,Bases de Datos I
alumno_02345,Introduccion a la Programacion
alumno_02345,Fisica I
alumno_02345,Algebra
alumno_02345,Algebra Lineal
alumno_02346,Probabilidad y Estadistica
alumno_02346,Calculo I
alumno_02346,Algebra Lineal
alumno_02346,Calculo II
alumno_02346,Introduccion a la Programacion
alumno_02346,Algebra
alumno_02347,Programacion Orientada a Objetos
alumno_02347,Probabilidad y Estadistica
alumno_02347,Calculo I
alumno_02347,Calculo II
alumno_02347,Introduccion a la Programacion
alumno_02347,Calculo III
alumno_02348,Programacion Orientada a Objetos
alumno_02348,Probabilidad y Estadistica
alumno_02348,Calculo I
alumno_02348,Algebra Lineal
alumno_02348,Estructuras de Datos
alumno_02348,Fisica I
alumno_02348,Calculo II
alumno_02348,Introduccion a la Programacion
alumno_02348,Algebra
alumno_02349,Programacion Orientada a Objetos
alumno_02349,Probabilidad y Estadistica
alumno_02349,Calculo I
alumno_02349,Algebra Lineal
alumno_02349,Fisica I
alumno_02349,Calculo II
alumno_02349,Introduccion a la Programacion
alumno_02349,Calculo III
alumno_02349,Algebra
alumno_02350,Programacion Orientada a Objetos
alumno_02350,Probabilidad y Estadistica
alumno_02350,Calculo I
alumno_02350,Fisica I
alumno_02350,Calculo II
alumno_02350,Introduccion a la Programacion
alumno_02351,Programacion Orientada a Objetos
alumno_02351,Algebra Lineal
alumno_02351,Estructuras de Datos
alumno_02351,Introduccion a la Programacion
alumno_02351,Algebra
alumno_02351,Bases de Datos I
alumno_02352,Calculo II
alumno_02352,Calculo I
alumno_02352,Algebra Lineal
alumno_02352,Matematica Discreta
alumno_02352,Algebra
alumno_02352,Calculo III
alumno_02353,Algebra
alumno_02353,Fisica I
alumno_02353,Calculo I
alumno_02353,Matematica Discreta
alumno_02354,Programacion Orientada a Objetos
alumno_02354,Probabilidad y Estadistica
alumno_02354,Calculo I
alumno_02354,Algebra Lineal
alumno_02354,Estructuras de Datos
alumno_02354,Fisica I
alumno_02354,Calculo II
alumno_02354,Introduccion a la Programacion
alumno_02354,Algebra
alumno_02354,Bases de Datos I
alumno_02355,Programacion Orientada a Objetos
alumno_02355,Calculo I
alumno_02355,Estructuras de Datos
alumno_02355,Calculo II
alumno_02355,Introduccion a la Programacion
alumno_02355,Algebra
alumno_02355,Bases de Datos I
alumno_02356,Matematica Discreta
alumno_02356,Programacion Orientada a Objetos
alumno_02356,Calculo I
alumno_02356,Algebra Lineal
alumno_02356,Estructuras de Datos
alumno_02356,Fisica I
alumno_02356,Calculo II
alumno_02356,Introduccion a la Programacion
alumno_02356,Calculo III
alumno_02356,Algebra
alumno_02356,Bases de Datos I
alumno_02357,Programacion Orientada a Objetos
alumno_02357,Algebra Lineal
alumno_02357,Fisica I
alumno_02357,Introduccion a la Programacion
alumno_02357,Algebra
alumno_02358,Introduccion a la Programacion
alumno_02358,Fisica I
alumno_02358,Algebra
alumno_02358,Programacion Orientada a Objetos
alumno_02359,Programacion Orientada a Objetos
alumno_02359,Calculo I
alumno_02359,Algebra Lineal
alumno_02359,Fisica I
alumno_02359,Introduccion a la Programacion
alumno_02359,Algebra
alumno_02360,Introduccion a la Programacion
alumno_02360,Fisica I
alumno_02360,Algebra
alumno_02360,Programacion Orientada a Objetos
alumno_02361,Programacion Orientada a Objetos
alumno_02361,Probabilidad y Estadistica
alumno_02361,Algebra Lineal
alumno_02361,Estructuras de Datos
alumno_02361,Fisica I
alumno_02361,Matematica Discreta
alumno_02361,Introduccion a la Programacion
alumno_02361,Algebra
alumno_02361,Bases de Datos I
alumno_02362,Introduccion a la Programacion
alumno_02362,Calculo I
alumno_02362,Estructuras de Datos
alumno_02362,Programacion Orientada a Objetos
alumno_02363,Programacion Orientada a Objetos
alumno_02363,Calculo I
alumno_02363,Estructuras de Datos
alumno_02363,Fisica I
alumno_02363,Introduccion a la Programacion
alumno_02363,Algebra
alumno_02363,Bases de Datos I
alumno_02364,Programacion Orientada a Objetos
alumno_02364,Probabilidad y Estadistica
alumno_02364,Algebra Lineal
alumno_02364,Estructuras de Datos
alumno_02364,Matematica Discreta
alumno_02364,Introduccion a la Programacion
alumno_02364,Algebra
alumno_02364,Bases de Datos I
alumno_02365,Programacion Orientada a Objetos
alumno_02365,Probabilidad y Estadistica
alumno_02365,Algebra Lineal
alumno_02365,Estructuras de Datos
alumno_02365,Introduccion a la Programacion
alumno_02365,Algebra
alumno_02365,Bases de Datos I
alumno_02366,Programacion Orientada a Objetos
alumno_02366,Probabilidad y Estadistica
alumno_02366,Calculo I
alumno_02366,Algebra Lineal
alumno_02366,Estructuras de Datos
alumno_02366,Fisica I
alumno_02366,Calculo II
alumno_02366,Introduccion a la Programacion
alumno_02366,Calculo III
alumno_02366,Algebra
alumno_02366,Bases de Datos I
alumno_02367,Programacion Orientada a Objetos
alumno_02367,Calculo I
alumno_02367,Algebra Lineal
alumno_02367,Estructuras de Datos
alumno_02367,Fisica I
alumno_02367,Matematica Discreta
alumno_02367,Introduccion a la Programacion
alumno_02367,Algebra
alumno_02368,Introduccion a la Programacion
alumno_02368,Programacion Orientada a Objetos
alumno_02369,Programacion Orientada a Objetos
alumno_02369,Estructuras de Datos
alumno_02369,Fisica I
alumno_02369,Introduccion a la Programacion
alumno_02369,Algebra
alumno_02369,Bases de Datos I
alumno_02370,Matematica Discreta
alumno_02370,Programacion Orientada a Objetos
alumno_02370,Calculo I
alumno_02370,Algebra Lineal
alumno_02370,Estructuras de Datos
alumno_02370,Calculo II
alumno_02370,Introduccion a la Programacion
alumno_02370,Algebra
alumno_02370,Bases de Datos I
alumno_02371,Programacion Orientada a Objetos
alumno_02371,Calculo I
alumno_02371,Algebra Lineal
alumno_02371,Fisica I
alumno_02371,Calculo II
alumno_02371,Introduccion a la Programacion
alumno_02371,Calculo III
alumno_02371,Algebra
alumno_02372,Programacion Orientada a Objetos
alumno_02372,Calculo I
alumno_02372,Estructuras de Datos
alumno_02372,Matematica Discreta
alumno_02372,Introduccion a la Programacion
alumno_02372,Bases de Datos I
alumno_02373,Programacion Orientada a Objetos
alumno_02373,Probabilidad y Estadistica
alumno_02373,Calculo I
alumno_02373,Calculo II
alumno_02373,Introduccion a la Programacion
alumno_02373,Algebra
alumno_02374,Calculo II
alumno_02374,Probabilidad y Estadistica
alumno_02374,Algebra Lineal
alumno_02374,Matematica Discreta
alumno_02374,Algebra
alumno_02374,Calculo III
alumno_02375,Matematica Discreta
alumno_02375,Programacion Orientada a Objetos
alumno_02375,Probabilidad y Estadistica
alumno_02375,Calculo I
alumno_02375,Estructuras de Datos
alumno_02375,Calculo II
alumno_02375,Introduccion a la Programacion
alumno_02375,Calculo III
alumno_02375,Algebra
alumno_02375,Bases de Datos I
alumno_02376,Programacion Orientada a Objetos
alumno_02376,Probabilidad y Estadistica
alumno_02376,Calculo I
alumno_02376,Algebra Lineal
alumno_02376,Estructuras de Datos
alumno_02376,Calculo II
alumno_02376,Introduccion a la Programacion
alumno_02376,Calculo III
alumno_02376,Algebra
alumno_02377,Programacion Orientada a Objetos
alumno_02377,Probabilidad y Estadistica
alumno_02377,Calculo I
alumno_02377,Algebra Lineal
alumno_02377,Estructuras de Datos
alumno_02377,Introduccion a la Programacion
alumno_02377,Algebra
alumno_02377,Bases de Datos I
alumno_02378,Programacion Orientada a Objetos
alumno_02378,Calculo I
alumno_02378,Algebra Lineal
alumno_02378,Fisica I
alumno_02378,Introduccion a la Programacion
alumno_02378,Algebra
alumno_02379,Programacion Orientada a Objetos
alumno_02379,Probabilidad y Estadistica
alumno_02379,Calculo I
alumno_02379,Estructuras de Datos
alumno_02379,Calculo II
alumno_02379,Introduccion a la Programacion
alumno_02379,Calculo III
alumno_02379,Bases de Datos I
alumno_02380,Matematica Discreta
alumno_02380,Programacion Orientada a Objetos
alumno_02380,Probabilidad y Estadistica
alumno_02380,Calculo I
alumno_02380,Algebra Lineal
alumno_02380,Estructuras de Datos
alumno_02380,Fisica I
alumno_02380,Calculo II
alumno_02380,Introduccion a la Programacion
alumno_02380,Algebra
alumno_02380,Bases de Datos I
alumno_02381,Programacion Orientada a Objetos
alumno_02381,Calculo I
alumno_02381,Algebra Lineal
alumno_02381,Estructuras de Datos
alumno_02381,Fisica I
alumno_02381,Calculo II
alumno_02381,Introduccion a la Programacion
alumno_02381,Calculo III
alumno_02381,Algebra
alumno_02381,Bases de Datos I
alumno_02382,Programacion Orientada a Objetos
alumno_02382,Calculo I
alumno_02382,Estructuras de Datos
alumno_02382,Fisica I
alumno_02382,Calculo II
alumno_02382,Introduccion a la Programacion
alumno_02382,Bases de Datos I
alumno_02383,Programacion Orientada a Objetos
alumno_02383,Probabilidad y Estadistica
alumno_02383,Calculo I
alumno_02383,Algebra Lineal
alumno_02383,Estructuras de Datos
alumno_02383,Fisica I
alumno_02383,Calculo II
alumno_02383,Introduccion a la Programacion
alumno_02383,Calculo III
alumno_02383,Algebra
alumno_02383,Bases de Datos I
alumno_02384,Algebra Lineal
alumno_02384,Fisica I
alumno_02384,Matematica Discreta
alumno_02384,Introduccion a la Programacion
alumno_02384,Algebra
alumno_02385,Algebra
alumno_02385,Calculo I
alumno_02385,Calculo III
alumno_02385,Calculo II
alumno_02386,Matematica Discreta
alumno_02386,Calculo I
alumno_02386,Algebra Lineal
alumno_02386,Calculo II
alumno_02386,Introduccion a la Programacion
alumno_02386,Calculo III
alumno_02386,Algebra
alumno_02387,Programacion Orientada a Objetos
alumno_02387,Calculo I
alumno_02387,Algebra Lineal
alumno_02387,Estructuras de Datos
alumno_02387,Fisica I
alumno_02387,Introduccion a la Programacion
alumno_02387,Algebra
alumno_02388,Programacion Orientada a Objetos
alumno_02388,Probabilidad y Estadistica
alumno_02388,Calculo I
alumno_02388,Algebra Lineal
alumno_02388,Estructuras de Datos
alumno_02388,Fisica I
alumno_02388,Calculo II
alumno_02388,Introduccion a la Programacion
alumno_02388,Calculo III
alumno_02388,Algebra
alumno_02388,Bases de Datos I
alumno_02389,Algebra
alumno_02389,Fisica I
alumno_02389,Algebra Lineal
alumno_02390,Programacion Orientada a Objetos
alumno_02390,Calculo I
alumno_02390,Estructuras de Datos
alumno_02390,Fisica I
alumno_02390,Introduccion a la Programacion
alumno_02390,Bases de Datos I
alumno_02391,Matematica Discreta
alumno_02391,Calculo I
alumno_02391,Algebra Lineal
alumno_02391,Calculo II
alumno_02391,Introduccion a la Programacion
alumno_02391,Calculo III
alumno_02391,Algebra
alumno_02392,Matematica Discreta
alumno_02392,Programacion Orientada a Objetos
alumno_02392,Calculo I
alumno_02392,Algebra Lineal
alumno_02392,Estructuras de Datos
alumno_02392,Fisica I
alumno_02392,Calculo II
alumno_02392,Introduccion a la Programacion
alumno_02392,Calculo III
alumno_02392,Algebra
alumno_02393,Probabilidad y Estadistica
alumno_02393,Calculo I
alumno_02393,Calculo II
alumno_02393,Introduccion a la Programacion
alumno_02393,Calculo III
alumno_02394,Matematica Discreta
alumno_02394,Programacion Orientada a Objetos
alumno_02394,Probabilidad y Estadistica
alumno_02394,Calculo I
alumno_02394,Estructuras de Datos
alumno_02394,Fisica I
alumno_02394,Calculo II
alumno_02394,Introduccion a la Programacion
alumno_02394,Calculo III
alumno_02394,Algebra
alumno_02394,Bases de Datos I
alumno_02395,Matematica Discreta
alumno_02395,Programacion Orientada a Objetos
alumno_02395,Probabilidad y Estadistica
alumno_02395,Calculo I
alumno_02395,Algebra Lineal
alumno_02395,Calculo II
alumno_02395,Introduccion a la Programacion
alumno_02395,Calculo III
alumno_02395,Algebra
alumno_02396,Matematica Discreta
alumno_02396,Programacion Orientada a Objetos
alumno_02396,Probabilidad y Estadistica
alumno_02396,Calculo I
alumno_02396,Algebra Lineal
alumno_02396,Estructuras de Datos
alumno_02396,Calculo II
alumno_02396,Introduccion a la Programacion
alumno_02396,Calculo III
alumno_02396,Algebra
alumno_02396,Bases de Datos I
alumno_02397,Programacion Orientada a Objetos
alumno_02397,Calculo I
alumno_02397,Algebra Lineal
alumno_02397,Estructuras de Datos
alumno_02397,Calculo II
alumno_02397,Introduccion a la Programacion
alumno_02397,Algebra
alumno_02398,Programacion Orientada a Objetos
alumno_02398,Probabilidad y Estadistica
alumno_02398,Calculo I
alumno_02398,Algebra Lineal
alumno_02398,Estructuras de Datos
alumno_02398,Fisica I
alumno_02398,Matematica Discreta
alumno_02398,Introduccion a la Programacion
alumno_02398,Algebra
alumno_02398,Bases de Datos I
alumno_02399,Programacion Orientada a Objetos
alumno_02399,Calculo I
alumno_02399,Estructuras de Datos
alumno_02399,Fisica I
alumno_02399,Matematica Discreta
alumno_02399,Introduccion a la Programacion
alumno_02399,Algebra
alumno_02400,Matematica Discreta
alumno_02400,Probabilidad y Estadistica
alumno_02400,Calculo I
alumno_02400,Algebra Lineal
alumno_02400,Fisica I
alumno_02400,Calculo II
alumno_02400,Algebra
alumno_02400,Bases de Datos I
alumno_02401,Programacion Orientada a Objetos
alumno_02401,Calculo I
alumno_02401,Estructuras de Datos
alumno_02401,Introduccion a la Programacion
alumno_02401,Bases de Datos I
alumno_02402,Probabilidad y Estadistica
alumno_02402,Calculo I
alumno_02402,Algebra Lineal
alumno_02402,Fisica I
alumno_02402,Calculo II
alumno_02402,Introduccion a la Programacion
alumno_02402,Calculo III
alumno_02402,Algebra
alumno_02403,Programacion Orientada a Objetos
alumno_02403,Calculo I
alumno_02403,Algebra Lineal
alumno_02403,Estructuras de Datos
alumno_02403,Introduccion a la Programacion
alumno_02403,Algebra
alumno_02403,Bases de Datos I
alumno_02404,Matematica Discreta
alumno_02404,Programacion Orientada a Objetos
alumno_02404,Probabilidad y Estadistica
alumno_02404,Calculo I
alumno_02404,Algebra Lineal
alumno_02404,Estructuras de Datos
alumno_02404,Fisica I
alumno_02404,Calculo II
alumno_02404,Introduccion a la Programacion
alumno_02404,Calculo III
alumno_02404,Algebra
alumno_02405,Calculo I
alumno_02405,Algebra Lineal
alumno_02405,Calculo II
alumno_02405,Introduccion a la Programacion
alumno_02405,Calculo III
alumno_02405,Algebra
alumno_02406,Programacion Orientada a Objetos
alumno_02406,Calculo I
alumno_02406,Algebra Lineal
alumno_02406,Fisica I
alumno_02406,Matematica Discreta
alumno_02406,Introduccion a la Programacion
alumno_02406,Algebra
alumno_02407,Introduccion a la Programacion
alumno_02407,Fisica I
alumno_02407,Calculo I
alumno_02408,Calculo II
alumno_02408,Probabilidad y Estadistica
alumno_02408,Calculo I
alumno_02408,Algebra Lineal
alumno_02408,Matematica Discreta
alumno_02408,Algebra
alumno_02408,Calculo III
alumno_02409,Programacion Orientada a Objetos
alumno_02409,Calculo I
alumno_02409,Algebra Lineal
alumno_02409,Estructuras de Datos
alumno_02409,Fisica I
alumno_02409,Introduccion a la Programacion
alumno_02409,Algebra
alumno_02410,Programacion Orientada a Objetos
alumno_02410,Algebra Lineal
alumno_02410,Estructuras de Datos
alumno_02410,Fisica I
alumno_02410,Introduccion a la Programacion
alumno_02410,Calculo III
alumno_02410,Algebra
alumno_02411,Programacion Orientada a Objetos
alumno_02411,Calculo I
alumno_02411,Estructuras de Datos
alumno_02411,Fisica I
alumno_02411,Calculo II
alumno_02411,Introduccion a la Programacion
alumno_02411,Calculo III
alumno_02411,Bases de Datos I
alumno_02412,Matematica Discreta
alumno_02412,Programacion Orientada a Objetos
alumno_02412,Probabilidad y Estadistica
alumno_02412,Calculo I
alumno_02412,Algebra Lineal
alumno_02412,Estructuras de Datos
alumno_02412,Fisica I
alumno_02412,Calculo II
alumno_02412,Introduccion a la Programacion
alumno_02412,Algebra
alumno_02412,Bases de Datos I
alumno_02413,Matematica Discreta
alumno_02413,Programacion Orientada a Objetos
alumno_02413,Calculo I
alumno_02413,Algebra Lineal
alumno_02413,Fisica I
alumno_02413,Calculo II
alumno_02413,Introduccion a la Programacion
alumno_02413,Calculo III
alumno_02413,Algebra
alumno_02414,Probabilidad y Estadistica
alumno_02414,Calculo I
alumno_02414,Algebra Lineal
alumno_02414,Fisica I
alumno_02414,Calculo II
alumno_02414,Introduccion a la Programacion
alumno_02414,Algebra
alumno_02415,Calculo I
alumno_02415,Algebra Lineal
alumno_02415,Fisica I
alumno_02415,Introduccion a la Programacion
alumno_02415,Algebra
alumno_02416,Programacion Orientada a Objetos
alumno_02416,Calculo I
alumno_02416,Algebra Lineal
alumno_02416,Estructuras de Datos
alumno_02416,Introduccion a la Programacion
alumno_02416,Algebra
alumno_02416,Bases de Datos I
alumno_02417,Programacion Orientada a Objetos
alumno_02417,Probabilidad y Estadistica
alumno_02417,Calculo I
alumno_02417,Fisica I
alumno_02417,Calculo II
alumno_02417,Introduccion a la Programacion
alumno_02417,Calculo III
alumno_02418,Matematica Discreta
alumno_02418,Programacion Orientada a Objetos
alumno_02418,Calculo I
alumno_02418,Algebra Lineal
alumno_02418,Estructuras de Datos
alumno_02418,Fisica I
alumno_02418,Calculo II
alumno_02418,Introduccion a la Programacion
alumno_02418,Algebra
alumno_02418,Bases de Datos I
alumno_02419,Programacion Orientada a Objetos
alumno_02419,Probabilidad y Estadistica
alumno_02419,Calculo I
alumno_02419,Algebra Lineal
alumno_02419,Estructuras de Datos
alumno_02419,Calculo II
alumno_02419,Introduccion a la Programacion
alumno_02419,Algebra
alumno_02420,Matematica Discreta
alumno_02420,Programacion Orientada a Objetos
alumno_02420,Calculo I
alumno_02420,Algebra Lineal
alumno_02420,Estructuras de Datos
alumno_02420,Calculo II
alumno_02420,Introduccion a la Programacion
alumno_02420,Calculo III
alumno_02420,Algebra
alumno_02420,Bases de Datos I
alumno_02421,Programacion Orientada a Objetos
alumno_02421,Calculo I
alumno_02421,Algebra Lineal
alumno_02421,Estructuras de Datos
alumno_02421,Calculo II
alumno_02421,Introduccion a la Programacion
alumno_02421,Algebra
alumno_02421,Bases de Datos I
alumno_02422,Programacion Orientada a Objetos
alumno_02422,Calculo I
alumno_02422,Algebra Lineal
alumno_02422,Calculo II
alumno_02422,Introduccion a la Programacion
alumno_02422,Calculo III
alumno_02422,Algebra
alumno_02423,Programacion Orientada a Objetos
alumno_02423,Calculo I
alumno_02423,Estructuras de Datos
alumno_02423,Fisica I
alumno_02423,Introduccion a la Programacion
alumno_02423,Bases de Datos I
alumno_02424,Matematica Discreta
alumno_02424,Programacion Orientada a Objetos
alumno_02424,Probabilidad y Estadistica
alumno_02424,Calculo I
alumno_02424,Algebra Lineal
alumno_02424,Estructuras de Datos
alumno_02424,Calculo II
alumno_02424,Introduccion a la Programacion
alumno_02424,Calculo III
alumno_02424,Algebra
alumno_02424,Bases de Datos I
alumno_02425,Programacion Orientada a Objetos
alumno_02425,Algebra Lineal
alumno_02425,Matematica Discreta
alumno_02425,Introduccion a la Programacion
alumno_02425,Algebra
alumno_02426,Programacion Orientada a Objetos
alumno_02426,Calculo I
alumno_02426,Estructuras de Datos
alumno_02426,Fisica I
alumno_02426,Calculo II
alumno_02426,Introduccion a la Programacion
alumno_02426,Algebra
alumno_02426,Bases de Datos I
alumno_02427,Introduccion a la Programacion
alumno_02427,Algebra
alumno_02427,Programacion Orientada a Objetos
alumno_02428,Matematica Discreta
alumno_02428,Probabilidad y Estadistica
alumno_02428,Calculo I
alumno_02428,Algebra Lineal
alumno_02428,Fisica I
alumno_02428,Calculo II
alumno_02428,Introduccion a la Programacion
alumno_02428,Calculo III
alumno_02428,Algebra
alumno_02429,Programacion Orientada a Objetos
alumno_02429,Algebra Lineal
alumno_02429,Matematica Discreta
alumno_02429,Introduccion a la Programacion
alumno_02429,Algebra
alumno_02430,Programacion Orientada a Objetos
alumno_02430,Calculo I
alumno_02430,Estructuras de Datos
alumno_02430,Calculo II
alumno_02430,Introduccion a la Programacion
alumno_02430,Calculo III
alumno_02431,Programacion Orientada a Objetos
alumno_02431,Estructuras de Datos
alumno_02431,Fisica I
alumno_02431,Matematica Discreta
alumno_02431,Introduccion a la Programacion
alumno_02431,Algebra
alumno_02431,Bases de Datos I
alumno_02432,Programacion Orientada a Objetos
alumno_02432,Calculo I
alumno_02432,Fisica I
alumno_02432,Calculo II
alumno_02432,Introduccion a la Programacion
alumno_02432,Algebra
alumno_02433,Programacion Orientada a Objetos
alumno_02433,Probabilidad y Estadistica
alumno_02433,Calculo I
alumno_02433,Algebra Lineal
alumno_02433,Fisica I
alumno_02433,Calculo II
alumno_02433,Introduccion a la Programacion
alumno_02433,Calculo III
alumno_02433,Algebra
alumno_02434,Matematica Discreta
alumno_02434,Probabilidad y Estadistica
alumno_02434,Calculo I
alumno_02434,Algebra Lineal
alumno_02434,Fisica I
alumno_02434,Calculo II
alumno_02434,Introduccion a la Programacion
alumno_02434,Algebra
alumno_02435,Matematica Discreta
alumno_02435,Programacion Orientada a Objetos
alumno_02435,Calculo I
alumno_02435,Algebra Lineal
alumno_02435,Estructuras de Datos
alumno_02435,Fisica I
alumno_02435,Calculo II
alumno_02435,Introduccion a la Programacion
alumno_02435,Calculo III
alumno_02435,Algebra
alumno_02435,Bases de Datos I
alumno_02436,Matematica Discreta
alumno_02436,Programacion Orientada a Objetos
alumno_02436,Probabilidad y Estadistica
alumno_02436,Calculo I
alumno_02436,Algebra Lineal
alumno_02436,Estructuras de Datos
alumno_02436,Fisica I
alumno_02436,Calculo II
alumno_02436,Introduccion a la Programacion
alumno_02436,Algebra
alumno_02436,Bases de Datos I
alumno_02437,Programacion Orientada a Objetos
alumno_02437,Algebra Lineal
alumno_02437,Fisica I
alumno_02437,Introduccion a la Programacion
alumno_02437,Algebra
alumno_02438,Programacion Orientada a Objetos
alumno_02438,Probabilidad y Estadistica
alumno_02438,Calculo I
alumno_02438,Estructuras de Datos
alumno_02438,Fisica I
alumno_02438,Calculo II
alumno_02438,Introduccion a la Programacion
alumno_02439,Programacion Orientada a Objetos
alumno_02439,Calculo I
alumno_02439,Fisica I
alumno_02439,Calculo II
alumno_02439,Introduccion a la Programacion
alumno_02440,Matematica Discreta
alumno_02440,Programacion Orientada a Objetos
alumno_02440,Probabilidad y Estadistica
alumno_02440,Calculo I
alumno_02440,Algebra Lineal
alumno_02440,Fisica I
alumno_02440,Calculo II
alumno_02440,Introduccion a la Programacion
alumno_02440,Calculo III
alumno_02440,Algebra
alumno_02441,Introduccion a la Programacion
alumno_02441,Fisica I
alumno_02441,Calculo I
alumno_02441,Algebra
alumno_02442,Programacion Orientada a Objetos
alumno_02442,Calculo I
alumno_02442,Algebra Lineal
alumno_02442,Calculo II
alumno_02442,Introduccion a la Programacion
alumno_02442,Calculo III
alumno_02442,Algebra
alumno_02443,Programacion Orientada a Objetos
alumno_02443,Probabilidad y Estadistica
alumno_02443,Calculo I
alumno_02443,Estructuras de Datos
alumno_02443,Calculo II
alumno_02443,Introduccion a la Programacion
alumno_02443,Calculo III
alumno_02444,Programacion Orientada a Objetos
alumno_02444,Calculo I
alumno_02444,Algebra Lineal
alumno_02444,Estructuras de Datos
alumno_02444,Matematica Discreta
alumno_02444,Introduccion a la Programacion
alumno_02444,Algebra
alumno_02444,Bases de Datos I
alumno_02445,Probabilidad y Estadistica
alumno_02445,Calculo I
alumno_02445,Estructuras de Datos
alumno_02445,Fisica I
alumno_02445,Matematica Discreta
alumno_02445,Algebra
alumno_02445,Bases de Datos I
alumno_02446,Matematica Discreta
alumno_02446,Programacion Orientada a Objetos
alumno_02446,Probabilidad y Estadistica
alumno_02446,Calculo I
alumno_02446,Algebra Lineal
alumno_02446,Fisica I
alumno_02446,Calculo II
alumno_02446,Introduccion a la Programacion
alumno_02446,Calculo III
alumno_02446,Algebra
alumno_02447,Probabilidad y Estadistica
alumno_02447,Calculo I
alumno_02447,Matematica Discreta
alumno_02447,Calculo II
alumno_02448,Programacion Orientada a Objetos
alumno_02448,Calculo I
alumno_02448,Algebra Lineal
alumno_02448,Calculo II
alumno_02448,Introduccion a la Programacion
alumno_02448,Calculo III
alumno_02448,Algebra
alumno_02448,Bases de Datos I
alumno_02449,Programacion Orientada a Objetos
alumno_02449,Algebra Lineal
alumno_02449,Matematica Discreta
alumno_02449,Introduccion a la Programacion
alumno_02449,Algebra
alumno_02450,Programacion Orientada a Objetos
alumno_02450,Calculo I
alumno_02450,Algebra Lineal
alumno_02450,Estructuras de Datos
alumno_02450,Calculo II
alumno_02450,Introduccion a la Programacion
alumno_02450,Algebra
alumno_02450,Bases de Datos I
alumno_02451,Matematica Discreta
alumno_02451,Programacion Orientada a Objetos
alumno_02451,Calculo I
alumno_02451,Algebra Lineal
alumno_02451,Estructuras de Datos
alumno_02451,Fisica I
alumno_02451,Calculo II
alumno_02451,Introduccion a la Programacion
alumno_02451,Calculo III
alumno_02451,Algebra
alumno_02451,Bases de Datos I
alumno_02452,Programacion Orientada a Objetos
alumno_02452,Calculo I
alumno_02452,Estructuras de Datos
alumno_02452,Introduccion a la Programacion
alumno_02452,Algebra
alumno_02452,Bases de Datos I
alumno_02453,Programacion Orientada a Objetos
alumno_02453,Calculo I
alumno_02453,Algebra Lineal
alumno_02453,Estructuras de Datos
alumno_02453,Fisica I
alumno_02453,Calculo II
alumno_02453,Introduccion a la Programacion
alumno_02453,Calculo III
alumno_02453,Algebra
alumno_02453,Bases de Datos I
alumno_02454,Programacion Orientada a Objetos
alumno_02454,Probabilidad y Estadistica
alumno_02454,Calculo I
alumno_02454,Estructuras de Datos
alumno_02454,Calculo II
alumno_02454,Introduccion a la Programacion
alumno_02454,Calculo III
alumno_02454,Algebra
alumno_02455,Matematica Discreta
alumno_02455,Programacion Orientada a Objetos
alumno_02455,Probabilidad y Estadistica
alumno_02455,Calculo I
alumno_02455,Algebra Lineal
alumno_02455,Estructuras de Datos
alumno_02455,Fisica I
alumno_02455,Calculo II
alumno_02455,Introduccion a la Programacion
alumno_02455,Calculo III
alumno_02455,Algebra
alumno_02456,Matematica Discreta
alumno_02456,Programacion Orientada a Objetos
alumno_02456,Probabilidad y Estadistica
alumno_02456,Calculo I
alumno_02456,Estructuras de Datos
alumno_02456,Calculo II
alumno_02456,Introduccion a la Programacion
alumno_02456,Calculo III
alumno_02456,Algebra
alumno_02456,Bases de Datos I
alumno_02457,Programacion Orientada a Objetos
alumno_02457,Calculo I
alumno_02457,Algebra Lineal
alumno_02457,Estructuras de Datos
alumno_02457,Introduccion a la Programacion
alumno_02457,Algebra
alumno_02457,Bases de Datos I
alumno_02458,Matematica Discreta
alumno_02458,Programacion Orientada a Objetos
alumno_02458,Probabilidad y Estadistica
alumno_02458,Calculo I
alumno_02458,Algebra Lineal
alumno_02458,Estructuras de Datos
alumno_02458,Fisica I
alumno_02458,Calculo II
alumno_02458,Introduccion a la Programacion
alumno_02458,Calculo III
alumno_02458,Algebra
alumno_02459,Programacion Orientada a Objetos
alumno_02459,Probabilidad y Estadistica
alumno_02459,Calculo I
alumno_02459,Calculo II
alumno_02459,Introduccion a la Programacion
alumno_02460,Matematica Discreta
alumno_02460,Programacion Orientada a Objetos
alumno_02460,Probabilidad y Estadistica
alumno_02460,Calculo I
alumno_02460,Algebra Lineal
alumno_02460,Estructuras de Datos
alumno_02460,Fisica I
alumno_02460,Calculo II
alumno_02460,Introduccion a la Programacion
alumno_02460,Algebra
alumno_02460,Bases de Datos I
alumno_02461,Programacion Orientada a Objetos
alumno_02461,Estructuras de Datos
alumno_02461,Fisica I
alumno_02461,Matematica Discreta
alumno_02461,Introduccion a la Programacion
alumno_02461,Calculo III
alumno_02461,Bases de Datos I
alumno_02462,Programacion Orientada a Objetos
alumno_02462,Calculo I
alumno_02462,Algebra Lineal
alumno_02462,Estructuras de Datos
alumno_02462,Fisica I
alumno_02462,Calculo II
alumno_02462,Introduccion a la Programacion
alumno_02462,Calculo III
alumno_02462,Algebra
alumno_02463,Matematica Discreta
alumno_02463,Programacion Orientada a Objetos
alumno_02463,Probabilidad y Estadistica
alumno_02463,Calculo I
alumno_02463,Algebra Lineal
alumno_02463,Estructuras de Datos
alumno_02463,Fisica I
alumno_02463,Calculo II
alumno_02463,Introduccion a la Programacion
alumno_02463,Calculo III
alumno_02463,Algebra
alumno_02463,Bases de Datos I
alumno_02464,Algebra Lineal
alumno_02464,Fisica I
alumno_02464,Matematica Discreta
alumno_02464,Introduccion a la Programacion
alumno_02464,Algebra
alumno_02465,Programacion Orientada a Objetos
alumno_02465,Calculo I
alumno_02465,Algebra Lineal
alumno_02465,Estructuras de Datos
alumno_02465,Calculo II
alumno_02465,Introduccion a la Programacion
alumno_02465,Algebra
alumno_02465,Bases de Datos I
alumno_02466,Programacion Orientada a Objetos
alumno_02466,Calculo I
alumno_02466,Algebra Lineal
alumno_02466,Estructuras de Datos
alumno_02466,Introduccion a la Programacion
alumno_02466,Algebra
alumno_02467,Calculo II
alumno_02467,Probabilidad y Estadistica
alumno_02467,Calculo I
alumno_02467,Algebra Lineal
alumno_02467,Matematica Discreta
alumno_02467,Algebra
alumno_02468,Programacion Orientada a Objetos
alumno_02468,Probabilidad y Estadistica
alumno_02468,Calculo I
alumno_02468,Algebra Lineal
alumno_02468,Matematica Discreta
alumno_02468,Introduccion a la Programacion
alumno_02468,Algebra
alumno_02468,Bases de Datos I
alumno_02469,Introduccion a la Programacion
alumno_02469,Fisica I
alumno_02469,Algebra Lineal
alumno_02470,Introduccion a la Programacion
alumno_02470,Fisica I
alumno_02470,Calculo I
alumno_02470,Algebra
alumno_02471,Matematica Discreta
alumno_02471,Programacion Orientada a Objetos
alumno_02471,Probabilidad y Estadistica
alumno_02471,Calculo I
alumno_02471,Algebra Lineal
alumno_02471,Estructuras de Datos
alumno_02471,Calculo II
alumno_02471,Introduccion a la Programacion
alumno_02471,Calculo III
alumno_02471,Algebra
alumno_02472,Matematica Discreta
alumno_02472,Programacion Orientada a Objetos
alumno_02472,Probabilidad y Estadistica
alumno_02472,Calculo I
alumno_02472,Algebra Lineal
alumno_02472,Estructuras de Datos
alumno_02472,Calculo II
alumno_02472,Introduccion a la Programacion
alumno_02472,Calculo III
alumno_02472,Algebra
alumno_02472,Bases de Datos I
alumno_02473,Introduccion a la Programacion
alumno_02473,Estructuras de Datos
alumno_02473,Programacion Orientada a Objetos
alumno_02474,Fisica I
alumno_02474,Calculo I
alumno_02474,Probabilidad y Estadistica
alumno_02474,Calculo II
alumno_02475,Calculo I
alumno_02475,Matematica Discreta
alumno_02475,Introduccion a la Programacion
alumno_02475,Calculo III
alumno_02475,Algebra
alumno_02476,Programacion Orientada a Objetos
alumno_02476,Calculo I
alumno_02476,Estructuras de Datos
alumno_02476,Fisica I
alumno_02476,Calculo II
alumno_02476,Introduccion a la Programacion
alumno_02476,Calculo III
alumno_02476,Bases de Datos I
alumno_02477,Programacion Orientada a Objetos
alumno_02477,Calculo I
alumno_02477,Estructuras de Datos
alumno_02477,Calculo II
alumno_02477,Introduccion a la Programacion
alumno_02477,Calculo III
alumno_02478,Probabilidad y Estadistica
alumno_02478,Calculo I
alumno_02478,Algebra Lineal
alumno_02478,Fisica I
alumno_02478,Calculo II
alumno_02478,Introduccion a la Programacion
alumno_02478,Calculo III
alumno_02478,Algebra
alumno_02478,Bases de Datos I
alumno_02479,Programacion Orientada a Objetos
alumno_02479,Calculo I
alumno_02479,Algebra Lineal
alumno_02479,Fisica I
alumno_02479,Introduccion a la Programacion
alumno_02479,Algebra
alumno_02480,Programacion Orientada a Objetos
alumno_02480,Probabilidad y Estadistica
alumno_02480,Calculo I
alumno_02480,Fisica I
alumno_02480,Calculo II
alumno_02480,Introduccion a la Programacion
alumno_02481,Programacion Orientada a Objetos
alumno_02481,Calculo I
alumno_02481,Algebra Lineal
alumno_02481,Estructuras de Datos
alumno_02481,Matematica Discreta
alumno_02481,Introduccion a la Programacion
alumno_02481,Algebra
alumno_02482,Matematica Discreta
alumno_02482,Programacion Orientada a Objetos
alumno_02482,Probabilidad y Estadistica
alumno_02482,Calculo I
alumno_02482,Algebra Lineal
alumno_02482,Estructuras de Datos
alumno_02482,Fisica I
alumno_02482,Calculo II
alumno_02482,Introduccion a la Programacion
alumno_02482,Calculo III
alumno_02482,Algebra
alumno_02483,Programacion Orientada a Objetos
alumno_02483,Calculo I
alumno_02483,Estructuras de Datos
alumno_02483,Fisica I
alumno_02483,Introduccion a la Programacion
alumno_02484,Programacion Orientada a Objetos
alumno_02484,Probabilidad y Estadistica
alumno_02484,Calculo I
alumno_02484,Algebra Lineal
alumno_02484,Estructuras de Datos
alumno_02484,Fisica I
alumno_02484,Calculo II
alumno_02484,Introduccion a la Programacion
alumno_02484,Calculo III
alumno_02484,Algebra
alumno_02484,Bases de Datos I
alumno_02485,Algebra
alumno_02485,Calculo I
alumno_02485,Algebra Lineal
alumno_02486,Algebra
alumno_02486,Fisica I
alumno_02487,Programacion Orientada a Objetos
alumno_02487,Estructuras de Datos
alumno_02487,Fisica I
alumno_02487,Matematica Discreta
alumno_02487,Introduccion a la Programacion
alumno_02487,Bases de Datos I
alumno_02488,Programacion Orientada a Objetos
alumno_02488,Probabilidad y Estadistica
alumno_02488,Calculo I
alumno_02488,Calculo II
alumno_02488,Introduccion a la Programacion
alumno_02488,Calculo III
alumno_02488,Algebra
alumno_02489,Programacion Orientada a Objetos
alumno_02489,Calculo I
alumno_02489,Algebra Lineal
alumno_02489,Estructuras de Datos
alumno_02489,Calculo II
alumno_02489,Introduccion a la Programacion
alumno_02489,Calculo III
alumno_02489,Algebra
alumno_02490,Programacion Orientada a Objetos
alumno_02490,Calculo I
alumno_02490,Estructuras de Datos
alumno_02490,Fisica I
alumno_02490,Introduccion a la Programacion
alumno_02490,Bases de Datos I
alumno_02491,Programacion Orientada a Objetos
alumno_02491,Calculo I
alumno_02491,Estructuras de Datos
alumno_02491,Fisica I
alumno_02491,Matematica Discreta
alumno_02491,Introduccion a la Programacion
alumno_02491,Bases de Datos I
alumno_02492,Matematica Discreta
alumno_02492,Calculo I
alumno_02492,Algebra Lineal
alumno_02492,Fisica I
alumno_02492,Calculo II
alumno_02492,Introduccion a la Programacion
alumno_02492,Algebra
alumno_02493,Programacion Orientada a Objetos
alumno_02493,Probabilidad y Estadistica
alumno_02493,Calculo I
alumno_02493,Algebra Lineal
alumno_02493,Fisica I
alumno_02493,Calculo II
alumno_02493,Introduccion a la Programacion
alumno_02493,Algebra
alumno_02494,Programacion Orientada a Objetos
alumno_02494,Estructuras de Datos
alumno_02494,Fisica I
alumno_02494,Introduccion a la Programacion
alumno_02494,Bases de Datos I
alumno_02495,Matematica Discreta
alumno_02495,Programacion Orientada a Objetos
alumno_02495,Calculo I
alumno_02495,Estructuras de Datos
alumno_02495,Fisica I
alumno_02495,Calculo II
alumno_02495,Introduccion a la Programacion
alumno_02495,Calculo III
alumno_02495,Algebra
alumno_02495,Bases de Datos I
alumno_02496,Matematica Discreta
alumno_02496,Programacion Orientada a Objetos
alumno_02496,Calculo I
alumno_02496,Estructuras de Datos
alumno_02496,Calculo II
alumno_02496,Introduccion a la Programacion
alumno_02496,Algebra
alumno_02496,Bases de Datos I
alumno_02497,Calculo I
alumno_02497,Algebra Lineal
alumno_02497,Fisica I
alumno_02497,Introduccion a la Programacion
alumno_02497,Algebra
alumno_02498,Calculo III
alumno_02498,Probabilidad y Estadistica
alumno_02498,Calculo I
alumno_02498,Calculo II
alumno_02499,Programacion Orientada a Objetos
alumno_02499,Calculo I
alumno_02499,Algebra Lineal
alumno_02499,Estructuras de Datos
alumno_02499,Fisica I
alumno_02499,Calculo II
alumno_02499,Introduccion a la Programacion
alumno_02499,Calculo III
alumno_02499,Algebra
alumno_02500,Introduccion a la Programacion
alumno_02500,Matematica Discreta
alumno_02500,Estructuras de Datos
alumno_02500,Programacion Orientada a Objetos
alumno_02501,Programacion Orientada a Objetos
alumno_02501,Probabilidad y Estadistica
alumno_02501,Calculo I
alumno_02501,Estructuras de Datos
alumno_02501,Introduccion a la Programacion
alumno_02501,Algebra
alumno_02502,Programacion Orientada a Objetos
alumno_02502,Calculo I
alumno_02502,Algebra Lineal
alumno_02502,Estructuras de Datos
alumno_02502,Calculo II
alumno_02502,Introduccion a la Programacion
alumno_02502,Algebra
alumno_02502,Bases de Datos I
alumno_02503,Matematica Discreta
alumno_02503,Programacion Orientada a Objetos
alumno_02503,Probabilidad y Estadistica
alumno_02503,Calculo I
alumno_02503,Estructuras de Datos
alumno_02503,Fisica I
alumno_02503,Calculo II
alumno_02503,Introduccion a la Programacion
alumno_02503,Calculo III
alumno_02503,Bases de Datos I
alumno_02504,Programacion Orientada a Objetos
alumno_02504,Calculo I
alumno_02504,Algebra Lineal
alumno_02504,Estructuras de Datos
alumno_02504,Fisica I
alumno_02504,Introduccion a la Programacion
alumno_02504,Algebra
alumno_02504,Bases de Datos I
alumno_02505,Matematica Discreta
alumno_02505,Programacion Orientada a Objetos
alumno_02505,Calculo I
alumno_02505,Algebra Lineal
alumno_02505,Estructuras de Datos
alumno_02505,Calculo II
alumno_02505,Introduccion a la Programacion
alumno_02505,Algebra
alumno_02505,Bases de Datos I
alumno_02506,Programacion Orientada a Objetos
alumno_02506,Algebra Lineal
alumno_02506,Estructuras de Datos
alumno_02506,Fisica I
alumno_02506,Introduccion a la Programacion
alumno_02507,Programacion Orientada a Objetos
alumno_02507,Calculo I
alumno_02507,Algebra Lineal
alumno_02507,Fisica I
alumno_02507,Calculo II
alumno_02507,Introduccion a la Programacion
alumno_02507,Calculo III
alumno_02507,Algebra
alumno_02508,Programacion Orientada a Objetos
alumno_02508,Algebra Lineal
alumno_02508,Matematica Discreta
alumno_02508,Introduccion a la Programacion
alumno_02508,Algebra
alumno_02508,Bases de Datos I
alumno_02509,Introduccion a la Programacion
alumno_02509,Calculo I
alumno_02509,Algebra
alumno_02510,Matematica Discreta
alumno_02510,Programacion Orientada a Objetos
alumno_02510,Probabilidad y Estadistica
alumno_02510,Calculo I
alumno_02510,Algebra Lineal
alumno_02510,Estructuras de Datos
alumno_02510,Calculo II
alumno_02510,Introduccion a la Programacion
alumno_02510,Calculo III
alumno_02510,Algebra
alumno_02511,Programacion Orientada a Objetos
alumno_02511,Calculo I
alumno_02511,Algebra Lineal
alumno_02511,Estructuras de Datos
alumno_02511,Calculo II
alumno_02511,Introduccion a la Programacion
alumno_02511,Calculo III
alumno_02511,Algebra
alumno_02511,Bases de Datos I
alumno_02512,Programacion Orientada a Objetos
alumno_02512,Probabilidad y Estadistica
alumno_02512,Calculo I
alumno_02512,Estructuras de Datos
alumno_02512,Fisica I
alumno_02512,Calculo II
alumno_02512,Introduccion a la Programacion
alumno_02512,Calculo III
alumno_02512,Bases de Datos I
alumno_02513,Programacion Orientada a Objetos
alumno_02513,Probabilidad y Estadistica
alumno_02513,Calculo I
alumno_02513,Algebra Lineal
alumno_02513,Estructuras de Datos
alumno_02513,Calculo II
alumno_02513,Introduccion a la Programacion
alumno_02513,Calculo III
alumno_02513,Algebra
alumno_02514,Programacion Orientada a Objetos
alumno_02514,Probabilidad y Estadistica
alumno_02514,Calculo I
alumno_02514,Estructuras de Datos
alumno_02514,Fisica I
alumno_02514,Calculo II
alumno_02514,Introduccion a la Programacion
alumno_02514,Calculo III
alumno_02514,Bases de Datos I
alumno_02515,Programacion Orientada a Objetos
alumno_02515,Calculo I
alumno_02515,Algebra Lineal
alumno_02515,Estructuras de Datos
alumno_02515,Calculo II
alumno_02515,Introduccion a la Programacion
alumno_02515,Calculo III
alumno_02515,Algebra
alumno_02515,Bases de Datos I
alumno_02516,Programacion Orientada a Objetos
alumno_02516,Probabilidad y Estadistica
alumno_02516,Calculo I
alumno_02516,Estructuras de Datos
alumno_02516,Calculo II
alumno_02516,Introduccion a la Programacion
alumno_02516,Calculo III
alumno_02516,Algebra
alumno_02516,Bases de Datos I
alumno_02517,Programacion Orientada a Objetos
alumno_02517,Calculo I
alumno_02517,Algebra Lineal
alumno_02517,Estructuras de Datos
alumno_02517,Fisica I
alumno_02517,Calculo II
alumno_02517,Introduccion a la Programacion
alumno_02517,Calculo III
alumno_02517,Algebra
alumno_02517,Bases de Datos I
alumno_02518,Calculo I
alumno_02518,Fisica I
alumno_02518,Calculo II
alumno_02518,Algebra
alumno_02518,Calculo III
alumno_02518,Bases de Datos I
alumno_02519,Programacion Orientada a Objetos
alumno_02519,Probabilidad y Estadistica
alumno_02519,Calculo I
alumno_02519,Fisica I
alumno_02519,Calculo II
alumno_02519,Introduccion a la Programacion
alumno_02519,Calculo III
alumno_02519,Algebra
alumno_02520,Programacion Orientada a Objetos
alumno_02520,Probabilidad y Estadistica
alumno_02520,Calculo I
alumno_02520,Calculo II
alumno_02520,Introduccion a la Programacion
alumno_02520,Calculo III
alumno_02521,Matematica Discreta
alumno_02521,Programacion Orientada a Objetos
alumno_02521,Probabilidad y Estadistica
alumno_02521,Calculo I
alumno_02521,Algebra Lineal
alumno_02521,Estructuras de Datos
alumno_02521,Fisica I
alumno_02521,Calculo II
alumno_02521,Introduccion a la Programacion
alumno_02521,Calculo III
alumno_02521,Algebra
alumno_02521,Bases de Datos I
alumno_02522,Programacion Orientada a Objetos
alumno_02522,Estructuras de Datos
alumno_02522,Fisica I
alumno_02522,Matematica Discreta
alumno_02522,Introduccion a la Programacion
alumno_02522,Bases de Datos I
alumno_02523,Calculo II
alumno_02523,Probabilidad y Estadistica
alumno_02523,Calculo I
alumno_02523,Matematica Discreta
alumno_02523,Algebra
alumno_02523,Calculo III
alumno_02524,Programacion Orientada a Objetos
alumno_02524,Calculo I
alumno_02524,Estructuras de Datos
alumno_02524,Matematica Discreta
alumno_02524,Introduccion a la Programacion
alumno_02524,Algebra
alumno_02524,Bases de Datos I
alumno_02525,Programacion Orientada a Objetos
alumno_02525,Calculo I
alumno_02525,Algebra Lineal
alumno_02525,Estructuras de Datos
alumno_02525,Introduccion a la Programacion
alumno_02525,Algebra
alumno_02525,Bases de Datos I
alumno_02526,Programacion Orientada a Objetos
alumno_02526,Calculo I
alumno_02526,Algebra Lineal
alumno_02526,Estructuras de Datos
alumno_02526,Matematica Discreta
alumno_02526,Introduccion a la Programacion
alumno_02526,Algebra
alumno_02527,Calculo I
alumno_02527,Algebra Lineal
alumno_02527,Calculo II
alumno_02527,Algebra
alumno_02527,Calculo III
alumno_02528,Programacion Orientada a Objetos
alumno_02528,Estructuras de Datos
alumno_02528,Fisica I
alumno_02528,Introduccion a la Programacion
alumno_02528,Calculo III
alumno_02529,Programacion Orientada a Objetos
alumno_02529,Probabilidad y Estadistica
alumno_02529,Calculo I
alumno_02529,Algebra Lineal
alumno_02529,Estructuras de Datos
alumno_02529,Calculo II
alumno_02529,Introduccion a la Programacion
alumno_02529,Calculo III
alumno_02529,Algebra
alumno_02529,Bases de Datos I
alumno_02530,Programacion Orientada a Objetos
alumno_02530,Probabilidad y Estadistica
alumno_02530,Calculo I
alumno_02530,Fisica I
alumno_02530,Matematica Discreta
alumno_02530,Introduccion a la Programacion
alumno_02530,Algebra
alumno_02531,Matematica Discreta
alumno_02531,Programacion Orientada a Objetos
alumno_02531,Calculo I
alumno_02531,Algebra Lineal
alumno_02531,Estructuras de Datos
alumno_02531,Calculo II
alumno_02531,Introduccion a la Programacion
alumno_02531,Algebra
alumno_02532,Calculo I
alumno_02532,Algebra Lineal
alumno_02532,Fisica I
alumno_02532,Calculo II
alumno_02532,Introduccion a la Programacion
alumno_02532,Calculo III
alumno_02532,Algebra
alumno_02533,Matematica Discreta
alumno_02533,Probabilidad y Estadistica
alumno_02533,Calculo I
alumno_02533,Algebra Lineal
alumno_02533,Fisica I
alumno_02533,Calculo II
alumno_02533,Introduccion a la Programacion
alumno_02533,Calculo III
alumno_02533,Algebra
alumno_02534,Programacion Orientada a Objetos
alumno_02534,Probabilidad y Estadistica
alumno_02534,Calculo I
alumno_02534,Algebra Lineal
alumno_02534,Estructuras de Datos
alumno_02534,Fisica I
alumno_02534,Calculo II
alumno_02534,Introduccion a la Programacion
alumno_02534,Calculo III
alumno_02534,Algebra
alumno_02534,Bases de Datos I
alumno_02535,Programacion Orientada a Objetos
alumno_02535,Calculo I
alumno_02535,Algebra Lineal
alumno_02535,Estructuras de Datos
alumno_02535,Introduccion a la Programacion
alumno_02535,Algebra
alumno_02535,Bases de Datos I
alumno_02536,Programacion Orientada a Objetos
alumno_02536,Probabilidad y Estadistica
alumno_02536,Calculo I
alumno_02536,Fisica I
alumno_02536,Calculo II
alumno_02536,Introduccion a la Programacion
alumno_02537,Programacion Orientada a Objetos
alumno_02537,Calculo I
alumno_02537,Algebra Lineal
alumno_02537,Estructuras de Datos
alumno_02537,Fisica I
alumno_02537,Introduccion a la Programacion
alumno_02537,Algebra
alumno_02537,Bases de Datos I
alumno_02538,Programacion Orientada a Objetos
alumno_02538,Probabilidad y Estadistica
alumno_02538,Calculo I
alumno_02538,Algebra Lineal
alumno_02538,Estructuras de Datos
alumno_02538,Fisica I
alumno_02538,Calculo II
alumno_02538,Introduccion a la Programacion
alumno_02538,Calculo III
alumno_02538,Algebra
alumno_02539,Programacion Orientada a Objetos
alumno_02539,Probabilidad y Estadistica
alumno_02539,Calculo I
alumno_02539,Algebra Lineal
alumno_02539,Fisica I
alumno_02539,Calculo II
alumno_02539,Introduccion a la Programacion
alumno_02539,Algebra
alumno_02540,Programacion Orientada a Objetos
alumno_02540,Calculo I
alumno_02540,Algebra Lineal
alumno_02540,Estructuras de Datos
alumno_02540,Fisica I
alumno_02540,Matematica Discreta
alumno_02540,Introduccion a la Programacion
alumno_02540,Algebra
alumno_02541,Programacion Orientada a Objetos
alumno_02541,Calculo I
alumno_02541,Algebra Lineal
alumno_02541,Estructuras de Datos
alumno_02541,Fisica I
alumno_02541,Introduccion a la Programacion
alumno_02541,Algebra
alumno_02541,Bases de Datos I
alumno_02542,Programacion Orientada a Objetos
alumno_02542,Probabilidad y Estadistica
alumno_02542,Calculo I
alumno_02542,Algebra Lineal
alumno_02542,Fisica I
alumno_02542,Calculo II
alumno_02542,Introduccion a la Programacion
alumno_02542,Calculo III
alumno_02542,Algebra
alumno_02542,Bases de Datos I
alumno_02543,Programacion Orientada a Objetos
alumno_02543,Probabilidad y Estadistica
alumno_02543,Calculo I
alumno_02543,Algebra Lineal
alumno_02543,Fisica I
alumno_02543,Calculo II
alumno_02543,Introduccion a la Programacion
alumno_02543,Algebra
alumno_02544,Calculo II
alumno_02544,Probabilidad y Estadistica
alumno_02544,Calculo I
alumno_02544,Matematica Discreta
alumno_02544,Introduccion a la Programacion
alumno_02544,Calculo III
alumno_02544,Algebra
alumno_02545,Programacion Orientada a Objetos
alumno_02545,Algebra Lineal
alumno_02545,Fisica I
alumno_02545,Introduccion a la Programacion
alumno_02545,Algebra
alumno_02546,Programacion Orientada a Objetos
alumno_02546,Calculo I
alumno_02546,Algebra Lineal
alumno_02546,Estructuras de Datos
alumno_02546,Matematica Discreta
alumno_02546,Introduccion a la Programacion
alumno_02546,Algebra
alumno_02546,Bases de Datos I
alumno_02547,Programacion Orientada a Objetos
alumno_02547,Calculo I
alumno_02547,Algebra Lineal
alumno_02547,Fisica I
alumno_02547,Introduccion a la Programacion
alumno_02547,Algebra
alumno_02548,Calculo I
alumno_02548,Fisica I
alumno_02548,Calculo II
alumno_02548,Introduccion a la Programacion
alumno_02548,Calculo III
alumno_02549,Matematica Discreta
alumno_02549,Programacion Orientada a Objetos
alumno_02549,Probabilidad y Estadistica
alumno_02549,Calculo I
alumno_02549,Algebra Lineal
alumno_02549,Estructuras de Datos
alumno_02549,Fisica I
alumno_02549,Calculo II
alumno_02549,Introduccion a la Programacion
alumno_02549,Algebra
alumno_02549,Bases de Datos I
alumno_02550,Introduccion a la Programacion
alumno_02550,Fisica I
alumno_02550,Calculo I
alumno_02550,Programacion Orientada a Objetos
alumno_02551,Programacion Orientada a Objetos
alumno_02551,Calculo I
alumno_02551,Estructuras de Datos
alumno_02551,Fisica I
alumno_02551,Matematica Discreta
alumno_02551,Introduccion a la Programacion
alumno_02551,Algebra
alumno_02552,Programacion Orientada a Objetos
alumno_02552,Probabilidad y Estadistica
alumno_02552,Calculo I
alumno_02552,Algebra Lineal
alumno_02552,Estructuras de Datos
alumno_02552,Fisica I
alumno_02552,Matematica Discreta
alumno_02552,Introduccion a la Programacion
alumno_02552,Algebra
alumno_02552,Bases de Datos I
alumno_02553,Programacion Orientada a Objetos
alumno_02553,Calculo I
alumno_02553,Algebra Lineal
alumno_02553,Fisica I
alumno_02553,Matematica Discreta
alumno_02553,Introduccion a la Programacion
alumno_02553,Algebra
alumno_02554,Programacion Orientada a Objetos
alumno_02554,Calculo I
alumno_02554,Algebra Lineal
alumno_02554,Introduccion a la Programacion
alumno_02554,Algebra
alumno_02555,Programacion Orientada a Objetos
alumno_02555,Probabilidad y Estadistica
alumno_02555,Calculo I
alumno_02555,Algebra Lineal
alumno_02555,Estructuras de Datos
alumno_02555,Fisica I
alumno_02555,Calculo II
alumno_02555,Introduccion a la Programacion
alumno_02555,Calculo III
alumno_02555,Algebra
alumno_02555,Bases de Datos I
alumno_02556,Matematica Discreta
alumno_02556,Programacion Orientada a Objetos
alumno_02556,Calculo I
alumno_02556,Calculo II
alumno_02556,Introduccion a la Programacion
alumno_02556,Calculo III
alumno_02556,Algebra
alumno_02557,Programacion Orientada a Objetos
alumno_02557,Probabilidad y Estadistica
alumno_02557,Calculo I
alumno_02557,Estructuras de Datos
alumno_02557,Fisica I
alumno_02557,Introduccion a la Programacion
alumno_02557,Bases de Datos I
alumno_02558,Programacion Orientada a Objetos
alumno_02558,Calculo I
alumno_02558,Algebra Lineal
alumno_02558,Estructuras de Datos
alumno_02558,Fisica I
alumno_02558,Matematica Discreta
alumno_02558,Introduccion a la Programacion
alumno_02558,Algebra
alumno_02558,Bases de Datos I
alumno_02559,Programacion Orientada a Objetos
alumno_02559,Calculo I
alumno_02559,Algebra Lineal
alumno_02559,Estructuras de Datos
alumno_02559,Calculo II
alumno_02559,Introduccion a la Programacion
alumno_02559,Calculo III
alumno_02559,Algebra
alumno_02560,Programacion Orientada a Objetos
alumno_02560,Probabilidad y Estadistica
alumno_02560,Calculo I
alumno_02560,Algebra Lineal
alumno_02560,Estructuras de Datos
alumno_02560,Calculo II
alumno_02560,Introduccion a la Programacion
alumno_02560,Calculo III
alumno_02560,Algebra
alumno_02560,Bases de Datos I
alumno_02561,Matematica Discreta
alumno_02561,Programacion Orientada a Objetos
alumno_02561,Calculo I
alumno_02561,Algebra Lineal
alumno_02561,Fisica I
alumno_02561,Calculo II
alumno_02561,Introduccion a la Programacion
alumno_02561,Algebra
alumno_02562,Matematica Discreta
alumno_02562,Programacion Orientada a Objetos
alumno_02562,Calculo I
alumno_02562,Algebra Lineal
alumno_02562,Estructuras de Datos
alumno_02562,Fisica I
alumno_02562,Calculo II
alumno_02562,Introduccion a la Programacion
alumno_02562,Algebra
alumno_02562,Bases de Datos I
alumno_02563,Programacion Orientada a Objetos
alumno_02563,Calculo I
alumno_02563,Estructuras de Datos
alumno_02563,Calculo II
alumno_02563,Introduccion a la Programacion
alumno_02563,Algebra
alumno_02563,Bases de Datos I
alumno_02564,Algebra
alumno_02564,Fisica I
alumno_02564,Calculo I
alumno_02564,Algebra Lineal
alumno_02565,Probabilidad y Estadistica
alumno_02565,Calculo I
alumno_02565,Algebra Lineal
alumno_02565,Estructuras de Datos
alumno_02565,Calculo II
alumno_02565,Introduccion a la Programacion
alumno_02565,Calculo III
alumno_02565,Algebra
alumno_02566,Matematica Discreta
alumno_02566,Programacion Orientada a Objetos
alumno_02566,Calculo I
alumno_02566,Estructuras de Datos
alumno_02566,Fisica I
alumno_02566,Calculo II
alumno_02566,Introduccion a la Programacion
alumno_02566,Calculo III
alumno_02566,Algebra
alumno_02566,Bases de Datos I
alumno_02567,Matematica Discreta
alumno_02567,Programacion Orientada a Objetos
alumno_02567,Probabilidad y Estadistica
alumno_02567,Calculo I
alumno_02567,Estructuras de Datos
alumno_02567,Fisica I
alumno_02567,Calculo II
alumno_02567,Introduccion a la Programacion
alumno_02567,Calculo III
alumno_02567,Algebra
alumno_02567,Bases de Datos I
alumno_02568,Programacion Orientada a Objetos
alumno_02568,Algebra Lineal
alumno_02568,Estructuras de Datos
alumno_02568,Fisica I
alumno_02568,Introduccion a la Programacion
alumno_02568,Algebra
alumno_02569,Introduccion a la Programacion
alumno_02569,Fisica I
alumno_02569,Programacion Orientada a Objetos
alumno_02570,Programacion Orientada a Objetos
alumno_02570,Probabilidad y Estadistica
alumno_02570,Calculo I
alumno_02570,Fisica I
alumno_02570,Calculo II
alumno_02570,Introduccion a la Programacion
alumno_02571,Fisica I
alumno_02571,Matematica Discreta
alumno_02572,Matematica Discreta
alumno_02572,Programacion Orientada a Objetos
alumno_02572,Probabilidad y Estadistica
alumno_02572,Calculo I
alumno_02572,Estructuras de Datos
alumno_02572,Calculo II
alumno_02572,Introduccion a la Programacion
alumno_02572,Calculo III
alumno_02572,Algebra
alumno_02573,Programacion Orientada a Objetos
alumno_02573,Probabilidad y Estadistica
alumno_02573,Calculo I
alumno_02573,Estructuras de Datos
alumno_02573,Fisica I
alumno_02573,Calculo II
alumno_02573,Introduccion a la Programacion
alumno_02573,Algebra
alumno_02573,Bases de Datos I
alumno_02574,Introduccion a la Programacion
alumno_02574,Fisica I
alumno_02574,Estructuras de Datos
alumno_02574,Programacion Orientada a Objetos
alumno_02575,Introduccion a la Programacion
alumno_02575,Calculo I
alumno_02575,Calculo II
alumno_02576,Programacion Orientada a Objetos
alumno_02576,Calculo I
alumno_02576,Estructuras de Datos
alumno_02576,Fisica I
alumno_02576,Matematica Discreta
alumno_02576,Introduccion a la Programacion
alumno_02576,Algebra
alumno_02576,Bases de Datos I
alumno_02577,Programacion Orientada a Objetos
alumno_02577,Calculo I
alumno_02577,Estructuras de Datos
alumno_02577,Calculo II
alumno_02577,Introduccion a la Programacion
alumno_02577,Bases de Datos I
alumno_02578,Programacion Orientada a Objetos
alumno_02578,Calculo I
alumno_02578,Estructuras de Datos
alumno_02578,Calculo II
alumno_02578,Introduccion a la Programacion
alumno_02579,Programacion Orientada a Objetos
alumno_02579,Probabilidad y Estadistica
alumno_02579,Calculo I
alumno_02579,Algebra Lineal
alumno_02579,Estructuras de Datos
alumno_02579,Fisica I
alumno_02579,Calculo II
alumno_02579,Introduccion a la Programacion
alumno_02579,Calculo III
alumno_02579,Algebra
alumno_02579,Bases de Datos I
alumno_02580,Introduccion a la Programacion
alumno_02580,Fisica I
alumno_02580,Algebra
alumno_02580,Programacion Orientada a Objetos
alumno_02581,Matematica Discreta
alumno_02581,Programacion Orientada a Objetos
alumno_02581,Calculo I
alumno_02581,Algebra Lineal
alumno_02581,Estructuras de Datos
alumno_02581,Fisica I
alumno_02581,Calculo II
alumno_02581,Introduccion a la Programacion
alumno_02581,Algebra
alumno_02581,Bases de Datos I
alumno_02582,Programacion Orientada a Objetos
alumno_02582,Calculo I
alumno_02582,Estructuras de Datos
alumno_02582,Fisica I
alumno_02582,Calculo II
alumno_02582,Introduccion a la Programacion
alumno_02583,Matematica Discreta
alumno_02583,Programacion Orientada a Objetos
alumno_02583,Probabilidad y Estadistica
alumno_02583,Calculo I
alumno_02583,Estructuras de Datos
alumno_02583,Fisica I
alumno_02583,Calculo II
alumno_02583,Introduccion a la Programacion
alumno_02583,Algebra
alumno_02583,Bases de Datos I
alumno_02584,Calculo I
alumno_02584,Algebra Lineal
alumno_02584,Matematica Discreta
alumno_02584,Introduccion a la Programacion
alumno_02584,Algebra
alumno_02585,Programacion Orientada a Objetos
alumno_02585,Probabilidad y Estadistica
alumno_02585,Calculo I
alumno_02585,Estructuras de Datos
alumno_02585,Calculo II
alumno_02585,Introduccion a la Programacion
alumno_02585,Calculo III
alumno_02585,Algebra
alumno_02585,Bases de Datos I
alumno_02586,Programacion Orientada a Objetos
alumno_02586,Calculo I
alumno_02586,Estructuras de Datos
alumno_02586,Fisica I
alumno_02586,Matematica Discreta
alumno_02586,Introduccion a la Programacion
alumno_02586,Algebra
alumno_02586,Bases de Datos I
alumno_02587,Programacion Orientada a Objetos
alumno_02587,Probabilidad y Estadistica
alumno_02587,Calculo I
alumno_02587,Algebra Lineal
alumno_02587,Estructuras de Datos
alumno_02587,Calculo II
alumno_02587,Introduccion a la Programacion
alumno_02587,Calculo III
alumno_02587,Algebra
alumno_02588,Programacion Orientada a Objetos
alumno_02588,Probabilidad y Estadistica
alumno_02588,Algebra Lineal
alumno_02588,Estructuras de Datos
alumno_02588,Fisica I
alumno_02588,Introduccion a la Programacion
alumno_02588,Algebra
alumno_02588,Bases de Datos I
alumno_02589,Programacion Orientada a Objetos
alumno_02589,Calculo I
alumno_02589,Estructuras de Datos
alumno_02589,Fisica I
alumno_02589,Introduccion a la Programacion
alumno_02589,Algebra
alumno_02589,Bases de Datos I
alumno_02590,Programacion Orientada a Objetos
alumno_02590,Calculo I
alumno_02590,Algebra Lineal
alumno_02590,Estructuras de Datos
alumno_02590,Matematica Discreta
alumno_02590,Introduccion a la Programacion
alumno_02590,Algebra
alumno_02590,Bases de Datos I
alumno_02591,Programacion Orientada a Objetos
alumno_02591,Fisica I
alumno_02591,Matematica Discreta
alumno_02591,Introduccion a la Programacion
alumno_02591,Algebra
alumno_02592,Programacion Orientada a Objetos
alumno_02592,Calculo I
alumno_02592,Algebra Lineal
alumno_02592,Estructuras de Datos
alumno_02592,Fisica I
alumno_02592,Matematica Discreta
alumno_02592,Introduccion a la Programacion
alumno_02592,Algebra
alumno_02593,Programacion Orientada a Objetos
alumno_02593,Calculo I
alumno_02593,Estructuras de Datos
alumno_02593,Introduccion a la Programacion
alumno_02593,Algebra
alumno_02593,Bases de Datos I
alumno_02594,Probabilidad y Estadistica
alumno_02594,Calculo I
alumno_02594,Fisica I
alumno_02594,Matematica Discreta
alumno_02594,Algebra
alumno_02595,Programacion Orientada a Objetos
alumno_02595,Probabilidad y Estadistica
alumno_02595,Algebra Lineal
alumno_02595,Estructuras de Datos
alumno_02595,Calculo II
alumno_02595,Introduccion a la Programacion
alumno_02595,Calculo III
alumno_02595,Algebra
alumno_02596,Programacion Orientada a Objetos
alumno_02596,Calculo I
alumno_02596,Algebra Lineal
alumno_02596,Fisica I
alumno_02596,Calculo II
alumno_02596,Introduccion a la Programacion
alumno_02596,Calculo III
alumno_02596,Algebra
alumno_02597,Introduccion a la Programacion
alumno_02597,Probabilidad y Estadistica
alumno_02597,Algebra
alumno_02597,Matematica Discreta
alumno_02598,Calculo I
alumno_02598,Algebra Lineal
alumno_02598,Matematica Discreta
alumno_02598,Introduccion a la Programacion
alumno_02598,Algebra
alumno_02599,Matematica Discreta
alumno_02599,Programacion Orientada a Objetos
alumno_02599,Calculo I
alumno_02599,Algebra Lineal
alumno_02599,Estructuras de Datos
alumno_02599,Fisica I
alumno_02599,Calculo II
alumno_02599,Introduccion a la Programacion
alumno_02599,Algebra
alumno_02599,Bases de Datos I
alumno_02600,Matematica Discreta
alumno_02600,Programacion Orientada a Objetos
alumno_02600,Probabilidad y Estadistica
alumno_02600,Calculo I
alumno_02600,Algebra Lineal
alumno_02600,Estructuras de Datos
alumno_02600,Fisica I
alumno_02600,Calculo II
alumno_02600,Introduccion a la Programacion
alumno_02600,Calculo III
alumno_02600,Algebra
