transaction_id,item_id
session_00001,doc_0373
session_00001,doc_0334
session_00001,doc_0331
session_00001,doc_0353
session_00001,doc_0658
session_00001,doc_0673
session_00002,doc_0118
session_00002,doc_0152
session_00002,doc_0148
session_00002,doc_0406
session_00003,doc_0187
session_00003,doc_0400
session_00004,doc_0736
session_00005,doc_0619
session_00005,doc_0621
session_00005,doc_0617
session_00005,doc_0774
session_00005,doc_0739
session_00006,doc_0302
session_00006,doc_0334
session_00007,doc_0142
session_00007,doc_0152
session_00007,doc_0276
session_00008,doc_0412
session_00008,doc_0441
session_00009,doc_0192
session_00010,doc_0287
session_00010,doc_0316
session_00010,doc_0321
session_00010,doc_0681
session_00011,doc_0441
session_00011,doc_0476
session_00012,doc_0732
session_00012,doc_0774
session_00012,doc_0798
session_00012,doc_0736
session_00012,doc_0812
session_00012,doc_0858
session_00013,doc_0501
session_00013,doc_0565
session_00013,doc_0508
session_00013,doc_0424
session_00014,doc_0156
session_00014,doc_0152
session_00014,doc_0291
session_00014,doc_0322
session_00015,doc_0362
session_00015,doc_0352
session_00015,doc_0148
session_00015,doc_0146
session_00016,doc_0663
session_00016,doc_0701
session_00017,doc_0401
session_00017,doc_0914
session_00018,doc_0156
session_00018,doc_0148
session_00018,doc_0120
session_00018,doc_0173
session_00018,doc_0308
session_00019,doc_0565
session_00019,doc_0502
session_00019,doc_0518
session_00019,doc_0517
session_00020,doc_0679
session_00021,doc_0754
session_00021,doc_0783
session_00021,doc_0732
session_00021,doc_0730
session_00022,doc_0331
session_00022,doc_0333
session_00022,doc_0914
session_00022,doc_0905
session_00023,doc_0666
session_00023,doc_0617
session_00024,doc_0152
session_00024,doc_0148
session_00024,doc_0184
session_00024,doc_0121
session_00024,doc_0164
session_00025,doc_0412
session_00025,doc_0476
session_00025,doc_0466
session_00026,doc_0689
session_00026,doc_0658
session_00026,doc_0679
session_00026,doc_0683
session_00026,doc_0361
session_00027,doc_0703
session_00027,doc_0673
session_00027,doc_0656
session_00027,doc_0710
session_00027,doc_0569
session_00028,doc_0179
session_00028,doc_0152
session_00028,doc_0148
session_00028,doc_0112
session_00028,doc_0342
session_00029,doc_0754
session_00030,doc_0401
session_00030,doc_0346
session_00031,doc_0362
session_00031,doc_0333
session_00031,doc_0904
session_00032,doc_0148
session_00033,doc_0349
session_00033,doc_0373
session_00033,doc_0328
session_00033,doc_0469
session_00033,doc_0427
session_00034,doc_0902
session_00035,doc_0043
session_00035,doc_0050
session_00035,doc_0011
session_00035,doc_0068
session_00035,doc_0031
session_00035,doc_0584
session_00036,doc_0200
session_00037,doc_0412
session_00037,doc_0471
session_00038,doc_0453
session_00038,doc_0446
session_00039,doc_0504
session_00040,doc_0844
session_00040,doc_0840
session_00040,doc_0852
session_00040,doc_0754
session_00040,doc_0719
session_00041,doc_0156
session_00041,doc_0110
session_00041,doc_0615
session_00042,doc_0198
session_00042,doc_0206
session_00042,doc_0472
session_00043,doc_0131
session_00043,doc_0119
session_00043,doc_0889
session_00044,doc_0697
session_00044,doc_0673
session_00044,doc_0689
session_00044,doc_0331
session_00045,doc_0267
session_00045,doc_0273
session_00045,doc_0281
session_00045,doc_0269
session_00046,doc_0148
session_00046,doc_0181
session_00046,doc_0392
session_00047,doc_0291
session_00048,doc_0554
session_00049,doc_0362
session_00049,doc_0339
session_00050,doc_0884
session_00050,doc_0919
session_00050,doc_0905
session_00051,doc_0848
session_00051,doc_0807
session_00051,doc_0840
session_00051,doc_0152
session_00052,doc_0611
session_00053,doc_0756
session_00053,doc_0736
session_00053,doc_0752
session_00053,doc_0716
session_00053,doc_0795
session_00053,doc_0501
session_00054,doc_0542
session_00055,doc_0615
session_00055,doc_0595
session_00055,doc_0611
session_00055,doc_0793
session_00056,doc_0852
session_00056,doc_0853
session_00056,doc_0736
session_00057,doc_0845
session_00057,doc_0756
session_00058,doc_0068
session_00059,doc_0031
session_00059,doc_0032
session_00059,doc_0043
session_00060,doc_0678
session_00061,doc_0477
session_00061,doc_0469
session_00061,doc_0215
session_00062,doc_0050
session_00063,doc_0051
session_00063,doc_0031
session_00064,doc_0727
session_00065,doc_0689
session_00065,doc_0673
session_00066,doc_0244
session_00066,doc_0238
session_00066,doc_0222
session_00066,doc_0235
session_00067,doc_0401
session_00068,doc_0148
session_00068,doc_0123
session_00068,doc_0152
session_00068,doc_0322
session_00068,doc_0317
session_00069,doc_0769
session_00069,doc_0784
session_00069,doc_0837
session_00070,doc_0485
session_00071,doc_0914
session_00072,doc_0852
session_00073,doc_0857
session_00074,doc_0322
session_00074,doc_0297
session_00074,doc_0315
session_00074,doc_0285
session_00075,doc_0031
session_00075,doc_0019
session_00075,doc_0118
session_00076,doc_0689
session_00076,doc_0654
session_00077,doc_0322
session_00077,doc_0291
session_00078,doc_0551
session_00078,doc_0514
session_00078,doc_0492
session_00078,doc_0577
session_00079,doc_0046
session_00079,doc_0091
session_00079,doc_0634
session_00079,doc_0649
session_00080,doc_0360
session_00080,doc_0364
session_00080,doc_0683
session_00081,doc_0858
session_00081,doc_0848
session_00081,doc_0835
session_00081,doc_0817
session_00081,doc_0844
session_00081,doc_0843
session_00082,doc_0269
session_00083,doc_0040
session_00083,doc_0032
session_00083,doc_0063
session_00083,doc_0031
session_00083,doc_0093
session_00083,doc_0172
session_00084,doc_0082
session_00084,doc_0092
session_00085,doc_0424
session_00085,doc_0486
session_00085,doc_0434
session_00086,doc_0914
session_00086,doc_0905
session_00086,doc_0889
session_00087,doc_0123
session_00088,doc_0725
session_00088,doc_0802
session_00089,doc_0872
session_00089,doc_0825
session_00089,doc_0845
session_00089,doc_0774
session_00089,doc_0769
session_00090,doc_0127
session_00090,doc_0152
session_00090,doc_0156
session_00090,doc_0118
session_00091,doc_0818
session_00092,doc_0870
session_00092,doc_0863
session_00092,doc_0853
session_00092,doc_0468
session_00092,doc_0415
session_00093,doc_0337
session_00093,doc_0689
session_00094,doc_0433
session_00095,doc_0641
session_00096,doc_0469
session_00096,doc_0246
session_00097,doc_0372
session_00097,doc_0337
session_00097,doc_0580
session_00098,doc_0785
session_00098,doc_0787
session_00098,doc_0769
session_00099,doc_0766
session_00099,doc_0757
session_00099,doc_0631
session_00100,doc_0179
session_00100,doc_0111
session_00100,doc_0917
session_00100,doc_0884
session_00101,doc_0277
session_00101,doc_0322
session_00101,doc_0475
session_00102,doc_0437
session_00103,doc_0555
session_00103,doc_0517
session_00103,doc_0540
session_00103,doc_0565
session_00103,doc_0419
session_00103,doc_0471
session_00104,doc_0518
session_00104,doc_0555
session_00104,doc_0586
session_00104,doc_0496
session_00104,doc_0565
session_00104,doc_0727
session_00105,doc_0272
session_00105,doc_0305
session_00105,doc_0031
session_00106,doc_0577
session_00107,doc_0914
session_00107,doc_0884
session_00107,doc_0878
session_00107,doc_0900
session_00107,doc_0904
session_00107,doc_0388
session_00108,doc_0617
session_00108,doc_0592
session_00109,doc_0331
session_00109,doc_0565
session_00110,doc_0656
session_00111,doc_0617
session_00111,doc_0644
session_00111,doc_0884
session_00112,doc_0360
session_00112,doc_0373
session_00112,doc_0359
session_00112,doc_0893
session_00112,doc_0934
session_00113,doc_0333
session_00113,doc_0331
session_00113,doc_0381
session_00113,doc_0902
session_00114,doc_0871
session_00114,doc_0738
session_00115,doc_0859
session_00115,doc_0869
session_00115,doc_0774
session_00116,doc_0493
session_00117,doc_0862
session_00117,doc_0852
session_00117,doc_0732
session_00118,doc_0148
session_00118,doc_0125
session_00118,doc_0528
session_00119,doc_0031
session_00119,doc_0068
session_00119,doc_0518
session_00120,doc_0412
session_00121,doc_0373
session_00121,doc_0339
session_00122,doc_0692
session_00122,doc_0653
session_00122,doc_0673
session_00122,doc_0656
session_00123,doc_0207
session_00123,doc_0235
session_00123,doc_0243
session_00123,doc_0469
session_00123,doc_0412
session_00123,doc_0439
session_00124,doc_0441
session_00125,doc_0034
session_00126,doc_0160
session_00126,doc_0176
session_00127,doc_0119
session_00128,doc_0596
session_00128,doc_0644
session_00128,doc_0202
session_00129,doc_0577
session_00129,doc_0564
session_00129,doc_0780
session_00130,doc_0273
session_00130,doc_0322
session_00130,doc_0369
session_00130,doc_0392
session_00131,doc_0463
session_00131,doc_0469
session_00131,doc_0203
session_00132,doc_0026
session_00133,doc_0871
session_00134,doc_0322
session_00135,doc_0618
session_00135,doc_0630
session_00136,doc_0261
session_00136,doc_0236
session_00136,doc_0213
session_00136,doc_0238
session_00136,doc_0203
session_00136,doc_0412
session_00137,doc_0248
session_00137,doc_0469
session_00138,doc_0673
session_00138,doc_0711
session_00139,doc_0048
session_00139,doc_0041
session_00139,doc_0068
session_00139,doc_0618
session_00140,doc_0848
session_00140,doc_0841
session_00140,doc_0852
session_00140,doc_0870
session_00140,doc_0831
session_00141,doc_0565
session_00141,doc_0501
session_00141,doc_0564
session_00142,doc_0836
session_00143,doc_0917
session_00144,doc_0476
session_00145,doc_0441
session_00145,doc_0373
session_00146,doc_0187
session_00146,doc_0134
session_00147,doc_0633
session_00147,doc_0610
session_00148,doc_0889
session_00148,doc_0882
session_00149,doc_0148
session_00149,doc_0179
session_00150,doc_0373
session_00151,doc_0658
session_00152,doc_0063
session_00152,doc_0043
session_00152,doc_0077
session_00153,doc_0787
session_00153,doc_0744
session_00153,doc_0276
session_00154,doc_0235
session_00155,doc_0884
session_00156,doc_0439
session_00156,doc_0459
session_00156,doc_0412
session_00156,doc_0422
session_00156,doc_0934
session_00157,doc_0932
session_00158,doc_0618
session_00158,doc_0628
session_00158,doc_0608
session_00158,doc_0412
session_00159,doc_0280
session_00159,doc_0315
session_00159,doc_0322
session_00160,doc_0041
session_00160,doc_0080
session_00160,doc_0502
session_00161,doc_0704
session_00161,doc_0689
session_00161,doc_0673
session_00161,doc_0914
session_00162,doc_0809
session_00162,doc_0928
session_00163,doc_0615
session_00163,doc_0626
session_00163,doc_0445
session_00164,doc_0626
session_00165,doc_0934
session_00166,doc_0389
session_00166,doc_0373
session_00166,doc_0382
session_00166,doc_0921
session_00167,doc_0374
session_00167,doc_0392
session_00168,doc_0754
session_00168,doc_0783
session_00168,doc_0732
session_00168,doc_0757
session_00169,doc_0031
session_00169,doc_0673
session_00170,doc_0673
session_00170,doc_0664
session_00171,doc_0331
session_00172,doc_0553
session_00172,doc_0523
session_00172,doc_0754
session_00173,doc_0852
session_00173,doc_0719
session_00174,doc_0293
session_00174,doc_0305
session_00175,doc_0565
session_00175,doc_0564
session_00175,doc_0589
session_00176,doc_0001
session_00177,doc_0617
session_00177,doc_0642
session_00177,doc_0600
session_00177,doc_0643
session_00178,doc_0365
session_00179,doc_0228
session_00180,doc_0754
session_00180,doc_0621
session_00181,doc_0673
session_00182,doc_0158
session_00183,doc_0163
session_00183,doc_0119
session_00184,doc_0589
session_00185,doc_0468
session_00185,doc_0412
session_00185,doc_0469
session_00185,doc_0644
session_00186,doc_0581
session_00186,doc_0514
session_00186,doc_0509
session_00186,doc_0757
session_00187,doc_0401
session_00187,doc_0346
session_00187,doc_0334
session_00187,doc_0389
session_00188,doc_0231
session_00188,doc_0238
session_00188,doc_0206
session_00188,doc_0469
session_00189,doc_0425
session_00189,doc_0469
session_00189,doc_0248
session_00190,doc_0199
session_00191,doc_0618
session_00191,doc_0617
session_00191,doc_0673
session_00192,doc_0591
session_00192,doc_0501
session_00193,doc_0673
session_00193,doc_0689
session_00194,doc_0656
session_00194,doc_0689
session_00194,doc_0679
session_00194,doc_0672
session_00194,doc_0413
session_00194,doc_0415
session_00195,doc_0843
session_00196,doc_0203
session_00196,doc_0046
session_00197,doc_0031
session_00197,doc_0047
session_00197,doc_0082
session_00197,doc_0063
session_00198,doc_0518
session_00198,doc_0562
session_00199,doc_0911
session_00199,doc_0914
session_00199,doc_0904
session_00200,doc_0096
session_00200,doc_0278
session_00201,doc_0618
session_00202,doc_0068
session_00202,doc_0031
session_00203,doc_0642
session_00203,doc_0617
session_00203,doc_0608
session_00203,doc_0487
session_00204,doc_0869
session_00204,doc_0756
session_00205,doc_0565
session_00206,doc_0172
session_00206,doc_0163
session_00206,doc_0112
session_00206,doc_0291
session_00207,doc_0205
session_00207,doc_0260
session_00208,doc_0518
session_00208,doc_0041
session_00209,doc_0584
session_00209,doc_0148
session_00210,doc_0887
session_00210,doc_0928
session_00210,doc_0884
session_00210,doc_0696
session_00211,doc_0401
session_00211,doc_0392
session_00211,doc_0391
session_00211,doc_0895
session_00212,doc_0028
session_00212,doc_0627
session_00213,doc_0373
session_00213,doc_0393
session_00213,doc_0331
session_00213,doc_0400
session_00213,doc_0401
session_00213,doc_0754
session_00214,doc_0502
session_00214,doc_0532
session_00214,doc_0034
session_00215,doc_0117
session_00215,doc_0719
session_00216,doc_0152
session_00216,doc_0186
session_00216,doc_0148
session_00216,doc_0156
session_00216,doc_0362
session_00216,doc_0331
session_00217,doc_0623
session_00218,doc_0600
session_00219,doc_0725
session_00219,doc_0803
session_00220,doc_0100
session_00220,doc_0031
session_00220,doc_0502
session_00221,doc_0119
session_00221,doc_0689
session_00222,doc_0102
session_00222,doc_0782
session_00223,doc_0554
session_00223,doc_0046
session_00224,doc_0401
session_00225,doc_0443
session_00226,doc_0381
session_00226,doc_0387
session_00226,doc_0876
session_00226,doc_0902
session_00227,doc_0434
session_00228,doc_0757
session_00229,doc_0218
session_00230,doc_0933
session_00230,doc_0905
session_00230,doc_0884
session_00230,doc_0676
session_00231,doc_0417
session_00231,doc_0458
session_00231,doc_0422
session_00231,doc_0439
session_00232,doc_0673
session_00232,doc_0679
session_00233,doc_0801
session_00233,doc_0779
session_00233,doc_0754
session_00233,doc_0564
session_00234,doc_0476
session_00235,doc_0041
session_00235,doc_0063
session_00235,doc_0086
session_00235,doc_0051
session_00235,doc_0551
session_00236,doc_0023
session_00236,doc_0068
session_00237,doc_0412
session_00237,doc_0414
session_00237,doc_0241
session_00238,doc_0001
session_00239,doc_0900
session_00239,doc_0894
session_00239,doc_0673
session_00240,doc_0738
session_00240,doc_0736
session_00240,doc_0495
session_00241,doc_0617
session_00241,doc_0596
session_00241,doc_0414
session_00242,doc_0914
session_00243,doc_0509
session_00243,doc_0501
session_00244,doc_0556
session_00244,doc_0536
session_00244,doc_0493
session_00245,doc_0894
session_00245,doc_0934
session_00245,doc_0914
session_00245,doc_0679
session_00246,doc_0689
session_00246,doc_0656
session_00246,doc_0291
session_00246,doc_0322
session_00247,doc_0233
session_00247,doc_0617
session_00248,doc_0515
session_00248,doc_0501
session_00248,doc_0507
session_00248,doc_0181
session_00248,doc_0156
session_00249,doc_0322
session_00249,doc_0280
session_00249,doc_0305
session_00249,doc_0297
session_00250,doc_0776
session_00250,doc_0763
session_00250,doc_0884
session_00251,doc_0586
session_00251,doc_0493
session_00251,doc_0502
session_00251,doc_0501
session_00251,doc_0857
session_00251,doc_0865
session_00252,doc_0246
session_00252,doc_0317
session_00253,doc_0534
session_00253,doc_0518
session_00253,doc_0543
session_00254,doc_0625
session_00254,doc_0633
session_00254,doc_0614
session_00254,doc_0618
session_00255,doc_0068
session_00256,doc_0902
session_00257,doc_0757
session_00258,doc_0658
session_00258,doc_0673
session_00258,doc_0390
session_00259,doc_0565
session_00260,doc_0031
session_00260,doc_0097
session_00260,doc_0844
session_00261,doc_0291
session_00262,doc_0844
session_00262,doc_0852
session_00262,doc_0857
session_00262,doc_0870
session_00262,doc_0547
session_00262,doc_0518
session_00263,doc_0327
session_00263,doc_0373
session_00263,doc_0347
session_00264,doc_0757
session_00265,doc_0412
session_00265,doc_0469
session_00265,doc_0458
session_00266,doc_0565
session_00266,doc_0518
session_00266,doc_0322
session_00267,doc_0412
session_00268,doc_0316
session_00268,doc_0322
session_00268,doc_0303
session_00268,doc_0362
session_00269,doc_0148
session_00269,doc_0118
session_00270,doc_0243
session_00270,doc_0263
session_00270,doc_0643
session_00271,doc_0625
session_00271,doc_0779
session_00272,doc_0179
session_00272,doc_0902
session_00273,doc_0504
session_00273,doc_0518
session_00273,doc_0492
session_00274,doc_0031
session_00274,doc_0046
session_00274,doc_0095
session_00274,doc_0434
session_00275,doc_0395
session_00275,doc_0331
session_00275,doc_0392
session_00275,doc_0904
session_00276,doc_0413
session_00277,doc_0673
session_00277,doc_0689
session_00278,doc_0757
session_00279,doc_0156
session_00279,doc_0185
session_00279,doc_0118
session_00280,doc_0031
session_00281,doc_0219
session_00281,doc_0222
session_00281,doc_0243
session_00281,doc_0235
session_00281,doc_0201
session_00282,doc_0412
session_00283,doc_0852
session_00284,doc_0401
session_00284,doc_0331
session_00285,doc_0619
session_00285,doc_0644
session_00285,doc_0599
session_00285,doc_0617
session_00285,doc_0633
session_00285,doc_0485
session_00286,doc_0213
session_00286,doc_0235
session_00286,doc_0754
session_00287,doc_0900
session_00287,doc_0884
session_00287,doc_0894
session_00288,doc_0235
session_00288,doc_0206
session_00288,doc_0247
session_00288,doc_0243
session_00289,doc_0048
session_00289,doc_0011
session_00289,doc_0041
session_00290,doc_0479
session_00291,doc_0754
session_00291,doc_0771
session_00291,doc_0618
session_00292,doc_0068
session_00292,doc_0235
session_00293,doc_0031
session_00293,doc_0027
session_00293,doc_0043
session_00293,doc_0631
session_00294,doc_0579
session_00295,doc_0836
session_00295,doc_0852
session_00295,doc_0871
session_00295,doc_0775
session_00296,doc_0042
session_00297,doc_0852
session_00297,doc_0817
session_00298,doc_0617
session_00298,doc_0633
session_00298,doc_0644
session_00298,doc_0331
session_00299,doc_0565
session_00300,doc_0565
session_00300,doc_0518
session_00300,doc_0584
session_00301,doc_0564
session_00302,doc_0785
session_00302,doc_0926
session_00303,doc_0207
session_00303,doc_0214
session_00303,doc_0211
session_00303,doc_0254
session_00303,doc_0236
session_00303,doc_0423
session_00304,doc_0414
session_00304,doc_0476
session_00304,doc_0472
session_00305,doc_0448
session_00305,doc_0485
session_00305,doc_0469
session_00305,doc_0235
session_00305,doc_0209
session_00305,doc_0251
session_00306,doc_0328
session_00307,doc_0564
session_00307,doc_0583
session_00308,doc_0031
session_00308,doc_0078
session_00308,doc_0638
session_00309,doc_0518
session_00309,doc_0525
session_00309,doc_0565
session_00310,doc_0458
session_00310,doc_0475
session_00311,doc_0316
session_00312,doc_0752
session_00313,doc_0148
session_00313,doc_0320
session_00314,doc_0617
session_00314,doc_0641
session_00314,doc_0457
session_00315,doc_0884
session_00315,doc_0914
session_00315,doc_0229
session_00316,doc_0615
session_00317,doc_0783
session_00318,doc_0316
session_00318,doc_0303
session_00318,doc_0753
session_00319,doc_0228
session_00320,doc_0641
session_00320,doc_0633
session_00320,doc_0634
session_00320,doc_0626
session_00320,doc_0839
session_00321,doc_0852
session_00321,doc_0817
session_00321,doc_0844
session_00322,doc_0844
session_00322,doc_0871
session_00323,doc_0112
session_00323,doc_0168
session_00324,doc_0870
session_00325,doc_0321
session_00325,doc_0322
session_00325,doc_0267
session_00325,doc_0261
session_00325,doc_0242
session_00326,doc_0291
session_00326,doc_0322
session_00326,doc_0276
session_00326,doc_0316
session_00327,doc_0515
session_00328,doc_0031
session_00328,doc_0469
session_00329,doc_0319
session_00330,doc_0077
session_00330,doc_0063
session_00330,doc_0050
session_00330,doc_0322
session_00330,doc_0280
session_00331,doc_0068
session_00332,doc_0102
session_00332,doc_0078
session_00332,doc_0906
session_00333,doc_0051
session_00333,doc_0017
session_00333,doc_0331
session_00333,doc_0401
session_00334,doc_0641
session_00334,doc_0621
session_00334,doc_0618
session_00334,doc_0294
session_00335,doc_0322
session_00335,doc_0305
session_00336,doc_0852
session_00336,doc_0759
session_00337,doc_0515
session_00337,doc_0534
session_00337,doc_0732
session_00338,doc_0373
session_00338,doc_0402
session_00339,doc_0533
session_00339,doc_0555
session_00339,doc_0011
session_00340,doc_0235
session_00340,doc_0201
session_00341,doc_0187
session_00342,doc_0280
session_00342,doc_0757
session_00343,doc_0303
session_00344,doc_0031
session_00345,doc_0031
session_00346,doc_0755
session_00346,doc_0752
session_00347,doc_0815
session_00347,doc_0852
session_00348,doc_0150
session_00348,doc_0080
session_00349,doc_0487
session_00349,doc_0421
session_00349,doc_0222
session_00350,doc_0360
session_00350,doc_0401
session_00351,doc_0673
session_00351,doc_0697
session_00351,doc_0933
session_00352,doc_0761
session_00353,doc_0010
session_00354,doc_0500
session_00354,doc_0518
session_00354,doc_0520
session_00355,doc_0360
session_00356,doc_0656
session_00357,doc_0374
session_00357,doc_0377
session_00357,doc_0349
session_00357,doc_0681
session_00357,doc_0651
session_00358,doc_0621
session_00358,doc_0641
session_00358,doc_0630
session_00358,doc_0608
session_00358,doc_0599
session_00359,doc_0491
session_00360,doc_0365
session_00361,doc_0501
session_00362,doc_0564
session_00362,doc_0558
session_00363,doc_0754
session_00363,doc_0765
session_00363,doc_0752
session_00364,doc_0297
session_00364,doc_0322
session_00364,doc_0316
session_00364,doc_0401
session_00365,doc_0373
session_00365,doc_0351
session_00366,doc_0564
session_00366,doc_0518
session_00366,doc_0502
session_00367,doc_0401
session_00368,doc_0331
session_00369,doc_0617
session_00369,doc_0601
session_00369,doc_0035
session_00370,doc_0306
session_00370,doc_0291
session_00370,doc_0833
session_00371,doc_0914
session_00371,doc_0884
session_00372,doc_0459
session_00373,doc_0878
session_00373,doc_0902
session_00374,doc_0169
session_00375,doc_0476
session_00376,doc_0148
session_00376,doc_0181
session_00376,doc_0152
session_00376,doc_0179
session_00376,doc_0192
session_00377,doc_0292
session_00377,doc_0291
session_00377,doc_0305
session_00377,doc_0276
session_00377,doc_0313
session_00377,doc_0909
session_00378,doc_0754
session_00378,doc_0752
session_00378,doc_0732
session_00378,doc_0599
session_00379,doc_0322
session_00380,doc_0545
session_00380,doc_0020
session_00381,doc_0458
session_00381,doc_0446
session_00381,doc_0648
session_00382,doc_0852
session_00382,doc_0824
session_00382,doc_0754
session_00383,doc_0048
session_00383,doc_0031
session_00384,doc_0914
session_00384,doc_0907
session_00384,doc_0919
session_00384,doc_0884
session_00384,doc_0391
session_00385,doc_0140
session_00385,doc_0179
session_00385,doc_0183
session_00385,doc_0422
session_00386,doc_0458
session_00386,doc_0476
session_00386,doc_0469
session_00386,doc_0443
session_00386,doc_0752
session_00386,doc_0744
session_00387,doc_0755
session_00387,doc_0754
session_00388,doc_0590
session_00388,doc_0518
session_00388,doc_0073
session_00388,doc_0068
session_00389,doc_0507
session_00389,doc_0498
session_00389,doc_0572
session_00389,doc_0296
session_00389,doc_0322
session_00390,doc_0870
session_00391,doc_0469
session_00391,doc_0260
session_00392,doc_0063
session_00392,doc_0068
session_00393,doc_0673
session_00394,doc_0338
session_00394,doc_0331
session_00394,doc_0403
session_00394,doc_0876
session_00395,doc_0917
session_00395,doc_0894
session_00395,doc_0877
session_00396,doc_0689
session_00396,doc_0657
session_00396,doc_0695
session_00396,doc_0914
session_00397,doc_0757
session_00397,doc_0729
session_00397,doc_0754
session_00397,doc_0813
session_00398,doc_0331
session_00398,doc_0031
session_00399,doc_0184
session_00399,doc_0118
session_00399,doc_0152
session_00399,doc_0031
session_00400,doc_0068
session_00400,doc_0065
session_00401,doc_0034
session_00402,doc_0291
session_00403,doc_0754
session_00403,doc_0793
session_00403,doc_0757
session_00403,doc_0434
session_00403,doc_0469
session_00404,doc_0900
session_00404,doc_0914
session_00404,doc_0656
session_00405,doc_0852
session_00405,doc_0373
session_00406,doc_0564
session_00407,doc_0246
session_00407,doc_0245
session_00407,doc_0618
session_00408,doc_0565
session_00409,doc_0224
session_00409,doc_0207
session_00410,doc_0565
session_00411,doc_0303
session_00412,doc_0065
session_00413,doc_0001
session_00413,doc_0031
session_00413,doc_0068
session_00414,doc_0031
session_00414,doc_0569
session_00415,doc_0322
session_00415,doc_0295
session_00415,doc_0291
session_00415,doc_0323
session_00416,doc_0043
session_00416,doc_0032
session_00416,doc_0914
session_00417,doc_0658
session_00418,doc_0707
session_00418,doc_0689
session_00418,doc_0402
session_00419,doc_0656
session_00420,doc_0724
session_00420,doc_0754
session_00420,doc_0801
session_00421,doc_0456
session_00421,doc_0430
session_00422,doc_0331
session_00422,doc_0171
session_00423,doc_0397
session_00423,doc_0331
session_00423,doc_0373
session_00423,doc_0364
session_00424,doc_0856
session_00425,doc_0501
session_00426,doc_0617
session_00426,doc_0625
session_00426,doc_0634
session_00427,doc_0142
session_00427,doc_0148
session_00427,doc_0114
session_00427,doc_0119
session_00428,doc_0476
session_00429,doc_0031
session_00429,doc_0002
session_00430,doc_0148
session_00430,doc_0156
session_00431,doc_0523
session_00432,doc_0914
session_00432,doc_0897
session_00433,doc_0756
session_00433,doc_0803
session_00433,doc_0207
session_00434,doc_0068
session_00434,doc_0019
session_00434,doc_0617
session_00435,doc_0068
session_00436,doc_0443
session_00436,doc_0411
session_00437,doc_0323
session_00437,doc_0322
session_00437,doc_0109
session_00438,doc_0860
session_00438,doc_0852
session_00438,doc_0845
session_00438,doc_0843
session_00439,doc_0031
session_00440,doc_0458
session_00440,doc_0412
session_00440,doc_0481
session_00441,doc_0935
session_00441,doc_0910
session_00441,doc_0706
session_00441,doc_0656
session_00442,doc_0331
session_00443,doc_0172
session_00443,doc_0152
session_00443,doc_0276
session_00444,doc_0754
session_00444,doc_0765
session_00444,doc_0517
session_00445,doc_0291
session_00445,doc_0297
session_00445,doc_0322
session_00445,doc_0381
session_00445,doc_0331
session_00446,doc_0156
session_00447,doc_0481
session_00448,doc_0531
session_00449,doc_0617
session_00450,doc_0757
session_00450,doc_0518
session_00451,doc_0041
session_00452,doc_0246
session_00453,doc_0917
session_00453,doc_0889
session_00453,doc_0403
session_00453,doc_0331
session_00454,doc_0914
session_00454,doc_0934
session_00454,doc_0912
session_00454,doc_0666
session_00454,doc_0673
session_00454,doc_0681
session_00455,doc_0099
session_00455,doc_0031
session_00455,doc_0173
session_00456,doc_0871
session_00456,doc_0852
session_00456,doc_0858
session_00456,doc_0818
session_00456,doc_0235
session_00457,doc_0685
session_00458,doc_0620
session_00459,doc_0715
session_00459,doc_0714
session_00460,doc_0333
session_00460,doc_0373
session_00460,doc_0332
session_00460,doc_0899
session_00460,doc_0917
session_00461,doc_0673
session_00462,doc_0063
session_00462,doc_0018
session_00463,doc_0322
session_00463,doc_0325
session_00464,doc_0031
session_00464,doc_0032
session_00464,doc_0565
session_00465,doc_0852
session_00465,doc_0844
session_00465,doc_0862
session_00465,doc_0752
session_00465,doc_0757
session_00466,doc_0334
session_00466,doc_0331
session_00466,doc_0401
session_00467,doc_0031
session_00467,doc_0412
session_00468,doc_0080
session_00469,doc_0305
session_00469,doc_0295
session_00469,doc_0303
session_00469,doc_0321
session_00469,doc_0287
session_00470,doc_0402
session_00470,doc_0401
session_00470,doc_0518
session_00470,doc_0565
session_00471,doc_0430
session_00471,doc_0469
session_00472,doc_0179
session_00472,doc_0331
session_00473,doc_0091
session_00474,doc_0473
session_00474,doc_0394
session_00475,doc_0322
session_00475,doc_0312
session_00475,doc_0121
session_00476,doc_0842
session_00476,doc_0848
session_00477,doc_0068
session_00478,doc_0046
session_00478,doc_0009
session_00479,doc_0895
session_00480,doc_0264
session_00481,doc_0662
session_00481,doc_0689
session_00481,doc_0699
session_00481,doc_0673
session_00481,doc_0340
session_00481,doc_0342
session_00482,doc_0658
session_00482,doc_0673
session_00482,doc_0701
session_00482,doc_0068
session_00483,doc_0902
session_00483,doc_0914
session_00483,doc_0879
session_00484,doc_0502
session_00484,doc_0565
session_00484,doc_0546
session_00485,doc_0892
session_00486,doc_0564
session_00487,doc_0675
session_00488,doc_0476
session_00488,doc_0475
session_00489,doc_0673
session_00489,doc_0703
session_00489,doc_0381
session_00490,doc_0669
session_00490,doc_0695
session_00490,doc_0031
session_00490,doc_0042
session_00491,doc_0914
session_00491,doc_0912
session_00491,doc_0931
session_00491,doc_0902
session_00492,doc_0391
session_00493,doc_0652
session_00493,doc_0699
session_00494,doc_0098
session_00494,doc_0041
session_00494,doc_0284
session_00495,doc_0676
session_00495,doc_0707
session_00495,doc_0654
session_00495,doc_0673
session_00496,doc_0658
session_00496,doc_0695
session_00496,doc_0369
session_00496,doc_0359
session_00497,doc_0121
session_00497,doc_0148
session_00497,doc_0143
session_00497,doc_0920
session_00498,doc_0617
session_00498,doc_0623
session_00498,doc_0305
session_00498,doc_0322
session_00499,doc_0855
session_00500,doc_0031
session_00500,doc_0043
session_00501,doc_0565
session_00501,doc_0229
session_00502,doc_0031
session_00502,doc_0041
session_00502,doc_0063
session_00502,doc_0900
session_00503,doc_0092
session_00503,doc_0063
session_00504,doc_0615
session_00504,doc_0617
session_00504,doc_0631
session_00505,doc_0031
session_00506,doc_0331
session_00506,doc_0369
session_00506,doc_0404
session_00506,doc_0367
session_00506,doc_0392
session_00506,doc_0769
session_00507,doc_0359
session_00507,doc_0617
session_00508,doc_0222
session_00508,doc_0224
session_00509,doc_0621
session_00509,doc_0602
session_00509,doc_0644
session_00509,doc_0617
session_00509,doc_0730
session_00509,doc_0757
session_00510,doc_0518
session_00510,doc_0492
session_00510,doc_0802
session_00511,doc_0240
session_00511,doc_0235
session_00511,doc_0291
session_00512,doc_0248
session_00512,doc_0261
session_00512,doc_0206
session_00513,doc_0168
session_00513,doc_0180
session_00513,doc_0126
session_00513,doc_0152
session_00513,doc_0381
session_00514,doc_0595
session_00514,doc_0048
session_00515,doc_0261
session_00515,doc_0229
session_00516,doc_0764
session_00517,doc_0876
session_00518,doc_0384
session_00519,doc_0839
session_00519,doc_0850
session_00520,doc_0680
session_00521,doc_0515
session_00521,doc_0564
session_00521,doc_0493
session_00522,doc_0168
session_00522,doc_0106
session_00522,doc_0133
session_00522,doc_0331
session_00523,doc_0203
session_00524,doc_0469
session_00524,doc_0413
session_00524,doc_0481
session_00525,doc_0783
session_00525,doc_0796
session_00525,doc_0757
session_00525,doc_0743
session_00526,doc_0565
session_00526,doc_0535
session_00526,doc_0601
session_00527,doc_0373
session_00527,doc_0369
session_00527,doc_0337
session_00527,doc_0350
session_00527,doc_0476
session_00528,doc_0618
session_00528,doc_0624
session_00528,doc_0617
session_00528,doc_0240
session_00529,doc_0373
session_00529,doc_0402
session_00530,doc_0031
session_00530,doc_0041
session_00530,doc_0878
session_00530,doc_0894
session_00531,doc_0458
session_00532,doc_0858
session_00533,doc_0337
session_00533,doc_0331
session_00533,doc_0336
session_00534,doc_0180
session_00534,doc_0179
session_00534,doc_0160
session_00535,doc_0148
session_00536,doc_0235
session_00536,doc_0229
session_00537,doc_0391
session_00537,doc_0341
session_00537,doc_0401
session_00537,doc_0402
session_00538,doc_0302
session_00538,doc_0322
session_00539,doc_0845
session_00540,doc_0507
session_00540,doc_0573
session_00541,doc_0641
session_00541,doc_0631
session_00541,doc_0617
session_00541,doc_0621
session_00542,doc_0122
session_00542,doc_0161
session_00542,doc_0284
session_00543,doc_0103
session_00544,doc_0675
session_00544,doc_0658
session_00544,doc_0118
session_00545,doc_0085
session_00546,doc_0206
session_00546,doc_0216
session_00547,doc_0516
session_00547,doc_0493
session_00547,doc_0518
session_00548,doc_0261
session_00549,doc_0518
session_00549,doc_0040
session_00550,doc_0564
session_00550,doc_0502
session_00550,doc_0905
session_00551,doc_0373
session_00551,doc_0369
session_00551,doc_0884
session_00551,doc_0914
session_00552,doc_0120
session_00552,doc_0161
session_00553,doc_0254
session_00553,doc_0214
session_00554,doc_0412
session_00554,doc_0471
session_00555,doc_0048
session_00555,doc_0555
session_00556,doc_0595
session_00557,doc_0698
session_00557,doc_0697
session_00558,doc_0754
session_00558,doc_0779
session_00559,doc_0476
session_00560,doc_0813
session_00560,doc_0754
session_00561,doc_0744
session_00561,doc_0727
session_00561,doc_0790
session_00561,doc_0518
session_00561,doc_0540
session_00562,doc_0914
session_00563,doc_0068
session_00563,doc_0518
session_00564,doc_0898
session_00564,doc_0889
session_00565,doc_0331
session_00565,doc_0351
session_00566,doc_0469
session_00566,doc_0412
session_00566,doc_0748
session_00567,doc_0594
session_00567,doc_0635
session_00568,doc_0727
session_00568,doc_0774
session_00569,doc_0565
session_00569,doc_0535
session_00569,doc_0501
session_00569,doc_0764
session_00570,doc_0502
session_00570,doc_0507
session_00570,doc_0583
session_00571,doc_0689
session_00571,doc_0681
session_00571,doc_0688
session_00571,doc_0401
session_00571,doc_0373
session_00572,doc_0618
session_00573,doc_0659
session_00574,doc_0282
session_00575,doc_0369
session_00575,doc_0331
session_00575,doc_0381
session_00575,doc_0354
session_00575,doc_0401
session_00576,doc_0617
session_00576,doc_0627
session_00576,doc_0644
session_00576,doc_0373
session_00577,doc_0280
session_00578,doc_0681
session_00579,doc_0246
session_00579,doc_0243
session_00580,doc_0162
session_00581,doc_0331
session_00581,doc_0892
session_00582,doc_0031
session_00582,doc_0048
session_00582,doc_0005
session_00582,doc_0561
session_00583,doc_0322
session_00583,doc_0291
session_00583,doc_0326
session_00583,doc_0639
session_00584,doc_0757
session_00585,doc_0102
session_00586,doc_0322
session_00586,doc_0326
session_00586,doc_0334
session_00587,doc_0019
session_00587,doc_0492
session_00588,doc_0372
session_00588,doc_0341
session_00588,doc_0373
session_00588,doc_0663
session_00589,doc_0058
session_00589,doc_0068
session_00589,doc_0597
session_00590,doc_0757
session_00590,doc_0790
session_00591,doc_0565
session_00591,doc_0518
session_00591,doc_0564
session_00591,doc_0845
session_00591,doc_0836
session_00591,doc_0852
session_00592,doc_0843
session_00592,doc_0852
session_00592,doc_0832
session_00592,doc_0712
session_00592,doc_0709
session_00593,doc_0629
session_00593,doc_0621
session_00593,doc_0599
session_00593,doc_0297
session_00594,doc_0617
session_00594,doc_0644
session_00594,doc_0658
session_00595,doc_0469
session_00595,doc_0433
session_00595,doc_0331
session_00596,doc_0615
session_00596,doc_0628
session_00596,doc_0456
session_00597,doc_0614
session_00597,doc_0596
session_00597,doc_0914
session_00597,doc_0910
session_00598,doc_0802
session_00598,doc_0757
session_00598,doc_0673
session_00598,doc_0656
session_00599,doc_0584
session_00600,doc_0518
session_00600,doc_0493
session_00600,doc_0544
session_00601,doc_0082
session_00601,doc_0083
session_00601,doc_0626
session_00602,doc_0252
session_00602,doc_0213
session_00602,doc_0243
session_00602,doc_0291
session_00603,doc_0719
session_00603,doc_0792
session_00603,doc_0757
session_00603,doc_0803
session_00603,doc_0754
session_00603,doc_0869
session_00604,doc_0011
session_00604,doc_0323
session_00605,doc_0797
session_00605,doc_0728
session_00605,doc_0754
session_00605,doc_0727
session_00606,doc_0235
session_00607,doc_0209
session_00608,doc_0170
session_00608,doc_0187
session_00608,doc_0148
session_00608,doc_0141
session_00608,doc_0175
session_00609,doc_0276
session_00610,doc_0238
session_00610,doc_0203
session_00611,doc_0208
session_00611,doc_0229
session_00611,doc_0248
session_00611,doc_0658
session_00612,doc_0031
session_00612,doc_0048
session_00613,doc_0757
session_00614,doc_0469
session_00615,doc_0204
session_00615,doc_0235
session_00616,doc_0270
session_00616,doc_0293
session_00616,doc_0297
session_00616,doc_0381
session_00617,doc_0565
session_00617,doc_0575
session_00617,doc_0754
session_00618,doc_0592
session_00618,doc_0582
session_00618,doc_0518
session_00618,doc_0507
session_00619,doc_0458
session_00619,doc_0476
session_00619,doc_0438
session_00620,doc_0843
session_00620,doc_0852
session_00621,doc_0742
session_00622,doc_0912
session_00623,doc_0556
session_00623,doc_0750
session_00624,doc_0560
session_00624,doc_0502
session_00625,doc_0518
session_00626,doc_0246
session_00627,doc_0322
session_00627,doc_0305
session_00627,doc_0276
session_00627,doc_0291
session_00627,doc_0175
session_00628,doc_0370
session_00629,doc_0736
session_00629,doc_0765
session_00629,doc_0889
session_00629,doc_0921
session_00630,doc_0194
session_00631,doc_0852
session_00631,doc_0858
session_00631,doc_0822
session_00631,doc_0904
session_00632,doc_0365
session_00633,doc_0843
session_00634,doc_0258
session_00635,doc_0471
session_00635,doc_0423
session_00636,doc_0469
session_00636,doc_0410
session_00637,doc_0783
session_00637,doc_0884
session_00638,doc_0031
session_00639,doc_0476
session_00639,doc_0460
session_00639,doc_0458
session_00640,doc_0048
session_00641,doc_0424
session_00641,doc_0412
session_00641,doc_0455
session_00641,doc_0434
session_00642,doc_0016
session_00642,doc_0054
session_00642,doc_0518
session_00643,doc_0176
session_00643,doc_0358
session_00644,doc_0692
session_00645,doc_0235
session_00645,doc_0260
session_00645,doc_0229
session_00646,doc_0073
session_00647,doc_0514
session_00647,doc_0518
session_00647,doc_0492
session_00648,doc_0929
session_00648,doc_0892
session_00648,doc_0683
session_00649,doc_0641
session_00649,doc_0644
session_00650,doc_0841
session_00650,doc_0842
session_00650,doc_0706
session_00651,doc_0065
session_00651,doc_0057
session_00651,doc_0101
session_00652,doc_0273
session_00652,doc_0148
session_00653,doc_0246
session_00653,doc_0260
session_00654,doc_0182
session_00654,doc_0331
session_00655,doc_0050
session_00656,doc_0148
session_00656,doc_0133
session_00656,doc_0168
session_00656,doc_0176
session_00656,doc_0689
session_00656,doc_0679
session_00657,doc_0858
session_00657,doc_0810
session_00657,doc_0804
session_00657,doc_0832
session_00658,doc_0617
session_00658,doc_0084
session_00659,doc_0843
session_00659,doc_0857
session_00659,doc_0840
session_00659,doc_0829
session_00659,doc_0615
session_00660,doc_0322
session_00660,doc_0276
session_00661,doc_0671
session_00661,doc_0905
session_00662,doc_0295
session_00662,doc_0278
session_00662,doc_0276
session_00663,doc_0518
session_00663,doc_0565
session_00663,doc_0559
session_00663,doc_0586
session_00663,doc_0783
session_00664,doc_0584
session_00664,doc_0518
session_00664,doc_0291
session_00665,doc_0068
session_00665,doc_0015
session_00665,doc_0048
session_00665,doc_0042
session_00666,doc_0126
session_00666,doc_0117
session_00666,doc_0152
session_00666,doc_0168
session_00666,doc_0112
session_00666,doc_0373
session_00667,doc_0502
session_00668,doc_0586
session_00669,doc_0752
session_00669,doc_0802
session_00669,doc_0754
session_00669,doc_0724
session_00669,doc_0774
session_00669,doc_0757
session_00670,doc_0220
session_00670,doc_0235
session_00670,doc_0229
session_00671,doc_0754
session_00671,doc_0783
session_00671,doc_0752
session_00671,doc_0509
session_00672,doc_0043
session_00672,doc_0076
session_00673,doc_0246
session_00673,doc_0229
session_00674,doc_0476
session_00674,doc_0331
session_00675,doc_0907
session_00675,doc_0878
session_00675,doc_0905
session_00676,doc_0373
session_00677,doc_0914
session_00677,doc_0412
session_00678,doc_0373
session_00679,doc_0882
session_00679,doc_0900
session_00679,doc_0676
session_00680,doc_0392
session_00680,doc_0373
session_00680,doc_0352
session_00680,doc_0434
session_00681,doc_0148
session_00681,doc_0157
session_00682,doc_0617
session_00683,doc_0179
session_00684,doc_0027
session_00684,doc_0082
session_00685,doc_0532
session_00686,doc_0661
session_00686,doc_0700
session_00686,doc_0703
session_00686,doc_0702
session_00686,doc_0914
session_00687,doc_0565
session_00687,doc_0536
session_00688,doc_0631
session_00688,doc_0867
session_00689,doc_0152
session_00689,doc_0179
session_00689,doc_0148
session_00689,doc_0291
session_00690,doc_0869
session_00691,doc_0437
session_00691,doc_0469
session_00692,doc_0290
session_00693,doc_0098
session_00693,doc_0034
session_00693,doc_0068
session_00693,doc_0031
session_00693,doc_0063
session_00693,doc_0862
session_00694,doc_0914
session_00694,doc_0667
session_00695,doc_0914
session_00696,doc_0608
session_00696,doc_0644
session_00696,doc_0428
session_00697,doc_0518
session_00698,doc_0502
session_00698,doc_0518
session_00699,doc_0656
session_00699,doc_0673
session_00699,doc_0651
session_00699,doc_0690
session_00700,doc_0514
session_00701,doc_0098
session_00701,doc_0019
session_00701,doc_0031
session_00701,doc_0870
session_00702,doc_0810
session_00702,doc_0852
session_00703,doc_0373
session_00704,doc_0031
session_00704,doc_0006
session_00704,doc_0048
session_00704,doc_0034
session_00705,doc_0893
session_00705,doc_0914
session_00706,doc_0229
session_00706,doc_0235
session_00706,doc_0201
session_00706,doc_0232
session_00706,doc_0868
session_00707,doc_0749
session_00708,doc_0731
session_00708,doc_0754
session_00708,doc_0792
session_00708,doc_0493
session_00708,doc_0509
session_00709,doc_0673
session_00710,doc_0445
session_00710,doc_0464
session_00711,doc_0177
session_00711,doc_0170
session_00712,doc_0138
session_00713,doc_0377
session_00713,doc_0331
session_00714,doc_0063
session_00714,doc_0031
session_00715,doc_0641
session_00716,doc_0836
session_00717,doc_0376
session_00718,doc_0783
session_00718,doc_0754
session_00718,doc_0734
session_00719,doc_0689
session_00719,doc_0434
session_00720,doc_0025
session_00720,doc_0101
session_00720,doc_0099
session_00720,doc_0068
session_00720,doc_0559
session_00720,doc_0544
session_00721,doc_0852
session_00722,doc_0518
session_00722,doc_0557
session_00723,doc_0796
session_00724,doc_0618
session_00724,doc_0634
session_00724,doc_0595
session_00724,doc_0638
session_00725,doc_0101
session_00725,doc_0031
session_00725,doc_0660
session_00725,doc_0691
session_00726,doc_0206
session_00726,doc_0207
session_00726,doc_0709
session_00726,doc_0689
session_00727,doc_0765
session_00727,doc_0547
session_00728,doc_0544
session_00728,doc_0518
session_00728,doc_0752
session_00729,doc_0769
session_00730,doc_0243
session_00730,doc_0216
session_00730,doc_0203
session_00731,doc_0179
session_00731,doc_0112
session_00731,doc_0168
session_00732,doc_0322
session_00732,doc_0229
session_00733,doc_0413
session_00734,doc_0235
session_00735,doc_0331
session_00735,doc_0339
session_00736,doc_0598
session_00736,doc_0641
session_00736,doc_0621
session_00736,doc_0620
session_00736,doc_0043
session_00736,doc_0011
session_00737,doc_0031
session_00737,doc_0091
session_00737,doc_0518
session_00738,doc_0144
session_00738,doc_0152
session_00738,doc_0316
session_00739,doc_0856
session_00739,doc_0870
session_00739,doc_0752
session_00739,doc_0713
session_00740,doc_0238
session_00741,doc_0595
session_00741,doc_0630
session_00741,doc_0617
session_00742,doc_0617
session_00742,doc_0732
session_00743,doc_0091
session_00743,doc_0063
session_00743,doc_0015
session_00743,doc_0034
session_00744,doc_0656
session_00744,doc_0650
session_00744,doc_0689
session_00745,doc_0328
session_00746,doc_0587
session_00746,doc_0543
session_00746,doc_0535
session_00746,doc_0493
session_00747,doc_0549
session_00747,doc_0518
session_00748,doc_0229
session_00749,doc_0101
session_00750,doc_0476
session_00750,doc_0487
session_00751,doc_0518
session_00751,doc_0565
session_00751,doc_0513
session_00751,doc_0331
session_00752,doc_0621
session_00753,doc_0689
session_00753,doc_0699
session_00753,doc_0235
session_00754,doc_0658
session_00754,doc_0652
session_00754,doc_0894
session_00755,doc_0476
session_00755,doc_0429
session_00755,doc_0608
session_00756,doc_0905
session_00757,doc_0493
session_00757,doc_0502
session_00758,doc_0514
session_00758,doc_0555
session_00759,doc_0754
session_00760,doc_0617
session_00761,doc_0565
session_00761,doc_0546
session_00761,doc_0518
session_00761,doc_0762
session_00762,doc_0469
session_00763,doc_0584
session_00763,doc_0267
session_00764,doc_0322
session_00765,doc_0689
session_00765,doc_0673
session_00766,doc_0673
session_00766,doc_0402
session_00767,doc_0235
session_00768,doc_0879
session_00768,doc_0900
session_00769,doc_0469
session_00770,doc_0900
session_00770,doc_0902
session_00771,doc_0148
session_00771,doc_0156
session_00771,doc_0152
session_00771,doc_0310
session_00772,doc_0091
session_00772,doc_0063
session_00772,doc_0095
session_00772,doc_0502
session_00773,doc_0469
session_00773,doc_0446
session_00773,doc_0617
session_00774,doc_0121
session_00774,doc_0318
session_00775,doc_0235
session_00776,doc_0544
session_00776,doc_0518
session_00776,doc_0565
session_00776,doc_0047
session_00777,doc_0087
session_00777,doc_0034
session_00778,doc_0276
session_00779,doc_0331
session_00779,doc_0402
session_00779,doc_0169
session_00780,doc_0493
session_00780,doc_0526
session_00780,doc_0555
session_00780,doc_0394
session_00781,doc_0798
session_00782,doc_0187
session_00782,doc_0122
session_00782,doc_0317
session_00782,doc_0269
session_00783,doc_0373
session_00783,doc_0402
session_00784,doc_0636
session_00784,doc_0644
session_00785,doc_0012
session_00785,doc_0069
session_00785,doc_0031
session_00785,doc_0019
session_00785,doc_0041
session_00785,doc_0063
session_00786,doc_0373
session_00787,doc_0833
session_00787,doc_0754
session_00788,doc_0072
session_00788,doc_0048
session_00788,doc_0031
session_00788,doc_0068
session_00789,doc_0555
session_00789,doc_0565
session_00789,doc_0547
session_00789,doc_0036
session_00790,doc_0914
session_00790,doc_0127
session_00791,doc_0504
session_00791,doc_0493
session_00792,doc_0535
session_00792,doc_0513
session_00792,doc_0561
session_00793,doc_0027
session_00793,doc_0504
session_00794,doc_0113
session_00794,doc_0148
session_00795,doc_0443
session_00795,doc_0246
session_00796,doc_0115
session_00796,doc_0118
session_00797,doc_0579
session_00797,doc_0542
session_00798,doc_0884
session_00799,doc_0047
session_00800,doc_0644
session_00801,doc_0728
session_00802,doc_0120
session_00803,doc_0441
session_00804,doc_0932
session_00804,doc_0884
session_00804,doc_0902
session_00805,doc_0490
session_00806,doc_0617
session_00806,doc_0618
session_00806,doc_0037
session_00807,doc_0029
session_00807,doc_0495
session_00808,doc_0914
session_00808,doc_0897
session_00808,doc_0754
session_00809,doc_0211
session_00810,doc_0757
session_00810,doc_0754
session_00810,doc_0795
session_00811,doc_0031
session_00812,doc_0752
session_00812,doc_0789
session_00812,doc_0783
session_00812,doc_0748
session_00812,doc_0845
session_00812,doc_0847
session_00813,doc_0914
session_00814,doc_0293
session_00814,doc_0305
session_00814,doc_0394
session_00815,doc_0726
session_00815,doc_0769
session_00815,doc_0732
session_00815,doc_0754
session_00816,doc_0535
session_00816,doc_0592
session_00817,doc_0148
session_00817,doc_0120
session_00817,doc_0121
session_00818,doc_0926
session_00818,doc_0935
session_00818,doc_0031
session_00818,doc_0068
session_00819,doc_0441
session_00819,doc_0469
session_00820,doc_0525
session_00821,doc_0509
session_00821,doc_0631
session_00822,doc_0068
session_00822,doc_0048
session_00823,doc_0235
session_00823,doc_0243
session_00823,doc_0234
session_00824,doc_0434
session_00825,doc_0369
session_00825,doc_0339
session_00825,doc_0104
session_00826,doc_0469
session_00827,doc_0091
session_00827,doc_0028
session_00827,doc_0043
session_00828,doc_0048
session_00828,doc_0035
session_00828,doc_0046
session_00829,doc_0807
session_00830,doc_0870
session_00830,doc_0852
session_00831,doc_0774
session_00831,doc_0795
session_00832,doc_0518
session_00833,doc_0148
session_00834,doc_0518
session_00834,doc_0551
session_00834,doc_0011
session_00835,doc_0046
session_00836,doc_0229
session_00837,doc_0763
session_00838,doc_0643
session_00838,doc_0596
session_00838,doc_0613
session_00838,doc_0870
session_00839,doc_0469
session_00839,doc_0479
session_00840,doc_0894
session_00840,doc_0921
session_00840,doc_0724
session_00841,doc_0220
session_00841,doc_0216
session_00841,doc_0276
session_00841,doc_0322
session_00842,doc_0434
session_00842,doc_0471
session_00842,doc_0858
session_00843,doc_0281
session_00843,doc_0708
session_00844,doc_0617
session_00844,doc_0634
session_00844,doc_0633
session_00844,doc_0627
session_00844,doc_0644
session_00845,doc_0376
session_00846,doc_0659
session_00846,doc_0673
session_00847,doc_0310
session_00847,doc_0319
session_00848,doc_0222
session_00848,doc_0213
session_00849,doc_0754
session_00849,doc_0774
session_00849,doc_0792
session_00849,doc_0783
session_00849,doc_0737
session_00850,doc_0900
session_00850,doc_0331
session_00851,doc_0434
session_00852,doc_0322
session_00852,doc_0291
session_00852,doc_0316
session_00852,doc_0386
session_00853,doc_0183
session_00853,doc_0159
session_00853,doc_0342
session_00854,doc_0460
session_00854,doc_0420
session_00854,doc_0148
session_00855,doc_0732
session_00855,doc_0801
session_00855,doc_0754
session_00855,doc_0763
session_00856,doc_0705
session_00856,doc_0673
session_00856,doc_0699
session_00856,doc_0884
session_00857,doc_0689
session_00857,doc_0666
session_00857,doc_0699
session_00858,doc_0166
session_00859,doc_0443
session_00859,doc_0425
session_00859,doc_0476
session_00859,doc_0618
session_00860,doc_0151
session_00860,doc_0152
session_00860,doc_0363
session_00861,doc_0769
session_00861,doc_0732
session_00861,doc_0783
session_00861,doc_0764
session_00862,doc_0700
session_00862,doc_0689
session_00863,doc_0181
session_00863,doc_0112
session_00864,doc_0914
session_00864,doc_0892
session_00864,doc_0336
session_00865,doc_0914
session_00866,doc_0328
session_00867,doc_0518
session_00867,doc_0535
session_00867,doc_0542
session_00867,doc_0584
session_00867,doc_0755
session_00867,doc_0732
session_00868,doc_0882
session_00869,doc_0617
session_00869,doc_0634
session_00869,doc_0612
session_00870,doc_0754
session_00870,doc_0752
session_00870,doc_0783
session_00871,doc_0469
session_00871,doc_0326
session_00872,doc_0345
session_00872,doc_0331
session_00872,doc_0369
session_00872,doc_0433
session_00872,doc_0411
session_00873,doc_0858
session_00873,doc_0825
session_00873,doc_0818
session_00873,doc_0727
session_00874,doc_0673
session_00874,doc_0656
session_00874,doc_0674
session_00874,doc_0346
session_00874,doc_0352
session_00875,doc_0498
session_00875,doc_0493
session_00875,doc_0592
session_00876,doc_0212
session_00877,doc_0068
session_00877,doc_0518
session_00878,doc_0460
session_00878,doc_0476
session_00878,doc_0576
session_00879,doc_0041
session_00879,doc_0101
session_00879,doc_0299
session_00880,doc_0890
session_00880,doc_0908
session_00880,doc_0935
session_00881,doc_0857
session_00882,doc_0293
session_00883,doc_0229
session_00883,doc_0246
session_00883,doc_0194
session_00883,doc_0228
session_00884,doc_0203
session_00885,doc_0143
session_00885,doc_0148
session_00886,doc_0401
session_00886,doc_0366
session_00886,doc_0342
session_00886,doc_0331
session_00887,doc_0894
session_00888,doc_0278
session_00888,doc_0322
session_00889,doc_0120
session_00889,doc_0118
session_00889,doc_0182
session_00890,doc_0152
session_00890,doc_0118
session_00890,doc_0322
session_00890,doc_0286
session_00891,doc_0870
session_00892,doc_0068
session_00892,doc_0703
session_00893,doc_0870
session_00893,doc_0830
session_00893,doc_0843
session_00893,doc_0845
session_00894,doc_0331
session_00894,doc_0380
session_00895,doc_0149
session_00895,doc_0174
session_00896,doc_0658
session_00896,doc_0676
session_00896,doc_0118
session_00897,doc_0331
session_00897,doc_0434
session_00898,doc_0900
session_00898,doc_0878
session_00898,doc_0884
session_00898,doc_0902
session_00898,doc_0402
session_00899,doc_0119
session_00899,doc_0191
session_00899,doc_0354
session_00900,doc_0758
session_00900,doc_0740
session_00901,doc_0182
session_00901,doc_0181
session_00901,doc_0156
session_00901,doc_0392
session_00901,doc_0331
session_00902,doc_0310
session_00902,doc_0291
session_00903,doc_0179
session_00903,doc_0148
session_00903,doc_0276
session_00904,doc_0146
session_00905,doc_0627
session_00905,doc_0617
session_00905,doc_0475
session_00906,doc_0244
session_00906,doc_0211
session_00907,doc_0148
session_00907,doc_0159
session_00907,doc_0199
session_00907,doc_0238
session_00908,doc_0307
session_00909,doc_0203
session_00909,doc_0208
session_00910,doc_0322
session_00911,doc_0019
session_00911,doc_0617
session_00912,doc_0871
session_00913,doc_0235
session_00913,doc_0252
session_00913,doc_0231
session_00914,doc_0182
session_00915,doc_0321
session_00915,doc_0291
session_00916,doc_0914
session_00916,doc_0921
session_00916,doc_0879
session_00917,doc_0217
session_00917,doc_0243
session_00918,doc_0843
session_00918,doc_0871
session_00919,doc_0441
session_00919,doc_0258
session_00920,doc_0565
session_00920,doc_0518
session_00920,doc_0041
session_00921,doc_0779
session_00921,doc_0261
session_00922,doc_0565
session_00922,doc_0569
session_00922,doc_0518
session_00923,doc_0063
session_00923,doc_0041
session_00924,doc_0684
session_00924,doc_0884
session_00925,doc_0659
session_00925,doc_0894
session_00926,doc_0661
session_00926,doc_0707
session_00927,doc_0673
session_00927,doc_0701
session_00927,doc_0683
session_00927,doc_0914
session_00927,doc_0890
session_00928,doc_0430
session_00929,doc_0099
session_00930,doc_0246
session_00930,doc_0235
session_00930,doc_0208
session_00931,doc_0689
session_00931,doc_0691
session_00931,doc_0934
session_00932,doc_0557
session_00932,doc_0493
session_00933,doc_0843
session_00934,doc_0754
session_00934,doc_0791
session_00934,doc_0617
session_00935,doc_0860
session_00936,doc_0754
session_00937,doc_0152
session_00937,doc_0156
session_00937,doc_0331
session_00938,doc_0229
session_00939,doc_0561
session_00939,doc_0518
session_00939,doc_0586
session_00939,doc_0564
session_00940,doc_0839
session_00940,doc_0810
session_00941,doc_0673
session_00942,doc_0547
session_00942,doc_0502
session_00943,doc_0404
session_00943,doc_0381
session_00943,doc_0928
session_00944,doc_0740
session_00944,doc_0764
session_00944,doc_0757
session_00945,doc_0536
session_00945,doc_0031
session_00946,doc_0565
session_00947,doc_0148
session_00948,doc_0617
session_00948,doc_0619
session_00949,doc_0401
session_00949,doc_0368
session_00949,doc_0342
session_00949,doc_0382
session_00949,doc_0412
session_00950,doc_0476
session_00950,doc_0328
session_00951,doc_0526
session_00951,doc_0493
session_00951,doc_0098
session_00952,doc_0434
session_00952,doc_0458
session_00952,doc_0754
session_00953,doc_0074
session_00954,doc_0235
session_00955,doc_0757
session_00956,doc_0113
session_00957,doc_0723
session_00958,doc_0434
session_00958,doc_0450
session_00958,doc_0412
session_00958,doc_0618
session_00959,doc_0518
session_00959,doc_0031
session_00960,doc_0119
session_00960,doc_0171
session_00961,doc_0919
session_00961,doc_0914
session_00961,doc_0894
session_00961,doc_0902
session_00961,doc_0917
session_00961,doc_0671
session_00962,doc_0270
session_00962,doc_0299
session_00962,doc_0322
session_00962,doc_0153
session_00962,doc_0152
session_00963,doc_0246
session_00963,doc_0235
session_00964,doc_0412
session_00965,doc_0914
session_00965,doc_0728
session_00966,doc_0621
session_00966,doc_0609
session_00966,doc_0633
session_00966,doc_0617
session_00966,doc_0870
session_00967,doc_0623
session_00967,doc_0610
session_00967,doc_0617
session_00967,doc_0615
session_00968,doc_0856
session_00968,doc_0843
session_00968,doc_0737
session_00969,doc_0662
session_00969,doc_0914
session_00970,doc_0043
session_00970,doc_0120
session_00971,doc_0884
session_00972,doc_0232
session_00972,doc_0235
session_00972,doc_0596
session_00973,doc_0069
session_00973,doc_0084
session_00974,doc_0089
session_00974,doc_0032
session_00975,doc_0797
session_00976,doc_0689
session_00976,doc_0673
session_00976,doc_0704
session_00976,doc_0435
session_00976,doc_0440
session_00977,doc_0703
session_00977,doc_0659
session_00977,doc_0244
session_00978,doc_0673
session_00979,doc_0324
session_00979,doc_0310
session_00980,doc_0673
session_00980,doc_0695
session_00980,doc_0699
session_00980,doc_0658
session_00980,doc_0707
session_00980,doc_0283
session_00981,doc_0293
session_00981,doc_0307
session_00981,doc_0297
session_00982,doc_0654
session_00983,doc_0278
session_00983,doc_0291
session_00984,doc_0373
session_00985,doc_0852
session_00986,doc_0627
session_00986,doc_0617
session_00987,doc_0469
session_00988,doc_0617
session_00989,doc_0905
session_00989,doc_0926
session_00990,doc_0695
session_00990,doc_0699
session_00990,doc_0673
session_00991,doc_0482
session_00991,doc_0469
session_00992,doc_0043
session_00992,doc_0011
session_00992,doc_0048
session_00992,doc_0037
session_00993,doc_0867
session_00994,doc_0590
session_00995,doc_0457
session_00996,doc_0829
session_00996,doc_0732
session_00997,doc_0297
session_00997,doc_0284
session_00997,doc_0278
session_00997,doc_0291
session_00998,doc_0934
session_00998,doc_0905
session_00999,doc_0148
session_00999,doc_0163
session_00999,doc_0192
session_00999,doc_0331
session_01000,doc_0031
session_01000,doc_0030
session_01000,doc_0493
session_01001,doc_0019
session_01001,doc_0043
session_01001,doc_0757
session_01002,doc_0390
session_01003,doc_0086
session_01003,doc_0041
session_01003,doc_0046
session_01004,doc_0476
session_01005,doc_0322
session_01005,doc_0302
session_01005,doc_0291
session_01006,doc_0276
session_01006,doc_0305
session_01006,doc_0291
session_01006,doc_0338
session_01006,doc_0360
session_01007,doc_0913
session_01008,doc_0041
session_01009,doc_0439
session_01010,doc_0098
session_01010,doc_0092
session_01011,doc_0322
session_01011,doc_0265
session_01012,doc_0730
session_01012,doc_0735
session_01012,doc_0802
session_01012,doc_0757
session_01012,doc_0805
session_01013,doc_0238
session_01013,doc_0243
session_01014,doc_0908
session_01015,doc_0502
session_01015,doc_0406
session_01016,doc_0757
session_01016,doc_0749
session_01017,doc_0535
session_01017,doc_0592
session_01017,doc_0550
session_01018,doc_0331
session_01018,doc_0355
session_01018,doc_0346
session_01019,doc_0365
session_01019,doc_0392
session_01019,doc_0373
session_01019,doc_0344
session_01020,doc_0748
session_01021,doc_0412
session_01022,doc_0617
session_01022,doc_0645
session_01023,doc_0501
session_01023,doc_0544
session_01023,doc_0576
session_01023,doc_0048
session_01024,doc_0656
session_01024,doc_0673
session_01025,doc_0335
session_01025,doc_0404
session_01025,doc_0403
session_01025,doc_0133
session_01026,doc_0404
session_01026,doc_0362
session_01026,doc_0341
session_01026,doc_0906
session_01027,doc_0631
session_01028,doc_0032
session_01029,doc_0366
session_01029,doc_0341
session_01030,doc_0188
session_01030,doc_0148
session_01031,doc_0485
session_01031,doc_0334
session_01032,doc_0621
session_01032,doc_0604
session_01032,doc_0063
session_01033,doc_0068
session_01033,doc_0031
session_01033,doc_0076
session_01034,doc_0041
session_01034,doc_0031
session_01034,doc_0019
session_01034,doc_0095
session_01035,doc_0031
session_01036,doc_0501
session_01036,doc_0518
session_01037,doc_0229
session_01038,doc_0673
session_01039,doc_0402
session_01039,doc_0392
session_01039,doc_0334
session_01039,doc_0331
session_01039,doc_0148
session_01039,doc_0138
session_01040,doc_0476
session_01040,doc_0439
session_01040,doc_0469
session_01041,doc_0316
session_01042,doc_0031
session_01042,doc_0063
session_01043,doc_0782
session_01043,doc_0518
session_01044,doc_0469
session_01044,doc_0485
session_01044,doc_0434
session_01045,doc_0642
session_01045,doc_0613
session_01045,doc_0068
session_01046,doc_0525
session_01047,doc_0322
session_01047,doc_0305
session_01048,doc_0599
session_01048,doc_0434
session_01049,doc_0428
session_01049,doc_0458
session_01050,doc_0297
session_01051,doc_0179
session_01051,doc_0163
session_01051,doc_0119
session_01051,doc_0914
session_01051,doc_0915
session_01052,doc_0762
session_01053,doc_0763
session_01053,doc_0235
session_01054,doc_0555
session_01055,doc_0031
session_01055,doc_0618
session_01056,doc_0173
session_01056,doc_0121
session_01056,doc_0276
session_01057,doc_0152
session_01057,doc_0148
session_01057,doc_0119
session_01057,doc_0373
session_01058,doc_0852
session_01058,doc_0813
session_01058,doc_0817
session_01058,doc_0810
session_01059,doc_0220
session_01060,doc_0373
session_01060,doc_0394
session_01060,doc_0381
session_01060,doc_0331
session_01060,doc_0168
session_01061,doc_0229
session_01061,doc_0263
session_01061,doc_0220
session_01062,doc_0268
session_01062,doc_0316
session_01062,doc_0317
session_01062,doc_0322
session_01062,doc_0323
session_01063,doc_0917
session_01064,doc_0609
session_01064,doc_0625
session_01064,doc_0647
session_01065,doc_0810
session_01065,doc_0844
session_01066,doc_0754
session_01066,doc_0724
session_01066,doc_0294
session_01067,doc_0469
session_01067,doc_0438
session_01067,doc_0463
session_01067,doc_0412
session_01067,doc_0483
session_01068,doc_0347
session_01068,doc_0377
session_01069,doc_0617
session_01069,doc_0606
session_01069,doc_0626
session_01070,doc_0080
session_01070,doc_0085
session_01070,doc_0041
session_01071,doc_0469
session_01072,doc_0754
session_01073,doc_0752
session_01073,doc_0757
session_01073,doc_0740
session_01073,doc_0732
session_01074,doc_0858
session_01074,doc_0810
session_01074,doc_0869
session_01074,doc_0234
session_01075,doc_0273
session_01075,doc_0321
session_01076,doc_0505
session_01077,doc_0152
session_01078,doc_0724
session_01079,doc_0518
session_01079,doc_0547
session_01079,doc_0511
session_01079,doc_0719
session_01080,doc_0679
session_01080,doc_0689
session_01080,doc_0658
session_01081,doc_0331
session_01082,doc_0644
session_01082,doc_0624
session_01082,doc_0030
session_01082,doc_0016
session_01083,doc_0757
session_01083,doc_0778
session_01084,doc_0654
session_01084,doc_0689
session_01084,doc_0699
session_01084,doc_0894
session_01085,doc_0644
session_01085,doc_0596
session_01086,doc_0564
session_01087,doc_0148
session_01088,doc_0821
session_01089,doc_0702
session_01089,doc_0331
session_01090,doc_0613
session_01091,doc_0631
session_01091,doc_0617
session_01091,doc_0455
session_01092,doc_0339
session_01092,doc_0346
session_01092,doc_0372
session_01092,doc_0335
session_01092,doc_0090
session_01092,doc_0031
session_01093,doc_0853
session_01094,doc_0871
session_01095,doc_0469
session_01095,doc_0437
session_01095,doc_0428
session_01095,doc_0843
session_01095,doc_0815
session_01096,doc_0148
session_01097,doc_0732
session_01098,doc_0606
session_01099,doc_0179
session_01099,doc_0148
session_01099,doc_0156
session_01099,doc_0152
session_01099,doc_0376
session_01100,doc_0617
session_01100,doc_0597
session_01100,doc_0148
session_01101,doc_0868
session_01101,doc_0871
session_01102,doc_0157
session_01102,doc_0190
session_01102,doc_0710
session_01103,doc_0634
session_01104,doc_0182
session_01104,doc_0148
session_01104,doc_0156
session_01104,doc_0151
session_01105,doc_0322
session_01105,doc_0276
session_01105,doc_0789
session_01106,doc_0654
session_01107,doc_0235
session_01107,doc_0241
session_01107,doc_0220
session_01107,doc_0200
session_01107,doc_0228
session_01108,doc_0565
session_01109,doc_0229
session_01109,doc_0235
session_01109,doc_0608
session_01110,doc_0031
session_01110,doc_0070
session_01110,doc_0102
session_01110,doc_0615
session_01110,doc_0617
session_01111,doc_0642
session_01111,doc_0618
session_01111,doc_0634
session_01111,doc_0611
session_01111,doc_0645
session_01111,doc_0871
session_01112,doc_0119
session_01113,doc_0229
session_01113,doc_0205
session_01113,doc_0261
session_01113,doc_0235
session_01114,doc_0407
session_01115,doc_0727
session_01116,doc_0048
session_01117,doc_0869
session_01117,doc_0754
session_01118,doc_0658
session_01118,doc_0673
session_01118,doc_0373
session_01119,doc_0046
session_01119,doc_0592
session_01120,doc_0451
session_01120,doc_0471
session_01120,doc_0235
session_01120,doc_0252
session_01121,doc_0373
session_01121,doc_0360
session_01121,doc_0120
session_01122,doc_0080
session_01123,doc_0243
session_01124,doc_0277
session_01124,doc_0322
session_01125,doc_0754
session_01125,doc_0774
session_01125,doc_0732
session_01125,doc_0714
session_01126,doc_0041
session_01126,doc_0046
session_01126,doc_0594
session_01127,doc_0362
session_01127,doc_0381
session_01127,doc_0334
session_01128,doc_0746
session_01128,doc_0751
session_01128,doc_0758
session_01129,doc_0752
session_01129,doc_0248
session_01130,doc_0618
session_01130,doc_0615
session_01131,doc_0592
session_01131,doc_0526
session_01132,doc_0476
session_01132,doc_0635
session_01133,doc_0469
session_01133,doc_0458
session_01133,doc_0331
session_01134,doc_0476
session_01135,doc_0305
session_01135,doc_0310
session_01135,doc_0276
session_01135,doc_0352
session_01135,doc_0331
session_01136,doc_0565
session_01136,doc_0512
session_01137,doc_0182
session_01137,doc_0163
session_01138,doc_0331
session_01138,doc_0803
session_01139,doc_0621
session_01140,doc_0121
session_01140,doc_0156
session_01140,doc_0133
session_01140,doc_0166
session_01140,doc_0172
session_01140,doc_0315
session_01141,doc_0493
session_01141,doc_0518
session_01141,doc_0752
session_01141,doc_0803
session_01142,doc_0378
session_01142,doc_0331
session_01142,doc_0889
session_01143,doc_0284
session_01143,doc_0267
session_01144,doc_0843
session_01144,doc_0804
session_01144,doc_0856
session_01144,doc_0869
session_01144,doc_0732
session_01144,doc_0735
session_01145,doc_0722
session_01145,doc_0757
session_01145,doc_0518
session_01146,doc_0392
session_01146,doc_0360
session_01146,doc_0931
session_01147,doc_0365
session_01147,doc_0401
session_01147,doc_0476
session_01148,doc_0072
session_01148,doc_0068
session_01148,doc_0031
session_01148,doc_0086
session_01148,doc_0518
session_01149,doc_0884
session_01150,doc_0557
session_01150,doc_0492
session_01151,doc_0884
session_01152,doc_0091
session_01152,doc_0063
session_01153,doc_0757
session_01154,doc_0412
session_01154,doc_0627
session_01155,doc_0458
session_01155,doc_0422
session_01155,doc_0557
session_01156,doc_0154
session_01156,doc_0121
session_01156,doc_0186
session_01156,doc_0369
session_01157,doc_0031
session_01157,doc_0068
session_01157,doc_0638
session_01158,doc_0904
session_01158,doc_0914
session_01159,doc_0152
session_01159,doc_0118
session_01160,doc_0399
session_01160,doc_0331
session_01160,doc_0360
session_01160,doc_0920
session_01161,doc_0119
session_01161,doc_0156
session_01161,doc_0617
session_01162,doc_0762
session_01163,doc_0248
session_01163,doc_0207
session_01163,doc_0641
session_01164,doc_0518
session_01165,doc_0170
session_01165,doc_0119
session_01165,doc_0150
session_01166,doc_0755
session_01166,doc_0800
session_01166,doc_0757
session_01166,doc_0754
session_01166,doc_0641
session_01167,doc_0458
session_01167,doc_0476
session_01168,doc_0754
session_01168,doc_0763
session_01169,doc_0235
session_01169,doc_0229
session_01169,doc_0608
session_01169,doc_0617
session_01170,doc_0884
session_01170,doc_0904
session_01171,doc_0291
session_01172,doc_0518
session_01172,doc_0590
session_01173,doc_0335
session_01174,doc_0430
session_01174,doc_0469
session_01174,doc_0108
session_01175,doc_0344
session_01175,doc_0372
session_01175,doc_0331
session_01176,doc_0699
session_01177,doc_0148
session_01177,doc_0166
session_01177,doc_0182
session_01177,doc_0331
session_01178,doc_0118
session_01178,doc_0280
session_01179,doc_0902
session_01179,doc_0928
session_01179,doc_0910
session_01179,doc_0892
session_01179,doc_0914
session_01179,doc_0559
session_01180,doc_0914
session_01181,doc_0001
session_01182,doc_0914
session_01182,doc_0905
session_01182,doc_0894
session_01182,doc_0208
session_01183,doc_0321
session_01183,doc_0305
session_01184,doc_0014
session_01185,doc_0373
session_01185,doc_0392
session_01185,doc_0364
session_01185,doc_0673
session_01185,doc_0656
session_01186,doc_0825
session_01186,doc_0852
session_01186,doc_0857
session_01186,doc_0800
session_01187,doc_0493
session_01187,doc_0515
session_01188,doc_0068
session_01188,doc_0019
session_01188,doc_0074
session_01189,doc_0133
session_01189,doc_0229
session_01190,doc_0229
session_01190,doc_0647
session_01191,doc_0009
session_01192,doc_0569
session_01193,doc_0469
session_01193,doc_0426
session_01194,doc_0152
session_01194,doc_0126
session_01195,doc_0108
session_01195,doc_0176
session_01195,doc_0173
session_01195,doc_0145
session_01195,doc_0120
session_01195,doc_0276
session_01196,doc_0693
session_01196,doc_0704
session_01196,doc_0689
session_01197,doc_0179
session_01198,doc_0240
session_01199,doc_0373
session_01199,doc_0331
session_01199,doc_0402
session_01199,doc_0337
session_01199,doc_0343
session_01200,doc_0367
session_01201,doc_0148
session_01201,doc_0171
session_01202,doc_0754
session_01203,doc_0392
session_01204,doc_0673
session_01205,doc_0120
session_01205,doc_0192
session_01205,doc_0322
session_01206,doc_0401
session_01206,doc_0369
session_01207,doc_0179
session_01207,doc_0156
session_01208,doc_0641
session_01208,doc_0642
session_01208,doc_0605
session_01208,doc_0048
session_01209,doc_0683
session_01209,doc_0658
session_01209,doc_0695
session_01210,doc_0673
session_01211,doc_0108
session_01211,doc_0148
session_01212,doc_0560
session_01212,doc_0569
session_01212,doc_0510
session_01213,doc_0121
session_01213,doc_0188
session_01213,doc_0179
session_01213,doc_0458
session_01214,doc_0894
session_01215,doc_0642
session_01215,doc_0601
session_01216,doc_0558
session_01216,doc_0517
session_01216,doc_0031
session_01217,doc_0783
session_01218,doc_0564
session_01218,doc_0509
session_01218,doc_0048
session_01219,doc_0871
session_01219,doc_0852
session_01220,doc_0184
session_01220,doc_0341
session_01221,doc_0843
session_01221,doc_0815
session_01221,doc_0857
session_01221,doc_0754
session_01222,doc_0754
session_01222,doc_0634
session_01223,doc_0352
session_01223,doc_0350
session_01224,doc_0518
session_01224,doc_0535
session_01224,doc_0562
session_01224,doc_0222
session_01225,doc_0241
session_01225,doc_0235
session_01225,doc_0200
session_01225,doc_0239
session_01225,doc_0618
session_01226,doc_0493
session_01226,doc_0280
session_01227,doc_0905
session_01227,doc_0879
session_01228,doc_0046
session_01228,doc_0045
session_01228,doc_0335
session_01229,doc_0658
session_01230,doc_0434
session_01231,doc_0639
session_01231,doc_0617
session_01231,doc_0203
session_01232,doc_0235
session_01232,doc_0240
session_01232,doc_0195
session_01232,doc_0200
session_01232,doc_0236
session_01232,doc_0476
session_01233,doc_0904
session_01233,doc_0931
session_01234,doc_0618
session_01235,doc_0235
session_01235,doc_0224
session_01236,doc_0179
session_01236,doc_0156
session_01237,doc_0322
session_01237,doc_0281
session_01237,doc_0269
session_01237,doc_0319
session_01237,doc_0394
session_01238,doc_0914
session_01238,doc_0907
session_01238,doc_0878
session_01238,doc_0666
session_01239,doc_0469
session_01239,doc_0433
session_01239,doc_0678
session_01240,doc_0068
session_01240,doc_0564
session_01241,doc_0905
session_01242,doc_0322
session_01242,doc_0316
session_01243,doc_0870
session_01244,doc_0031
session_01244,doc_0045
session_01244,doc_0094
session_01244,doc_0598
session_01245,doc_0359
session_01245,doc_0331
session_01245,doc_0361
session_01245,doc_0355
session_01246,doc_0852
session_01246,doc_0871
session_01246,doc_0810
session_01247,doc_0208
session_01247,doc_0261
session_01248,doc_0757
session_01249,doc_0700
session_01249,doc_0675
session_01249,doc_0692
session_01249,doc_0678
session_01249,doc_0369
session_01250,doc_0152
session_01251,doc_0241
session_01252,doc_0046
session_01252,doc_0098
session_01252,doc_0618
session_01253,doc_0076
session_01253,doc_0649
session_01254,doc_0401
session_01254,doc_0331
session_01255,doc_0493
session_01255,doc_0518
session_01256,doc_0261
session_01256,doc_0222
session_01256,doc_0473
session_01257,doc_0011
session_01257,doc_0476
session_01258,doc_0783
session_01258,doc_0763
session_01258,doc_0802
session_01259,doc_0675
session_01259,doc_0656
session_01259,doc_0676
session_01259,doc_0331
session_01259,doc_0373
session_01260,doc_0412
session_01260,doc_0429
session_01260,doc_0458
session_01261,doc_0902
session_01261,doc_0914
session_01262,doc_0518
session_01263,doc_0207
session_01263,doc_0229
session_01263,doc_0199
session_01263,doc_0216
session_01263,doc_0243
session_01263,doc_0659
session_01264,doc_0001
session_01264,doc_0493
session_01265,doc_0795
session_01265,doc_0785
session_01265,doc_0767
session_01266,doc_0077
session_01266,doc_0068
session_01266,doc_0045
session_01266,doc_0031
session_01267,doc_0803
session_01267,doc_0734
session_01267,doc_0835
session_01268,doc_0211
session_01268,doc_0203
session_01268,doc_0263
session_01268,doc_0808
session_01269,doc_0783
session_01269,doc_0757
session_01270,doc_0804
session_01270,doc_0813
session_01270,doc_0838
session_01270,doc_0854
session_01270,doc_0401
session_01271,doc_0428
session_01271,doc_0472
session_01271,doc_0098
session_01272,doc_0204
session_01272,doc_0048
session_01273,doc_0453
session_01274,doc_0305
session_01274,doc_0105
session_01275,doc_0754
session_01275,doc_0724
session_01275,doc_0858
session_01276,doc_0899
session_01277,doc_0121
session_01277,doc_0148
session_01278,doc_0673
session_01278,doc_0688
session_01279,doc_0083
session_01280,doc_0091
session_01280,doc_0031
session_01280,doc_0518
session_01281,doc_0586
session_01281,doc_0565
session_01281,doc_0493
session_01281,doc_0689
session_01282,doc_0331
session_01282,doc_0428
session_01283,doc_0752
session_01283,doc_0617
session_01284,doc_0752
session_01284,doc_0732
session_01284,doc_0617
session_01285,doc_0852
session_01285,doc_0843
session_01285,doc_0246
session_01286,doc_0501
session_01287,doc_0518
session_01287,doc_0577
session_01287,doc_0565
session_01287,doc_0517
session_01287,doc_0493
session_01288,doc_0031
session_01288,doc_0043
session_01288,doc_0068
session_01289,doc_0148
session_01289,doc_0152
session_01290,doc_0782
session_01291,doc_0689
session_01291,doc_0360
session_01292,doc_0152
session_01292,doc_0156
session_01292,doc_0900
session_01293,doc_0815
session_01293,doc_0852
session_01293,doc_0384
session_01294,doc_0792
session_01294,doc_0752
session_01295,doc_0401
session_01295,doc_0378
session_01295,doc_0400
session_01295,doc_0331
session_01296,doc_0826
session_01296,doc_0836
session_01297,doc_0341
session_01298,doc_0152
session_01299,doc_0469
session_01299,doc_0476
session_01300,doc_0689
session_01300,doc_0208
session_01301,doc_0177
session_01301,doc_0133
session_01302,doc_0078
session_01303,doc_0618
session_01304,doc_0514
session_01304,doc_0575
session_01304,doc_0518
session_01305,doc_0673
session_01306,doc_0331
session_01306,doc_0173
session_01307,doc_0245
session_01307,doc_0235
session_01307,doc_0243
session_01308,doc_0636
session_01308,doc_0617
session_01309,doc_0518
session_01309,doc_0543
session_01309,doc_0696
session_01310,doc_0853
session_01310,doc_0870
session_01311,doc_0066
session_01312,doc_0754
session_01312,doc_0729
session_01312,doc_0739
session_01312,doc_0617
session_01313,doc_0783
session_01314,doc_0331
session_01314,doc_0343
session_01314,doc_0416
session_01315,doc_0904
session_01315,doc_0889
session_01315,doc_0929
session_01315,doc_0345
session_01316,doc_0183
session_01316,doc_0411
session_01317,doc_0210
session_01317,doc_0206
session_01317,doc_0235
session_01317,doc_0248
session_01317,doc_0263
session_01318,doc_0648
session_01319,doc_0370
session_01320,doc_0264
session_01321,doc_0469
session_01321,doc_0487
session_01321,doc_0437
session_01321,doc_0617
session_01322,doc_0142
session_01323,doc_0803
session_01323,doc_0750
session_01323,doc_0791
session_01323,doc_0754
session_01323,doc_0608
session_01324,doc_0824
session_01324,doc_0849
session_01324,doc_0843
session_01325,doc_0711
session_01325,doc_0654
session_01326,doc_0368
session_01326,doc_0341
session_01327,doc_0704
session_01327,doc_0695
session_01327,doc_0699
session_01327,doc_0910
session_01328,doc_0754
session_01328,doc_0757
session_01329,doc_0291
session_01329,doc_0274
session_01329,doc_0303
session_01329,doc_0270
session_01329,doc_0331
session_01329,doc_0373
session_01330,doc_0382
session_01330,doc_0361
session_01330,doc_0342
session_01330,doc_0439
session_01331,doc_0715
session_01332,doc_0732
session_01332,doc_0751
session_01333,doc_0914
session_01333,doc_0905
session_01333,doc_0906
session_01333,doc_0934
session_01334,doc_0916
session_01335,doc_0157
session_01336,doc_0331
session_01336,doc_0369
session_01336,doc_0401
session_01336,doc_0340
session_01336,doc_0617
session_01337,doc_0590
session_01338,doc_0818
session_01339,doc_0031
session_01339,doc_0037
session_01339,doc_0041
session_01339,doc_0621
session_01339,doc_0601
session_01340,doc_0258
session_01340,doc_0243
session_01340,doc_0198
session_01340,doc_0229
session_01340,doc_0683
session_01341,doc_0235
session_01341,doc_0203
session_01341,doc_0258
session_01341,doc_0261
session_01341,doc_0602
session_01342,doc_0518
session_01342,doc_0736
session_01343,doc_0532
session_01343,doc_0493
session_01343,doc_0553
session_01343,doc_0518
session_01343,doc_0573
session_01344,doc_0331
session_01345,doc_0774
session_01346,doc_0235
session_01346,doc_0261
session_01347,doc_0844
session_01348,doc_0148
session_01348,doc_0181
session_01349,doc_0852
session_01349,doc_0870
session_01350,doc_0754
session_01351,doc_0331
session_01352,doc_0031
session_01352,doc_0009
session_01352,doc_0076
session_01353,doc_0754
session_01353,doc_0803
session_01354,doc_0144
session_01355,doc_0182
session_01355,doc_0308
session_01356,doc_0331
session_01356,doc_0372
session_01356,doc_0380
session_01356,doc_0721
session_01356,doc_0754
session_01357,doc_0625
session_01357,doc_0617
session_01357,doc_0605
session_01358,doc_0402
session_01359,doc_0471
session_01359,doc_0618
session_01360,doc_0322
session_01360,doc_0315
session_01360,doc_0331
session_01360,doc_0372
session_01361,doc_0749
session_01362,doc_0858
session_01363,doc_0412
session_01363,doc_0475
session_01364,doc_0376
session_01364,doc_0914
session_01365,doc_0902
session_01365,doc_0706
session_01366,doc_0609
session_01367,doc_0763
session_01367,doc_0754
session_01368,doc_0115
session_01368,doc_0148
session_01368,doc_0152
session_01369,doc_0394
session_01369,doc_0388
session_01369,doc_0201
session_01370,doc_0182
session_01370,doc_0179
session_01371,doc_0754
session_01371,doc_0732
session_01372,doc_0031
session_01372,doc_0012
session_01372,doc_0091
session_01372,doc_0373
session_01372,doc_0374
session_01373,doc_0852
session_01373,doc_0810
session_01374,doc_0171
session_01374,doc_0148
session_01374,doc_0152
session_01374,doc_0103
session_01375,doc_0219
session_01376,doc_0740
session_01377,doc_0434
session_01377,doc_0413
session_01377,doc_0441
session_01377,doc_0631
session_01378,doc_0588
session_01378,doc_0565
session_01378,doc_0548
session_01378,doc_0301
session_01379,doc_0032
session_01379,doc_0023
session_01379,doc_0063
session_01379,doc_0031
session_01379,doc_0048
session_01379,doc_0680
session_01380,doc_0434
session_01380,doc_0455
session_01380,doc_0466
session_01380,doc_0373
session_01381,doc_0762
session_01381,doc_0734
session_01382,doc_0914
session_01382,doc_0330
session_01383,doc_0250
session_01383,doc_0235
session_01384,doc_0852
session_01384,doc_0818
session_01385,doc_0793
session_01386,doc_0852
session_01386,doc_0856
session_01386,doc_0860
session_01386,doc_0818
session_01386,doc_0757
session_01387,doc_0024
session_01387,doc_0030
session_01388,doc_0373
session_01388,doc_0331
session_01389,doc_0469
session_01390,doc_0631
session_01390,doc_0441
session_01391,doc_0754
session_01391,doc_0763
session_01392,doc_0056
session_01392,doc_0031
session_01392,doc_0012
session_01393,doc_0063
session_01393,doc_0019
session_01393,doc_0031
session_01393,doc_0049
session_01393,doc_0074
session_01394,doc_0085
session_01395,doc_0097
session_01396,doc_0493
session_01397,doc_0083
session_01398,doc_0401
session_01398,doc_0360
session_01398,doc_0331
session_01399,doc_0472
session_01399,doc_0412
session_01399,doc_0469
session_01399,doc_0621
session_01399,doc_0641
session_01400,doc_0180
session_01400,doc_0148
session_01401,doc_0435
session_01402,doc_0291
session_01402,doc_0297
session_01402,doc_0315
session_01402,doc_0277
session_01402,doc_0299
session_01403,doc_0683
session_01403,doc_0689
session_01403,doc_0656
session_01403,doc_0402
session_01404,doc_0137
session_01404,doc_0182
session_01404,doc_0166
session_01405,doc_0673
session_01406,doc_0496
session_01406,doc_0589
session_01406,doc_0792
session_01407,doc_0235
session_01407,doc_0229
session_01407,doc_0246
session_01407,doc_0224
session_01408,doc_0564
session_01408,doc_0493
session_01408,doc_0786
session_01409,doc_0434
session_01410,doc_0443
session_01410,doc_0469
session_01410,doc_0606
session_01410,doc_0618
session_01411,doc_0887
session_01411,doc_0905
session_01411,doc_0889
session_01412,doc_0388
session_01412,doc_0333
session_01412,doc_0401
session_01412,doc_0914
session_01413,doc_0373
session_01413,doc_0469
session_01414,doc_0427
session_01414,doc_0637
session_01415,doc_0565
session_01416,doc_0902
session_01416,doc_0884
session_01416,doc_0905
session_01416,doc_0932
session_01416,doc_0331
session_01417,doc_0229
session_01417,doc_0243
session_01418,doc_0434
session_01419,doc_0469
session_01420,doc_0586
session_01420,doc_0584
session_01420,doc_0705
session_01421,doc_0227
session_01422,doc_0870
session_01422,doc_0817
session_01422,doc_0848
session_01422,doc_0804
session_01422,doc_0754
session_01422,doc_0723
session_01423,doc_0525
session_01423,doc_0551
session_01424,doc_0850
session_01424,doc_0865
session_01424,doc_0870
session_01425,doc_0142
session_01425,doc_0112
session_01426,doc_0614
session_01426,doc_0637
session_01426,doc_0641
session_01426,doc_0642
session_01427,doc_0229
session_01427,doc_0235
session_01427,doc_0201
session_01427,doc_0654
session_01427,doc_0689
session_01428,doc_0428
session_01429,doc_0636
session_01430,doc_0032
session_01431,doc_0439
session_01431,doc_0644
session_01432,doc_0617
session_01433,doc_0815
session_01433,doc_0858
session_01434,doc_0493
session_01434,doc_0276
session_01435,doc_0532
session_01436,doc_0586
session_01437,doc_0728
session_01437,doc_0732
session_01437,doc_0529
session_01438,doc_0121
session_01438,doc_0148
session_01438,doc_0156
session_01438,doc_0120
session_01438,doc_0152
session_01438,doc_0337
session_01439,doc_0870
session_01440,doc_0779
session_01441,doc_0046
session_01441,doc_0031
session_01441,doc_0011
session_01441,doc_0101
session_01441,doc_0005
session_01441,doc_0559
session_01442,doc_0434
session_01442,doc_0465
session_01442,doc_0458
session_01442,doc_0469
session_01442,doc_0117
session_01443,doc_0168
session_01444,doc_0126
session_01444,doc_0179
session_01445,doc_0900
session_01445,doc_0514
session_01446,doc_0063
session_01447,doc_0518
session_01447,doc_0564
session_01447,doc_0528
session_01447,doc_0534
session_01447,doc_0540
session_01448,doc_0477
session_01448,doc_0440
session_01448,doc_0653
session_01449,doc_0425
session_01449,doc_0385
session_01450,doc_0885
session_01450,doc_0921
session_01450,doc_0914
session_01450,doc_0362
session_01450,doc_0369
session_01451,doc_0754
session_01451,doc_0852
session_01452,doc_0584
session_01453,doc_0606
session_01453,doc_0621
session_01453,doc_0019
session_01454,doc_0034
session_01454,doc_0048
session_01455,doc_0028
session_01455,doc_0101
session_01456,doc_0518
session_01456,doc_0493
session_01456,doc_0871
session_01457,doc_0311
session_01457,doc_0268
session_01458,doc_0752
session_01458,doc_0726
session_01459,doc_0160
session_01459,doc_0133
session_01459,doc_0117
session_01459,doc_0316
session_01460,doc_0518
session_01460,doc_0748
session_01461,doc_0615
session_01461,doc_0621
session_01461,doc_0617
session_01461,doc_0641
session_01461,doc_0625
session_01461,doc_0676
session_01462,doc_0273
session_01463,doc_0689
session_01464,doc_0364
session_01464,doc_0443
session_01465,doc_0063
session_01465,doc_0031
session_01466,doc_0431
session_01467,doc_0031
session_01467,doc_0015
session_01467,doc_0066
session_01467,doc_0413
session_01468,doc_0148
session_01468,doc_0163
session_01468,doc_0305
session_01469,doc_0207
session_01469,doc_0235
session_01469,doc_0903
session_01470,doc_0248
session_01470,doc_0263
session_01470,doc_0621
session_01471,doc_0337
session_01472,doc_0476
session_01472,doc_0350
session_01473,doc_0394
session_01473,doc_0373
session_01474,doc_0565
session_01474,doc_0493
session_01475,doc_0845
session_01475,doc_0852
session_01476,doc_0641
session_01477,doc_0421
session_01477,doc_0362
session_01478,doc_0469
session_01478,doc_0902
session_01479,doc_0915
session_01479,doc_0884
session_01479,doc_0902
session_01480,doc_0322
session_01480,doc_0273
session_01481,doc_0031
session_01481,doc_0063
session_01481,doc_0048
session_01481,doc_0783
session_01482,doc_0152
session_01483,doc_0900
session_01483,doc_0373
session_01484,doc_0872
session_01484,doc_0807
session_01484,doc_0817
session_01484,doc_0307
session_01485,doc_0752
session_01486,doc_0754
session_01487,doc_0469
session_01487,doc_0229
session_01488,doc_0542
session_01488,doc_0555
session_01488,doc_0517
session_01489,doc_0031
session_01490,doc_0469
session_01490,doc_0471
session_01490,doc_0441
session_01490,doc_0447
session_01491,doc_0331
session_01492,doc_0502
session_01492,doc_0493
session_01492,doc_0565
session_01492,doc_0517
session_01492,doc_0567
session_01492,doc_0564
session_01493,doc_0914
session_01493,doc_0904
session_01494,doc_0505
session_01494,doc_0533
session_01495,doc_0565
session_01495,doc_0560
session_01495,doc_0499
session_01495,doc_0564
session_01496,doc_0476
session_01496,doc_0412
session_01496,doc_0475
session_01496,doc_0597
session_01497,doc_0331
session_01497,doc_0384
session_01498,doc_0048
session_01499,doc_0689
session_01499,doc_0673
session_01499,doc_0650
session_01499,doc_0656
session_01499,doc_0683
session_01500,doc_0631
session_01500,doc_0618
session_01501,doc_0076
session_01502,doc_0656
session_01502,doc_0711
session_01502,doc_0660
session_01502,doc_0651
session_01503,doc_0914
session_01504,doc_0181
session_01504,doc_0148
session_01504,doc_0157
session_01505,doc_0148
session_01505,doc_0126
session_01505,doc_0897
session_01506,doc_0148
session_01506,doc_0133
session_01506,doc_0175
session_01506,doc_0189
session_01506,doc_0041
session_01507,doc_0823
session_01507,doc_0857
session_01508,doc_0476
session_01508,doc_0453
session_01508,doc_0469
session_01509,doc_0439
session_01509,doc_0485
session_01509,doc_0374
session_01510,doc_0057
session_01510,doc_0010
session_01511,doc_0031
session_01511,doc_0518
session_01512,doc_0238
session_01513,doc_0439
session_01514,doc_0502
session_01515,doc_0068
session_01515,doc_0063
session_01515,doc_0034
session_01515,doc_0047
session_01516,doc_0068
session_01516,doc_0043
session_01516,doc_0031
session_01517,doc_0238
session_01517,doc_0248
session_01517,doc_0617
session_01518,doc_0791
session_01518,doc_0536
session_01519,doc_0469
session_01519,doc_0644
session_01520,doc_0091
session_01521,doc_0526
session_01521,doc_0493
session_01521,doc_0774
session_01522,doc_0673
session_01522,doc_0699
session_01523,doc_0031
session_01523,doc_0050
session_01523,doc_0586
session_01523,doc_0563
session_01524,doc_0345
session_01524,doc_0338
session_01524,doc_0326
session_01525,doc_0673
session_01525,doc_0654
session_01525,doc_0653
session_01526,doc_0538
session_01526,doc_0569
session_01526,doc_0720
session_01527,doc_0362
session_01528,doc_0031
session_01528,doc_0091
session_01528,doc_0040
session_01528,doc_0101
session_01528,doc_0048
session_01529,doc_0858
session_01530,doc_0816
session_01531,doc_0369
session_01531,doc_0331
session_01531,doc_0327
session_01531,doc_0400
session_01531,doc_0415
session_01532,doc_0615
session_01532,doc_0626
session_01532,doc_0602
session_01532,doc_0621
session_01532,doc_0331
session_01533,doc_0673
session_01533,doc_0914
session_01534,doc_0147
session_01534,doc_0156
session_01534,doc_0277
session_01535,doc_0617
session_01536,doc_0220
session_01536,doc_0251
session_01536,doc_0181
session_01537,doc_0118
session_01537,doc_0148
session_01537,doc_0316
session_01538,doc_0617
session_01538,doc_0607
session_01538,doc_0634
session_01539,doc_0434
session_01539,doc_0439
session_01539,doc_0441
session_01540,doc_0068
session_01540,doc_0181
session_01541,doc_0412
session_01541,doc_0401
session_01542,doc_0043
session_01542,doc_0031
session_01542,doc_0091
session_01542,doc_0492
session_01542,doc_0545
session_01543,doc_0518
session_01544,doc_0594
session_01544,doc_0644
session_01544,doc_0614
session_01545,doc_0201
session_01546,doc_0148
session_01546,doc_0119
session_01546,doc_0166
session_01546,doc_0179
session_01546,doc_0126
session_01546,doc_0877
session_01547,doc_0206
session_01548,doc_0369
session_01549,doc_0257
session_01549,doc_0235
session_01549,doc_0229
session_01549,doc_0223
session_01549,doc_0068
session_01550,doc_0478
session_01550,doc_0441
session_01550,doc_0469
session_01550,doc_0206
session_01551,doc_0126
session_01551,doc_0179
session_01552,doc_0152
session_01552,doc_0161
session_01553,doc_0373
session_01553,doc_0362
session_01553,doc_0011
session_01553,doc_0042
session_01554,doc_0783
session_01554,doc_0754
session_01554,doc_0818
session_01555,doc_0063
session_01555,doc_0068
session_01556,doc_0293
session_01556,doc_0284
session_01557,doc_0113
session_01558,doc_0156
session_01559,doc_0280
session_01559,doc_0291
session_01559,doc_0266
session_01559,doc_0322
session_01559,doc_0269
session_01559,doc_0320
session_01560,doc_0852
session_01560,doc_0853
session_01561,doc_0331
session_01561,doc_0372
session_01561,doc_0152
session_01562,doc_0866
session_01563,doc_0229
session_01563,doc_0207
session_01564,doc_0453
session_01564,doc_0458
session_01564,doc_0476
session_01564,doc_0240
session_01565,doc_0476
session_01566,doc_0518
session_01567,doc_0803
session_01568,doc_0148
session_01568,doc_0181
session_01568,doc_0360
session_01568,doc_0369
session_01569,doc_0031
session_01570,doc_0608
session_01571,doc_0381
session_01571,doc_0331
session_01571,doc_0413
session_01572,doc_0917
session_01573,doc_0825
session_01573,doc_0866
session_01573,doc_0691
session_01574,doc_0518
session_01574,doc_0732
session_01575,doc_0441
session_01575,doc_0458
session_01575,doc_0442
session_01576,doc_0614
session_01576,doc_0617
session_01576,doc_0611
session_01576,doc_0623
session_01576,doc_0630
session_01577,doc_0870
session_01578,doc_0010
session_01578,doc_0086
session_01578,doc_0369
session_01579,doc_0613
session_01579,doc_0597
session_01579,doc_0641
session_01579,doc_0438
session_01580,doc_0152
session_01580,doc_0112
session_01581,doc_0231
session_01582,doc_0852
session_01582,doc_0824
session_01582,doc_0870
session_01582,doc_0817
session_01582,doc_0795
session_01582,doc_0774
session_01583,doc_0659
session_01583,doc_0660
session_01583,doc_0689
session_01584,doc_0243
session_01584,doc_0231
session_01585,doc_0763
session_01585,doc_0749
session_01585,doc_0752
session_01585,doc_0518
session_01586,doc_0126
session_01587,doc_0419
session_01587,doc_0469
session_01587,doc_0417
session_01587,doc_0476
session_01587,doc_0446
session_01588,doc_0337
session_01588,doc_0380
session_01588,doc_0653
session_01589,doc_0761
session_01589,doc_0748
session_01590,doc_0618
session_01590,doc_0622
session_01590,doc_0297
session_01591,doc_0869
session_01591,doc_0862
session_01592,doc_0360
session_01593,doc_0756
session_01594,doc_0762
session_01594,doc_0752
session_01595,doc_0119
session_01595,doc_0139
session_01595,doc_0246
session_01595,doc_0229
session_01596,doc_0892
session_01596,doc_0878
session_01596,doc_0914
session_01596,doc_0904
session_01596,doc_0884
session_01596,doc_0240
session_01597,doc_0020
session_01597,doc_0019
session_01597,doc_0028
session_01597,doc_0933
session_01598,doc_0673
session_01598,doc_0658
session_01598,doc_0364
session_01598,doc_0369
session_01599,doc_0644
session_01600,doc_0107
session_01600,doc_0148
session_01600,doc_0152
session_01600,doc_0149
session_01600,doc_0144
session_01600,doc_0565
session_01601,doc_0617
session_01601,doc_0621
session_01601,doc_0623
session_01601,doc_0618
session_01602,doc_0119
session_01603,doc_0644
session_01603,doc_0630
session_01603,doc_0599
session_01604,doc_0851
session_01604,doc_0852
session_01604,doc_0871
session_01604,doc_0870
session_01605,doc_0041
session_01606,doc_0591
session_01606,doc_0518
session_01606,doc_0493
session_01606,doc_0565
session_01607,doc_0529
session_01608,doc_0673
session_01608,doc_0709
session_01608,doc_0373
session_01609,doc_0381
session_01610,doc_0235
session_01611,doc_0276
session_01611,doc_0312
session_01611,doc_0291
session_01612,doc_0091
session_01613,doc_0860
session_01614,doc_0518
session_01614,doc_0563
session_01614,doc_0493
session_01614,doc_0754
session_01614,doc_0802
session_01614,doc_0757
session_01615,doc_0316
session_01616,doc_0644
session_01616,doc_0596
session_01617,doc_0291
session_01617,doc_0286
session_01617,doc_0305
session_01617,doc_0322
session_01617,doc_0206
session_01618,doc_0884
session_01618,doc_0914
session_01618,doc_0902
session_01618,doc_0919
session_01619,doc_0902
session_01620,doc_0442
session_01620,doc_0202
session_01621,doc_0615
session_01621,doc_0392
session_01622,doc_0752
session_01622,doc_0762
session_01623,doc_0317
session_01624,doc_0001
session_01625,doc_0193
session_01626,doc_0285
session_01627,doc_0902
session_01627,doc_0641
session_01628,doc_0331
session_01628,doc_0352
session_01629,doc_0291
session_01629,doc_0305
session_01629,doc_0331
session_01630,doc_0182
session_01630,doc_0148
session_01631,doc_0609
session_01632,doc_0025
session_01632,doc_0028
session_01633,doc_0757
session_01634,doc_0371
session_01634,doc_0341
session_01635,doc_0322
session_01635,doc_0280
session_01635,doc_0274
session_01636,doc_0852
session_01636,doc_0754
session_01637,doc_0152
session_01637,doc_0126
session_01637,doc_0297
session_01638,doc_0731
session_01638,doc_0757
session_01638,doc_0564
session_01639,doc_0734
session_01639,doc_0769
session_01639,doc_0765
session_01640,doc_0031
session_01640,doc_0562
session_01641,doc_0258
session_01641,doc_0244
session_01641,doc_0476
session_01642,doc_0914
session_01643,doc_0336
session_01643,doc_0406
session_01643,doc_0373
session_01643,doc_0392
session_01644,doc_0068
session_01645,doc_0001
session_01645,doc_0063
session_01645,doc_0031
session_01645,doc_0054
session_01646,doc_0656
session_01646,doc_0655
session_01647,doc_0565
session_01647,doc_0534
session_01648,doc_0331
session_01648,doc_0342
session_01649,doc_0900
session_01649,doc_0913
session_01649,doc_0917
session_01649,doc_0362
session_01650,doc_0045
session_01651,doc_0882
session_01651,doc_0884
session_01651,doc_0691
session_01652,doc_0762
session_01652,doc_0719
session_01652,doc_0868
session_01653,doc_0769
session_01654,doc_0213
session_01655,doc_0148
session_01655,doc_0151
session_01656,doc_0412
session_01657,doc_0518
session_01657,doc_0576
session_01658,doc_0673
session_01658,doc_0656
session_01658,doc_0381
session_01658,doc_0331
session_01659,doc_0475
session_01660,doc_0179
session_01660,doc_0148
session_01660,doc_0169
session_01660,doc_0373
session_01660,doc_0392
session_01661,doc_0363
session_01661,doc_0402
session_01661,doc_0365
session_01661,doc_0904
session_01662,doc_0757
session_01662,doc_0736
session_01662,doc_0754
session_01662,doc_0802
session_01663,doc_0653
session_01663,doc_0673
session_01663,doc_0686
session_01663,doc_0697
session_01664,doc_0048
session_01664,doc_0031
session_01664,doc_0035
session_01664,doc_0618
session_01665,doc_0069
session_01666,doc_0148
session_01667,doc_0455
session_01667,doc_0471
session_01667,doc_0235
session_01668,doc_0148
session_01669,doc_0373
session_01669,doc_0356
session_01669,doc_0027
session_01670,doc_0231
session_01670,doc_0618
session_01671,doc_0179
session_01671,doc_0134
session_01671,doc_0300
session_01672,doc_0914
session_01672,doc_0884
session_01673,doc_0588
session_01674,doc_0689
session_01674,doc_0680
session_01674,doc_0673
session_01674,doc_0699
session_01675,doc_0928
session_01675,doc_0679
session_01676,doc_0509
session_01676,doc_0489
session_01677,doc_0229
session_01677,doc_0297
session_01678,doc_0904
session_01678,doc_0610
session_01679,doc_0048
session_01679,doc_0068
session_01679,doc_0502
session_01680,doc_0514
session_01681,doc_0031
session_01682,doc_0148
session_01682,doc_0120
session_01682,doc_0124
session_01682,doc_0152
session_01682,doc_0116
session_01682,doc_0322
session_01683,doc_0904
session_01684,doc_0036
session_01684,doc_0031
session_01685,doc_0615
session_01685,doc_0063
session_01686,doc_0501
session_01686,doc_0565
session_01686,doc_0562
session_01686,doc_0500
session_01687,doc_0705
session_01687,doc_0021
session_01688,doc_0644
session_01688,doc_0229
session_01689,doc_0892
session_01689,doc_0915
session_01689,doc_0935
session_01689,doc_0891
session_01689,doc_0903
session_01690,doc_0492
session_01691,doc_0235
session_01692,doc_0163
session_01692,doc_0118
session_01692,doc_0156
session_01692,doc_0914
session_01693,doc_0890
session_01694,doc_0857
session_01694,doc_0858
session_01694,doc_0815
session_01694,doc_0852
session_01694,doc_0836
session_01695,doc_0120
session_01695,doc_0148
session_01695,doc_0402
session_01695,doc_0331
session_01696,doc_0911
session_01696,doc_0884
session_01696,doc_0898
session_01696,doc_0902
session_01696,doc_0896
session_01696,doc_0894
session_01697,doc_0914
session_01698,doc_0090
session_01698,doc_0031
session_01698,doc_0068
session_01699,doc_0673
session_01699,doc_0666
session_01699,doc_0706
session_01700,doc_0869
session_01700,doc_0754
session_01701,doc_0361
session_01702,doc_0518
session_01703,doc_0760
session_01703,doc_0794
session_01703,doc_0596
session_01704,doc_0540
session_01704,doc_0518
session_01704,doc_0501
session_01704,doc_0085
session_01705,doc_0469
session_01705,doc_0472
session_01705,doc_0461
session_01705,doc_0902
session_01706,doc_0443
session_01706,doc_0444
session_01706,doc_0417
session_01706,doc_0476
session_01707,doc_0036
session_01707,doc_0034
session_01707,doc_0766
session_01708,doc_0068
session_01708,doc_0073
session_01708,doc_0614
session_01709,doc_0870
session_01709,doc_0852
session_01709,doc_0618
session_01710,doc_0852
session_01710,doc_0840
session_01710,doc_0845
session_01710,doc_0833
session_01711,doc_0203
session_01711,doc_0238
session_01711,doc_0210
session_01711,doc_0229
session_01712,doc_0068
session_01713,doc_0852
session_01714,doc_0471
session_01714,doc_0460
session_01714,doc_0469
session_01714,doc_0396
session_01715,doc_0087
session_01715,doc_0068
session_01716,doc_0518
session_01716,doc_0756
session_01717,doc_0629
session_01717,doc_0641
session_01718,doc_0148
session_01718,doc_0316
session_01719,doc_0250
session_01719,doc_0230
session_01719,doc_0642
session_01720,doc_0889
session_01721,doc_0884
session_01721,doc_0877
session_01721,doc_0936
session_01721,doc_0658
session_01721,doc_0673
session_01722,doc_0757
session_01723,doc_0224
session_01723,doc_0238
session_01723,doc_0627
session_01723,doc_0615
session_01724,doc_0031
session_01724,doc_0068
session_01725,doc_0757
session_01725,doc_0783
session_01726,doc_0337
session_01727,doc_0518
session_01727,doc_0730
session_01728,doc_0658
session_01729,doc_0373
session_01730,doc_0369
session_01730,doc_0331
session_01731,doc_0148
session_01731,doc_0111
session_01731,doc_0301
session_01731,doc_0305
session_01732,doc_0502
session_01732,doc_0517
session_01732,doc_0695
session_01733,doc_0905
session_01734,doc_0229
session_01735,doc_0152
session_01735,doc_0120
session_01735,doc_0105
session_01736,doc_0757
session_01737,doc_0291
session_01737,doc_0273
session_01737,doc_0332
session_01738,doc_0156
session_01738,doc_0137
session_01739,doc_0054
session_01739,doc_0481
session_01740,doc_0544
session_01740,doc_0585
session_01741,doc_0751
session_01741,doc_0752
session_01742,doc_0458
session_01742,doc_0412
session_01742,doc_0381
session_01743,doc_0764
session_01744,doc_0396
session_01744,doc_0369
session_01744,doc_0380
session_01744,doc_0700
session_01745,doc_0469
session_01745,doc_0433
session_01746,doc_0381
session_01746,doc_0360
session_01746,doc_0331
session_01746,doc_0347
session_01747,doc_0319
session_01748,doc_0229
session_01748,doc_0647
session_01749,doc_0331
session_01750,doc_0518
session_01750,doc_0493
session_01750,doc_0555
session_01751,doc_0419
session_01752,doc_0153
session_01753,doc_0121
session_01754,doc_0889
session_01754,doc_0900
session_01754,doc_0887
session_01754,doc_0673
session_01755,doc_0046
session_01755,doc_0086
session_01755,doc_0027
session_01756,doc_0732
session_01756,doc_0754
session_01756,doc_0736
session_01756,doc_0752
session_01757,doc_0229
session_01757,doc_0261
session_01758,doc_0129
session_01758,doc_0171
session_01758,doc_0148
session_01758,doc_0120
session_01758,doc_0399
session_01758,doc_0341
session_01759,doc_0618
session_01759,doc_0633
session_01760,doc_0086
session_01760,doc_0010
session_01760,doc_0611
session_01761,doc_0673
session_01761,doc_0656
session_01762,doc_0458
session_01763,doc_0754
session_01764,doc_0917
session_01764,doc_0902
session_01764,doc_0691
session_01765,doc_0031
session_01766,doc_0346
session_01766,doc_0373
session_01766,doc_0629
session_01766,doc_0621
session_01767,doc_0344
session_01767,doc_0118
session_01768,doc_0882
session_01769,doc_0852
session_01769,doc_0843
session_01770,doc_0345
session_01771,doc_0369
session_01771,doc_0402
session_01771,doc_0878
session_01772,doc_0476
session_01772,doc_0412
session_01772,doc_0469
session_01773,doc_0790
session_01774,doc_0091
session_01774,doc_0063
session_01774,doc_0041
session_01775,doc_0043
session_01775,doc_0005
session_01775,doc_0063
session_01775,doc_0019
session_01775,doc_0615
session_01776,doc_0057
session_01776,doc_0044
session_01777,doc_0757
session_01777,doc_0715
session_01777,doc_0769
session_01777,doc_0848
session_01778,doc_0518
session_01778,doc_0584
session_01778,doc_0732
session_01779,doc_0642
session_01780,doc_0148
session_01781,doc_0373
session_01782,doc_0439
session_01783,doc_0772
session_01783,doc_0769
session_01783,doc_0754
session_01784,doc_0074
session_01785,doc_0876
session_01785,doc_0656
session_01786,doc_0273
session_01786,doc_0402
session_01787,doc_0389
session_01787,doc_0384
session_01787,doc_0373
session_01787,doc_0371
session_01787,doc_0469
session_01788,doc_0565
session_01788,doc_0577
session_01788,doc_0510
session_01788,doc_0493
session_01788,doc_0525
session_01788,doc_0756
session_01789,doc_0757
session_01789,doc_0618
session_01790,doc_0073
session_01790,doc_0025
session_01790,doc_0547
session_01791,doc_0501
session_01792,doc_0889
session_01792,doc_0736
session_01793,doc_0625
session_01793,doc_0604
session_01793,doc_0641
session_01794,doc_0363
session_01794,doc_0357
session_01795,doc_0843
session_01795,doc_0870
session_01795,doc_0861
session_01795,doc_0928
session_01795,doc_0889
session_01796,doc_0565
session_01797,doc_0031
session_01797,doc_0067
session_01798,doc_0785
session_01798,doc_0752
session_01798,doc_0618
session_01799,doc_0469
session_01800,doc_0631
session_01800,doc_0621
session_01800,doc_0880
session_01801,doc_0140
session_01801,doc_0118
session_01801,doc_0362
session_01802,doc_0564
session_01802,doc_0556
session_01803,doc_0311
session_01803,doc_0310
session_01803,doc_0305
session_01804,doc_0031
session_01804,doc_0091
session_01804,doc_0392
session_01805,doc_0508
session_01806,doc_0291
session_01806,doc_0852
session_01807,doc_0119
session_01807,doc_0182
session_01807,doc_0152
session_01807,doc_0168
session_01807,doc_0451
session_01807,doc_0469
session_01808,doc_0305
session_01808,doc_0301
session_01809,doc_0518
session_01810,doc_0031
session_01811,doc_0069
session_01812,doc_0031
session_01812,doc_0080
session_01812,doc_0618
session_01813,doc_0291
session_01813,doc_0305
session_01814,doc_0148
session_01814,doc_0163
session_01814,doc_0179
session_01814,doc_0152
session_01814,doc_0317
session_01814,doc_0276
session_01815,doc_0746
session_01815,doc_0732
session_01815,doc_0341
session_01816,doc_0904
session_01817,doc_0048
session_01817,doc_0586
session_01818,doc_0467
session_01818,doc_0412
session_01818,doc_0438
session_01818,doc_0544
session_01819,doc_0889
session_01819,doc_0885
session_01819,doc_0703
session_01819,doc_0699
session_01820,doc_0755
session_01820,doc_0754
session_01821,doc_0200
session_01821,doc_0656
session_01822,doc_0848
session_01822,doc_0852
session_01822,doc_0844
session_01823,doc_0690
session_01823,doc_0689
session_01823,doc_0659
session_01823,doc_0900
session_01824,doc_0470
session_01824,doc_0440
session_01825,doc_0190
session_01825,doc_0128
session_01826,doc_0493
session_01826,doc_0527
session_01827,doc_0699
session_01827,doc_0671
session_01828,doc_0032
session_01828,doc_0048
session_01828,doc_0068
session_01828,doc_0031
session_01828,doc_0629
session_01829,doc_0120
session_01830,doc_0770
session_01831,doc_0908
session_01831,doc_0673
session_01832,doc_0306
session_01832,doc_0101
session_01833,doc_0922
session_01833,doc_0905
session_01833,doc_0763
session_01833,doc_0792
session_01834,doc_0360
session_01834,doc_0373
session_01834,doc_0381
session_01834,doc_0402
session_01834,doc_0335
session_01834,doc_0384
session_01835,doc_0565
session_01836,doc_0518
session_01836,doc_0526
session_01836,doc_0056
session_01837,doc_0403
session_01838,doc_0448
session_01838,doc_0441
session_01838,doc_0617
session_01839,doc_0369
session_01839,doc_0458
session_01840,doc_0121
session_01840,doc_0818
session_01841,doc_0914
session_01841,doc_0902
session_01841,doc_0584
session_01842,doc_0617
session_01842,doc_0644
session_01842,doc_0638
session_01843,doc_0752
session_01844,doc_0322
session_01845,doc_0031
session_01846,doc_0175
session_01847,doc_0518
session_01848,doc_0376
session_01849,doc_0689
session_01849,doc_0650
session_01849,doc_0706
session_01850,doc_0716
session_01850,doc_0796
session_01850,doc_0782
session_01850,doc_0074
session_01850,doc_0013
session_01851,doc_0689
session_01851,doc_0679
session_01851,doc_0705
session_01851,doc_0453
session_01851,doc_0469
session_01852,doc_0413
session_01852,doc_0458
session_01852,doc_0469
session_01852,doc_0243
session_01852,doc_0235
session_01853,doc_0812
session_01853,doc_0845
session_01853,doc_0807
session_01853,doc_0518
session_01853,doc_0538
session_01854,doc_0818
session_01854,doc_0815
session_01854,doc_0852
session_01854,doc_0536
session_01855,doc_0260
session_01855,doc_0229
session_01855,doc_0253
session_01855,doc_0443
session_01856,doc_0656
session_01856,doc_0703
session_01857,doc_0443
session_01857,doc_0412
session_01857,doc_0331
session_01858,doc_0441
session_01858,doc_0469
session_01858,doc_0471
session_01859,doc_0458
session_01859,doc_0455
session_01859,doc_0430
session_01859,doc_0843
session_01859,doc_0810
session_01860,doc_0617
session_01861,doc_0752
session_01861,doc_0209
session_01862,doc_0754
session_01863,doc_0469
session_01863,doc_0473
session_01863,doc_0201
session_01864,doc_0276
session_01865,doc_0303
session_01865,doc_0313
session_01866,doc_0343
session_01866,doc_0339
session_01866,doc_0909
session_01867,doc_0037
session_01868,doc_0884
session_01868,doc_0917
session_01868,doc_0689
session_01869,doc_0518
session_01869,doc_0512
session_01869,doc_0534
session_01869,doc_0757
session_01870,doc_0586
session_01870,doc_0584
session_01871,doc_0870
session_01871,doc_0816
session_01871,doc_0840
session_01871,doc_0301
session_01872,doc_0774
session_01872,doc_0732
session_01873,doc_0209
session_01873,doc_0229
session_01873,doc_0752
session_01874,doc_0350
session_01874,doc_0370
session_01874,doc_0732
session_01875,doc_0763
session_01875,doc_0773
session_01876,doc_0235
session_01876,doc_0233
session_01876,doc_0211
session_01876,doc_0930
session_01877,doc_0673
session_01878,doc_0774
session_01878,doc_0754
session_01878,doc_0770
session_01879,doc_0373
session_01880,doc_0904
session_01880,doc_0914
session_01881,doc_0565
session_01881,doc_0493
session_01881,doc_0593
session_01881,doc_0581
session_01882,doc_0608
session_01882,doc_0617
session_01882,doc_0641
session_01882,doc_0031
session_01883,doc_0074
session_01883,doc_0026
session_01883,doc_0077
session_01883,doc_0063
session_01884,doc_0518
session_01884,doc_0507
session_01884,doc_0031
session_01884,doc_0044
session_01885,doc_0565
session_01885,doc_0545
session_01885,doc_0502
session_01885,doc_0724
session_01886,doc_0837
session_01887,doc_0699
session_01887,doc_0673
session_01888,doc_0048
session_01888,doc_0031
session_01889,doc_0584
session_01889,doc_0518
session_01889,doc_0754
session_01889,doc_0757
session_01890,doc_0889
session_01890,doc_0914
session_01890,doc_0902
session_01890,doc_0876
session_01890,doc_0900
session_01890,doc_0673
session_01891,doc_0031
session_01891,doc_0048
session_01891,doc_0019
session_01892,doc_0369
session_01893,doc_0121
session_01893,doc_0375
session_01894,doc_0673
session_01895,doc_0031
session_01895,doc_0046
session_01895,doc_0618
session_01896,doc_0852
session_01896,doc_0845
session_01897,doc_0894
session_01897,doc_0917
session_01897,doc_0362
session_01898,doc_0739
session_01898,doc_0769
session_01898,doc_0752
session_01898,doc_0754
session_01899,doc_0650
session_01900,doc_0656
session_01901,doc_0235
session_01901,doc_0597
session_01902,doc_0899
session_01902,doc_0898
session_01902,doc_0362
session_01903,doc_0505
session_01904,doc_0844
session_01905,doc_0843
session_01905,doc_0857
session_01905,doc_0716
session_01906,doc_0695
session_01906,doc_0706
session_01907,doc_0852
session_01907,doc_0844
session_01907,doc_0857
session_01907,doc_0870
session_01907,doc_0744
session_01908,doc_0871
session_01908,doc_0870
session_01908,doc_0842
session_01908,doc_0016
session_01909,doc_0154
session_01910,doc_0757
session_01910,doc_0714
session_01910,doc_0504
session_01910,doc_0495
session_01911,doc_0331
session_01911,doc_0346
session_01912,doc_0148
session_01912,doc_0186
session_01912,doc_0121
session_01913,doc_0469
session_01913,doc_0476
session_01913,doc_0617
session_01914,doc_0469
session_01915,doc_0305
session_01916,doc_0564
session_01917,doc_0525
session_01918,doc_0673
session_01918,doc_0148
session_01919,doc_0562
session_01919,doc_0493
session_01919,doc_0522
session_01919,doc_0792
session_01919,doc_0731
session_01920,doc_0882
session_01920,doc_0929
session_01920,doc_0901
session_01920,doc_0699
session_01920,doc_0673
session_01921,doc_0471
session_01921,doc_0412
session_01921,doc_0547
session_01922,doc_0148
session_01922,doc_0138
session_01923,doc_0112
session_01924,doc_0420
session_01924,doc_0479
session_01924,doc_0469
session_01924,doc_0476
session_01924,doc_0414
session_01925,doc_0469
session_01925,doc_0475
session_01925,doc_0601
session_01926,doc_0617
session_01926,doc_0031
session_01927,doc_0529
session_01927,doc_0565
session_01927,doc_0518
session_01927,doc_0732
session_01928,doc_0032
session_01929,doc_0319
session_01929,doc_0270
session_01929,doc_0332
session_01930,doc_0207
session_01930,doc_0421
session_01931,doc_0884
session_01931,doc_0902
session_01931,doc_0900
session_01931,doc_0634
session_01932,doc_0469
session_01933,doc_0352
session_01934,doc_0434
session_01934,doc_0446
session_01935,doc_0027
session_01935,doc_0006
session_01935,doc_0626
session_01936,doc_0754
session_01936,doc_0744
session_01936,doc_0774
session_01936,doc_0469
session_01937,doc_0206
session_01937,doc_0262
session_01937,doc_0247
session_01937,doc_0238
session_01937,doc_0182
session_01938,doc_0673
session_01939,doc_0068
session_01939,doc_0617
session_01940,doc_0322
session_01940,doc_0270
session_01940,doc_0355
session_01941,doc_0119
session_01941,doc_0156
session_01941,doc_0291
session_01942,doc_0108
session_01942,doc_0148
session_01942,doc_0152
session_01942,doc_0302
session_01942,doc_0291
session_01943,doc_0157
session_01943,doc_0172
session_01944,doc_0507
session_01944,doc_0518
session_01944,doc_0502
session_01945,doc_0235
session_01946,doc_0507
session_01946,doc_0555
session_01946,doc_0565
session_01946,doc_0235
session_01946,doc_0220
session_01947,doc_0228
session_01948,doc_0661
session_01949,doc_0673
session_01949,doc_0689
session_01949,doc_0656
session_01949,doc_0229
session_01950,doc_0493
session_01950,doc_0533
session_01950,doc_0518
session_01950,doc_0492
session_01950,doc_0531
session_01951,doc_0754
session_01951,doc_0752
session_01952,doc_0322
session_01952,doc_0187
session_01953,doc_0476
session_01953,doc_0451
session_01954,doc_0565
session_01955,doc_0565
session_01955,doc_0510
session_01955,doc_0564
session_01955,doc_0779
session_01956,doc_0327
session_01957,doc_0469
session_01957,doc_0428
session_01958,doc_0835
session_01959,doc_0431
session_01959,doc_0222
session_01960,doc_0171
session_01960,doc_0148
session_01960,doc_0240
session_01961,doc_0707
session_01962,doc_0738
session_01963,doc_0169
session_01964,doc_0469
session_01964,doc_0412
session_01964,doc_0434
session_01964,doc_0373
session_01965,doc_0077
session_01966,doc_0627
session_01967,doc_0720
session_01967,doc_0182
session_01968,doc_0300
session_01969,doc_0752
session_01970,doc_0213
session_01970,doc_0235
session_01970,doc_0260
session_01970,doc_0208
session_01970,doc_0645
session_01970,doc_0644
session_01971,doc_0852
session_01972,doc_0736
session_01972,doc_0774
session_01972,doc_0754
session_01972,doc_0615
session_01972,doc_0617
session_01972,doc_0634
session_01973,doc_0487
session_01973,doc_0446
session_01974,doc_0518
session_01974,doc_0564
session_01975,doc_0914
session_01975,doc_0884
session_01976,doc_0198
session_01976,doc_0517
session_01977,doc_0434
session_01978,doc_0476
session_01978,doc_0469
session_01979,doc_0390
session_01979,doc_0331
session_01979,doc_0376
session_01979,doc_0371
session_01979,doc_0394
session_01980,doc_0710
session_01980,doc_0676
session_01980,doc_0331
session_01981,doc_0776
session_01982,doc_0914
session_01982,doc_0904
session_01982,doc_0617
session_01983,doc_0384
session_01983,doc_0376
session_01983,doc_0430
session_01984,doc_0458
session_01984,doc_0466
session_01984,doc_0471
session_01984,doc_0238
session_01985,doc_0331
session_01985,doc_0409
session_01985,doc_0328
session_01985,doc_0181
session_01986,doc_0246
session_01986,doc_0247
session_01986,doc_0486
session_01987,doc_0276
session_01987,doc_0293
session_01987,doc_0397
session_01988,doc_0368
session_01988,doc_0373
session_01988,doc_0405
session_01989,doc_0079
session_01989,doc_0618
session_01990,doc_0031
session_01990,doc_0024
session_01991,doc_0796
session_01991,doc_0565
session_01992,doc_0673
session_01993,doc_0121
session_01993,doc_0142
session_01993,doc_0152
session_01993,doc_0137
session_01993,doc_0331
session_01994,doc_0493
session_01995,doc_0369
session_01995,doc_0360
session_01995,doc_0678
session_01996,doc_0331
session_01996,doc_0376
session_01996,doc_0401
session_01996,doc_0392
session_01996,doc_0428
session_01997,doc_0273
session_01997,doc_0322
session_01997,doc_0629
session_01998,doc_0689
session_01999,doc_0597
session_01999,doc_0596
session_01999,doc_0443
session_01999,doc_0422
session_02000,doc_0518
session_02000,doc_0569
session_02000,doc_0488
session_02000,doc_0502
session_02000,doc_0492
session_02001,doc_0274
session_02001,doc_0306
session_02001,doc_0297
session_02001,doc_0402
session_02001,doc_0331
session_02002,doc_0234
session_02003,doc_0235
session_02003,doc_0206
session_02003,doc_0229
session_02003,doc_0263
session_02004,doc_0783
session_02004,doc_0732
session_02004,doc_0749
session_02004,doc_0264
session_02005,doc_0297
session_02006,doc_0631
session_02006,doc_0644
session_02006,doc_0009
session_02006,doc_0001
session_02007,doc_0617
session_02008,doc_0303
session_02009,doc_0469
session_02009,doc_0443
session_02010,doc_0229
session_02011,doc_0689
session_02011,doc_0664
session_02011,doc_0680
session_02012,doc_0542
session_02012,doc_0366
session_02013,doc_0498
session_02013,doc_0565
session_02013,doc_0501
session_02014,doc_0096
session_02014,doc_0010
session_02014,doc_0041
session_02014,doc_0031
session_02014,doc_0754
session_02014,doc_0783
session_02015,doc_0900
session_02015,doc_0914
session_02015,doc_0148
session_02016,doc_0852
session_02016,doc_0843
session_02016,doc_0808
session_02016,doc_0322
session_02017,doc_0457
session_02017,doc_0392
session_02018,doc_0181
session_02018,doc_0184
session_02018,doc_0148
session_02018,doc_0126
session_02019,doc_0331
session_02019,doc_0373
session_02020,doc_0412
session_02020,doc_0469
session_02020,doc_0471
session_02020,doc_0632
session_02021,doc_0870
session_02021,doc_0843
session_02021,doc_0755
session_02022,doc_0031
session_02023,doc_0029
session_02024,doc_0001
session_02024,doc_0068
session_02024,doc_0023
session_02024,doc_0089
session_02024,doc_0584
session_02025,doc_0594
session_02025,doc_0647
session_02025,doc_0641
session_02026,doc_0843
session_02026,doc_0870
session_02026,doc_0752
session_02027,doc_0584
session_02028,doc_0152
session_02029,doc_0750
session_02029,doc_0713
session_02029,doc_0632
session_02030,doc_0904
session_02030,doc_0925
session_02030,doc_0902
session_02030,doc_0046
session_02031,doc_0471
session_02031,doc_0463
session_02032,doc_0269
session_02033,doc_0502
session_02034,doc_0631
session_02034,doc_0618
session_02034,doc_0641
session_02035,doc_0914
session_02035,doc_0895
session_02035,doc_0934
session_02035,doc_0337
session_02036,doc_0114
session_02036,doc_0646
session_02037,doc_0559
session_02037,doc_0530
session_02038,doc_0068
session_02038,doc_0037
session_02038,doc_0689
session_02039,doc_0208
session_02040,doc_0394
session_02040,doc_0354
session_02040,doc_0373
session_02040,doc_0166
session_02041,doc_0261
session_02042,doc_0518
session_02042,doc_0564
session_02042,doc_0512
session_02042,doc_0517
session_02042,doc_0534
session_02042,doc_0148
session_02043,doc_0112
session_02044,doc_0656
session_02044,doc_0658
session_02045,doc_0013
session_02045,doc_0068
session_02045,doc_0492
session_02046,doc_0241
session_02046,doc_0203
session_02046,doc_0246
session_02046,doc_0148
session_02047,doc_0766
session_02047,doc_0803
session_02047,doc_0663
session_02048,doc_0493
session_02048,doc_0492
session_02049,doc_0152
session_02049,doc_0111
session_02049,doc_0297
session_02050,doc_0852
session_02050,doc_0777
session_02051,doc_0785
session_02051,doc_0754
session_02052,doc_0842
session_02053,doc_0037
session_02053,doc_0031
session_02053,doc_0091
session_02053,doc_0569
session_02054,doc_0525
session_02054,doc_0518
session_02054,doc_0090
session_02055,doc_0148
session_02055,doc_0367
session_02056,doc_0421
session_02056,doc_0674
session_02057,doc_0203
session_02058,doc_0757
session_02058,doc_0773
session_02059,doc_0617
session_02059,doc_0629
session_02060,doc_0476
session_02060,doc_0426
session_02060,doc_0884
session_02060,doc_0914
session_02061,doc_0322
session_02062,doc_0241
session_02062,doc_0243
session_02062,doc_0214
session_02062,doc_0218
session_02062,doc_0618
session_02063,doc_0148
session_02063,doc_0277
session_02064,doc_0209
session_02064,doc_0200
session_02064,doc_0309
session_02064,doc_0323
session_02065,doc_0305
session_02066,doc_0852
session_02066,doc_0843
session_02066,doc_0812
session_02066,doc_0766
session_02067,doc_0666
session_02067,doc_0651
session_02067,doc_0676
session_02067,doc_0381
session_02067,doc_0391
session_02067,doc_0331
session_02068,doc_0229
session_02068,doc_0247
session_02069,doc_0469
session_02069,doc_0471
session_02069,doc_0441
session_02069,doc_0246
session_02070,doc_0215
session_02070,doc_0235
session_02071,doc_0322
session_02072,doc_0192
session_02072,doc_0108
session_02072,doc_0162
session_02072,doc_0336
session_02073,doc_0091
session_02073,doc_0001
session_02074,doc_0578
session_02074,doc_0728
session_02075,doc_0627
session_02075,doc_0644
session_02075,doc_0475
session_02076,doc_0034
session_02076,doc_0518
session_02077,doc_0451
session_02077,doc_0485
session_02078,doc_0043
session_02078,doc_0058
session_02078,doc_0073
session_02078,doc_0031
session_02078,doc_0233
session_02079,doc_0401
session_02079,doc_0394
session_02080,doc_0148
session_02081,doc_0022
session_02081,doc_0046
session_02081,doc_0594
session_02082,doc_0299
session_02082,doc_0323
session_02082,doc_0322
session_02083,doc_0396
session_02084,doc_0818
session_02084,doc_0873
session_02084,doc_0839
session_02084,doc_0772
session_02085,doc_0870
session_02086,doc_0291
session_02086,doc_0322
session_02086,doc_0270
session_02086,doc_0316
session_02086,doc_0305
session_02086,doc_0364
session_02087,doc_0212
session_02087,doc_0235
session_02087,doc_0434
session_02088,doc_0885
session_02089,doc_0218
session_02089,doc_0235
session_02090,doc_0852
session_02090,doc_0815
session_02090,doc_0769
session_02091,doc_0133
session_02091,doc_0148
session_02091,doc_0179
session_02091,doc_0118
session_02092,doc_0564
session_02093,doc_0852
session_02093,doc_0795
session_02094,doc_0544
session_02094,doc_0564
session_02095,doc_0148
session_02095,doc_0118
session_02095,doc_0172
session_02095,doc_0032
session_02096,doc_0082
session_02096,doc_0085
session_02096,doc_0096
session_02097,doc_0844
session_02098,doc_0757
session_02098,doc_0549
session_02099,doc_0368
session_02099,doc_0364
session_02099,doc_0409
session_02099,doc_0366
session_02099,doc_0884
session_02100,doc_0471
session_02100,doc_0469
session_02100,doc_0428
session_02100,doc_0400
session_02101,doc_0818
session_02102,doc_0923
session_02102,doc_0921
session_02102,doc_0909
session_02102,doc_0914
session_02103,doc_0565
session_02104,doc_0458
session_02104,doc_0424
session_02104,doc_0893
session_02105,doc_0188
session_02106,doc_0152
session_02107,doc_0565
session_02108,doc_0752
session_02109,doc_0914
session_02109,doc_0883
session_02109,doc_0902
session_02109,doc_0152
session_02110,doc_0152
session_02110,doc_0673
session_02111,doc_0754
session_02111,doc_0783
session_02111,doc_0817
session_02111,doc_0868
session_02112,doc_0156
session_02113,doc_0442
session_02113,doc_0437
session_02113,doc_0458
session_02113,doc_0456
session_02113,doc_0291
session_02114,doc_0699
session_02114,doc_0708
session_02114,doc_0667
session_02115,doc_0689
session_02115,doc_0905
session_02116,doc_0932
session_02116,doc_0917
session_02116,doc_0925
session_02117,doc_0752
session_02117,doc_0754
session_02118,doc_0044
session_02118,doc_0046
session_02119,doc_0884
session_02119,doc_0902
session_02119,doc_0901
session_02119,doc_0917
session_02119,doc_0676
session_02120,doc_0565
session_02120,doc_0501
session_02120,doc_0564
session_02120,doc_0451
session_02121,doc_0299
session_02122,doc_0381
session_02123,doc_0724
session_02124,doc_0797
session_02125,doc_0517
session_02125,doc_0490
session_02126,doc_0235
session_02127,doc_0152
session_02127,doc_0340
session_02128,doc_0004
session_02129,doc_0695
session_02129,doc_0673
session_02130,doc_0469
session_02130,doc_0434
session_02131,doc_0148
session_02131,doc_0165
session_02132,doc_0467
session_02132,doc_0469
session_02132,doc_0450
session_02133,doc_0617
session_02133,doc_0633
session_02133,doc_0621
session_02133,doc_0599
session_02134,doc_0858
session_02135,doc_0654
session_02135,doc_0681
session_02135,doc_0673
session_02135,doc_0656
session_02135,doc_0689
session_02136,doc_0469
session_02137,doc_0702
session_02137,doc_0673
session_02137,doc_0933
session_02138,doc_0824
session_02139,doc_0373
session_02139,doc_0388
session_02140,doc_0476
session_02141,doc_0276
session_02141,doc_0322
session_02141,doc_0273
session_02141,doc_0284
session_02141,doc_0810
session_02141,doc_0857
session_02142,doc_0795
session_02142,doc_0757
session_02143,doc_0518
session_02143,doc_0584
session_02143,doc_0590
session_02143,doc_0583
session_02144,doc_0148
session_02144,doc_0192
session_02144,doc_0156
session_02144,doc_0304
session_02145,doc_0322
session_02146,doc_0776
session_02147,doc_0517
session_02147,doc_0079
session_02148,doc_0683
session_02148,doc_0118
session_02149,doc_0430
session_02150,doc_0617
session_02150,doc_0615
session_02150,doc_0625
session_02150,doc_0788
session_02150,doc_0774
session_02151,doc_0858
session_02151,doc_0820
session_02152,doc_0369
session_02152,doc_0401
session_02153,doc_0825
session_02154,doc_0373
session_02155,doc_0853
session_02155,doc_0868
session_02155,doc_0852
session_02155,doc_0831
session_02155,doc_0862
session_02155,doc_0824
session_02156,doc_0403
session_02156,doc_0362
session_02157,doc_0667
session_02157,doc_0679
session_02157,doc_0923
session_02158,doc_0431
session_02158,doc_0413
session_02158,doc_0476
session_02158,doc_0487
session_02158,doc_0238
session_02159,doc_0917
session_02159,doc_0912
session_02159,doc_0291
session_02159,doc_0322
session_02160,doc_0362
session_02160,doc_0372
session_02161,doc_0476
session_02162,doc_0421
session_02162,doc_0411
session_02162,doc_0836
session_02163,doc_0702
session_02164,doc_0211
session_02165,doc_0080
session_02165,doc_0055
session_02165,doc_0658
session_02166,doc_0322
session_02166,doc_0286
session_02167,doc_0673
session_02167,doc_0904
session_02168,doc_0031
session_02168,doc_0068
session_02168,doc_0011
session_02168,doc_0644
session_02169,doc_0178
session_02169,doc_0187
session_02169,doc_0148
session_02169,doc_0317
session_02170,doc_0362
session_02171,doc_0118
session_02171,doc_0152
session_02171,doc_0156
session_02171,doc_0166
session_02171,doc_0732
session_02171,doc_0757
session_02172,doc_0322
session_02172,doc_0269
session_02172,doc_0291
session_02172,doc_0280
session_02172,doc_0265
session_02173,doc_0218
session_02173,doc_0235
session_02173,doc_0253
session_02174,doc_0673
session_02174,doc_0904
session_02175,doc_0148
session_02175,doc_0179
session_02175,doc_0169
session_02176,doc_0509
session_02176,doc_0565
session_02177,doc_0429
session_02178,doc_0129
session_02178,doc_0152
session_02178,doc_0362
session_02179,doc_0576
session_02179,doc_0518
session_02179,doc_0492
session_02179,doc_0754
session_02180,doc_0558
session_02180,doc_0024
session_02181,doc_0631
session_02182,doc_0270
session_02182,doc_0293
session_02182,doc_0316
session_02183,doc_0235
session_02183,doc_0223
session_02183,doc_0458
session_02183,doc_0469
session_02184,doc_0451
session_02184,doc_0430
session_02184,doc_0215
session_02185,doc_0068
session_02185,doc_0565
session_02186,doc_0149
session_02186,doc_0182
session_02186,doc_0163
session_02186,doc_0166
session_02186,doc_0118
session_02187,doc_0241
session_02188,doc_0291
session_02188,doc_0322
session_02188,doc_0656
session_02188,doc_0658
session_02189,doc_0291
session_02189,doc_0322
session_02190,doc_0074
session_02190,doc_0601
session_02191,doc_0884
session_02191,doc_0894
session_02191,doc_0902
session_02191,doc_0914
session_02191,doc_0917
session_02191,doc_0881
session_02192,doc_0757
session_02192,doc_0792
session_02192,doc_0769
session_02193,doc_0148
session_02193,doc_0113
session_02194,doc_0914
session_02195,doc_0476
session_02196,doc_0750
session_02196,doc_0732
session_02197,doc_0369
session_02198,doc_0922
session_02198,doc_0914
session_02199,doc_0458
session_02199,doc_0476
session_02199,doc_0437
session_02199,doc_0331
session_02200,doc_0792
session_02200,doc_0797
session_02200,doc_0724
session_02201,doc_0469
session_02201,doc_0392
session_02202,doc_0316
session_02202,doc_0276
session_02203,doc_0800
session_02203,doc_0754
session_02203,doc_0498
session_02204,doc_0482
session_02205,doc_0046
session_02205,doc_0031
session_02205,doc_0601
session_02206,doc_0518
session_02206,doc_0584
session_02206,doc_0753
session_02207,doc_0418
session_02207,doc_0476
session_02208,doc_0356
session_02209,doc_0564
session_02209,doc_0493
session_02210,doc_0273
session_02210,doc_0322
session_02210,doc_0313
session_02210,doc_0148
session_02211,doc_0493
session_02212,doc_0229
session_02213,doc_0471
session_02213,doc_0469
session_02214,doc_0360
session_02214,doc_0476
session_02215,doc_0236
session_02216,doc_0179
session_02216,doc_0118
session_02216,doc_0119
session_02216,doc_0148
session_02217,doc_0564
session_02218,doc_0492
session_02218,doc_0631
session_02219,doc_0231
session_02219,doc_0235
session_02219,doc_0248
session_02219,doc_0224
session_02220,doc_0233
session_02220,doc_0212
session_02220,doc_0476
session_02221,doc_0108
session_02222,doc_0518
session_02222,doc_0565
session_02222,doc_0493
session_02223,doc_0873
session_02224,doc_0127
session_02224,doc_0118
session_02224,doc_0179
session_02225,doc_0857
session_02225,doc_0152
session_02226,doc_0756
session_02226,doc_0618
session_02227,doc_0331
session_02227,doc_0373
session_02227,doc_0343
session_02227,doc_0364
session_02228,doc_0914
session_02229,doc_0704
session_02229,doc_0689
session_02230,doc_0469
session_02230,doc_0476
session_02231,doc_0331
session_02232,doc_0080
session_02233,doc_0622
session_02233,doc_0641
session_02233,doc_0618
session_02234,doc_0870
session_02234,doc_0914
session_02235,doc_0235
session_02235,doc_0207
session_02236,doc_0493
session_02236,doc_0586
session_02237,doc_0627
session_02237,doc_0617
session_02237,doc_0618
session_02237,doc_0376
session_02238,doc_0921
session_02239,doc_0870
session_02239,doc_0845
session_02239,doc_0801
session_02240,doc_0702
session_02241,doc_0469
session_02241,doc_0422
session_02242,doc_0412
session_02242,doc_0434
session_02242,doc_0411
session_02242,doc_0230
session_02243,doc_0705
session_02243,doc_0683
session_02243,doc_0891
session_02243,doc_0928
session_02244,doc_0769
session_02244,doc_0401
session_02245,doc_0689
session_02245,doc_0331
session_02246,doc_0331
session_02246,doc_0596
session_02247,doc_0176
session_02247,doc_0192
session_02247,doc_0148
session_02248,doc_0502
session_02248,doc_0564
session_02248,doc_0565
session_02248,doc_0729
session_02248,doc_0786
session_02249,doc_0730
session_02250,doc_0045
session_02250,doc_0618
session_02251,doc_0229
session_02251,doc_0201
session_02251,doc_0227
session_02251,doc_0235
session_02251,doc_0213
session_02252,doc_0193
session_02252,doc_0148
session_02252,doc_0155
session_02252,doc_0171
session_02253,doc_0371
session_02253,doc_0362
session_02253,doc_0373
session_02253,doc_0402
session_02253,doc_0068
session_02254,doc_0043
session_02254,doc_0031
session_02255,doc_0689
session_02255,doc_0711
session_02255,doc_0893
session_02255,doc_0921
session_02256,doc_0774
session_02256,doc_0732
session_02257,doc_0752
session_02257,doc_0763
session_02258,doc_0596
session_02259,doc_0401
session_02259,doc_0476
session_02260,doc_0518
session_02260,doc_0565
session_02260,doc_0031
session_02261,doc_0329
session_02261,doc_0381
session_02261,doc_0246
session_02262,doc_0398
session_02262,doc_0388
session_02263,doc_0316
session_02263,doc_0305
session_02264,doc_0181
session_02264,doc_0379
session_02265,doc_0930
session_02265,doc_0889
session_02265,doc_0914
session_02266,doc_0043
session_02266,doc_0031
session_02266,doc_0079
session_02267,doc_0757
session_02268,doc_0394
session_02268,doc_0341
session_02269,doc_0914
session_02270,doc_0617
session_02271,doc_0754
session_02271,doc_0757
session_02271,doc_0011
session_02272,doc_0204
session_02272,doc_0641
session_02273,doc_0689
session_02273,doc_0704
session_02273,doc_0676
session_02273,doc_0682
session_02273,doc_0261
session_02274,doc_0630
session_02275,doc_0852
session_02275,doc_0854
session_02275,doc_0803
session_02275,doc_0729
session_02276,doc_0625
session_02277,doc_0509
session_02278,doc_0518
session_02279,doc_0754
session_02279,doc_0798
session_02280,doc_0235
session_02280,doc_0243
session_02281,doc_0860
session_02281,doc_0835
session_02281,doc_0808
session_02281,doc_0845
session_02281,doc_0120
session_02282,doc_0654
session_02282,doc_0699
session_02282,doc_0133
session_02283,doc_0362
session_02283,doc_0331
session_02283,doc_0369
session_02284,doc_0754
session_02284,doc_0769
session_02284,doc_0799
session_02284,doc_0752
session_02284,doc_0757
session_02285,doc_0732
session_02285,doc_0758
session_02285,doc_0828
session_02286,doc_0476
session_02286,doc_0618
session_02287,doc_0322
session_02288,doc_0123
session_02288,doc_0171
session_02289,doc_0441
session_02289,doc_0641
session_02290,doc_0584
session_02290,doc_0518
session_02290,doc_0589
session_02291,doc_0086
session_02291,doc_0222
session_02292,doc_0235
session_02292,doc_0234
session_02293,doc_0689
session_02293,doc_0659
session_02293,doc_0703
session_02293,doc_0337
session_02294,doc_0152
session_02295,doc_0146
session_02296,doc_0322
session_02296,doc_0321
session_02296,doc_0337
session_02297,doc_0196
session_02297,doc_0250
session_02297,doc_0213
session_02297,doc_0261
session_02297,doc_0229
session_02297,doc_0453
session_02298,doc_0673
session_02298,doc_0676
session_02298,doc_0774
session_02299,doc_0041
session_02300,doc_0126
session_02300,doc_0148
session_02300,doc_0280
session_02301,doc_0492
session_02302,doc_0021
session_02302,doc_0066
session_02302,doc_0011
session_02302,doc_0498
session_02302,doc_0534
session_02303,doc_0478
session_02303,doc_0471
session_02303,doc_0469
session_02303,doc_0456
session_02303,doc_0441
session_02304,doc_0913
session_02304,doc_0889
session_02304,doc_0201
session_02305,doc_0903
session_02305,doc_0884
session_02306,doc_0783
session_02307,doc_0168
session_02307,doc_0121
session_02307,doc_0372
session_02307,doc_0341
session_02308,doc_0148
session_02308,doc_0121
session_02308,doc_0181
session_02308,doc_0149
session_02309,doc_0884
session_02309,doc_0918
session_02309,doc_0902
session_02309,doc_0875
session_02309,doc_0337
session_02310,doc_0501
session_02310,doc_0498
session_02310,doc_0584
session_02310,doc_0068
session_02311,doc_0518
session_02311,doc_0565
session_02311,doc_0351
session_02312,doc_0231
session_02312,doc_0261
session_02312,doc_0031
session_02313,doc_0836
session_02313,doc_0862
session_02313,doc_0850
session_02313,doc_0870
session_02313,doc_0852
session_02314,doc_0663
session_02314,doc_0885
session_02315,doc_0373
session_02315,doc_0379
session_02315,doc_0617
session_02316,doc_0474
session_02317,doc_0876
session_02317,doc_0502
session_02318,doc_0634
session_02318,doc_0617
session_02318,doc_0471
session_02319,doc_0618
session_02319,doc_0120
session_02320,doc_0449
session_02320,doc_0476
session_02320,doc_0469
session_02320,doc_0331
session_02321,doc_0518
session_02321,doc_0501
session_02322,doc_0331
session_02323,doc_0401
session_02323,doc_0352
session_02324,doc_0689
session_02324,doc_0337
session_02325,doc_0917
session_02325,doc_0673
session_02326,doc_0001
session_02326,doc_0043
session_02326,doc_0031
session_02327,doc_0523
session_02327,doc_0565
session_02327,doc_0533
session_02327,doc_0529
session_02327,doc_0586
session_02327,doc_0582
session_02328,doc_0757
session_02329,doc_0235
session_02329,doc_0568
session_02330,doc_0806
session_02330,doc_0786
session_02331,doc_0110
session_02331,doc_0148
session_02331,doc_0192
session_02332,doc_0031
session_02332,doc_0641
session_02333,doc_0814
session_02334,doc_0562
session_02334,doc_0005
session_02335,doc_0126
session_02335,doc_0179
session_02335,doc_0271
session_02336,doc_0233
session_02336,doc_0240
session_02336,doc_0211
session_02336,doc_0235
session_02336,doc_0242
session_02336,doc_0229
session_02337,doc_0754
session_02337,doc_0757
session_02337,doc_0469
session_02338,doc_0148
session_02338,doc_0518
session_02339,doc_0798
session_02339,doc_0894
session_02340,doc_0369
session_02340,doc_0331
session_02340,doc_0367
session_02340,doc_0752
session_02341,doc_0921
session_02341,doc_0914
session_02342,doc_0322
session_02342,doc_0276
session_02343,doc_0269
session_02343,doc_0305
session_02344,doc_0774
session_02344,doc_0758
session_02345,doc_0381
session_02346,doc_0716
session_02346,doc_0748
session_02346,doc_0727
session_02347,doc_0498
session_02347,doc_0569
session_02347,doc_0542
session_02348,doc_0603
session_02348,doc_0641
session_02348,doc_0609
session_02348,doc_0617
session_02348,doc_0621
session_02348,doc_0625
session_02349,doc_0656
session_02349,doc_0695
session_02349,doc_0673
session_02349,doc_0904
session_02350,doc_0402
session_02350,doc_0910
session_02351,doc_0914
session_02352,doc_0757
session_02352,doc_0786
session_02352,doc_0783
session_02353,doc_0148
session_02353,doc_0133
session_02353,doc_0179
session_02354,doc_0714
session_02355,doc_0469
session_02356,doc_0204
session_02356,doc_0437
session_02357,doc_0763
session_02358,doc_0864
session_02358,doc_0817
session_02358,doc_0752
session_02359,doc_0852
session_02359,doc_0853
session_02359,doc_0848
session_02360,doc_0063
session_02360,doc_0043
session_02360,doc_0086
session_02360,doc_0617
session_02361,doc_0322
session_02361,doc_0303
session_02361,doc_0276
session_02361,doc_0615
session_02362,doc_0640
session_02362,doc_0644
session_02363,doc_0779
session_02363,doc_0754
session_02364,doc_0148
session_02365,doc_0831
session_02366,doc_0914
session_02367,doc_0322
session_02368,doc_0140
session_02368,doc_0117
session_02369,doc_0011
session_02370,doc_0754
session_02370,doc_0848
session_02371,doc_0857
session_02371,doc_0870
session_02371,doc_0843
session_02371,doc_0844
session_02371,doc_0757
session_02372,doc_0518
session_02372,doc_0591
session_02373,doc_0773
session_02373,doc_0752
session_02374,doc_0034
session_02374,doc_0595
session_02375,doc_0757
session_02375,doc_0812
session_02376,doc_0152
session_02376,doc_0184
session_02376,doc_0193
session_02376,doc_0351
session_02377,doc_0326
session_02377,doc_0310
session_02377,doc_0322
session_02377,doc_0778
session_02378,doc_0394
session_02378,doc_0379
session_02379,doc_0022
session_02379,doc_0031
session_02380,doc_0834
session_02381,doc_0305
session_02381,doc_0283
session_02381,doc_0331
session_02382,doc_0222
session_02382,doc_0261
session_02383,doc_0469
session_02384,doc_0290
session_02384,doc_0305
session_02384,doc_0322
session_02385,doc_0843
session_02386,doc_0476
session_02386,doc_0416
session_02386,doc_0421
session_02386,doc_0367
session_02386,doc_0331
session_02387,doc_0310
session_02388,doc_0902
session_02388,doc_0914
session_02388,doc_0917
session_02388,doc_0884
session_02388,doc_0900
session_02388,doc_0659
session_02389,doc_0381
session_02390,doc_0207
session_02390,doc_0575
session_02391,doc_0469
session_02391,doc_0293
session_02392,doc_0120
session_02392,doc_0119
session_02392,doc_0316
session_02393,doc_0235
session_02393,doc_0243
session_02394,doc_0564
session_02394,doc_0518
session_02394,doc_0754
session_02395,doc_0485
session_02395,doc_0246
session_02396,doc_0112
session_02397,doc_0235
session_02398,doc_0833
session_02398,doc_0845
session_02398,doc_0369
session_02399,doc_0794
session_02399,doc_0755
session_02399,doc_0564
session_02399,doc_0499
session_02400,doc_0518
session_02401,doc_0599
session_02402,doc_0001
session_02403,doc_0127
session_02404,doc_0884
session_02404,doc_0910
session_02405,doc_0843
session_02405,doc_0852
session_02405,doc_0469
session_02406,doc_0699
session_02406,doc_0676
session_02406,doc_0849
session_02407,doc_0594
session_02407,doc_0648
session_02407,doc_0615
session_02407,doc_0457
session_02408,doc_0852
session_02409,doc_0122
session_02409,doc_0148
session_02410,doc_0409
session_02410,doc_0331
session_02410,doc_0381
session_02410,doc_0404
session_02410,doc_0402
session_02410,doc_0346
session_02411,doc_0152
session_02412,doc_0565
session_02413,doc_0313
session_02413,doc_0295
session_02413,doc_0322
session_02413,doc_0565
session_02413,doc_0518
session_02414,doc_0278
session_02414,doc_0269
session_02414,doc_0297
session_02414,doc_0322
session_02414,doc_0317
session_02415,doc_0546
session_02416,doc_0736
session_02417,doc_0084
session_02417,doc_0063
session_02417,doc_0099
session_02418,doc_0069
session_02418,doc_0031
session_02418,doc_0098
session_02418,doc_0086
session_02418,doc_0401
session_02419,doc_0656
session_02419,doc_0618
session_02420,doc_0384
session_02420,doc_0401
session_02420,doc_0328
session_02420,doc_0178
session_02421,doc_0884
session_02421,doc_0883
session_02421,doc_0877
session_02421,doc_0683
session_02422,doc_0518
session_02422,doc_0554
session_02422,doc_0566
session_02422,doc_0586
session_02422,doc_0068
session_02422,doc_0040
session_02423,doc_0618
session_02423,doc_0615
session_02423,doc_0614
session_02423,doc_0001
session_02424,doc_0665
session_02425,doc_0293
session_02425,doc_0315
session_02426,doc_0043
session_02427,doc_0272
session_02428,doc_0818
session_02428,doc_0812
session_02428,doc_0871
session_02429,doc_0627
session_02429,doc_0631
session_02430,doc_0754
session_02430,doc_0715
session_02431,doc_0830
session_02431,doc_0870
session_02431,doc_0927
session_02432,doc_0936
session_02432,doc_0889
session_02432,doc_0917
session_02432,doc_0888
session_02433,doc_0031
session_02433,doc_0080
session_02433,doc_0001
session_02433,doc_0002
session_02433,doc_0754
session_02433,doc_0752
session_02434,doc_0602
session_02434,doc_0614
session_02435,doc_0391
session_02436,doc_0365
session_02437,doc_0031
session_02438,doc_0867
session_02438,doc_0843
session_02438,doc_0840
session_02438,doc_0757
session_02438,doc_0772
session_02439,doc_0879
session_02440,doc_0699
session_02440,doc_0689
session_02440,doc_0402
session_02440,doc_0369
session_02441,doc_0869
session_02441,doc_0843
session_02441,doc_0829
session_02441,doc_0852
session_02441,doc_0870
session_02441,doc_0811
session_02442,doc_0206
session_02442,doc_0229
session_02442,doc_0148
session_02443,doc_0574
session_02444,doc_0457
session_02444,doc_0435
session_02444,doc_0421
session_02444,doc_0411
session_02444,doc_0465
session_02445,doc_0152
session_02445,doc_0290
session_02446,doc_0184
session_02446,doc_0119
session_02446,doc_0502
session_02447,doc_0934
session_02448,doc_0031
session_02448,doc_0091
session_02448,doc_0617
session_02448,doc_0626
session_02449,doc_0068
session_02450,doc_0518
session_02450,doc_0577
session_02450,doc_0590
session_02450,doc_0586
session_02450,doc_0031
session_02451,doc_0831
session_02451,doc_0852
session_02451,doc_0812
session_02451,doc_0783
session_02452,doc_0148
session_02453,doc_0590
session_02453,doc_0518
session_02453,doc_0493
session_02453,doc_0565
session_02454,doc_0518
session_02454,doc_0532
session_02455,doc_0305
session_02455,doc_0322
session_02455,doc_0910
session_02456,doc_0235
session_02456,doc_0214
session_02456,doc_0225
session_02456,doc_0476
session_02457,doc_0417
session_02457,doc_0445
session_02457,doc_0262
session_02458,doc_0752
session_02459,doc_0321
session_02459,doc_0320
session_02459,doc_0151
session_02460,doc_0732
session_02460,doc_0235
session_02461,doc_0913
session_02461,doc_0914
session_02461,doc_0928
session_02461,doc_0673
session_02462,doc_0322
session_02462,doc_0291
session_02462,doc_0297
session_02462,doc_0293
session_02462,doc_0276
session_02462,doc_0292
session_02463,doc_0852
session_02464,doc_0048
session_02464,doc_0058
session_02464,doc_0008
session_02465,doc_0224
session_02466,doc_0550
session_02466,doc_0542
session_02467,doc_0207
session_02468,doc_0738
session_02468,doc_0736
session_02468,doc_0788
session_02469,doc_0673
session_02469,doc_0667
session_02469,doc_0934
session_02470,doc_0784
session_02470,doc_0565
session_02471,doc_0280
session_02471,doc_0276
session_02472,doc_0696
session_02473,doc_0905
session_02474,doc_0774
session_02474,doc_0754
session_02474,doc_0763
session_02474,doc_0590
session_02475,doc_0290
session_02475,doc_0325
session_02475,doc_0314
session_02475,doc_0297
session_02475,doc_0307
session_02476,doc_0206
session_02477,doc_0170
session_02477,doc_0621
session_02478,doc_0053
session_02478,doc_0098
session_02478,doc_0063
session_02478,doc_0121
session_02479,doc_0412
session_02479,doc_0428
session_02479,doc_0617
session_02480,doc_0331
session_02480,doc_0689
session_02481,doc_0492
session_02482,doc_0024
session_02482,doc_0032
session_02483,doc_0514
session_02483,doc_0518
session_02484,doc_0565
session_02484,doc_0542
session_02484,doc_0754
session_02484,doc_0793
session_02485,doc_0063
session_02485,doc_0005
session_02485,doc_0048
session_02485,doc_0043
session_02485,doc_0016
session_02485,doc_0031
session_02486,doc_0847
session_02486,doc_0812
session_02487,doc_0683
session_02487,doc_0674
session_02487,doc_0673
session_02488,doc_0586
session_02489,doc_0518
session_02489,doc_0565
session_02490,doc_0158
session_02491,doc_0276
session_02491,doc_0322
session_02491,doc_0273
session_02491,doc_0267
session_02492,doc_0843
session_02492,doc_0836
session_02492,doc_0155
session_02493,doc_0485
session_02493,doc_0469
session_02493,doc_0453
session_02493,doc_0458
session_02493,doc_0413
session_02493,doc_0342
session_02494,doc_0031
session_02495,doc_0458
session_02495,doc_0441
session_02495,doc_0414
session_02495,doc_0468
session_02496,doc_0261
session_02496,doc_0206
session_02496,doc_0331
session_02497,doc_0471
session_02497,doc_0476
session_02497,doc_0441
session_02497,doc_0487
session_02497,doc_0275
session_02497,doc_0270
session_02498,doc_0729
session_02498,doc_0732
session_02498,doc_0720
session_02498,doc_0206
session_02498,doc_0214
session_02499,doc_0914
session_02499,doc_0907
session_02499,doc_0917
session_02500,doc_0543
session_02500,doc_0537
session_02501,doc_0754
session_02501,doc_0774
session_02501,doc_0732
session_02501,doc_0776
session_02501,doc_0721
session_02501,doc_0755
session_02502,doc_0585
session_02503,doc_0065
session_02503,doc_0031
session_02503,doc_0032
session_02503,doc_0068
session_02503,doc_0547
session_02504,doc_0618
session_02504,doc_0647
session_02505,doc_0225
session_02505,doc_0243
session_02506,doc_0728
session_02507,doc_0036
session_02507,doc_0935
session_02508,doc_0476
session_02509,doc_0417
session_02509,doc_0443
session_02509,doc_0478
session_02510,doc_0555
session_02510,doc_0794
session_02511,doc_0261
session_02511,doc_0210
session_02512,doc_0689
session_02512,doc_0673
session_02513,doc_0617
session_02514,doc_0187
session_02515,doc_0331
session_02515,doc_0373
session_02515,doc_0398
session_02515,doc_0693
session_02515,doc_0656
session_02515,doc_0702
session_02516,doc_0192
session_02516,doc_0180
session_02516,doc_0185
session_02517,doc_0280
session_02518,doc_0422
session_02518,doc_0469
session_02518,doc_0617
session_02518,doc_0631
session_02519,doc_0423
session_02519,doc_0471
session_02519,doc_0412
session_02519,doc_0123
session_02520,doc_0617
session_02520,doc_0625
session_02520,doc_0031
session_02520,doc_0068
session_02521,doc_0754
session_02522,doc_0760
session_02522,doc_0724
session_02523,doc_0568
session_02524,doc_0395
session_02525,doc_0031
session_02525,doc_0518
session_02526,doc_0812
session_02526,doc_0857
session_02526,doc_0463
session_02527,doc_0852
session_02527,doc_0845
session_02528,doc_0470
session_02529,doc_0434
session_02529,doc_0469
session_02529,doc_0477
session_02529,doc_0476
session_02529,doc_0394
session_02530,doc_0331
session_02530,doc_0369
session_02530,doc_0333
session_02531,doc_0673
session_02531,doc_0668
session_02532,doc_0878
session_02533,doc_0261
session_02533,doc_0236
session_02533,doc_0250
session_02533,doc_0215
session_02533,doc_0207
session_02533,doc_0206
session_02534,doc_0172
session_02534,doc_0148
session_02535,doc_0884
session_02535,doc_0904
session_02536,doc_0618
session_02536,doc_0621
session_02536,doc_0617
session_02536,doc_0625
session_02537,doc_0921
session_02538,doc_0586
session_02539,doc_0428
session_02539,doc_0335
session_02540,doc_0795
session_02540,doc_0750
session_02540,doc_0818
session_02541,doc_0102
session_02541,doc_0063
session_02542,doc_0322
session_02542,doc_0267
session_02542,doc_0286
session_02542,doc_0331
session_02543,doc_0232
session_02543,doc_0224
session_02544,doc_0192
session_02544,doc_0172
session_02544,doc_0291
session_02545,doc_0207
session_02546,doc_0564
session_02546,doc_0563
session_02546,doc_0518
session_02547,doc_0291
session_02547,doc_0282
session_02547,doc_0286
session_02548,doc_0077
session_02548,doc_0031
session_02548,doc_0011
session_02548,doc_0565
session_02549,doc_0203
session_02549,doc_0434
session_02550,doc_0744
session_02550,doc_0754
session_02550,doc_0732
session_02550,doc_0727
session_02551,doc_0909
session_02551,doc_0914
session_02551,doc_0569
session_02552,doc_0738
session_02553,doc_0647
session_02553,doc_0626
session_02554,doc_0918
session_02555,doc_0277
session_02555,doc_0303
session_02555,doc_0322
session_02555,doc_0294
session_02555,doc_0297
session_02555,doc_0325
session_02556,doc_0331
session_02556,doc_0396
session_02556,doc_0687
session_02557,doc_0373
session_02558,doc_0056
session_02559,doc_0156
session_02560,doc_0023
session_02560,doc_0621
session_02561,doc_0617
session_02561,doc_0604
session_02561,doc_0602
session_02562,doc_0331
session_02562,doc_0337
session_02562,doc_0373
session_02562,doc_0389
session_02562,doc_0914
session_02563,doc_0819
session_02563,doc_0843
session_02564,doc_0618
session_02564,doc_0627
session_02564,doc_0625
session_02565,doc_0860
session_02565,doc_0837
session_02565,doc_0765
session_02566,doc_0860
session_02566,doc_0630
session_02567,doc_0019
session_02567,doc_0098
session_02567,doc_0069
session_02568,doc_0152
session_02569,doc_0305
session_02570,doc_0392
session_02571,doc_0866
session_02571,doc_0833
session_02571,doc_0031
session_02572,doc_0261
session_02572,doc_0241
session_02572,doc_0641
session_02573,doc_0617
session_02573,doc_0413
session_02574,doc_0041
session_02574,doc_0048
session_02575,doc_0235
session_02575,doc_0229
session_02576,doc_0757
session_02576,doc_0870
session_02577,doc_0840
session_02577,doc_0810
session_02577,doc_0839
session_02577,doc_0842
session_02578,doc_0814
session_02578,doc_0819
session_02578,doc_0734
session_02579,doc_0574
session_02579,doc_0586
session_02579,doc_0031
session_02580,doc_0291
session_02581,doc_0858
session_02581,doc_0852
session_02582,doc_0046
session_02583,doc_0689
session_02584,doc_0774
session_02584,doc_0845
session_02585,doc_0648
session_02585,doc_0617
session_02585,doc_0360
session_02586,doc_0161
session_02587,doc_0826
session_02587,doc_0752
session_02588,doc_0434
session_02589,doc_0676
session_02590,doc_0757
session_02591,doc_0617
session_02591,doc_0640
session_02591,doc_0636
session_02592,doc_0273
session_02593,doc_0008
session_02593,doc_0031
session_02593,doc_0565
session_02594,doc_0319
session_02594,doc_0286
session_02594,doc_0167
session_02595,doc_0660
session_02595,doc_0675
session_02596,doc_0825
session_02596,doc_0856
session_02596,doc_0617
session_02597,doc_0535
session_02597,doc_0565
session_02597,doc_0772
session_02598,doc_0569
session_02599,doc_0905
session_02600,doc_0241
session_02600,doc_0207
session_02600,doc_0249
session_02601,doc_0148
session_02601,doc_0120
session_02601,doc_0278
session_02601,doc_0313
session_02602,doc_0499
session_02603,doc_0066
session_02603,doc_0010
session_02603,doc_0619
session_02604,doc_0087
session_02604,doc_0063
session_02604,doc_0091
session_02604,doc_0069
session_02604,doc_0322
session_02605,doc_0510
session_02605,doc_0518
session_02606,doc_0517
session_02607,doc_0469
session_02608,doc_0853
session_02608,doc_0852
session_02608,doc_0754
session_02609,doc_0133
session_02609,doc_0118
session_02609,doc_0169
session_02609,doc_0278
session_02610,doc_0331
session_02611,doc_0156
session_02612,doc_0789
session_02612,doc_0747
session_02613,doc_0308
session_02614,doc_0385
session_02614,doc_0369
session_02614,doc_0156
session_02615,doc_0900
session_02616,doc_0658
session_02616,doc_0673
session_02616,doc_0905
session_02617,doc_0401
session_02618,doc_0766
session_02618,doc_0792
session_02619,doc_0152
session_02620,doc_0803
session_02621,doc_0437
session_02621,doc_0427
session_02622,doc_0754
session_02622,doc_0801
session_02622,doc_0783
session_02622,doc_0769
session_02622,doc_0451
session_02623,doc_0564
session_02624,doc_0072
session_02624,doc_0031
session_02624,doc_0043
session_02624,doc_0063
session_02625,doc_0291
session_02625,doc_0270
session_02625,doc_0264
session_02626,doc_0098
session_02626,doc_0040
session_02626,doc_0045
session_02626,doc_0023
session_02627,doc_0550
session_02628,doc_0914
session_02629,doc_0016
session_02629,doc_0031
session_02630,doc_0148
session_02630,doc_0894
session_02631,doc_0617
session_02631,doc_0615
session_02631,doc_0641
session_02631,doc_0544
session_02631,doc_0520
session_02632,doc_0141
session_02632,doc_0322
session_02633,doc_0852
session_02634,doc_0249
session_02634,doc_0235
session_02635,doc_0322
session_02636,doc_0510
session_02636,doc_0518
session_02637,doc_0902
session_02637,doc_0369
session_02638,doc_0736
session_02638,doc_0757
session_02639,doc_0641
session_02639,doc_0617
session_02639,doc_0602
session_02640,doc_0914
session_02640,doc_0689
session_02641,doc_0565
session_02642,doc_0754
session_02642,doc_0732
session_02643,doc_0031
session_02643,doc_0095
session_02644,doc_0756
session_02644,doc_0736
session_02644,doc_0590
session_02645,doc_0366
session_02646,doc_0805
session_02646,doc_0870
session_02646,doc_0840
session_02646,doc_0721
session_02647,doc_0757
session_02647,doc_0782
session_02647,doc_0780
session_02647,doc_0582
session_02648,doc_0592
session_02648,doc_0501
session_02648,doc_0570
session_02648,doc_0531
session_02648,doc_0754
session_02648,doc_0757
session_02649,doc_0080
session_02649,doc_0031
session_02650,doc_0362
session_02650,doc_0348
session_02650,doc_0369
session_02650,doc_0373
session_02650,doc_0176
session_02651,doc_0465
session_02651,doc_0441
session_02651,doc_0469
session_02651,doc_0857
session_02652,doc_0502
session_02653,doc_0315
session_02654,doc_0031
session_02654,doc_0056
session_02654,doc_0510
session_02655,doc_0851
session_02656,doc_0752
session_02656,doc_0754
session_02656,doc_0628
session_02657,doc_0900
session_02657,doc_0936
session_02657,doc_0875
session_02657,doc_0809
session_02658,doc_0726
session_02659,doc_0243
session_02659,doc_0235
session_02660,doc_0260
session_02660,doc_0246
session_02661,doc_0316
session_02661,doc_0271
session_02661,doc_0269
session_02661,doc_0278
session_02661,doc_0167
session_02661,doc_0123
session_02662,doc_0476
session_02663,doc_0322
session_02663,doc_0265
session_02663,doc_0297
session_02663,doc_0268
session_02663,doc_0401
session_02664,doc_0420
session_02665,doc_0380
session_02665,doc_0401
session_02665,doc_0350
session_02665,doc_0331
session_02665,doc_0406
session_02666,doc_0031
session_02666,doc_0001
session_02666,doc_0063
session_02666,doc_0099
session_02666,doc_0707
session_02667,doc_0152
session_02668,doc_0615
session_02668,doc_0644
session_02668,doc_0625
session_02669,doc_0754
session_02669,doc_0803
session_02670,doc_0586
session_02670,doc_0563
session_02670,doc_0542
session_02670,doc_0489
session_02671,doc_0031
session_02672,doc_0229
session_02672,doc_0617
session_02673,doc_0063
session_02674,doc_0555
session_02674,doc_0566
session_02675,doc_0402
session_02675,doc_0395
session_02675,doc_0361
session_02676,doc_0619
session_02677,doc_0928
session_02677,doc_0902
session_02678,doc_0878
session_02678,doc_0235
session_02679,doc_0246
session_02680,doc_0224
session_02680,doc_0213
session_02680,doc_0406
session_02680,doc_0348
session_02681,doc_0543
session_02681,doc_0584
session_02681,doc_0563
session_02682,doc_0331
session_02682,doc_0369
session_02682,doc_0184
session_02682,doc_0156
session_02683,doc_0783
session_02683,doc_0799
session_02683,doc_0617
session_02684,doc_0162
session_02684,doc_0128
session_02685,doc_0098
session_02685,doc_0063
session_02686,doc_0347
session_02687,doc_0182
session_02688,doc_0879
session_02689,doc_0280
session_02689,doc_0291
session_02690,doc_0164
session_02690,doc_0156
session_02690,doc_0443
session_02691,doc_0825
session_02691,doc_0835
session_02691,doc_0852
session_02691,doc_0815
session_02691,doc_0850
session_02692,doc_0540
session_02692,doc_0097
session_02693,doc_0201
session_02693,doc_0203
session_02693,doc_0469
session_02694,doc_0027
session_02695,doc_0508
session_02695,doc_0562
session_02695,doc_0737
session_02696,doc_0559
session_02696,doc_0592
session_02697,doc_0921
session_02698,doc_0031
session_02698,doc_0032
session_02698,doc_0013
session_02698,doc_0017
session_02698,doc_0689
session_02699,doc_0914
session_02699,doc_0886
session_02699,doc_0654
session_02700,doc_0031
session_02700,doc_0493
session_02701,doc_0182
session_02702,doc_0152
session_02702,doc_0618
session_02703,doc_0008
session_02703,doc_0034
session_02704,doc_0161
session_02704,doc_0152
session_02705,doc_0395
session_02705,doc_0331
session_02706,doc_0673
session_02706,doc_0672
session_02706,doc_0525
session_02707,doc_0016
session_02708,doc_0179
session_02708,doc_0889
session_02709,doc_0933
session_02709,doc_0917
session_02709,doc_0901
session_02709,doc_0882
session_02709,doc_0678
session_02710,doc_0592
session_02710,doc_0533
session_02710,doc_0518
session_02710,doc_0504
session_02711,doc_0048
session_02711,doc_0072
session_02712,doc_0469
session_02712,doc_0476
session_02712,doc_0422
session_02712,doc_0458
session_02712,doc_0331
session_02713,doc_0112
session_02713,doc_0148
session_02713,doc_0156
session_02713,doc_0180
session_02713,doc_0348
session_02714,doc_0390
session_02714,doc_0401
session_02714,doc_0362
session_02714,doc_0334
session_02714,doc_0148
session_02714,doc_0165
session_02715,doc_0112
session_02716,doc_0331
session_02716,doc_0376
session_02716,doc_0401
session_02716,doc_0889
session_02717,doc_0706
session_02717,doc_0664
session_02717,doc_0656
session_02717,doc_0658
session_02717,doc_0689
session_02717,doc_0684
session_02718,doc_0305
session_02719,doc_0453
session_02719,doc_0441
session_02719,doc_0617
session_02720,doc_0206
session_02721,doc_0331
session_02722,doc_0689
session_02722,doc_0914
session_02723,doc_0492
session_02723,doc_0565
session_02723,doc_0588
session_02723,doc_0575
session_02723,doc_0736
session_02724,doc_0305
session_02725,doc_0676
session_02725,doc_0689
session_02726,doc_0388
session_02726,doc_0331
session_02726,doc_0373
session_02726,doc_0434
session_02727,doc_0580
session_02727,doc_0518
session_02727,doc_0514
session_02727,doc_0554
session_02727,doc_0732
session_02728,doc_0518
session_02729,doc_0242
session_02729,doc_0229
session_02729,doc_0206
session_02729,doc_0235
session_02729,doc_0215
session_02729,doc_0618
session_02730,doc_0760
session_02730,doc_0757
session_02730,doc_0795
session_02731,doc_0843
session_02731,doc_0852
session_02732,doc_0148
session_02732,doc_0119
session_02732,doc_0280
session_02733,doc_0469
session_02733,doc_0441
session_02733,doc_0457
session_02733,doc_0235
session_02734,doc_0618
session_02735,doc_0322
session_02735,doc_0280
session_02736,doc_0322
session_02736,doc_0293
session_02737,doc_0673
session_02737,doc_0698
session_02737,doc_0653
session_02737,doc_0665
session_02738,doc_0617
session_02738,doc_0618
session_02739,doc_0148
session_02739,doc_0086
session_02740,doc_0235
session_02740,doc_0198
session_02740,doc_0241
session_02740,doc_0412
session_02741,doc_0894
session_02741,doc_0891
session_02741,doc_0902
session_02741,doc_0673
session_02742,doc_0373
session_02742,doc_0884
session_02743,doc_0754
session_02743,doc_0785
session_02743,doc_0617
session_02743,doc_0596
session_02744,doc_0543
session_02744,doc_0793
session_02745,doc_0914
session_02745,doc_0883
session_02745,doc_0884
session_02746,doc_0673
session_02746,doc_0689
session_02747,doc_0121
session_02747,doc_0116
session_02747,doc_0148
session_02748,doc_0202
session_02748,doc_0211
session_02748,doc_0235
session_02748,doc_0905
session_02749,doc_0101
session_02750,doc_0618
session_02750,doc_0617
session_02751,doc_0322
session_02751,doc_0280
session_02751,doc_0395
session_02752,doc_0112
session_02753,doc_0148
session_02753,doc_0118
session_02753,doc_0185
session_02753,doc_0180
session_02753,doc_0169
session_02754,doc_0917
session_02755,doc_0634
session_02755,doc_0617
session_02755,doc_0633
session_02755,doc_0618
session_02756,doc_0143
session_02756,doc_0152
session_02756,doc_0148
session_02756,doc_0185
session_02756,doc_0179
session_02757,doc_0754
session_02757,doc_0774
session_02758,doc_0835
session_02758,doc_0870
session_02758,doc_0845
session_02759,doc_0505
session_02759,doc_0565
session_02759,doc_0681
session_02759,doc_0701
session_02760,doc_0179
session_02760,doc_0267
session_02761,doc_0141
session_02761,doc_0189
session_02761,doc_0123
session_02761,doc_0148
session_02761,doc_0169
session_02761,doc_0156
session_02762,doc_0569
session_02762,doc_0751
session_02763,doc_0469
session_02764,doc_0235
session_02764,doc_0200
session_02765,doc_0040
session_02765,doc_0080
session_02765,doc_0063
session_02766,doc_0013
session_02766,doc_0068
session_02766,doc_0592
session_02767,doc_0515
session_02767,doc_0518
session_02767,doc_0785
session_02768,doc_0148
session_02769,doc_0703
session_02769,doc_0605
session_02770,doc_0333
session_02770,doc_0373
session_02770,doc_0121
session_02771,doc_0091
session_02772,doc_0518
session_02772,doc_0546
session_02772,doc_0529
session_02772,doc_0092
session_02773,doc_0654
session_02773,doc_0676
session_02773,doc_0524
session_02774,doc_0840
session_02775,doc_0331
session_02776,doc_0870
session_02776,doc_0640
session_02777,doc_0273
session_02777,doc_0322
session_02778,doc_0340
session_02778,doc_0363
session_02779,doc_0244
session_02779,doc_0246
session_02780,doc_0322
session_02780,doc_0270
session_02781,doc_0856
session_02782,doc_0574
session_02782,doc_0496
session_02783,doc_0392
session_02783,doc_0331
session_02784,doc_0739
session_02784,doc_0774
session_02785,doc_0011
session_02785,doc_0617
session_02786,doc_0518
session_02786,doc_0504
session_02787,doc_0476
session_02787,doc_0421
session_02787,doc_0412
session_02787,doc_0260
session_02787,doc_0235
session_02788,doc_0518
session_02788,doc_0526
session_02788,doc_0590
session_02788,doc_0764
session_02789,doc_0126
session_02790,doc_0717
session_02791,doc_0876
session_02792,doc_0231
session_02793,doc_0852
session_02793,doc_0847
session_02793,doc_0829
session_02793,doc_0724
session_02794,doc_0885
session_02795,doc_0412
session_02795,doc_0422
session_02796,doc_0333
session_02796,doc_0360
session_02796,doc_0370
session_02797,doc_0819
session_02797,doc_0852
session_02798,doc_0673
session_02799,doc_0043
session_02800,doc_0305
session_02800,doc_0297
session_02800,doc_0293
session_02800,doc_0301
session_02801,doc_0102
session_02801,doc_0029
session_02801,doc_0019
session_02801,doc_0022
session_02802,doc_0641
session_02802,doc_0631
session_02802,doc_0455
session_02803,doc_0534
session_02803,doc_0526
session_02803,doc_0762
session_02804,doc_0551
session_02804,doc_0564
session_02804,doc_0555
session_02805,doc_0518
session_02805,doc_0515
session_02805,doc_0488
session_02806,doc_0590
session_02806,doc_0518
session_02806,doc_0502
session_02807,doc_0031
session_02807,doc_0054
session_02807,doc_0627
session_02808,doc_0453
session_02808,doc_0436
session_02808,doc_0401
session_02808,doc_0400
session_02809,doc_0118
session_02810,doc_0305
session_02810,doc_0291
session_02810,doc_0322
session_02810,doc_0297
session_02810,doc_0321
session_02810,doc_0397
session_02811,doc_0779
session_02811,doc_0826
session_02812,doc_0518
session_02812,doc_0565
session_02812,doc_0528
session_02812,doc_0493
session_02812,doc_0502
session_02812,doc_0235
session_02813,doc_0031
session_02813,doc_0019
session_02813,doc_0096
session_02813,doc_0689
session_02813,doc_0673
session_02814,doc_0469
session_02815,doc_0243
session_02815,doc_0229
session_02815,doc_0208
session_02815,doc_0206
session_02815,doc_0884
session_02815,doc_0887
session_02816,doc_0518
session_02816,doc_0493
session_02816,doc_0523
session_02816,doc_0068
session_02817,doc_0261
session_02818,doc_0915
session_02818,doc_0884
session_02818,doc_0887
session_02818,doc_0900
session_02818,doc_0341
session_02818,doc_0403
session_02819,doc_0738
session_02819,doc_0794
session_02819,doc_0179
session_02820,doc_0139
session_02820,doc_0118
session_02820,doc_0156
session_02820,doc_0063
session_02821,doc_0101
session_02821,doc_0063
session_02822,doc_0656
session_02823,doc_0218
session_02824,doc_0148
session_02824,doc_0179
session_02825,doc_0106
session_02825,doc_0148
session_02826,doc_0068
session_02826,doc_0043
session_02826,doc_0012
session_02826,doc_0049
session_02826,doc_0031
session_02826,doc_0056
session_02827,doc_0780
session_02827,doc_0790
session_02827,doc_0644
session_02828,doc_0391
session_02828,doc_0689
session_02829,doc_0900
session_02830,doc_0284
session_02831,doc_0689
session_02832,doc_0666
session_02833,doc_0579
session_02833,doc_0571
session_02833,doc_0481
session_02834,doc_0565
session_02834,doc_0584
session_02834,doc_0491
session_02834,doc_0590
session_02834,doc_0754
session_02835,doc_0754
session_02836,doc_0207
session_02837,doc_0754
session_02838,doc_0133
session_02838,doc_0135
session_02838,doc_0148
session_02839,doc_0615
session_02840,doc_0229
session_02840,doc_0235
session_02840,doc_0218
session_02840,doc_0203
session_02840,doc_0199
session_02840,doc_0618
session_02841,doc_0379
session_02842,doc_0914
session_02842,doc_0933
session_02843,doc_0774
session_02843,doc_0818
session_02844,doc_0424
session_02845,doc_0381
session_02846,doc_0421
session_02846,doc_0469
session_02847,doc_0894
session_02848,doc_0870
session_02849,doc_0518
session_02849,doc_0031
session_02850,doc_0317
session_02850,doc_0314
session_02850,doc_0322
session_02850,doc_0134
session_02851,doc_0565
session_02851,doc_0518
session_02852,doc_0617
session_02852,doc_0601
session_02852,doc_0618
session_02852,doc_0754
session_02853,doc_0618
session_02853,doc_0626
session_02853,doc_0607
session_02853,doc_0617
session_02853,doc_0644
session_02854,doc_0615
session_02855,doc_0641
session_02855,doc_0617
session_02855,doc_0643
session_02856,doc_0547
session_02856,doc_0501
session_02856,doc_0098
session_02857,doc_0179
session_02858,doc_0535
session_02858,doc_0518
session_02858,doc_0584
session_02858,doc_0005
session_02859,doc_0784
session_02860,doc_0181
session_02860,doc_0148
session_02860,doc_0169
session_02861,doc_0795
session_02861,doc_0754
session_02861,doc_0502
session_02862,doc_0022
session_02863,doc_0493
session_02864,doc_0049
session_02864,doc_0031
session_02864,doc_0401
session_02864,doc_0331
session_02865,doc_0884
session_02865,doc_0914
session_02865,doc_0633
session_02866,doc_0331
session_02866,doc_0338
session_02866,doc_0118
session_02866,doc_0126
session_02867,doc_0203
session_02867,doc_0233
session_02867,doc_0235
session_02867,doc_0255
session_02867,doc_0263
session_02868,doc_0694
session_02868,doc_0706
session_02868,doc_0689
session_02868,doc_0656
session_02868,doc_0754
session_02868,doc_0763
session_02869,doc_0373
session_02870,doc_0914
session_02871,doc_0703
session_02871,doc_0690
session_02871,doc_0675
session_02871,doc_0659
session_02871,doc_0757
session_02871,doc_0774
session_02872,doc_0829
session_02872,doc_0852
session_02872,doc_0754
session_02872,doc_0714
session_02873,doc_0179
session_02874,doc_0261
session_02875,doc_0338
session_02876,doc_0118
session_02877,doc_0518
session_02878,doc_0870
session_02878,doc_0852
session_02879,doc_0331
session_02879,doc_0381
session_02879,doc_0905
session_02880,doc_0754
session_02880,doc_0757
session_02880,doc_0803
session_02880,doc_0785
session_02880,doc_0642
session_02881,doc_0221
session_02881,doc_0214
session_02881,doc_0261
session_02882,doc_0023
session_02882,doc_0070
session_02882,doc_0031
session_02882,doc_0063
session_02882,doc_0043
session_02882,doc_0237
session_02883,doc_0014
session_02884,doc_0401
session_02884,doc_0335
session_02884,doc_0373
session_02884,doc_0914
session_02885,doc_0303
session_02885,doc_0819
session_02886,doc_0059
session_02887,doc_0031
session_02888,doc_0089
session_02889,doc_0032
session_02889,doc_0063
session_02889,doc_0546
session_02890,doc_0235
session_02890,doc_0246
session_02890,doc_0229
session_02890,doc_0262
session_02891,doc_0756
session_02891,doc_0754
session_02891,doc_0774
session_02891,doc_0790
session_02891,doc_0802
session_02891,doc_0617
session_02892,doc_0757
session_02893,doc_0182
session_02893,doc_0276
session_02894,doc_0608
session_02894,doc_0617
session_02894,doc_0757
session_02895,doc_0187
session_02895,doc_0126
session_02895,doc_0123
session_02895,doc_0754
session_02896,doc_0651
session_02897,doc_0518
session_02897,doc_0590
session_02897,doc_0564
session_02897,doc_0565
session_02897,doc_0048
session_02898,doc_0923
session_02898,doc_0914
session_02898,doc_0382
session_02899,doc_0322
session_02899,doc_0291
session_02900,doc_0565
session_02901,doc_0152
session_02901,doc_0123
session_02901,doc_0137
session_02901,doc_0291
session_02902,doc_0407
session_02903,doc_0031
session_02903,doc_0063
session_02903,doc_0518
session_02904,doc_0627
session_02904,doc_0608
session_02904,doc_0853
session_02905,doc_0293
session_02906,doc_0381
session_02906,doc_0341
session_02907,doc_0316
session_02908,doc_0564
session_02908,doc_0757
session_02909,doc_0469
session_02909,doc_0373
session_02910,doc_0276
session_02911,doc_0617
session_02911,doc_0614
session_02911,doc_0631
session_02911,doc_0640
session_02912,doc_0870
session_02912,doc_0806
session_02912,doc_0817
session_02913,doc_0011
session_02913,doc_0043
session_02913,doc_0525
session_02914,doc_0278
session_02914,doc_0291
session_02914,doc_0322
session_02914,doc_0492
session_02915,doc_0643
session_02915,doc_0641
session_02915,doc_0617
session_02915,doc_0621
session_02916,doc_0013
session_02917,doc_0291
session_02917,doc_0305
session_02917,doc_0294
session_02917,doc_0148
session_02918,doc_0914
session_02919,doc_0365
session_02920,doc_0727
session_02921,doc_0166
session_02921,doc_0152
session_02921,doc_0148
session_02922,doc_0864
session_02922,doc_0852
session_02923,doc_0807
session_02923,doc_0810
session_02923,doc_0871
session_02923,doc_0841
session_02923,doc_0870
session_02924,doc_0331
session_02925,doc_0148
session_02926,doc_0673
session_02926,doc_0675
session_02926,doc_0676
session_02926,doc_0685
session_02926,doc_0327
session_02926,doc_0331
session_02927,doc_0031
session_02927,doc_0086
session_02927,doc_0091
session_02928,doc_0893
session_02928,doc_0905
session_02928,doc_0884
session_02928,doc_0392
session_02928,doc_0401
session_02929,doc_0774
session_02929,doc_0731
session_02930,doc_0040
session_02930,doc_0102
session_02930,doc_0606
session_02931,doc_0783
session_02932,doc_0870
session_02933,doc_0148
session_02934,doc_0783
session_02934,doc_0630
session_02935,doc_0203
session_02935,doc_0255
session_02935,doc_0228
session_02935,doc_0618
session_02935,doc_0617
session_02936,doc_0123
session_02936,doc_0126
session_02937,doc_0175
session_02937,doc_0152
session_02938,doc_0857
session_02938,doc_0853
session_02938,doc_0362
session_02939,doc_0641
session_02940,doc_0774
session_02941,doc_0011
session_02942,doc_0782
session_02942,doc_0714
session_02942,doc_0531
session_02943,doc_0687
session_02944,doc_0043
session_02945,doc_0615
session_02946,doc_0217
session_02947,doc_0362
session_02947,doc_0388
session_02947,doc_0469
session_02948,doc_0180
session_02949,doc_0003
session_02950,doc_0591
session_02950,doc_0581
session_02950,doc_0518
session_02951,doc_0331
session_02952,doc_0119
session_02953,doc_0261
session_02953,doc_0469
session_02954,doc_0904
session_02954,doc_0673
session_02955,doc_0183
session_02956,doc_0884
session_02957,doc_0349
session_02958,doc_0139
session_02958,doc_0291
session_02959,doc_0100
session_02959,doc_0031
session_02960,doc_0871
session_02960,doc_0862
session_02960,doc_0853
session_02960,doc_0917
session_02961,doc_0101
session_02961,doc_0068
session_02962,doc_0920
session_02962,doc_0914
session_02962,doc_0385
session_02963,doc_0565
session_02963,doc_0569
session_02963,doc_0562
session_02963,doc_0518
session_02963,doc_0810
session_02964,doc_0894
session_02964,doc_0884
session_02964,doc_0697
session_02965,doc_0762
session_02965,doc_0754
session_02965,doc_0753
session_02965,doc_0714
session_02966,doc_0759
session_02967,doc_0476
session_02967,doc_0878
session_02968,doc_0721
session_02969,doc_0391
session_02970,doc_0493
session_02971,doc_0518
session_02971,doc_0542
session_02971,doc_0565
session_02971,doc_0054
session_02972,doc_0235
session_02972,doc_0243
session_02972,doc_0261
session_02973,doc_0152
session_02973,doc_0157
session_02973,doc_0119
session_02973,doc_0148
session_02973,doc_0322
session_02974,doc_0676
session_02975,doc_0086
session_02975,doc_0002
session_02975,doc_0078
session_02975,doc_0091
session_02975,doc_0031
session_02975,doc_0564
session_02976,doc_0441
session_02976,doc_0439
session_02976,doc_0361
session_02977,doc_0148
session_02977,doc_0182
session_02977,doc_0301
session_02977,doc_0305
session_02978,doc_0884
session_02978,doc_0905
session_02978,doc_0871
session_02978,doc_0844
session_02979,doc_0331
session_02980,doc_0708
session_02980,doc_0692
session_02980,doc_0665
session_02981,doc_0031
session_02981,doc_0086
session_02981,doc_0048
session_02981,doc_0091
session_02981,doc_0102
session_02981,doc_0493
session_02982,doc_0852
session_02982,doc_0870
session_02983,doc_0888
session_02984,doc_0001
session_02984,doc_0036
session_02985,doc_0006
session_02985,doc_0074
session_02986,doc_0248
session_02986,doc_0469
session_02987,doc_0241
session_02988,doc_0362
session_02988,doc_0346
session_02988,doc_0385
session_02989,doc_0852
session_02990,doc_0084
session_02990,doc_0031
session_02991,doc_0929
session_02991,doc_0914
session_02991,doc_0884
session_02992,doc_0210
session_02992,doc_0043
session_02993,doc_0451
session_02993,doc_0471
session_02993,doc_0477
session_02993,doc_0476
session_02993,doc_0430
session_02994,doc_0446
session_02994,doc_0441
session_02995,doc_0756
session_02995,doc_0803
session_02996,doc_0068
session_02996,doc_0613
session_02997,doc_0576
session_02998,doc_0305
session_02998,doc_0827
session_02999,doc_0291
session_02999,doc_0535
session_03000,doc_0559
session_03000,doc_0518
session_03001,doc_0179
session_03001,doc_0134
session_03001,doc_0360
session_03002,doc_0469
session_03002,doc_0412
session_03003,doc_0673
session_03004,doc_0733
session_03004,doc_0100
session_03005,doc_0847
session_03005,doc_0827
session_03005,doc_0799
session_03006,doc_0518
session_03006,doc_0590
session_03006,doc_0547
session_03006,doc_0732
session_03007,doc_0201
session_03007,doc_0042
session_03008,doc_0347
session_03008,doc_0406
session_03008,doc_0331
session_03009,doc_0565
session_03010,doc_0911
session_03010,doc_0905
session_03010,doc_0917
session_03010,doc_0322
session_03011,doc_0935
session_03011,doc_0331
session_03012,doc_0222
session_03013,doc_0777
session_03013,doc_0759
session_03013,doc_0535
session_03013,doc_0564
session_03014,doc_0376
session_03014,doc_0381
session_03014,doc_0369
session_03014,doc_0476
session_03015,doc_0243
session_03015,doc_0235
session_03016,doc_0844
session_03016,doc_0792
session_03017,doc_0441
session_03017,doc_0435
session_03018,doc_0641
session_03019,doc_0769
session_03020,doc_0518
session_03021,doc_0373
session_03021,doc_0369
session_03021,doc_0633
session_03022,doc_0694
session_03022,doc_0673
session_03022,doc_0700
session_03023,doc_0541
session_03023,doc_0511
session_03023,doc_0540
session_03023,doc_0148
session_03024,doc_0698
session_03024,doc_0689
session_03025,doc_0647
session_03026,doc_0754
session_03026,doc_0757
session_03026,doc_0732
session_03026,doc_0908
session_03027,doc_0156
session_03027,doc_0357
session_03028,doc_0420
session_03028,doc_0471
session_03028,doc_0502
session_03028,doc_0493
session_03029,doc_0148
session_03029,doc_0179
session_03029,doc_0676
session_03030,doc_0016
session_03030,doc_0068
session_03030,doc_0502
session_03031,doc_0322
session_03031,doc_0291
session_03032,doc_0156
session_03032,doc_0123
session_03032,doc_0147
session_03032,doc_0120
session_03033,doc_0373
session_03034,doc_0909
session_03035,doc_0533
session_03035,doc_0541
session_03035,doc_0525
session_03035,doc_0518
session_03035,doc_0724
session_03036,doc_0369
session_03037,doc_0276
session_03037,doc_0322
session_03038,doc_0843
session_03039,doc_0518
session_03040,doc_0246
session_03040,doc_0235
session_03040,doc_0260
session_03040,doc_0261
session_03040,doc_0206
session_03041,doc_0152
session_03041,doc_0108
session_03041,doc_0271
session_03042,doc_0844
session_03042,doc_0870
session_03042,doc_0757
session_03042,doc_0781
session_03043,doc_0362
session_03044,doc_0419
session_03044,doc_0486
session_03045,doc_0235
session_03046,doc_0565
session_03046,doc_0756
session_03047,doc_0492
session_03047,doc_0544
session_03047,doc_0641
session_03048,doc_0091
session_03048,doc_0518
session_03049,doc_0430
session_03049,doc_0412
session_03049,doc_0476
session_03049,doc_0401
session_03049,doc_0364
session_03049,doc_0369
session_03050,doc_0752
session_03050,doc_0716
session_03050,doc_0458
session_03051,doc_0871
session_03051,doc_0870
session_03051,doc_0852
session_03051,doc_0235
session_03052,doc_0757
session_03052,doc_0728
session_03052,doc_0870
session_03053,doc_0469
session_03053,doc_0689
session_03054,doc_0225
session_03054,doc_0211
session_03054,doc_0229
session_03054,doc_0068
session_03055,doc_0930
session_03055,doc_0884
session_03055,doc_0882
session_03055,doc_0676
session_03056,doc_0315
session_03056,doc_0322
session_03056,doc_0287
session_03056,doc_0299
session_03057,doc_0469
session_03058,doc_0442
session_03058,doc_0198
session_03059,doc_0488
session_03059,doc_0518
session_03060,doc_0276
session_03060,doc_0905
session_03061,doc_0695
session_03061,doc_0673
session_03061,doc_0675
session_03062,doc_0769
session_03062,doc_0754
session_03063,doc_0331
session_03063,doc_0344
session_03063,doc_0333
session_03064,doc_0373
session_03065,doc_0754
session_03065,doc_0803
session_03065,doc_0757
session_03065,doc_0845
session_03066,doc_0774
session_03066,doc_0742
session_03066,doc_0852
session_03067,doc_0857
session_03067,doc_0852
session_03068,doc_0757
session_03069,doc_0168
session_03069,doc_0112
session_03069,doc_0856
session_03070,doc_0360
session_03071,doc_0148
session_03071,doc_0318
session_03072,doc_0718
session_03072,doc_0795
session_03072,doc_0469
session_03073,doc_0031
session_03073,doc_0048
session_03073,doc_0043
session_03073,doc_0038
session_03074,doc_0813
session_03074,doc_0800
session_03075,doc_0852
session_03075,doc_0815
session_03075,doc_0779
session_03076,doc_0046
session_03077,doc_0148
session_03078,doc_0118
session_03079,doc_0246
session_03079,doc_0235
session_03079,doc_0199
session_03080,doc_0048
session_03081,doc_0673
session_03081,doc_0656
session_03081,doc_0322
session_03082,doc_0369
session_03082,doc_0382
session_03082,doc_0476
session_03083,doc_0852
session_03083,doc_0840
session_03084,doc_0884
session_03084,doc_0233
session_03085,doc_0152
session_03085,doc_0343
session_03086,doc_0068
session_03086,doc_0075
session_03086,doc_0031
session_03086,doc_0043
session_03086,doc_0019
session_03087,doc_0120
session_03087,doc_0593
session_03088,doc_0041
session_03088,doc_0031
session_03089,doc_0565
session_03090,doc_0316
session_03090,doc_0322
session_03090,doc_0394
session_03091,doc_0532
session_03091,doc_0858
session_03092,doc_0845
session_03093,doc_0754
session_03093,doc_0766
session_03094,doc_0887
session_03094,doc_0884
session_03095,doc_0048
session_03095,doc_0031
session_03096,doc_0666
session_03096,doc_0673
session_03096,doc_0192
session_03097,doc_0362
session_03097,doc_0392
session_03097,doc_0322
session_03098,doc_0644
session_03098,doc_0621
session_03098,doc_0617
session_03098,doc_0446
session_03099,doc_0658
session_03099,doc_0654
session_03099,doc_0378
session_03100,doc_0243
session_03100,doc_0235
session_03101,doc_0031
session_03102,doc_0235
session_03102,doc_0214
session_03103,doc_0100
session_03104,doc_0476
session_03104,doc_0460
session_03104,doc_0469
session_03104,doc_0213
session_03105,doc_0640
session_03106,doc_0014
session_03106,doc_0083
session_03106,doc_0031
session_03107,doc_0617
session_03107,doc_0625
session_03108,doc_0928
session_03109,doc_0518
session_03109,doc_0525
session_03109,doc_0577
session_03109,doc_0554
session_03110,doc_0063
session_03111,doc_0657
session_03111,doc_0673
session_03111,doc_0900
session_03112,doc_0471
session_03112,doc_0414
session_03112,doc_0476
session_03112,doc_0458
session_03113,doc_0689
session_03114,doc_0198
session_03114,doc_0613
session_03115,doc_0014
session_03116,doc_0683
session_03117,doc_0182
session_03117,doc_0127
session_03117,doc_0154
session_03117,doc_0331
session_03117,doc_0401
session_03118,doc_0518
session_03119,doc_0063
session_03119,doc_0043
session_03120,doc_0335
session_03121,doc_0019
session_03121,doc_0050
session_03121,doc_0031
session_03121,doc_0749
session_03122,doc_0617
session_03122,doc_0621
session_03123,doc_0469
session_03123,doc_0627
session_03124,doc_0010
session_03124,doc_0031
session_03125,doc_0581
session_03125,doc_0493
session_03125,doc_0518
session_03125,doc_0757
session_03126,doc_0169
session_03126,doc_0181
session_03126,doc_0412
session_03127,doc_0238
session_03127,doc_0254
session_03127,doc_0202
session_03127,doc_0469
session_03128,doc_0535
session_03129,doc_0518
session_03130,doc_0641
session_03130,doc_0031
session_03131,doc_0258
session_03131,doc_0200
session_03131,doc_0243
session_03131,doc_0206
session_03131,doc_0223
session_03131,doc_0617
session_03132,doc_0803
session_03132,doc_0769
session_03132,doc_0848
session_03133,doc_0689
session_03133,doc_0704
session_03133,doc_0656
session_03133,doc_0686
session_03133,doc_0397
session_03133,doc_0402
session_03134,doc_0238
session_03134,doc_0434
session_03135,doc_0518
session_03136,doc_0455
session_03136,doc_0673
session_03137,doc_0270
session_03138,doc_0172
session_03138,doc_0121
session_03138,doc_0276
session_03139,doc_0705
session_03139,doc_0381
session_03140,doc_0303
session_03141,doc_0028
session_03142,doc_0715
session_03142,doc_0765
session_03143,doc_0331
session_03143,doc_0852
session_03144,doc_0894
session_03145,doc_0229
session_03146,doc_0744
session_03146,doc_0757
session_03146,doc_0761
session_03146,doc_0756
session_03146,doc_0617
session_03147,doc_0148
session_03147,doc_0174
session_03148,doc_0729
session_03149,doc_0870
session_03149,doc_0725
session_03150,doc_0574
session_03150,doc_0494
session_03151,doc_0248
session_03151,doc_0477
session_03152,doc_0875
session_03152,doc_0878
session_03152,doc_0884
session_03152,doc_0900
session_03152,doc_0394
session_03153,doc_0852
session_03154,doc_0817
session_03154,doc_0297
session_03155,doc_0362
session_03155,doc_0329
session_03156,doc_0905
session_03156,doc_0933
session_03157,doc_0177
session_03158,doc_0222
session_03158,doc_0200
session_03158,doc_0235
session_03158,doc_0213
session_03159,doc_0703
session_03159,doc_0693
session_03159,doc_0658
session_03160,doc_0764
session_03160,doc_0783
session_03160,doc_0469
session_03161,doc_0437
session_03161,doc_0428
session_03161,doc_0469
session_03162,doc_0194
session_03163,doc_0565
session_03163,doc_0518
session_03164,doc_0469
session_03164,doc_0617
session_03165,doc_0917
session_03165,doc_0928
session_03165,doc_0904
session_03165,doc_0369
session_03165,doc_0383
session_03166,doc_0689
session_03166,doc_0712
session_03166,doc_0673
session_03166,doc_0640
session_03167,doc_0673
session_03167,doc_0694
session_03167,doc_0701
session_03168,doc_0229
session_03168,doc_0262
session_03168,doc_0235
session_03169,doc_0236
session_03169,doc_0602
session_03170,doc_0571
session_03170,doc_0493
session_03170,doc_0592
session_03170,doc_0564
session_03170,doc_0331
session_03171,doc_0075
session_03172,doc_0068
session_03173,doc_0565
session_03173,doc_0493
session_03173,doc_0584
session_03173,doc_0513
session_03174,doc_0502
session_03174,doc_0590
session_03174,doc_0527
session_03175,doc_0048
session_03175,doc_0063
session_03175,doc_0046
session_03175,doc_0476
session_03175,doc_0412
session_03176,doc_0203
session_03176,doc_0240
session_03177,doc_0327
session_03178,doc_0673
session_03178,doc_0678
session_03178,doc_0663
session_03178,doc_0683
session_03179,doc_0063
session_03179,doc_0091
session_03180,doc_0373
session_03180,doc_0401
session_03180,doc_0902
session_03181,doc_0270
session_03181,doc_0276
session_03181,doc_0331
session_03181,doc_0396
session_03182,doc_0041
session_03182,doc_0001
session_03182,doc_0617
session_03182,doc_0615
session_03183,doc_0527
session_03183,doc_0493
session_03183,doc_0559
session_03184,doc_0783
session_03184,doc_0743
session_03184,doc_0641
session_03185,doc_0322
session_03186,doc_0889
session_03186,doc_0890
session_03186,doc_0618
session_03187,doc_0867
session_03188,doc_0322
session_03188,doc_0294
session_03188,doc_0291
session_03188,doc_0565
session_03189,doc_0553
session_03189,doc_0502
session_03189,doc_0077
session_03190,doc_0133
session_03190,doc_0168
session_03190,doc_0142
session_03190,doc_0148
session_03190,doc_0291
session_03191,doc_0700
session_03191,doc_0518
session_03192,doc_0658
session_03192,doc_0673
session_03192,doc_0235
session_03193,doc_0378
session_03193,doc_0331
session_03194,doc_0678
session_03194,doc_0683
session_03194,doc_0655
session_03194,doc_0699
session_03194,doc_0338
session_03195,doc_0547
session_03195,doc_0564
session_03195,doc_0518
session_03195,doc_0493
session_03195,doc_0779
session_03195,doc_0720
session_03196,doc_0699
session_03197,doc_0152
session_03197,doc_0148
session_03198,doc_0291
session_03198,doc_0362
session_03199,doc_0334
session_03199,doc_0407
session_03200,doc_0458
session_03201,doc_0856
session_03202,doc_0565
session_03203,doc_0394
session_03204,doc_0624
session_03204,doc_0631
session_03204,doc_0476
session_03204,doc_0412
session_03205,doc_0727
session_03205,doc_0755
session_03205,doc_0814
session_03206,doc_0706
session_03206,doc_0658
session_03207,doc_0551
session_03208,doc_0695
session_03208,doc_0699
session_03208,doc_0882
session_03209,doc_0302
session_03209,doc_0280
session_03209,doc_0618
session_03210,doc_0392
session_03210,doc_0360
session_03211,doc_0078
session_03212,doc_0902
session_03212,doc_0930
session_03212,doc_0914
session_03213,doc_0754
session_03213,doc_0738
session_03213,doc_0751
session_03214,doc_0772
session_03214,doc_0754
session_03214,doc_0728
session_03214,doc_0599
session_03215,doc_0373
session_03215,doc_0327
session_03216,doc_0917
session_03216,doc_0907
session_03217,doc_0163
session_03217,doc_0152
session_03217,doc_0118
session_03217,doc_0161
session_03218,doc_0840
session_03219,doc_0853
session_03220,doc_0518
session_03220,doc_0493
session_03220,doc_0319
session_03221,doc_0686
session_03221,doc_0665
session_03221,doc_0651
session_03222,doc_0754
session_03222,doc_0656
session_03223,doc_0068
session_03223,doc_0928
session_03224,doc_0870
session_03224,doc_0852
session_03224,doc_0834
session_03224,doc_0862
session_03224,doc_0615
session_03225,doc_0235
session_03226,doc_0297
session_03227,doc_0870
session_03227,doc_0742
session_03228,doc_0148
session_03228,doc_0156
session_03229,doc_0799
session_03229,doc_0754
session_03229,doc_0744
session_03230,doc_0518
session_03231,doc_0206
session_03231,doc_0412
session_03232,doc_0629
session_03232,doc_0626
session_03232,doc_0017
session_03233,doc_0322
session_03234,doc_0673
session_03235,doc_0915
session_03235,doc_0892
session_03235,doc_0331
session_03236,doc_0766
session_03236,doc_0757
session_03236,doc_0543
session_03237,doc_0673
session_03238,doc_0852
session_03238,doc_0627
session_03239,doc_0902
session_03239,doc_0917
session_03240,doc_0754
session_03240,doc_0767
session_03240,doc_0579
session_03241,doc_0849
session_03242,doc_0469
session_03242,doc_0447
session_03242,doc_0412
session_03242,doc_0421
session_03242,doc_0394
session_03242,doc_0384
session_03243,doc_0476
session_03243,doc_0437
session_03244,doc_0246
session_03244,doc_0213
session_03244,doc_0207
session_03244,doc_0412
session_03244,doc_0434
session_03245,doc_0773
session_03246,doc_0262
session_03246,doc_0218
session_03247,doc_0331
session_03247,doc_0852
session_03248,doc_0392
session_03248,doc_0369
session_03248,doc_0653
session_03249,doc_0552
session_03250,doc_0638
session_03251,doc_0843
session_03251,doc_0852
session_03251,doc_0870
session_03251,doc_0754
session_03252,doc_0714
session_03253,doc_0779
session_03253,doc_0795
session_03253,doc_0732
session_03254,doc_0211
session_03254,doc_0238
session_03254,doc_0235
session_03254,doc_0204
session_03254,doc_0142
session_03255,doc_0564
session_03255,doc_0553
session_03255,doc_0529
session_03255,doc_0031
session_03256,doc_0111
session_03256,doc_0126
session_03257,doc_0331
session_03257,doc_0680
session_03258,doc_0586
session_03259,doc_0001
session_03259,doc_0083
session_03259,doc_0002
session_03259,doc_0565
session_03260,doc_0360
session_03260,doc_0331
session_03260,doc_0171
session_03261,doc_0008
session_03261,doc_0043
session_03261,doc_0068
session_03261,doc_0033
session_03261,doc_0510
session_03262,doc_0703
session_03262,doc_0673
session_03262,doc_0670
session_03262,doc_0839
session_03263,doc_0673
session_03263,doc_0902
session_03264,doc_0689
session_03264,doc_0673
session_03264,doc_0692
session_03264,doc_0685
session_03264,doc_0412
session_03265,doc_0041
session_03266,doc_0754
session_03266,doc_0641
session_03267,doc_0752
session_03267,doc_0732
session_03267,doc_0492
session_03268,doc_0152
session_03269,doc_0029
session_03270,doc_0618
session_03270,doc_0617
session_03270,doc_0443
session_03271,doc_0086
session_03272,doc_0927
session_03272,doc_0914
session_03272,doc_0653
session_03273,doc_0914
session_03274,doc_0235
session_03274,doc_0452
session_03275,doc_0229
session_03275,doc_0644
session_03276,doc_0743
session_03276,doc_0782
session_03277,doc_0148
session_03278,doc_0818
session_03279,doc_0469
session_03280,doc_0420
session_03280,doc_0421
session_03281,doc_0751
session_03281,doc_0732
session_03281,doc_0724
session_03281,doc_0757
session_03282,doc_0689
session_03282,doc_0564
session_03283,doc_0884
session_03284,doc_0068
session_03284,doc_0048
session_03284,doc_0012
session_03284,doc_0031
session_03285,doc_0287
session_03285,doc_0273
session_03286,doc_0673
session_03287,doc_0152
session_03287,doc_0181
session_03287,doc_0148
session_03287,doc_0477
session_03288,doc_0870
session_03288,doc_0843
session_03289,doc_0373
session_03290,doc_0658
session_03290,doc_0673
session_03290,doc_0884
session_03291,doc_0641
session_03292,doc_0246
session_03293,doc_0458
session_03294,doc_0048
session_03294,doc_0031
session_03294,doc_0011
session_03294,doc_0068
session_03294,doc_0094
session_03294,doc_0322
session_03295,doc_0269
session_03295,doc_0156
session_03296,doc_0584
session_03296,doc_0278
session_03297,doc_0031
session_03298,doc_0031
session_03298,doc_0615
session_03299,doc_0689
session_03300,doc_0401
session_03300,doc_0269
session_03301,doc_0469
session_03301,doc_0435
session_03301,doc_0446
session_03301,doc_0476
session_03302,doc_0031
session_03303,doc_0216
session_03304,doc_0182
session_03305,doc_0133
session_03306,doc_0914
session_03306,doc_0884
session_03306,doc_0074
session_03307,doc_0373
session_03308,doc_0792
session_03308,doc_0795
session_03308,doc_0751
session_03309,doc_0401
session_03310,doc_0148
session_03310,doc_0112
session_03310,doc_0140
session_03310,doc_0401
session_03311,doc_0005
session_03311,doc_0518
session_03312,doc_0179
session_03313,doc_0373
session_03314,doc_0152
session_03315,doc_0235
session_03315,doc_0243
session_03315,doc_0261
session_03316,doc_0148
session_03316,doc_0121
session_03317,doc_0754
session_03317,doc_0757
session_03317,doc_0811
session_03318,doc_0544
session_03318,doc_0518
session_03318,doc_0561
session_03318,doc_0148
session_03319,doc_0518
session_03319,doc_0564
session_03320,doc_0870
session_03321,doc_0476
session_03321,doc_0456
session_03321,doc_0246
session_03322,doc_0156
session_03323,doc_0852
session_03323,doc_0839
session_03323,doc_0803
session_03323,doc_0754
session_03324,doc_0683
session_03324,doc_0902
session_03325,doc_0929
session_03325,doc_0266
session_03326,doc_0565
session_03326,doc_0584
session_03326,doc_0327
session_03327,doc_0005
session_03327,doc_0590
session_03328,doc_0203
session_03328,doc_0152
session_03329,doc_0342
session_03330,doc_0331
session_03330,doc_0369
session_03330,doc_0407
session_03330,doc_0391
session_03330,doc_0935
session_03330,doc_0933
session_03331,doc_0420
session_03331,doc_0453
session_03331,doc_0636
session_03332,doc_0469
session_03332,doc_0434
session_03332,doc_0401
session_03333,doc_0476
session_03334,doc_0369
session_03334,doc_0354
session_03334,doc_0392
session_03335,doc_0498
session_03335,doc_0584
session_03336,doc_0031
session_03336,doc_0063
session_03336,doc_0401
session_03336,doc_0331
session_03337,doc_0565
session_03337,doc_0535
session_03337,doc_0757
session_03338,doc_0690
session_03338,doc_0673
session_03338,doc_0712
session_03338,doc_0148
session_03339,doc_0019
session_03339,doc_0276
session_03340,doc_0316
session_03341,doc_0013
session_03342,doc_0048
session_03343,doc_0921
session_03343,doc_0884
session_03343,doc_0892
session_03343,doc_0602
session_03344,doc_0757
session_03345,doc_0262
session_03346,doc_0679
session_03346,doc_0699
session_03346,doc_0686
session_03346,doc_0586
session_03347,doc_0316
session_03347,doc_0293
session_03347,doc_0790
session_03348,doc_0902
session_03348,doc_0148
session_03349,doc_0722
session_03349,doc_0757
session_03349,doc_0267
session_03350,doc_0754
session_03350,doc_0779
session_03351,doc_0034
session_03352,doc_0263
session_03352,doc_0246
session_03353,doc_0843
session_03353,doc_0836
session_03353,doc_0868
session_03353,doc_0857
session_03353,doc_0751
session_03354,doc_0369
session_03354,doc_0401
session_03355,doc_0362
session_03355,doc_0384
session_03355,doc_0401
session_03355,doc_0331
session_03355,doc_0886
session_03356,doc_0469
session_03356,doc_0478
session_03357,doc_0123
session_03357,doc_0181
session_03358,doc_0884
session_03358,doc_0694
session_03359,doc_0700
session_03359,doc_0708
session_03360,doc_0518
session_03360,doc_0546
session_03361,doc_0412
session_03361,doc_0434
session_03362,doc_0152
session_03362,doc_0148
session_03363,doc_0364
session_03363,doc_0407
session_03363,doc_0362
session_03363,doc_0687
session_03364,doc_0077
session_03364,doc_0091
session_03364,doc_0873
session_03365,doc_0297
session_03365,doc_0305
session_03366,doc_0182
session_03366,doc_0148
session_03366,doc_0842
session_03366,doc_0820
session_03367,doc_0641
session_03367,doc_0627
session_03368,doc_0597
session_03368,doc_0182
session_03369,doc_0538
session_03369,doc_0564
session_03369,doc_0493
session_03369,doc_0555
session_03369,doc_0565
session_03369,doc_0777
session_03370,doc_0803
session_03371,doc_0929
session_03372,doc_0291
session_03372,doc_0322
session_03372,doc_0275
session_03373,doc_0439
session_03373,doc_0469
session_03374,doc_0191
session_03374,doc_0177
session_03374,doc_0786
session_03375,doc_0369
session_03375,doc_0112
session_03376,doc_0925
session_03377,doc_0023
session_03377,doc_0005
session_03377,doc_0068
session_03377,doc_0223
session_03378,doc_0656
session_03378,doc_0929
session_03379,doc_0458
session_03379,doc_0469
session_03379,doc_0437
session_03380,doc_0148
session_03380,doc_0357
session_03381,doc_0597
session_03381,doc_0617
session_03381,doc_0036
session_03382,doc_0008
session_03383,doc_0884
session_03383,doc_0877
session_03383,doc_0689
session_03384,doc_0476
session_03384,doc_0469
session_03384,doc_0428
session_03384,doc_0634
session_03385,doc_0914
session_03385,doc_0900
session_03385,doc_0354
session_03386,doc_0683
session_03386,doc_0695
session_03386,doc_0658
session_03386,doc_0660
session_03386,doc_0235
session_03387,doc_0144
session_03387,doc_0173
session_03387,doc_0322
session_03388,doc_0469
session_03389,doc_0878
session_03389,doc_0877
session_03389,doc_0898
session_03390,doc_0179
session_03390,doc_0135
session_03390,doc_0148
session_03390,doc_0751
session_03391,doc_0853
session_03391,doc_0148
session_03392,doc_0518
session_03392,doc_0760
session_03393,doc_0502
session_03394,doc_0373
session_03394,doc_0927
session_03395,doc_0031
session_03396,doc_0469
session_03396,doc_0218
session_03397,doc_0584
session_03397,doc_0588
session_03397,doc_0565
session_03397,doc_0086
session_03398,doc_0195
session_03399,doc_0658
session_03399,doc_0684
session_03399,doc_0689
session_03399,doc_0703
session_03399,doc_0914
session_03400,doc_0900
session_03400,doc_0909
session_03401,doc_0381
session_03402,doc_0673
session_03402,doc_0675
session_03402,doc_0900
session_03403,doc_0019
session_03403,doc_0011
session_03404,doc_0706
session_03405,doc_0412
session_03405,doc_0469
session_03405,doc_0441
session_03405,doc_0476
session_03405,doc_0348
session_03405,doc_0337
session_03406,doc_0806
session_03406,doc_0845
session_03407,doc_0617
session_03408,doc_0068
session_03408,doc_0036
session_03408,doc_0617
session_03409,doc_0024
session_03410,doc_0479
session_03410,doc_0493
session_03411,doc_0535
session_03411,doc_0578
session_03412,doc_0238
session_03413,doc_0286
session_03414,doc_0278
session_03414,doc_0293
session_03414,doc_0365
session_03415,doc_0412
session_03415,doc_0480
session_03415,doc_0469
session_03415,doc_0471
session_03415,doc_0451
session_03415,doc_0456
session_03416,doc_0836
session_03416,doc_0830
session_03416,doc_0852
session_03416,doc_0870
session_03417,doc_0316
session_03417,doc_0322
session_03417,doc_0372
session_03418,doc_0373
session_03418,doc_0381
session_03418,doc_0345
session_03418,doc_0375
session_03418,doc_0337
session_03418,doc_0031
session_03419,doc_0689
session_03419,doc_0668
session_03420,doc_0547
session_03420,doc_0518
session_03421,doc_0666
session_03421,doc_0673
session_03421,doc_0689
session_03421,doc_0695
session_03422,doc_0617
session_03422,doc_0752
session_03423,doc_0118
session_03423,doc_0182
session_03423,doc_0179
session_03424,doc_0846
session_03424,doc_0869
session_03424,doc_0823
session_03424,doc_0807
session_03424,doc_0322
session_03425,doc_0063
session_03425,doc_0068
session_03425,doc_0031
session_03425,doc_0006
session_03425,doc_0086
session_03425,doc_0502
session_03426,doc_0655
session_03427,doc_0469
session_03428,doc_0235
session_03428,doc_0224
session_03429,doc_0331
session_03429,doc_0342
session_03429,doc_0369
session_03429,doc_0909
session_03430,doc_0331
session_03430,doc_0362
session_03430,doc_0354
session_03430,doc_0373
session_03431,doc_0934
session_03431,doc_0894
session_03432,doc_0034
session_03433,doc_0294
session_03434,doc_0291
session_03435,doc_0857
session_03435,doc_0852
session_03436,doc_0351
session_03437,doc_0510
session_03437,doc_0501
session_03438,doc_0852
session_03438,doc_0870
session_03439,doc_0585
session_03439,doc_0381
session_03440,doc_0173
session_03441,doc_0757
session_03441,doc_0760
session_03442,doc_0420
session_03442,doc_0481
session_03442,doc_0469
session_03443,doc_0502
session_03443,doc_0518
session_03444,doc_0617
session_03444,doc_0621
session_03444,doc_0637
session_03445,doc_0068
session_03445,doc_0048
session_03446,doc_0648
session_03446,doc_0599
session_03447,doc_0424
session_03448,doc_0404
session_03449,doc_0914
session_03449,doc_0907
session_03450,doc_0713
session_03450,doc_0774
session_03450,doc_0631
session_03451,doc_0476
session_03451,doc_0462
session_03451,doc_0469
session_03451,doc_0487
session_03451,doc_0437
session_03452,doc_0322
session_03453,doc_0709
session_03454,doc_0654
session_03454,doc_0673
session_03454,doc_0689
session_03454,doc_0909
session_03455,doc_0617
session_03455,doc_0641
session_03455,doc_0614
session_03455,doc_0596
session_03456,doc_0392
session_03456,doc_0373
session_03457,doc_0412
session_03457,doc_0428
session_03457,doc_0469
session_03458,doc_0617
session_03458,doc_0630
session_03458,doc_0627
session_03459,doc_0910
session_03460,doc_0508
session_03460,doc_0535
session_03460,doc_0518
session_03460,doc_0514
session_03460,doc_0493
session_03460,doc_0469
session_03461,doc_0291
session_03462,doc_0048
session_03462,doc_0069
session_03462,doc_0039
session_03462,doc_0086
session_03462,doc_0043
session_03463,doc_0565
session_03463,doc_0543
session_03464,doc_0235
session_03465,doc_0445
session_03466,doc_0413
session_03466,doc_0441
session_03466,doc_0475
session_03466,doc_0914
session_03467,doc_0301
session_03467,doc_0323
session_03467,doc_0322
session_03467,doc_0290
session_03468,doc_0112
session_03468,doc_0108
session_03469,doc_0401
session_03469,doc_0369
session_03469,doc_0372
session_03469,doc_0327
session_03469,doc_0331
session_03470,doc_0023
session_03470,doc_0080
session_03470,doc_0063
session_03471,doc_0235
session_03472,doc_0843
session_03472,doc_0852
session_03472,doc_0754
session_03473,doc_0914
session_03473,doc_0902
session_03473,doc_0373
session_03474,doc_0293
session_03475,doc_0815
session_03475,doc_0870
session_03475,doc_0752
session_03476,doc_0235
session_03477,doc_0564
session_03477,doc_0518
session_03478,doc_0778
session_03479,doc_0618
session_03479,doc_0627
session_03479,doc_0413
session_03480,doc_0733
session_03481,doc_0493
session_03481,doc_0584
session_03481,doc_0098
session_03482,doc_0565
session_03482,doc_0518
session_03483,doc_0481
session_03483,doc_0476
session_03483,doc_0434
session_03483,doc_0437
session_03483,doc_0362
session_03484,doc_0308
session_03484,doc_0471
session_03485,doc_0653
session_03485,doc_0654
session_03485,doc_0322
session_03485,doc_0305
session_03486,doc_0517
session_03487,doc_0642
session_03487,doc_0618
session_03487,doc_0640
session_03487,doc_0235
session_03488,doc_0471
session_03488,doc_0476
session_03488,doc_0432
session_03488,doc_0462
session_03488,doc_0917
session_03489,doc_0123
session_03489,doc_0177
session_03489,doc_0307
session_03489,doc_0280
session_03490,doc_0469
session_03490,doc_0451
session_03490,doc_0793
session_03491,doc_0493
session_03491,doc_0584
session_03492,doc_0176
session_03492,doc_0126
session_03493,doc_0565
session_03494,doc_0584
session_03494,doc_0557
session_03494,doc_0564
session_03494,doc_0757
session_03495,doc_0401
session_03495,doc_0360
session_03495,doc_0897
session_03496,doc_0331
session_03496,doc_0367
session_03497,doc_0442
session_03497,doc_0469
session_03497,doc_0250
session_03498,doc_0878
session_03498,doc_0934
session_03498,doc_0914
session_03499,doc_0276
session_03500,doc_0181
session_03501,doc_0567
session_03501,doc_0565
session_03501,doc_0581
session_03502,doc_0932
session_03502,doc_0914
session_03503,doc_0063
session_03503,doc_0086
session_03503,doc_0617
session_03504,doc_0518
session_03505,doc_0069
session_03505,doc_0031
session_03506,doc_0501
session_03507,doc_0469
session_03508,doc_0048
session_03509,doc_0544
session_03510,doc_0732
session_03510,doc_0757
session_03510,doc_0315
session_03511,doc_0086
session_03511,doc_0077
session_03511,doc_0071
session_03511,doc_0565
session_03512,doc_0636
session_03512,doc_0626
session_03512,doc_0754
session_03513,doc_0329
session_03513,doc_0381
session_03513,doc_0402
session_03513,doc_0409
session_03514,doc_0639
session_03515,doc_0291
session_03515,doc_0290
session_03516,doc_0373
session_03516,doc_0782
session_03517,doc_0314
session_03518,doc_0595
session_03518,doc_0641
session_03518,doc_0618
session_03518,doc_0623
session_03518,doc_0730
session_03519,doc_0336
session_03520,doc_0469
session_03520,doc_0466
session_03520,doc_0451
session_03520,doc_0484
session_03521,doc_0514
session_03522,doc_0490
session_03522,doc_0568
session_03523,doc_0655
session_03523,doc_0673
session_03523,doc_0182
session_03524,doc_0823
session_03525,doc_0469
session_03525,doc_0482
session_03526,doc_0401
session_03527,doc_0063
session_03527,doc_0091
session_03527,doc_0031
session_03527,doc_0006
session_03527,doc_0043
session_03528,doc_0481
session_03528,doc_0071
session_03529,doc_0631
session_03530,doc_0703
session_03530,doc_0658
session_03531,doc_0243
session_03532,doc_0502
session_03532,doc_0810
session_03533,doc_0133
session_03533,doc_0288
session_03534,doc_0857
session_03534,doc_0810
session_03535,doc_0331
session_03535,doc_0656
session_03536,doc_0814
session_03536,doc_0843
session_03536,doc_0871
session_03536,doc_0815
session_03536,doc_0762
session_03537,doc_0905
session_03537,doc_0884
session_03537,doc_0886
session_03537,doc_0922
session_03537,doc_0927
session_03537,doc_0373
session_03538,doc_0763
session_03538,doc_0783
session_03538,doc_0767
session_03539,doc_0565
session_03540,doc_0472
session_03541,doc_0658
session_03541,doc_0687
session_03541,doc_0666
session_03541,doc_0476
session_03541,doc_0417
session_03542,doc_0617
session_03542,doc_0644
session_03542,doc_0785
session_03542,doc_0752
session_03543,doc_0031
session_03544,doc_0812
session_03544,doc_0852
session_03544,doc_0815
session_03544,doc_0844
session_03544,doc_0839
session_03544,doc_0757
session_03545,doc_0611
session_03545,doc_0637
session_03545,doc_0627
session_03546,doc_0870
session_03546,doc_0786
session_03547,doc_0476
session_03547,doc_0629
session_03548,doc_0852
session_03548,doc_0818
session_03548,doc_0843
session_03548,doc_0802
session_03549,doc_0316
session_03550,doc_0673
session_03551,doc_0471
session_03552,doc_0322
session_03552,doc_0313
session_03552,doc_0291
session_03552,doc_0303
session_03553,doc_0476
session_03553,doc_0043
session_03554,doc_0732
session_03555,doc_0905
session_03555,doc_0906
session_03555,doc_0888
session_03556,doc_0679
session_03557,doc_0535
session_03557,doc_0501
session_03557,doc_0544
session_03557,doc_0493
session_03557,doc_0031
session_03558,doc_0012
session_03558,doc_0043
session_03559,doc_0882
session_03559,doc_0889
session_03559,doc_0157
session_03560,doc_0864
session_03561,doc_0587
session_03561,doc_0565
session_03562,doc_0757
session_03562,doc_0469
session_03563,doc_0285
session_03563,doc_0120
session_03564,doc_0401
session_03564,doc_0362
session_03564,doc_0373
session_03565,doc_0048
session_03565,doc_0068
session_03565,doc_0031
session_03565,doc_0536
session_03565,doc_0588
session_03566,doc_0098
session_03566,doc_0031
session_03566,doc_0641
session_03567,doc_0889
session_03567,doc_0900
session_03567,doc_0653
session_03568,doc_0760
session_03568,doc_0754
session_03568,doc_0728
session_03568,doc_0774
session_03569,doc_0689
session_03569,doc_0697
session_03569,doc_0683
session_03569,doc_0673
session_03569,doc_0401
session_03570,doc_0603
session_03570,doc_0617
session_03571,doc_0512
session_03572,doc_0565
session_03573,doc_0422
session_03573,doc_0439
session_03574,doc_0388
session_03574,doc_0332
session_03574,doc_0373
session_03574,doc_0889
session_03575,doc_0912
session_03575,doc_0914
session_03575,doc_0915
session_03575,doc_0469
session_03575,doc_0482
session_03576,doc_0570
session_03576,doc_0562
session_03576,doc_0068
session_03577,doc_0208
session_03577,doc_0235
session_03578,doc_0469
session_03578,doc_0471
session_03578,doc_0441
session_03578,doc_0246
session_03578,doc_0235
session_03578,doc_0239
session_03579,doc_0310
session_03579,doc_0235
session_03580,doc_0871
session_03580,doc_0853
session_03580,doc_0862
session_03580,doc_0752
session_03581,doc_0327
session_03582,doc_0166
session_03583,doc_0385
session_03583,doc_0475
session_03584,doc_0904
session_03584,doc_0895
session_03584,doc_0512
session_03585,doc_0262
session_03585,doc_0194
session_03586,doc_0165
session_03587,doc_0331
session_03587,doc_0360
session_03588,doc_0013
session_03588,doc_0068
session_03589,doc_0518
session_03589,doc_0493
session_03589,doc_0756
session_03590,doc_0469
session_03590,doc_0475
session_03591,doc_0683
session_03592,doc_0032
session_03592,doc_0019
session_03592,doc_0575
session_03593,doc_0492
session_03593,doc_0757
session_03594,doc_0871
session_03594,doc_0819
session_03594,doc_0305
session_03595,doc_0730
session_03595,doc_0546
session_03596,doc_0565
session_03596,doc_0560
session_03596,doc_0507
session_03597,doc_0402
session_03597,doc_0331
session_03597,doc_0152
session_03598,doc_0302
session_03599,doc_0565
session_03600,doc_0736
session_03600,doc_0757
session_03600,doc_0754
session_03600,doc_0769
session_03600,doc_0322
session_03600,doc_0268
session_03601,doc_0914
session_03601,doc_0902
session_03601,doc_0917
session_03601,doc_0356
session_03602,doc_0843
session_03603,doc_0518
session_03603,doc_0235
session_03604,doc_0754
session_03604,doc_0752
session_03605,doc_0384
session_03605,doc_0331
session_03606,doc_0229
session_03606,doc_0246
session_03607,doc_0309
session_03607,doc_0284
session_03608,doc_0673
session_03608,doc_0915
session_03609,doc_0235
session_03609,doc_0249
session_03609,doc_0246
session_03609,doc_0053
session_03610,doc_0676
session_03610,doc_0493
session_03611,doc_0010
session_03611,doc_0027
session_03611,doc_0068
session_03611,doc_0804
session_03612,doc_0305
session_03612,doc_0322
session_03612,doc_0302
session_03613,doc_0458
session_03613,doc_0469
session_03613,doc_0584
session_03614,doc_0327
session_03614,doc_0373
session_03615,doc_0068
session_03615,doc_0542
session_03616,doc_0222
session_03616,doc_0243
session_03616,doc_0235
session_03616,doc_0614
session_03617,doc_0871
session_03618,doc_0031
session_03619,doc_0063
session_03619,doc_0068
session_03619,doc_0031
session_03620,doc_0453
session_03620,doc_0469
session_03620,doc_0416
session_03621,doc_0763
session_03621,doc_0734
session_03621,doc_0892
session_03622,doc_0333
session_03623,doc_0757
session_03623,doc_0749
session_03623,doc_0870
session_03624,doc_0187
session_03624,doc_0167
session_03624,doc_0192
session_03624,doc_0373
session_03625,doc_0229
session_03626,doc_0031
session_03626,doc_0069
session_03626,doc_0048
session_03627,doc_0914
session_03628,doc_0673
session_03629,doc_0373
session_03629,doc_0364
session_03629,doc_0389
session_03630,doc_0248
session_03630,doc_0250
session_03630,doc_0634
session_03631,doc_0353
session_03631,doc_0373
session_03631,doc_0331
session_03631,doc_0406
session_03631,doc_0381
session_03631,doc_0384
session_03632,doc_0068
session_03632,doc_0063
session_03632,doc_0031
session_03633,doc_0458
session_03634,doc_0208
session_03634,doc_0434
session_03635,doc_0046
session_03635,doc_0034
session_03635,doc_0063
session_03635,doc_0642
session_03635,doc_0615
session_03636,doc_0291
session_03636,doc_0268
session_03636,doc_0276
session_03636,doc_0269
session_03636,doc_0325
session_03636,doc_0338
session_03637,doc_0852
session_03637,doc_0810
session_03637,doc_0814
session_03637,doc_0846
session_03637,doc_0857
session_03637,doc_0234
session_03638,doc_0914
session_03638,doc_0924
session_03639,doc_0119
session_03640,doc_0148
session_03640,doc_0192
session_03641,doc_0119
session_03641,doc_0148
session_03642,doc_0518
session_03642,doc_0493
session_03642,doc_0502
session_03642,doc_0520
session_03642,doc_0056
session_03643,doc_0054
session_03643,doc_0039
session_03644,doc_0031
session_03644,doc_0068
session_03644,doc_0043
session_03644,doc_0032
session_03644,doc_0041
session_03644,doc_0878
session_03645,doc_0380
session_03645,doc_0331
session_03645,doc_0373
session_03645,doc_0181
session_03646,doc_0699
session_03647,doc_0303
session_03647,doc_0322
session_03648,doc_0804
session_03648,doc_0870
session_03648,doc_0810
session_03648,doc_0840
session_03648,doc_0675
session_03649,doc_0458
session_03649,doc_0476
session_03649,doc_0434
session_03650,doc_0203
session_03650,doc_0235
session_03650,doc_0238
session_03650,doc_0459
session_03650,doc_0469
session_03651,doc_0120
session_03651,doc_0148
session_03651,doc_0118
session_03651,doc_0541
session_03652,doc_0631
session_03652,doc_0618
session_03652,doc_0643
session_03652,doc_0621
session_03652,doc_0757
session_03653,doc_0331
session_03653,doc_0369
session_03653,doc_0381
session_03653,doc_0701
session_03654,doc_0852
session_03654,doc_0845
session_03655,doc_0476
session_03655,doc_0421
session_03655,doc_0479
session_03655,doc_0441
session_03655,doc_0458
session_03656,doc_0803
session_03656,doc_0852
session_03657,doc_0673
session_03657,doc_0699
session_03657,doc_0676
session_03657,doc_0754
session_03658,doc_0168
session_03658,doc_0870
session_03659,doc_0208
session_03659,doc_0238
session_03660,doc_0914
session_03660,doc_0910
session_03660,doc_0884
session_03661,doc_0689
session_03661,doc_0701
session_03661,doc_0693
session_03662,doc_0803
session_03662,doc_0757
session_03662,doc_0732
session_03662,doc_0754
session_03662,doc_0779
session_03663,doc_0011
session_03664,doc_0673
session_03664,doc_0884
session_03665,doc_0667
session_03665,doc_0373
session_03666,doc_0555
session_03666,doc_0518
session_03667,doc_0735
session_03668,doc_0737
session_03668,doc_0732
session_03668,doc_0569
session_03669,doc_0763
session_03669,doc_0732
session_03670,doc_0444
session_03671,doc_0039
session_03671,doc_0041
session_03672,doc_0068
session_03672,doc_0291
session_03673,doc_0673
session_03673,doc_0678
session_03674,doc_0878
session_03675,doc_0592
session_03675,doc_0526
session_03675,doc_0524
session_03675,doc_0557
session_03675,doc_0676
session_03676,doc_0631
session_03676,doc_0618
session_03676,doc_0625
session_03676,doc_0617
session_03677,doc_0426
session_03678,doc_0435
session_03678,doc_0462
session_03678,doc_0441
session_03678,doc_0206
session_03679,doc_0882
session_03679,doc_0914
session_03679,doc_0031
session_03679,doc_0102
session_03680,doc_0305
session_03681,doc_0769
session_03682,doc_0011
session_03682,doc_0090
session_03682,doc_0043
session_03682,doc_0518
session_03682,doc_0590
session_03683,doc_0884
session_03683,doc_0905
session_03683,doc_0676
session_03684,doc_0412
session_03684,doc_0469
session_03685,doc_0679
session_03686,doc_0493
session_03686,doc_0555
session_03686,doc_0752
session_03687,doc_0469
session_03687,doc_0420
session_03687,doc_0373
session_03688,doc_0917
session_03689,doc_0671
session_03689,doc_0702
session_03689,doc_0673
session_03690,doc_0019
session_03690,doc_0068
session_03690,doc_0555
session_03691,doc_0817
session_03691,doc_0844
session_03691,doc_0860
session_03691,doc_0518
session_03692,doc_0877
session_03692,doc_0921
session_03692,doc_0014
session_03693,doc_0179
session_03693,doc_0152
session_03693,doc_0291
session_03694,doc_0342
session_03694,doc_0335
session_03695,doc_0518
session_03695,doc_0504
session_03695,doc_0569
session_03695,doc_0469
session_03695,doc_0476
session_03696,doc_0152
session_03697,doc_0547
session_03697,doc_0504
session_03698,doc_0451
session_03698,doc_0469
session_03698,doc_0362
session_03699,doc_0293
session_03699,doc_0268
session_03700,doc_0617
session_03700,doc_0597
session_03700,doc_0647
session_03700,doc_0608
session_03701,doc_0339
session_03701,doc_0373
session_03701,doc_0673
session_03702,doc_0166
session_03702,doc_0373
session_03703,doc_0156
session_03704,doc_0757
session_03704,doc_0278
session_03705,doc_0322
session_03706,doc_0381
session_03706,doc_0394
session_03706,doc_0338
session_03706,doc_0331
session_03707,doc_0917
session_03707,doc_0877
session_03707,doc_0754
session_03708,doc_0678
session_03709,doc_0334
session_03710,doc_0310
session_03711,doc_0255
session_03712,doc_0469
session_03712,doc_0258
session_03713,doc_0054
session_03713,doc_0518
session_03714,doc_0799
session_03714,doc_0752
session_03714,doc_0749
session_03714,doc_0801
session_03714,doc_0148
session_03714,doc_0126
session_03715,doc_0667
session_03716,doc_0812
session_03717,doc_0207
session_03717,doc_0235
session_03717,doc_0309
session_03718,doc_0783
session_03719,doc_0233
session_03719,doc_0206
session_03719,doc_0629
session_03720,doc_0229
session_03721,doc_0615
session_03722,doc_0040
session_03722,doc_0617
session_03723,doc_0068
session_03723,doc_0067
session_03724,doc_0871
session_03725,doc_0286
session_03725,doc_0297
session_03725,doc_0291
session_03725,doc_0322
session_03725,doc_0319
session_03725,doc_0325
session_03726,doc_0493
session_03726,doc_0803
session_03727,doc_0518
session_03727,doc_0542
session_03727,doc_0091
session_03728,doc_0121
session_03729,doc_0728
session_03730,doc_0293
session_03730,doc_0269
session_03731,doc_0893
session_03731,doc_0914
session_03731,doc_0913
session_03731,doc_0889
session_03731,doc_0337
session_03732,doc_0437
session_03732,doc_0473
session_03733,doc_0428
session_03733,doc_0465
session_03733,doc_0439
session_03734,doc_0565
session_03734,doc_0518
session_03734,doc_0769
session_03734,doc_0798
session_03735,doc_0563
session_03736,doc_0046
session_03736,doc_0032
session_03736,doc_0010
session_03736,doc_0291
session_03737,doc_0852
session_03738,doc_0849
session_03738,doc_0757
session_03739,doc_0412
session_03740,doc_0497
session_03740,doc_0509
session_03740,doc_0518
session_03740,doc_0565
session_03740,doc_0031
session_03741,doc_0870
session_03742,doc_0518
session_03742,doc_0565
session_03742,doc_0736
session_03743,doc_0077
session_03743,doc_0565
session_03744,doc_0421
session_03744,doc_0476
session_03745,doc_0754
session_03745,doc_0802
session_03745,doc_0870
session_03746,doc_0622
session_03746,doc_0621
session_03747,doc_0360
session_03747,doc_0679
session_03748,doc_0385
session_03749,doc_0518
session_03750,doc_0843
session_03750,doc_0870
session_03750,doc_0493
session_03751,doc_0876
session_03752,doc_0369
session_03752,doc_0695
session_03753,doc_0754
session_03753,doc_0733
session_03754,doc_0011
session_03754,doc_0068
session_03754,doc_0539
session_03755,doc_0123
session_03755,doc_0041
session_03756,doc_0733
session_03756,doc_0772
session_03757,doc_0148
session_03757,doc_0179
session_03757,doc_0166
session_03758,doc_0080
session_03759,doc_0068
session_03759,doc_0683
session_03760,doc_0769
session_03760,doc_0783
session_03760,doc_0762
session_03761,doc_0381
session_03761,doc_0579
session_03762,doc_0260
session_03762,doc_0235
session_03763,doc_0192
session_03763,doc_0179
session_03763,doc_0319
session_03764,doc_0235
session_03764,doc_0253
session_03764,doc_0229
session_03764,doc_0412
session_03765,doc_0469
session_03766,doc_0921
session_03766,doc_0904
session_03766,doc_0691
session_03767,doc_0755
session_03767,doc_0757
session_03767,doc_0689
session_03768,doc_0261
session_03768,doc_0235
session_03768,doc_0240
session_03768,doc_0382
session_03769,doc_0641
session_03769,doc_0618
session_03770,doc_0063
session_03770,doc_0077
session_03770,doc_0020
session_03770,doc_0492
session_03771,doc_0915
session_03772,doc_0732
session_03772,doc_0764
session_03772,doc_0401
session_03773,doc_0362
session_03773,doc_0331
session_03774,doc_0873
session_03774,doc_0852
session_03774,doc_0858
session_03774,doc_0830
session_03775,doc_0641
session_03775,doc_0639
session_03775,doc_0644
session_03776,doc_0812
session_03776,doc_0869
session_03776,doc_0852
session_03776,doc_0844
session_03777,doc_0031
session_03777,doc_0043
session_03777,doc_0627
session_03778,doc_0852
session_03778,doc_0845
session_03778,doc_0836
session_03778,doc_0443
session_03779,doc_0152
session_03779,doc_0120
session_03779,doc_0148
session_03779,doc_0160
session_03779,doc_0653
session_03779,doc_0705
session_03780,doc_0203
session_03781,doc_0493
session_03782,doc_0331
session_03782,doc_0341
session_03782,doc_0360
session_03783,doc_0118
session_03783,doc_0810
session_03784,doc_0494
session_03785,doc_0381
session_03785,doc_0392
session_03785,doc_0401
session_03785,doc_0405
session_03785,doc_0386
session_03786,doc_0504
session_03786,doc_0238
session_03787,doc_0914
session_03787,doc_0367
session_03788,doc_0368
session_03788,doc_0350
session_03789,doc_0700
session_03789,doc_0663
session_03789,doc_0701
session_03789,doc_0344
session_03790,doc_0291
session_03790,doc_0270
session_03790,doc_0321
session_03791,doc_0313
session_03791,doc_0318
session_03791,doc_0322
session_03792,doc_0341
session_03793,doc_0328
session_03793,doc_0341
session_03793,doc_0389
session_03794,doc_0637
session_03794,doc_0634
session_03794,doc_0063
session_03795,doc_0469
session_03795,doc_0430
session_03795,doc_0437
session_03795,doc_0476
session_03795,doc_0420
session_03795,doc_0493
session_03796,doc_0841
session_03796,doc_0844
session_03796,doc_0853
session_03796,doc_0754
session_03796,doc_0790
session_03797,doc_0126
session_03798,doc_0272
session_03799,doc_0702
session_03800,doc_0333
session_03800,doc_0334
session_03800,doc_0679
session_03801,doc_0565
session_03801,doc_0562
session_03801,doc_0041
session_03802,doc_0871
session_03802,doc_0865
session_03802,doc_0810
session_03803,doc_0317
session_03803,doc_0152
session_03804,doc_0737
session_03805,doc_0063
session_03805,doc_0031
session_03806,doc_0495
session_03807,doc_0689
session_03807,doc_0917
session_03808,doc_0754
session_03809,doc_0693
session_03809,doc_0663
session_03809,doc_0658
session_03810,doc_0518
session_03810,doc_0496
session_03810,doc_0068
session_03811,doc_0276
session_03812,doc_0291
session_03812,doc_0267
session_03812,doc_0119
session_03813,doc_0274
session_03813,doc_0305
session_03813,doc_0276
session_03814,doc_0203
session_03815,doc_0640
session_03815,doc_0732
session_03816,doc_0170
session_03816,doc_0753
session_03817,doc_0331
session_03817,doc_0182
session_03818,doc_0559
session_03818,doc_0535
session_03818,doc_0493
session_03818,doc_0914
session_03819,doc_0156
session_03819,doc_0389
session_03820,doc_0612
session_03820,doc_0617
session_03820,doc_0597
session_03821,doc_0667
session_03821,doc_0656
session_03821,doc_0673
session_03821,doc_0399
session_03821,doc_0369
session_03822,doc_0073
session_03822,doc_0019
session_03822,doc_0091
session_03822,doc_0852
session_03822,doc_0844
session_03822,doc_0870
session_03823,doc_0644
session_03824,doc_0156
session_03824,doc_0123
session_03824,doc_0331
session_03825,doc_0853
session_03825,doc_0532
session_03826,doc_0671
session_03826,doc_0031
session_03827,doc_0832
session_03827,doc_0796
session_03828,doc_0803
session_03829,doc_0664
session_03830,doc_0664
session_03830,doc_0666
session_03830,doc_0673
session_03831,doc_0496
session_03832,doc_0618
session_03832,doc_0617
session_03832,doc_0621
session_03833,doc_0886
session_03833,doc_0902
session_03833,doc_0910
session_03834,doc_0565
session_03834,doc_0068
session_03835,doc_0469
session_03835,doc_0471
session_03835,doc_0481
session_03835,doc_0337
session_03836,doc_0243
session_03836,doc_0260
session_03836,doc_0203
session_03836,doc_0156
session_03837,doc_0121
session_03837,doc_0120
session_03838,doc_0031
session_03838,doc_0016
session_03838,doc_0021
session_03839,doc_0900
session_03839,doc_0917
session_03840,doc_0625
session_03840,doc_0644
session_03840,doc_0031
session_03841,doc_0913
session_03841,doc_0914
session_03841,doc_0878
session_03841,doc_0661
session_03842,doc_0902
session_03842,doc_0914
session_03843,doc_0565
session_03844,doc_0706
session_03845,doc_0206
session_03845,doc_0621
session_03846,doc_0394
session_03846,doc_0327
session_03847,doc_0803
session_03847,doc_0757
session_03848,doc_0084
session_03849,doc_0757
session_03849,doc_0528
session_03850,doc_0934
session_03850,doc_0919
session_03850,doc_0926
session_03850,doc_0889
session_03850,doc_0917
session_03851,doc_0679
session_03851,doc_0656
session_03851,doc_0682
session_03851,doc_0689
session_03851,doc_0889
session_03851,doc_0902
session_03852,doc_0518
session_03852,doc_0501
session_03853,doc_0874
session_03853,doc_0914
session_03853,doc_0876
session_03854,doc_0362
session_03854,doc_0389
session_03854,doc_0902
session_03855,doc_0132
session_03855,doc_0166
session_03855,doc_0120
session_03855,doc_0148
session_03855,doc_0123
session_03855,doc_0152
session_03856,doc_0156
session_03856,doc_0271
session_03857,doc_0835
session_03858,doc_0618
session_03858,doc_0421
session_03859,doc_0732
session_03859,doc_0754
session_03859,doc_0782
session_03860,doc_0518
session_03861,doc_0246
session_03861,doc_0850
session_03862,doc_0373
session_03862,doc_0372
session_03862,doc_0337
session_03862,doc_0350
session_03862,doc_0408
session_03863,doc_0852
session_03863,doc_0821
session_03863,doc_0753
session_03864,doc_0791
session_03864,doc_0733
session_03865,doc_0461
session_03865,doc_0476
session_03865,doc_0486
session_03866,doc_0120
session_03867,doc_0631
session_03867,doc_0617
session_03868,doc_0542
session_03868,doc_0540
session_03868,doc_0884
session_03869,doc_0363
session_03869,doc_0401
session_03870,doc_0844
session_03870,doc_0857
session_03870,doc_0845
session_03870,doc_0750
session_03871,doc_0291
session_03872,doc_0438
session_03872,doc_0476
session_03872,doc_0434
session_03872,doc_0428
session_03872,doc_0461
session_03873,doc_0615
session_03874,doc_0469
session_03874,doc_0460
session_03875,doc_0144
session_03875,doc_0168
session_03875,doc_0172
session_03875,doc_0186
session_03876,doc_0441
session_03876,doc_0469
session_03876,doc_0456
session_03877,doc_0412
session_03877,doc_0476
session_03877,doc_0246
session_03877,doc_0235
session_03878,doc_0487
session_03878,doc_0608
session_03879,doc_0586
session_03879,doc_0565
session_03879,doc_0556
session_03880,doc_0120
session_03880,doc_0180
session_03881,doc_0688
session_03881,doc_0673
session_03881,doc_0023
session_03882,doc_0317
session_03883,doc_0161
session_03883,doc_0148
session_03883,doc_0207
session_03884,doc_0316
session_03884,doc_0331
session_03885,doc_0738
session_03885,doc_0771
session_03885,doc_0853
session_03886,doc_0658
session_03887,doc_0243
session_03887,doc_0260
session_03888,doc_0063
session_03889,doc_0305
session_03889,doc_0119
session_03890,doc_0625
session_03890,doc_0074
session_03891,doc_0152
session_03891,doc_0182
session_03891,doc_0126
session_03891,doc_0148
session_03891,doc_0179
session_03892,doc_0584
session_03892,doc_0617
session_03893,doc_0235
session_03893,doc_0234
session_03893,doc_0261
session_03894,doc_0660
session_03895,doc_0927
session_03895,doc_0895
session_03895,doc_0914
session_03896,doc_0676
session_03897,doc_0566
session_03897,doc_0074
session_03898,doc_0754
session_03898,doc_0783
session_03898,doc_0757
session_03898,doc_0617
session_03899,doc_0469
session_03900,doc_0322
session_03901,doc_0757
session_03901,doc_0783
session_03901,doc_0774
session_03901,doc_0852
session_03902,doc_0931
session_03903,doc_0331
session_03903,doc_0369
session_03904,doc_0590
session_03904,doc_0518
session_03904,doc_0592
session_03904,doc_0520
session_03904,doc_0572
session_03904,doc_0748
session_03905,doc_0479
session_03905,doc_0469
session_03905,doc_0471
session_03905,doc_0427
session_03905,doc_0456
session_03905,doc_0493
session_03906,doc_0166
session_03907,doc_0148
session_03907,doc_0369
session_03908,doc_0675
session_03908,doc_0673
session_03908,doc_0701
session_03909,doc_0319
session_03910,doc_0342
session_03910,doc_0381
session_03910,doc_0331
session_03910,doc_0291
session_03911,doc_0322
session_03911,doc_0297
session_03911,doc_0305
session_03911,doc_0707
session_03912,doc_0770
session_03913,doc_0517
session_03914,doc_0862
session_03914,doc_0871
session_03914,doc_0863
session_03914,doc_0804
session_03914,doc_0752
session_03915,doc_0031
session_03916,doc_0476
session_03916,doc_0469
session_03916,doc_0870
session_03916,doc_0852
session_03917,doc_0841
session_03917,doc_0795
session_03918,doc_0342
session_03918,doc_0469
session_03919,doc_0924
session_03920,doc_0027
session_03920,doc_0565
session_03921,doc_0031
session_03921,doc_0610
session_03922,doc_0748
session_03923,doc_0237
session_03923,doc_0198
session_03923,doc_0285
session_03924,doc_0401
session_03924,doc_0779
session_03925,doc_0564
session_03925,doc_0641
session_03926,doc_0565
session_03926,doc_0544
session_03926,doc_0754
session_03926,doc_0774
session_03927,doc_0245
session_03927,doc_0246
session_03927,doc_0618
session_03928,doc_0168
session_03929,doc_0821
session_03929,doc_0870
session_03929,doc_0803
session_03930,doc_0389
session_03930,doc_0382
session_03930,doc_0404
session_03931,doc_0161
session_03931,doc_0181
session_03931,doc_0179
session_03932,doc_0917
session_03932,doc_0902
session_03933,doc_0392
session_03934,doc_0879
session_03935,doc_0802
session_03935,doc_0752
session_03935,doc_0727
session_03936,doc_0434
session_03937,doc_0119
session_03938,doc_0903
session_03939,doc_0852
session_03939,doc_0857
session_03939,doc_0783
session_03940,doc_0870
session_03940,doc_0852
session_03940,doc_0752
session_03941,doc_0870
session_03941,doc_0878
session_03942,doc_0336
session_03942,doc_0402
session_03942,doc_0400
session_03942,doc_0678
session_03942,doc_0686
session_03943,doc_0852
session_03943,doc_0871
session_03943,doc_0857
session_03944,doc_0884
session_03945,doc_0471
session_03945,doc_0424
session_03946,doc_0902
session_03946,doc_0893
session_03947,doc_0502
session_03948,doc_0664
session_03949,doc_0754
session_03950,doc_0063
session_03950,doc_0416
session_03951,doc_0817
session_03951,doc_0871
session_03951,doc_0843
session_03951,doc_0493
session_03951,doc_0490
session_03952,doc_0342
session_03952,doc_0394
session_03952,doc_0857
session_03953,doc_0402
session_03953,doc_0331
session_03953,doc_0148
session_03954,doc_0466
session_03954,doc_0437
session_03955,doc_0621
session_03955,doc_0608
session_03955,doc_0148
session_03956,doc_0401
session_03956,doc_0364
session_03957,doc_0070
session_03957,doc_0692
session_03958,doc_0456
session_03959,doc_0556
session_03959,doc_0564
session_03959,doc_0528
session_03959,doc_0518
session_03959,doc_0565
session_03959,doc_0618
session_03960,doc_0881
session_03960,doc_0689
session_03961,doc_0031
session_03962,doc_0652
session_03962,doc_0373
session_03963,doc_0367
session_03963,doc_0381
session_03963,doc_0331
session_03963,doc_0632
session_03963,doc_0630
session_03964,doc_0852
session_03965,doc_0617
session_03966,doc_0934
session_03966,doc_0810
session_03967,doc_0673
session_03967,doc_0708
session_03967,doc_0656
session_03968,doc_0839
session_03968,doc_0870
session_03968,doc_0849
session_03969,doc_0785
session_03969,doc_0761
session_03970,doc_0123
session_03970,doc_0148
session_03970,doc_0331
session_03971,doc_0046
session_03972,doc_0434
session_03972,doc_0469
session_03973,doc_0700
session_03973,doc_0686
session_03974,doc_0650
session_03975,doc_0818
session_03975,doc_0844
session_03975,doc_0853
session_03975,doc_0469
session_03976,doc_0849
session_03977,doc_0001
session_03977,doc_0086
session_03978,doc_0493
session_03978,doc_0514
session_03978,doc_0517
session_03978,doc_0032
session_03979,doc_0744
session_03979,doc_0727
session_03980,doc_0041
session_03980,doc_0068
session_03980,doc_0063
session_03981,doc_0169
session_03982,doc_0656
session_03982,doc_0001
session_03983,doc_0284
session_03984,doc_0331
session_03985,doc_0870
session_03985,doc_0843
session_03985,doc_0157
session_03986,doc_0207
session_03986,doc_0194
session_03986,doc_0870
session_03987,doc_0518
session_03987,doc_0565
session_03987,doc_0557
session_03987,doc_0795
session_03987,doc_0719
session_03988,doc_0658
session_03988,doc_0369
session_03989,doc_0430
session_03990,doc_0341
session_03990,doc_0331
session_03991,doc_0091
session_03991,doc_0043
session_03991,doc_0102
session_03991,doc_0063
session_03991,doc_0011
session_03991,doc_0608
session_03992,doc_0869
session_03992,doc_0870
session_03992,doc_0754
session_03993,doc_0011
session_03994,doc_0120
session_03994,doc_0121
session_03995,doc_0457
session_03995,doc_0617
session_03996,doc_0608
session_03996,doc_0606
session_03996,doc_0641
session_03996,doc_0044
session_03996,doc_0068
session_03997,doc_0260
session_03997,doc_0235
session_03997,doc_0206
session_03997,doc_0792
session_03998,doc_0720
session_03998,doc_0779
session_03998,doc_0732
session_03999,doc_0221
session_03999,doc_0560
session_04000,doc_0559
session_04001,doc_0852
session_04002,doc_0291
session_04002,doc_0346
session_04003,doc_0058
session_04003,doc_0043
session_04003,doc_0032
session_04003,doc_0047
session_04003,doc_0148
session_04003,doc_0152
session_04004,doc_0235
session_04005,doc_0720
session_04006,doc_0246
session_04006,doc_0235
session_04006,doc_0260
session_04006,doc_0262
session_04006,doc_0617
session_04006,doc_0629
session_04007,doc_0340
session_04007,doc_0373
session_04007,doc_0338
session_04008,doc_0084
session_04008,doc_0098
session_04008,doc_0068
session_04008,doc_0063
session_04008,doc_0371
session_04009,doc_0143
session_04010,doc_0870
session_04011,doc_0498
session_04011,doc_0518
session_04011,doc_0588
session_04012,doc_0213
session_04013,doc_0156
session_04014,doc_0420
session_04014,doc_0392
session_04015,doc_0754
session_04016,doc_0068
session_04016,doc_0086
session_04016,doc_0031
session_04016,doc_0904
session_04017,doc_0152
session_04017,doc_0724
session_04018,doc_0697
session_04018,doc_0337
session_04019,doc_0870
session_04019,doc_0860
session_04019,doc_0864
session_04019,doc_0852
session_04019,doc_0740
session_04019,doc_0765
session_04020,doc_0676
session_04020,doc_0668
session_04020,doc_0689
session_04020,doc_0709
session_04020,doc_0884
session_04020,doc_0900
session_04021,doc_0492
session_04022,doc_0269
session_04022,doc_0294
session_04022,doc_0322
session_04022,doc_0325
session_04023,doc_0331
session_04023,doc_0384
session_04023,doc_0373
session_04023,doc_0890
session_04023,doc_0905
session_04024,doc_0148
session_04024,doc_0156
session_04024,doc_0121
session_04024,doc_0126
session_04025,doc_0933
session_04025,doc_0894
session_04025,doc_0658
session_04026,doc_0427
session_04026,doc_0631
session_04027,doc_0342
session_04028,doc_0526
session_04028,doc_0535
session_04028,doc_0501
session_04029,doc_0857
session_04029,doc_0806
session_04029,doc_0852
session_04029,doc_0872
session_04029,doc_0803
session_04030,doc_0871
session_04031,doc_0518
session_04031,doc_0523
session_04031,doc_0501
session_04032,doc_0822
session_04033,doc_0193
session_04033,doc_0121
session_04034,doc_0180
session_04034,doc_0112
session_04034,doc_0169
session_04034,doc_0156
session_04034,doc_0322
session_04035,doc_0412
session_04035,doc_0434
session_04035,doc_0445
session_04035,doc_0455
session_04035,doc_0476
session_04035,doc_0469
session_04036,doc_0037
session_04036,doc_0098
session_04037,doc_0564
session_04037,doc_0565
session_04037,doc_0760
session_04038,doc_0243
session_04038,doc_0263
session_04038,doc_0695
session_04038,doc_0697
session_04039,doc_0905
session_04040,doc_0569
session_04040,doc_0774
session_04041,doc_0666
session_04041,doc_0689
session_04041,doc_0676
session_04041,doc_0673
session_04041,doc_0884
session_04041,doc_0923
session_04042,doc_0541
session_04042,doc_0511
session_04042,doc_0518
session_04042,doc_0148
session_04043,doc_0934
session_04044,doc_0905
session_04044,doc_0933
session_04044,doc_0902
session_04044,doc_0878
session_04044,doc_0889
session_04044,doc_0402
session_04045,doc_0011
session_04045,doc_0031
session_04046,doc_0049
session_04046,doc_0086
session_04046,doc_0063
session_04046,doc_0934
session_04047,doc_0469
session_04047,doc_0458
session_04047,doc_0476
session_04048,doc_0634
session_04048,doc_0615
session_04048,doc_0625
session_04048,doc_0125
session_04049,doc_0592
session_04049,doc_0492
session_04049,doc_0493
session_04050,doc_0070
session_04050,doc_0077
session_04051,doc_0673
session_04051,doc_0656
session_04051,doc_0725
session_04051,doc_0785
session_04052,doc_0673
session_04052,doc_0706
session_04052,doc_0654
session_04053,doc_0721
session_04053,doc_0774
session_04054,doc_0316
session_04054,doc_0305
session_04054,doc_0322
session_04055,doc_0565
session_04056,doc_0584
session_04057,doc_0581
session_04057,doc_0518
session_04057,doc_0533
session_04057,doc_0754
session_04058,doc_0471
session_04058,doc_0421
session_04058,doc_0469
session_04058,doc_0487
session_04059,doc_0565
session_04059,doc_0518
session_04059,doc_0564
session_04059,doc_0673
session_04060,doc_0565
session_04060,doc_0518
session_04060,doc_0732
session_04061,doc_0291
session_04061,doc_0305
session_04062,doc_0031
session_04062,doc_0618
session_04063,doc_0401
session_04064,doc_0182
session_04064,doc_0152
session_04064,doc_0179
session_04065,doc_0148
session_04065,doc_0104
session_04066,doc_0469
session_04066,doc_0477
session_04067,doc_0041
session_04067,doc_0520
session_04068,doc_0719
session_04068,doc_0769
session_04069,doc_0852
session_04069,doc_0331
session_04070,doc_0233
session_04071,doc_0829
session_04071,doc_0840
session_04072,doc_0362
session_04072,doc_0358
session_04072,doc_0912
session_04073,doc_0199
session_04074,doc_0229
session_04075,doc_0757
session_04075,doc_0785
session_04075,doc_0752
session_04076,doc_0845
session_04076,doc_0846
session_04077,doc_0020
session_04077,doc_0031
session_04077,doc_0011
session_04077,doc_0023
session_04077,doc_0005
session_04077,doc_0437
session_04078,doc_0818
session_04078,doc_0557
session_04079,doc_0893
session_04080,doc_0905
session_04081,doc_0261
session_04081,doc_0246
session_04081,doc_0229
session_04081,doc_0034
session_04081,doc_0031
session_04082,doc_0848
session_04082,doc_0853
session_04082,doc_0824
session_04082,doc_0850
session_04082,doc_0852
session_04083,doc_0327
session_04083,doc_0392
session_04084,doc_0857
session_04084,doc_0852
session_04084,doc_0840
session_04084,doc_0873
session_04084,doc_0914
session_04084,doc_0908
session_04085,doc_0748
session_04086,doc_0627
session_04086,doc_0617
session_04086,doc_0631
session_04086,doc_0637
session_04087,doc_0585
session_04088,doc_0510
session_04088,doc_0518
session_04088,doc_0578
session_04088,doc_0008
session_04089,doc_0469
session_04089,doc_0436
session_04090,doc_0235
session_04090,doc_0206
session_04090,doc_0213
session_04090,doc_0263
session_04090,doc_0829
session_04091,doc_0581
session_04091,doc_0565
session_04092,doc_0580
session_04093,doc_0458
session_04093,doc_0469
session_04093,doc_0412
session_04093,doc_0243
session_04093,doc_0229
session_04094,doc_0331
session_04095,doc_0181
session_04095,doc_0754
session_04096,doc_0680
session_04097,doc_0476
session_04097,doc_0456
session_04097,doc_0471
session_04097,doc_0429
session_04097,doc_0469
session_04097,doc_0203
session_04098,doc_0381
session_04099,doc_0461
session_04099,doc_0415
session_04099,doc_0631
session_04100,doc_0757
session_04100,doc_0774
session_04100,doc_0734
session_04100,doc_0732
session_04100,doc_0203
session_04101,doc_0326
session_04101,doc_0362
session_04102,doc_0659
session_04102,doc_0654
session_04102,doc_0910
session_04103,doc_0673
session_04103,doc_0701
session_04103,doc_0689
session_04103,doc_0682
session_04103,doc_0653
session_04103,doc_0331
session_04104,doc_0068
session_04104,doc_0027
session_04105,doc_0565
session_04106,doc_0756
session_04106,doc_0752
session_04106,doc_0782
session_04107,doc_0123
session_04108,doc_0626
session_04108,doc_0617
session_04108,doc_0606
session_04109,doc_0846
session_04109,doc_0852
session_04110,doc_0148
session_04111,doc_0253
session_04112,doc_0564
session_04112,doc_0586
session_04113,doc_0152
session_04113,doc_0120
session_04113,doc_0291
session_04113,doc_0298
session_04114,doc_0618
session_04115,doc_0641
session_04115,doc_0617
session_04116,doc_0874
session_04117,doc_0373
session_04117,doc_0364
session_04117,doc_0331
session_04118,doc_0179
session_04118,doc_0157
session_04118,doc_0156
session_04118,doc_0305
session_04119,doc_0162
session_04119,doc_0305
session_04120,doc_0077
session_04120,doc_0031
session_04120,doc_0056
session_04120,doc_0642
session_04120,doc_0606
session_04121,doc_0448
session_04121,doc_0476
session_04122,doc_0331
session_04123,doc_0068
session_04123,doc_0508
session_04124,doc_0617
session_04124,doc_0621
session_04124,doc_0627
session_04125,doc_0469
session_04125,doc_0484
session_04126,doc_0364
session_04126,doc_0331
session_04127,doc_0501
session_04127,doc_0754
session_04128,doc_0016
session_04128,doc_0004
session_04129,doc_0745
session_04129,doc_0757
session_04129,doc_0752
session_04129,doc_0754
session_04129,doc_0518
session_04130,doc_0207
session_04130,doc_0202
session_04130,doc_0471
session_04131,doc_0618
session_04131,doc_0754
session_04132,doc_0458
session_04132,doc_0464
session_04133,doc_0673
session_04133,doc_0684
session_04133,doc_0678
session_04134,doc_0870
session_04134,doc_0857
session_04134,doc_0802
session_04135,doc_0613
session_04135,doc_0599
session_04135,doc_0621
session_04135,doc_0803
session_04135,doc_0754
session_04135,doc_0746
session_04136,doc_0518
session_04136,doc_0564
session_04136,doc_0590
session_04137,doc_0843
session_04138,doc_0331
session_04138,doc_0170
session_04139,doc_0401
session_04139,doc_0331
session_04139,doc_0407
session_04139,doc_0381
session_04140,doc_0535
session_04140,doc_0518
session_04141,doc_0553
session_04142,doc_0235
session_04143,doc_0493
session_04143,doc_0584
session_04144,doc_0534
session_04145,doc_0469
session_04146,doc_0744
session_04146,doc_0786
session_04146,doc_0900
session_04147,doc_0905
session_04148,doc_0565
session_04149,doc_0549
session_04150,doc_0487
session_04151,doc_0852
session_04152,doc_0322
session_04152,doc_0291
session_04152,doc_0297
session_04153,doc_0369
session_04153,doc_0364
session_04153,doc_0376
session_04153,doc_0337
session_04153,doc_0342
session_04154,doc_0867
session_04154,doc_0840
session_04154,doc_0541
session_04155,doc_0884
session_04155,doc_0905
session_04156,doc_0401
session_04157,doc_0914
session_04157,doc_0699
session_04158,doc_0658
session_04159,doc_0031
session_04160,doc_0331
session_04161,doc_0565
session_04162,doc_0095
session_04162,doc_0068
session_04162,doc_0565
session_04162,doc_0586
session_04163,doc_0243
session_04163,doc_0242
session_04163,doc_0229
session_04163,doc_0235
session_04163,doc_0236
session_04163,doc_0246
session_04164,doc_0041
session_04164,doc_0617
session_04165,doc_0148
session_04166,doc_0479
session_04167,doc_0736
session_04167,doc_0757
session_04167,doc_0803
session_04168,doc_0699
session_04168,doc_0331
session_04169,doc_0013
session_04169,doc_0017
session_04169,doc_0469
session_04170,doc_0259
session_04170,doc_0229
session_04170,doc_0432
session_04171,doc_0116
session_04172,doc_0031
session_04172,doc_0628
session_04173,doc_0852
session_04173,doc_0817
session_04173,doc_0857
session_04173,doc_0754
session_04174,doc_0031
session_04174,doc_0080
session_04174,doc_0091
session_04174,doc_0518
session_04175,doc_0381
session_04175,doc_0331
session_04176,doc_0518
session_04176,doc_0584
session_04176,doc_0586
session_04176,doc_0031
session_04176,doc_0068
session_04177,doc_0243
session_04177,doc_0219
session_04177,doc_0857
session_04178,doc_0736
session_04178,doc_0730
session_04179,doc_0565
session_04179,doc_0518
session_04179,doc_0538
session_04179,doc_0500
session_04179,doc_0043
session_04179,doc_0042
session_04180,doc_0548
session_04180,doc_0549
session_04180,doc_0501
session_04180,doc_0102
session_04180,doc_0068
session_04181,doc_0852
session_04181,doc_0822
session_04182,doc_0614
session_04182,doc_0604
session_04182,doc_0631
session_04182,doc_0617
session_04182,doc_0757
session_04183,doc_0695
session_04183,doc_0676
session_04184,doc_0870
session_04184,doc_0806
session_04184,doc_0752
session_04185,doc_0085
session_04185,doc_0754
session_04186,doc_0754
session_04186,doc_0792
session_04187,doc_0334
session_04187,doc_0402
session_04187,doc_0373
session_04187,doc_0385
session_04188,doc_0086
session_04188,doc_0579
session_04189,doc_0041
session_04189,doc_0502
session_04190,doc_0673
session_04191,doc_0631
session_04191,doc_0481
session_04192,doc_0129
session_04192,doc_0148
session_04192,doc_0112
session_04193,doc_0148
session_04193,doc_0584
session_04194,doc_0682
session_04194,doc_0665
session_04194,doc_0673
session_04194,doc_0666
session_04194,doc_0627
session_04194,doc_0618
session_04195,doc_0331
session_04196,doc_0243
session_04197,doc_0148
session_04197,doc_0118
session_04197,doc_0179
session_04198,doc_0584
session_04199,doc_0068
session_04200,doc_0654
session_04201,doc_0829
session_04201,doc_0756
session_04202,doc_0858
session_04203,doc_0565
session_04203,doc_0098
session_04204,doc_0258
session_04205,doc_0621
session_04205,doc_0631
session_04206,doc_0754
session_04206,doc_0752
session_04206,doc_0762
session_04206,doc_0769
session_04206,doc_0518
session_04207,doc_0160
session_04207,doc_0472
session_04208,doc_0448
session_04209,doc_0769
session_04209,doc_0755
session_04210,doc_0204
session_04210,doc_0235
session_04210,doc_0031
session_04210,doc_0011
session_04211,doc_0469
session_04211,doc_0169
session_04212,doc_0684
session_04212,doc_0912
session_04213,doc_0402
session_04213,doc_0331
session_04213,doc_0584
session_04214,doc_0031
session_04214,doc_0555
session_04215,doc_0179
session_04215,doc_0156
session_04215,doc_0148
session_04215,doc_0401
session_04216,doc_0769
session_04216,doc_0757
session_04217,doc_0523
session_04217,doc_0493
session_04218,doc_0402
session_04218,doc_0404
session_04218,doc_0370
session_04219,doc_0564
session_04220,doc_0063
session_04221,doc_0322
session_04222,doc_0273
session_04223,doc_0243
session_04224,doc_0278
session_04224,doc_0301
session_04224,doc_0316
session_04224,doc_0373
session_04225,doc_0514
session_04225,doc_0529
session_04225,doc_0581
session_04225,doc_0273
session_04225,doc_0270
session_04226,doc_0220
session_04226,doc_0212
session_04226,doc_0904
session_04227,doc_0518
session_04228,doc_0563
session_04228,doc_0565
session_04228,doc_0518
session_04228,doc_0534
session_04228,doc_0863
session_04229,doc_0485
session_04229,doc_0412
session_04229,doc_0430
session_04229,doc_0902
session_04230,doc_0109
session_04230,doc_0148
session_04230,doc_0031
session_04230,doc_0091
session_04231,doc_0645
session_04231,doc_0618
session_04231,doc_0617
session_04231,doc_0615
session_04231,doc_0630
session_04232,doc_0054
session_04233,doc_0617
session_04233,doc_0636
session_04233,doc_0757
session_04234,doc_0184
session_04234,doc_0115
session_04234,doc_0148
session_04234,doc_0120
session_04235,doc_0861
session_04236,doc_0615
session_04236,doc_0597
session_04236,doc_0434
session_04237,doc_0291
session_04237,doc_0321
session_04237,doc_0296
session_04237,doc_0693
session_04238,doc_0918
session_04239,doc_0558
session_04239,doc_0518
session_04239,doc_0514
session_04239,doc_0493
session_04240,doc_0565
session_04240,doc_0518
session_04240,doc_0566
session_04240,doc_0492
session_04240,doc_0495
session_04240,doc_0584
session_04241,doc_0752
session_04242,doc_0777
session_04242,doc_0757
session_04242,doc_0752
session_04242,doc_0756
session_04242,doc_0284
session_04243,doc_0783
session_04243,doc_0617
session_04244,doc_0754
session_04244,doc_0852
session_04245,doc_0048
session_04245,doc_0045
session_04245,doc_0075
session_04245,doc_0576
session_04245,doc_0535
session_04246,doc_0817
session_04247,doc_0523
session_04247,doc_0229
session_04248,doc_0373
session_04248,doc_0409
session_04248,doc_0391
session_04248,doc_0893
session_04249,doc_0246
session_04249,doc_0412
session_04250,doc_0235
session_04250,doc_0217
session_04250,doc_0216
session_04250,doc_0248
session_04250,doc_0641
session_04251,doc_0246
session_04251,doc_0243
session_04252,doc_0795
session_04252,doc_0754
session_04253,doc_0152
session_04253,doc_0179
session_04253,doc_0273
session_04254,doc_0763
session_04255,doc_0068
session_04255,doc_0031
session_04255,doc_0282
session_04256,doc_0518
session_04256,doc_0517
session_04256,doc_0588
session_04256,doc_0754
session_04257,doc_0063
session_04257,doc_0019
session_04257,doc_0100
session_04257,doc_0621
session_04258,doc_0476
session_04258,doc_0218
session_04259,doc_0321
session_04260,doc_0511
session_04260,doc_0558
session_04260,doc_0068
session_04261,doc_0346
session_04261,doc_0385
session_04261,doc_0331
session_04261,doc_0152
session_04262,doc_0894
session_04262,doc_0903
session_04262,doc_0880
session_04262,doc_0920
session_04262,doc_0912
session_04262,doc_0902
session_04263,doc_0152
session_04263,doc_0142
session_04263,doc_0148
session_04263,doc_0139
session_04263,doc_0305
session_04264,doc_0852
session_04264,doc_0867
session_04264,doc_0848
session_04264,doc_0890
session_04265,doc_0899
session_04265,doc_0408
session_04266,doc_0182
session_04266,doc_0152
session_04266,doc_0327
session_04267,doc_0360
session_04268,doc_0754
session_04268,doc_0619
session_04269,doc_0518
session_04269,doc_0565
session_04269,doc_0543
session_04269,doc_0894
session_04270,doc_0309
session_04270,doc_0129
session_04271,doc_0870
session_04271,doc_0723
session_04272,doc_0290
session_04273,doc_0850
session_04274,doc_0179
session_04274,doc_0156
session_04275,doc_0704
session_04275,doc_0914
session_04276,doc_0401
session_04276,doc_0373
session_04277,doc_0662
session_04277,doc_0068
session_04278,doc_0554
session_04278,doc_0509
session_04279,doc_0792
session_04279,doc_0754
session_04279,doc_0782
session_04279,doc_0757
session_04279,doc_0764
session_04280,doc_0852
session_04280,doc_0810
session_04281,doc_0089
session_04282,doc_0396
session_04282,doc_0152
session_04283,doc_0569
session_04284,doc_0123
session_04285,doc_0238
session_04286,doc_0206
session_04286,doc_0208
session_04286,doc_0460
session_04287,doc_0871
session_04287,doc_0852
session_04287,doc_0856
session_04287,doc_0854
session_04288,doc_0148
session_04288,doc_0453
session_04289,doc_0518
session_04290,doc_0018
session_04290,doc_0031
session_04290,doc_0085
session_04290,doc_0043
session_04290,doc_0019
session_04290,doc_0355
session_04291,doc_0113
session_04292,doc_0469
session_04292,doc_0430
session_04292,doc_0436
session_04292,doc_0396
session_04293,doc_0043
session_04293,doc_0074
session_04293,doc_0031
session_04293,doc_0617
session_04294,doc_0663
session_04294,doc_0708
session_04294,doc_0883
session_04294,doc_0881
session_04295,doc_0588
session_04295,doc_0518
session_04295,doc_0492
session_04296,doc_0518
session_04297,doc_0458
session_04298,doc_0373
session_04298,doc_0331
session_04298,doc_0430
session_04299,doc_0237
session_04300,doc_0914
session_04300,doc_0902
session_04300,doc_0518
session_04301,doc_0852
session_04301,doc_0843
session_04301,doc_0859
session_04301,doc_0818
session_04301,doc_0322
session_04301,doc_0274
session_04302,doc_0929
session_04302,doc_0905
session_04302,doc_0889
session_04302,doc_0913
session_04302,doc_0902
session_04302,doc_0886
session_04303,doc_0331
session_04303,doc_0342
session_04303,doc_0412
session_04304,doc_0654
session_04304,doc_0707
session_04304,doc_0651
session_04305,doc_0565
session_04305,doc_0493
session_04305,doc_0584
session_04306,doc_0852
session_04306,doc_0810
session_04307,doc_0565
session_04307,doc_0518
session_04308,doc_0610
session_04309,doc_0152
session_04310,doc_0757
session_04310,doc_0766
session_04310,doc_0441
session_04311,doc_0381
session_04311,doc_0424
session_04312,doc_0091
session_04312,doc_0054
session_04312,doc_0634
session_04313,doc_0629
session_04313,doc_0639
session_04314,doc_0217
session_04314,doc_0754
session_04315,doc_0844
session_04315,doc_0870
session_04316,doc_0476
session_04316,doc_0458
session_04317,doc_0615
session_04318,doc_0404
session_04318,doc_0396
session_04319,doc_0316
session_04319,doc_0293
session_04319,doc_0267
session_04319,doc_0276
session_04319,doc_0322
session_04319,doc_0625
session_04320,doc_0401
session_04320,doc_0373
session_04321,doc_0339
session_04322,doc_0905
session_04322,doc_0235
session_04323,doc_0857
session_04323,doc_0845
session_04323,doc_0719
session_04324,doc_0870
session_04324,doc_0865
session_04324,doc_0852
session_04324,doc_0783
session_04324,doc_0757
session_04325,doc_0187
session_04325,doc_0148
session_04326,doc_0843
session_04327,doc_0331
session_04328,doc_0116
session_04328,doc_0145
session_04328,doc_0266
session_04328,doc_0316
session_04329,doc_0518
session_04329,doc_0509
session_04329,doc_0771
session_04330,doc_0754
session_04331,doc_0243
session_04332,doc_0518
session_04333,doc_0921
session_04333,doc_0904
session_04333,doc_0914
session_04333,doc_0902
session_04334,doc_0050
session_04334,doc_0291
session_04335,doc_0754
session_04336,doc_0112
session_04336,doc_0140
session_04337,doc_0369
session_04337,doc_0435
session_04338,doc_0518
session_04338,doc_0568
session_04339,doc_0586
session_04339,doc_0179
session_04340,doc_0902
session_04340,doc_0894
session_04340,doc_0914
session_04341,doc_0921
session_04341,doc_0900
session_04341,doc_0902
session_04342,doc_0871
session_04342,doc_0860
session_04342,doc_0754
session_04343,doc_0542
session_04343,doc_0517
session_04343,doc_0518
session_04343,doc_0535
session_04343,doc_0013
session_04344,doc_0673
session_04345,doc_0783
session_04345,doc_0617
session_04346,doc_0878
session_04347,doc_0836
session_04347,doc_0871
session_04347,doc_0754
session_04348,doc_0905
session_04348,doc_0904
session_04349,doc_0297
session_04349,doc_0493
session_04350,doc_0248
session_04351,doc_0587
session_04351,doc_0556
session_04351,doc_0710
session_04352,doc_0293
session_04353,doc_0469
session_04353,doc_0437
session_04353,doc_0448
session_04353,doc_0331
session_04354,doc_0569
session_04354,doc_0546
session_04354,doc_0518
session_04354,doc_0493
session_04354,doc_0618
session_04355,doc_0664
session_04355,doc_0586
session_04356,doc_0732
session_04356,doc_0733
session_04356,doc_0852
session_04357,doc_0192
session_04357,doc_0148
session_04357,doc_0164
session_04357,doc_0182
session_04358,doc_0825
session_04359,doc_0656
session_04359,doc_0673
session_04359,doc_0778
session_04360,doc_0202
session_04360,doc_0243
session_04360,doc_0235
session_04360,doc_0229
session_04361,doc_0703
session_04361,doc_0673
session_04361,doc_0238
session_04361,doc_0235
session_04362,doc_0489
session_04362,doc_0518
session_04362,doc_0539
session_04362,doc_0736
session_04363,doc_0852
session_04363,doc_0864
session_04363,doc_0850
session_04364,doc_0020
session_04364,doc_0564
session_04365,doc_0457
session_04365,doc_0331
session_04366,doc_0870
session_04367,doc_0437
session_04367,doc_0482
session_04367,doc_0436
session_04368,doc_0581
session_04368,doc_0538
session_04368,doc_0592
session_04368,doc_0564
session_04368,doc_0509
session_04368,doc_0518
session_04369,doc_0321
session_04369,doc_0679
session_04370,doc_0031
session_04370,doc_0102
session_04370,doc_0095
session_04370,doc_0091
session_04371,doc_0757
session_04372,doc_0235
session_04373,doc_0091
session_04373,doc_0032
session_04373,doc_0046
session_04373,doc_0043
session_04373,doc_0641
session_04373,doc_0627
session_04374,doc_0233
session_04374,doc_0871
session_04375,doc_0180
session_04376,doc_0852
session_04376,doc_0853
session_04376,doc_0810
session_04376,doc_0757
session_04377,doc_0091
session_04377,doc_0031
session_04378,doc_0897
session_04379,doc_0531
session_04379,doc_0581
session_04379,doc_0006
session_04380,doc_0870
session_04381,doc_0376
session_04381,doc_0331
session_04381,doc_0703
session_04381,doc_0666
session_04382,doc_0206
session_04382,doc_0216
session_04382,doc_0618
session_04382,doc_0639
session_04383,doc_0163
session_04383,doc_0400
session_04384,doc_0914
session_04384,doc_0902
session_04384,doc_0884
session_04384,doc_0316
session_04385,doc_0877
session_04385,doc_0905
session_04385,doc_0914
session_04386,doc_0619
session_04386,doc_0615
session_04386,doc_0870
session_04387,doc_0673
session_04388,doc_0846
session_04388,doc_0810
session_04388,doc_0843
session_04388,doc_0758
session_04389,doc_0564
session_04389,doc_0492
session_04389,doc_0496
session_04390,doc_0331
session_04391,doc_0631
session_04391,doc_0637
session_04391,doc_0626
session_04391,doc_0617
session_04392,doc_0888
session_04393,doc_0325
session_04393,doc_0322
session_04393,doc_0309
session_04393,doc_0303
session_04393,doc_0708
session_04393,doc_0689
session_04394,doc_0900
session_04394,doc_0699
session_04395,doc_0150
session_04395,doc_0182
session_04395,doc_0148
session_04395,doc_0165
session_04395,doc_0618
session_04396,doc_0590
session_04396,doc_0769
session_04397,doc_0226
session_04397,doc_0229
session_04397,doc_0206
session_04397,doc_0255
session_04397,doc_0617
session_04398,doc_0246
session_04398,doc_0207
session_04398,doc_0243
session_04398,doc_0258
session_04398,doc_0203
session_04399,doc_0764
session_04399,doc_0529
session_04400,doc_0690
session_04401,doc_0023
session_04401,doc_0639
session_04402,doc_0294
session_04402,doc_0243
session_04403,doc_0413
session_04403,doc_0428
session_04403,doc_0468
session_04403,doc_0402
session_04404,doc_0025
session_04405,doc_0639
session_04405,doc_0011
session_04406,doc_0156
session_04406,doc_0689
session_04407,doc_0148
session_04407,doc_0164
session_04407,doc_0152
session_04407,doc_0127
session_04407,doc_0322
session_04408,doc_0757
session_04408,doc_0434
session_04409,doc_0641
session_04409,doc_0615
session_04410,doc_0031
session_04411,doc_0471
session_04412,doc_0235
session_04412,doc_0262
session_04412,doc_0263
session_04413,doc_0845
session_04413,doc_0858
session_04413,doc_0871
session_04414,doc_0031
session_04414,doc_0048
session_04415,doc_0468
session_04415,doc_0644
session_04416,doc_0518
session_04416,doc_0525
session_04416,doc_0512
session_04416,doc_0032
session_04417,doc_0555
session_04417,doc_0518
session_04417,doc_0843
session_04418,doc_0517
session_04419,doc_0031
session_04420,doc_0063
session_04421,doc_0089
session_04421,doc_0068
session_04422,doc_0291
session_04422,doc_0273
session_04422,doc_0325
session_04422,doc_0322
session_04422,doc_0524
session_04423,doc_0615
session_04423,doc_0618
session_04423,doc_0089
session_04424,doc_0010
session_04424,doc_0043
session_04424,doc_0555
session_04424,doc_0564
session_04425,doc_0048
session_04425,doc_0011
session_04426,doc_0152
session_04426,doc_0121
session_04426,doc_0182
session_04427,doc_0011
session_04427,doc_0001
session_04427,doc_0502
session_04428,doc_0338
session_04428,doc_0373
session_04428,doc_0902
session_04428,doc_0889
session_04429,doc_0475
session_04429,doc_0476
session_04429,doc_0441
session_04429,doc_0471
session_04430,doc_0261
session_04430,doc_0197
session_04430,doc_0234
session_04431,doc_0615
session_04431,doc_0645
session_04431,doc_0056
session_04432,doc_0172
session_04433,doc_0048
session_04434,doc_0518
session_04434,doc_0565
session_04434,doc_0590
session_04435,doc_0260
session_04435,doc_0238
session_04435,doc_0469
session_04436,doc_0235
session_04436,doc_0240
session_04437,doc_0880
session_04438,doc_0019
session_04438,doc_0057
session_04438,doc_0031
session_04439,doc_0476
session_04440,doc_0544
session_04440,doc_0501
session_04440,doc_0502
session_04440,doc_0591
session_04440,doc_0564
session_04441,doc_0036
session_04441,doc_0031
session_04441,doc_0613
session_04442,doc_0752
session_04443,doc_0302
session_04444,doc_0091
session_04444,doc_0518
session_04445,doc_0371
session_04445,doc_0392
session_04446,doc_0169
session_04446,doc_0166
session_04446,doc_0118
session_04446,doc_0108
session_04447,doc_0546
session_04447,doc_0510
session_04447,doc_0493
session_04447,doc_0857
session_04448,doc_0652
session_04449,doc_0381
session_04449,doc_0392
session_04449,doc_0683
session_04450,doc_0192
session_04450,doc_0182
session_04450,doc_0179
session_04451,doc_0322
session_04451,doc_0316
session_04451,doc_0133
session_04452,doc_0884
session_04453,doc_0605
session_04453,doc_0631
session_04454,doc_0744
session_04454,doc_0769
session_04454,doc_0715
session_04455,doc_0322
session_04455,doc_0292
session_04456,doc_0043
session_04456,doc_0093
session_04457,doc_0884
session_04458,doc_0104
session_04458,doc_0120
session_04458,doc_0152
session_04458,doc_0133
session_04459,doc_0031
session_04459,doc_0045
session_04460,doc_0902
session_04461,doc_0845
session_04461,doc_0857
session_04461,doc_0815
session_04461,doc_0164
session_04462,doc_0905
session_04462,doc_0884
session_04463,doc_0625
session_04463,doc_0596
session_04463,doc_0757
session_04464,doc_0509
session_04465,doc_0235
session_04465,doc_0246
session_04465,doc_0437
session_04466,doc_0845
session_04466,doc_0815
session_04466,doc_0337
session_04467,doc_0900
session_04467,doc_0884
session_04468,doc_0754
session_04469,doc_0360
session_04469,doc_0368
session_04470,doc_0779
session_04470,doc_0732
session_04470,doc_0392
session_04470,doc_0331
session_04471,doc_0179
session_04471,doc_0152
session_04471,doc_0192
session_04471,doc_0683
session_04471,doc_0690
session_04472,doc_0243
session_04473,doc_0291
session_04474,doc_0381
session_04474,doc_0369
session_04474,doc_0404
session_04474,doc_0401
session_04474,doc_0152
session_04474,doc_0182
session_04475,doc_0334
session_04476,doc_0626
session_04476,doc_0627
session_04477,doc_0046
session_04478,doc_0152
session_04478,doc_0147
session_04478,doc_0157
session_04479,doc_0783
session_04479,doc_0757
session_04479,doc_0741
session_04479,doc_0563
session_04479,doc_0586
session_04479,doc_0509
session_04480,doc_0243
session_04481,doc_0401
session_04482,doc_0518
session_04482,doc_0752
session_04483,doc_0467
session_04483,doc_0471
session_04484,doc_0618
session_04485,doc_0728
session_04486,doc_0509
session_04486,doc_0565
session_04486,doc_0063
session_04487,doc_0858
session_04488,doc_0048
session_04488,doc_0518
session_04489,doc_0756
session_04490,doc_0201
session_04490,doc_0246
session_04490,doc_0476
session_04491,doc_0759
session_04492,doc_0068
session_04492,doc_0046
session_04492,doc_0012
session_04492,doc_0618
session_04493,doc_0322
session_04493,doc_0317
session_04493,doc_0291
session_04493,doc_0316
session_04493,doc_0148
session_04493,doc_0168
session_04494,doc_0673
session_04495,doc_0019
session_04495,doc_0048
session_04495,doc_0068
session_04495,doc_0280
session_04495,doc_0299
session_04495,doc_0306
session_04496,doc_0146
session_04496,doc_0126
session_04496,doc_0852
session_04497,doc_0401
session_04497,doc_0365
session_04497,doc_0348
session_04497,doc_0342
session_04497,doc_0892
session_04498,doc_0518
session_04498,doc_0505
session_04498,doc_0905
session_04498,doc_0881
session_04499,doc_0673
session_04500,doc_0870
session_04501,doc_0381
session_04501,doc_0331
session_04501,doc_0394
session_04501,doc_0469
session_04502,doc_0063
session_04503,doc_0630
session_04503,doc_0626
session_04503,doc_0322
session_04504,doc_0584
session_04505,doc_0068
session_04505,doc_0040
session_04506,doc_0063
session_04507,doc_0905
session_04507,doc_0898
session_04508,doc_0222
session_04509,doc_0415
session_04510,doc_0703
session_04510,doc_0683
session_04510,doc_0654
session_04510,doc_0068
session_04511,doc_0172
session_04511,doc_0166
session_04511,doc_0184
session_04512,doc_0666
session_04512,doc_0703
session_04512,doc_0331
session_04513,doc_0818
session_04513,doc_0783
session_04514,doc_0031
session_04514,doc_0084
session_04514,doc_0063
session_04514,doc_0314
session_04515,doc_0394
session_04516,doc_0152
session_04516,doc_0298
session_04517,doc_0120
session_04518,doc_0871
session_04519,doc_0152
session_04520,doc_0077
session_04520,doc_0008
session_04520,doc_0472
session_04521,doc_0331
session_04522,doc_0870
session_04523,doc_0523
session_04524,doc_0754
session_04524,doc_0786
session_04524,doc_0608
session_04525,doc_0857
session_04525,doc_0865
session_04525,doc_0852
session_04525,doc_0689
session_04526,doc_0544
session_04526,doc_0517
session_04527,doc_0420
session_04528,doc_0291
session_04528,doc_0319
session_04528,doc_0278
session_04528,doc_0361
session_04529,doc_0155
session_04530,doc_0525
session_04531,doc_0806
session_04532,doc_0646
session_04533,doc_0518
session_04533,doc_0048
session_04534,doc_0058
session_04534,doc_0030
session_04534,doc_0048
session_04534,doc_0120
session_04534,doc_0108
session_04535,doc_0546
session_04535,doc_0504
session_04535,doc_0235
session_04536,doc_0048
session_04536,doc_0063
session_04536,doc_0641
session_04537,doc_0803
session_04537,doc_0775
session_04537,doc_0801
session_04537,doc_0787
session_04537,doc_0773
session_04537,doc_0493
session_04538,doc_0043
session_04538,doc_0069
session_04538,doc_0341
session_04538,doc_0359
session_04539,doc_0656
session_04539,doc_0699
session_04539,doc_0695
session_04539,doc_0341
session_04539,doc_0347
session_04540,doc_0043
session_04541,doc_0077
session_04542,doc_0505
session_04542,doc_0567
session_04542,doc_0787
session_04543,doc_0569
session_04543,doc_0565
session_04543,doc_0496
session_04543,doc_0516
session_04543,doc_0011
session_04544,doc_0082
session_04545,doc_0235
session_04545,doc_0218
session_04545,doc_0216
session_04545,doc_0262
session_04545,doc_0248
session_04545,doc_0596
session_04546,doc_0883
session_04546,doc_0914
session_04546,doc_0063
session_04547,doc_0204
session_04547,doc_0235
session_04547,doc_0196
session_04548,doc_0884
session_04548,doc_0900
session_04548,doc_0914
session_04549,doc_0091
session_04549,doc_0063
session_04549,doc_0031
session_04549,doc_0348
session_04550,doc_0469
session_04550,doc_0441
session_04550,doc_0476
session_04551,doc_0068
session_04551,doc_0010
session_04552,doc_0689
session_04552,doc_0651
session_04552,doc_0658
session_04552,doc_0673
session_04553,doc_0236
session_04553,doc_0226
session_04553,doc_0260
session_04553,doc_0243
session_04553,doc_0518
session_04553,doc_0502
session_04554,doc_0923
session_04554,doc_0900
session_04555,doc_0871
session_04556,doc_0860
session_04556,doc_0858
session_04557,doc_0852
session_04557,doc_0870
session_04558,doc_0783
session_04558,doc_0723
session_04559,doc_0752
session_04560,doc_0461
session_04560,doc_0467
session_04561,doc_0322
session_04562,doc_0373
session_04562,doc_0702
session_04563,doc_0699
session_04564,doc_0934
session_04564,doc_0910
session_04565,doc_0469
session_04565,doc_0434
session_04566,doc_0031
session_04567,doc_0339
session_04567,doc_0710
session_04568,doc_0275
session_04568,doc_0337
session_04569,doc_0068
session_04569,doc_0615
session_04570,doc_0394
session_04571,doc_0754
session_04572,doc_0906
session_04572,doc_0900
session_04573,doc_0592
session_04573,doc_0565
session_04573,doc_0518
session_04573,doc_0529
session_04573,doc_0844
session_04573,doc_0871
session_04574,doc_0651
session_04574,doc_0675
session_04575,doc_0884
session_04575,doc_0878
session_04576,doc_0409
session_04576,doc_0402
session_04576,doc_0381
session_04576,doc_0469
session_04576,doc_0451
session_04577,doc_0689
session_04577,doc_0656
session_04578,doc_0256
session_04578,doc_0235
session_04578,doc_0200
session_04578,doc_0260
session_04579,doc_0682
session_04579,doc_0362
session_04580,doc_0424
session_04580,doc_0419
session_04580,doc_0411
session_04580,doc_0617
session_04581,doc_0106
session_04582,doc_0200
session_04582,doc_0235
session_04583,doc_0547
session_04584,doc_0874
session_04584,doc_0914
session_04584,doc_0900
session_04584,doc_0880
session_04584,doc_0672
session_04585,doc_0313
session_04585,doc_0320
session_04586,doc_0228
session_04586,doc_0617
session_04587,doc_0934
session_04587,doc_0914
session_04587,doc_0360
session_04588,doc_0360
session_04588,doc_0394
session_04589,doc_0471
session_04590,doc_0764
session_04590,doc_0725
session_04591,doc_0492
session_04592,doc_0565
session_04592,doc_0792
session_04593,doc_0152
session_04593,doc_0119
session_04593,doc_0311
session_04594,doc_0585
session_04594,doc_0369
session_04595,doc_0884
session_04595,doc_0905
session_04596,doc_0161
session_04596,doc_0148
session_04596,doc_0417
session_04597,doc_0469
session_04598,doc_0733
session_04598,doc_0757
session_04598,doc_0795
session_04598,doc_0555
session_04598,doc_0502
session_04598,doc_0518
session_04599,doc_0641
session_04599,doc_0615
session_04599,doc_0094
session_04600,doc_0078
session_04600,doc_0063
session_04600,doc_0068
session_04600,doc_0011
session_04600,doc_0597
session_04600,doc_0607
session_04601,doc_0031
session_04601,doc_0079
session_04602,doc_0469
session_04602,doc_0439
session_04602,doc_0434
session_04603,doc_0305
session_04603,doc_0287
session_04603,doc_0392
session_04603,doc_0331
session_04604,doc_0689
session_04604,doc_0928
session_04605,doc_0658
session_04605,doc_0915
session_04606,doc_0469
session_04607,doc_0322
session_04608,doc_0469
session_04609,doc_0857
session_04610,doc_0754
session_04611,doc_0077
session_04611,doc_0016
session_04611,doc_0069
session_04612,doc_0769
session_04612,doc_0713
session_04613,doc_0852
session_04613,doc_0469
session_04614,doc_0550
session_04614,doc_0584
session_04614,doc_0546
session_04614,doc_0658
session_04615,doc_0857
session_04615,doc_0871
session_04615,doc_0813
session_04616,doc_0373
session_04617,doc_0754
session_04617,doc_0779
session_04617,doc_0795
session_04617,doc_0767
session_04617,doc_0752
session_04617,doc_0757
session_04618,doc_0914
session_04618,doc_0921
session_04618,doc_0886
session_04618,doc_0889
session_04618,doc_0871
session_04618,doc_0819
session_04619,doc_0152
session_04619,doc_0137
session_04620,doc_0845
session_04620,doc_0850
session_04620,doc_0857
session_04620,doc_0853
session_04620,doc_0148
session_04621,doc_0334
session_04621,doc_0362
session_04622,doc_0634
session_04622,doc_0617
session_04622,doc_0633
session_04623,doc_0068
session_04623,doc_0060
session_04624,doc_0476
session_04624,doc_0469
session_04624,doc_0862
session_04625,doc_0912
session_04625,doc_0878
session_04625,doc_0352
session_04626,doc_0518
session_04626,doc_0588
session_04626,doc_0565
session_04626,doc_0527
session_04627,doc_0437
session_04627,doc_0417
session_04627,doc_0461
session_04627,doc_0369
session_04628,doc_0724
session_04628,doc_0757
session_04628,doc_0766
session_04628,doc_0803
session_04628,doc_0799
session_04628,doc_0857
session_04629,doc_0518
session_04630,doc_0555
session_04630,doc_0564
session_04630,doc_0518
session_04631,doc_0658
session_04632,doc_0118
session_04632,doc_0176
session_04632,doc_0130
session_04632,doc_0364
session_04633,doc_0831
session_04633,doc_0843
session_04633,doc_0795
session_04634,doc_0362
session_04634,doc_0353
session_04634,doc_0332
session_04635,doc_0617
session_04635,doc_0634
session_04635,doc_0572
session_04636,doc_0843
session_04637,doc_0804
session_04638,doc_0848
session_04638,doc_0852
session_04639,doc_0792
session_04639,doc_0757
session_04640,doc_0516
session_04640,doc_0554
session_04641,doc_0458
session_04641,doc_0460
session_04641,doc_0448
session_04641,doc_0471
session_04641,doc_0361
session_04642,doc_0235
session_04642,doc_0243
session_04642,doc_0219
session_04642,doc_0200
session_04643,doc_0772
session_04644,doc_0011
session_04644,doc_0852
session_04645,doc_0617
session_04646,doc_0862
session_04646,doc_0795
session_04647,doc_0898
session_04647,doc_0933
session_04647,doc_0916
session_04647,doc_0699
session_04648,doc_0068
session_04648,doc_0011
session_04648,doc_0031
session_04648,doc_0098
session_04648,doc_0754
session_04649,doc_0331
session_04649,doc_0360
session_04649,doc_0352
session_04649,doc_0291
session_04650,doc_0278
session_04651,doc_0618
session_04651,doc_0617
session_04651,doc_0613
session_04651,doc_0639
session_04651,doc_0645
session_04652,doc_0373
session_04653,doc_0759
session_04653,doc_0629
session_04654,doc_0936
session_04655,doc_0373
session_04655,doc_0365
session_04655,doc_0162
session_04656,doc_0365
session_04657,doc_0586
session_04658,doc_0208
session_04658,doc_0618
session_04659,doc_0284
session_04659,doc_0270
session_04660,doc_0754
session_04660,doc_0723
session_04660,doc_0641
session_04661,doc_0148
session_04661,doc_0168
session_04661,doc_0181
session_04661,doc_0351
session_04661,doc_0360
session_04662,doc_0380
session_04662,doc_0335
session_04662,doc_0331
session_04662,doc_0333
session_04662,doc_0337
session_04663,doc_0206
session_04663,doc_0229
session_04663,doc_0235
session_04664,doc_0273
session_04665,doc_0156
session_04665,doc_0116
session_04665,doc_0148
session_04665,doc_0031
session_04666,doc_0526
session_04666,doc_0617
session_04667,doc_0180
session_04667,doc_0183
session_04667,doc_0114
session_04668,doc_0705
session_04668,doc_0666
session_04668,doc_0689
session_04669,doc_0031
session_04669,doc_0068
session_04669,doc_0079
session_04670,doc_0331
session_04670,doc_0902
session_04671,doc_0401
session_04672,doc_0181
session_04672,doc_0182
session_04672,doc_0695
session_04673,doc_0140
session_04673,doc_0182
session_04673,doc_0769
session_04673,doc_0779
session_04674,doc_0070
session_04674,doc_0079
session_04674,doc_0596
session_04675,doc_0914
session_04676,doc_0654
session_04677,doc_0732
session_04677,doc_0774
session_04678,doc_0735
session_04678,doc_0716
session_04678,doc_0162
session_04679,doc_0565
session_04679,doc_0518
session_04679,doc_0019
session_04680,doc_0914
session_04680,doc_0929
session_04681,doc_0843
session_04681,doc_0873
session_04682,doc_0619
session_04682,doc_0617
session_04683,doc_0866
session_04683,doc_0869
session_04684,doc_0785
session_04684,doc_0754
session_04684,doc_0818
session_04685,doc_0732
session_04685,doc_0743
session_04686,doc_0659
session_04686,doc_0699
session_04686,doc_0670
session_04687,doc_0774
session_04687,doc_0902
session_04688,doc_0331
session_04688,doc_0406
session_04688,doc_0373
session_04688,doc_0451
session_04689,doc_0535
session_04690,doc_0914
session_04691,doc_0331
session_04691,doc_0364
session_04691,doc_0934
session_04692,doc_0152
session_04692,doc_0156
session_04692,doc_0368
session_04693,doc_0073
session_04693,doc_0028
session_04693,doc_0036
session_04693,doc_0068
session_04693,doc_0099
session_04694,doc_0884
session_04694,doc_0927
session_04694,doc_0921
session_04694,doc_0902
session_04695,doc_0373
session_04695,doc_0337
session_04696,doc_0041
session_04697,doc_0276
session_04697,doc_0322
session_04697,doc_0181
session_04698,doc_0817
session_04698,doc_0850
session_04698,doc_0656
session_04699,doc_0913
session_04699,doc_0914
session_04700,doc_0855
session_04700,doc_0852
session_04700,doc_0757
session_04701,doc_0048
session_04701,doc_0006
session_04701,doc_0091
session_04701,doc_0618
session_04702,doc_0865
session_04702,doc_0811
session_04702,doc_0837
session_04702,doc_0870
session_04703,doc_0850
session_04703,doc_0825
session_04704,doc_0884
session_04705,doc_0644
session_04706,doc_0044
session_04707,doc_0458
session_04708,doc_0327
session_04708,doc_0406
session_04708,doc_0373
session_04708,doc_0331
session_04709,doc_0031
session_04709,doc_0617
session_04710,doc_0235
session_04710,doc_0203
session_04710,doc_0618
session_04711,doc_0792
session_04712,doc_0502
session_04712,doc_0592
session_04712,doc_0556
session_04712,doc_0048
session_04712,doc_0045
session_04713,doc_0063
session_04713,doc_0013
session_04713,doc_0002
session_04713,doc_0008
session_04713,doc_0550
session_04714,doc_0518
session_04714,doc_0757
session_04715,doc_0436
session_04716,doc_0068
session_04716,doc_0102
session_04716,doc_0031
session_04716,doc_0081
session_04716,doc_0152
session_04717,doc_0469
session_04718,doc_0825
session_04719,doc_0689
session_04719,doc_0671
session_04719,doc_0673
session_04719,doc_0699
session_04719,doc_0691
session_04719,doc_0680
session_04720,doc_0236
session_04720,doc_0261
session_04720,doc_0235
session_04720,doc_0246
session_04720,doc_0695
session_04721,doc_0268
session_04721,doc_0322
session_04721,doc_0291
session_04721,doc_0305
session_04721,doc_0852
session_04721,doc_0858
session_04722,doc_0865
session_04722,doc_0843
session_04722,doc_0835
session_04723,doc_0331
session_04723,doc_0377
session_04723,doc_0845
session_04724,doc_0764
session_04725,doc_0629
session_04725,doc_0634
session_04725,doc_0641
session_04725,doc_0765
session_04725,doc_0752
session_04726,doc_0848
session_04726,doc_0857
session_04726,doc_0870
session_04727,doc_0900
session_04727,doc_0902
session_04727,doc_0884
session_04727,doc_0335
session_04727,doc_0401
session_04728,doc_0373
session_04728,doc_0389
session_04728,doc_0331
session_04729,doc_0291
session_04729,doc_0192
session_04730,doc_0790
session_04730,doc_0754
session_04731,doc_0775
session_04732,doc_0434
session_04733,doc_0331
session_04733,doc_0373
session_04733,doc_0689
session_04734,doc_0615
session_04734,doc_0621
session_04734,doc_0644
session_04735,doc_0565
session_04735,doc_0518
session_04735,doc_0769
session_04736,doc_0870
session_04737,doc_0246
session_04737,doc_0255
session_04738,doc_0914
session_04738,doc_0902
session_04739,doc_0383
session_04739,doc_0368
session_04740,doc_0717
session_04740,doc_0759
session_04740,doc_0754
session_04741,doc_0467
session_04741,doc_0476
session_04741,doc_0469
session_04741,doc_0235
session_04742,doc_0652
session_04743,doc_0031
session_04743,doc_0100
session_04744,doc_0518
session_04744,doc_0523
session_04744,doc_0769
session_04745,doc_0469
session_04745,doc_0243
session_04746,doc_0048
session_04746,doc_0063
session_04746,doc_0342
session_04747,doc_0406
session_04748,doc_0458
session_04748,doc_0433
session_04748,doc_0459
session_04748,doc_0412
session_04748,doc_0476
session_04748,doc_0392
session_04749,doc_0679
session_04749,doc_0712
session_04749,doc_0893
session_04750,doc_0803
session_04750,doc_0783
session_04750,doc_0757
session_04751,doc_0240
session_04751,doc_0471
session_04752,doc_0031
session_04752,doc_0080
session_04753,doc_0138
session_04753,doc_0148
session_04753,doc_0644
session_04754,doc_0203
session_04755,doc_0439
session_04755,doc_0469
session_04755,doc_0412
session_04756,doc_0871
session_04756,doc_0870
session_04756,doc_0754
session_04756,doc_0779
session_04757,doc_0120
session_04757,doc_0148
session_04758,doc_0492
session_04759,doc_0708
session_04760,doc_0234
session_04760,doc_0203
session_04760,doc_0235
session_04761,doc_0469
session_04761,doc_0413
session_04761,doc_0430
session_04761,doc_0341
session_04762,doc_0192
session_04762,doc_0152
session_04763,doc_0699
session_04763,doc_0661
session_04763,doc_0384
session_04764,doc_0843
session_04765,doc_0894
session_04765,doc_0912
session_04765,doc_0902
session_04765,doc_0905
session_04766,doc_0376
session_04767,doc_0734
session_04767,doc_0783
session_04767,doc_0752
session_04767,doc_0754
session_04768,doc_0829
session_04768,doc_0735
session_04769,doc_0487
session_04769,doc_0471
session_04769,doc_0179
session_04770,doc_0656
session_04770,doc_0703
session_04770,doc_0673
session_04770,doc_0654
session_04771,doc_0712
session_04771,doc_0691
session_04771,doc_0354
session_04772,doc_0507
session_04772,doc_0517
session_04773,doc_0257
session_04773,doc_0642
session_04774,doc_0031
session_04775,doc_0229
session_04776,doc_0541
session_04776,doc_0518
session_04777,doc_0673
session_04777,doc_0656
session_04777,doc_0672
session_04777,doc_0884
session_04778,doc_0456
session_04779,doc_0200
session_04779,doc_0235
session_04779,doc_0209
session_04780,doc_0063
session_04780,doc_0013
session_04780,doc_0054
session_04780,doc_0041
session_04781,doc_0335
session_04781,doc_0359
session_04781,doc_0342
session_04781,doc_0388
session_04782,doc_0862
session_04782,doc_0871
session_04782,doc_0857
session_04782,doc_0858
session_04783,doc_0914
session_04784,doc_0700
session_04784,doc_0699
session_04784,doc_0705
session_04784,doc_0369
session_04784,doc_0327
session_04785,doc_0041
session_04785,doc_0032
session_04786,doc_0870
session_04786,doc_0793
session_04787,doc_0471
session_04787,doc_0469
session_04788,doc_0289
session_04789,doc_0136
session_04790,doc_0627
session_04790,doc_0642
session_04790,doc_0634
session_04790,doc_0068
session_04790,doc_0036
session_04791,doc_0322
session_04791,doc_0297
session_04791,doc_0266
session_04791,doc_0283
session_04792,doc_0046
session_04792,doc_0063
session_04792,doc_0090
session_04792,doc_0540
session_04793,doc_0437
session_04794,doc_0736
session_04794,doc_0605
session_04795,doc_0469
session_04795,doc_0457
session_04796,doc_0182
session_04796,doc_0121
session_04797,doc_0631
session_04797,doc_0613
session_04797,doc_0091
session_04798,doc_0517
session_04798,doc_0565
session_04798,doc_0518
session_04798,doc_0526
session_04799,doc_0631
session_04800,doc_0063
session_04801,doc_0080
session_04801,doc_0059
session_04801,doc_0069
session_04801,doc_0085
session_04801,doc_0031
session_04801,doc_0077
session_04802,doc_0152
session_04802,doc_0164
session_04803,doc_0054
session_04804,doc_0373
session_04804,doc_0334
session_04804,doc_0331
session_04805,doc_0502
session_04805,doc_0518
session_04806,doc_0305
session_04807,doc_0783
session_04807,doc_0732
session_04808,doc_0376
session_04808,doc_0381
session_04808,doc_0167
session_04809,doc_0627
session_04810,doc_0689
session_04810,doc_0675
session_04810,doc_0699
session_04810,doc_0712
session_04810,doc_0690
session_04810,doc_0914
session_04811,doc_0066
session_04811,doc_0068
session_04811,doc_0501
session_04812,doc_0632
session_04813,doc_0226
session_04813,doc_0196
session_04813,doc_0469
session_04814,doc_0182
session_04814,doc_0187
session_04814,doc_0889
session_04815,doc_0793
session_04815,doc_0634
session_04816,doc_0031
session_04816,doc_0068
session_04817,doc_0373
session_04817,doc_0406
session_04817,doc_0091
session_04818,doc_0394
session_04818,doc_0401
session_04818,doc_0412
session_04819,doc_0295
session_04819,doc_0278
session_04820,doc_0458
session_04820,doc_0469
session_04820,doc_0203
session_04821,doc_0852
session_04821,doc_0870
session_04821,doc_0818
session_04821,doc_0862
session_04821,doc_0843
session_04822,doc_0291
session_04822,doc_0310
session_04822,doc_0322
session_04823,doc_0617
session_04824,doc_0757
session_04824,doc_0625
session_04825,doc_0364
session_04826,doc_0203
session_04827,doc_0322
session_04827,doc_0680
session_04828,doc_0732
session_04829,doc_0740
session_04829,doc_0754
session_04829,doc_0852
session_04830,doc_0757
session_04831,doc_0695
session_04831,doc_0669
session_04831,doc_0689
session_04831,doc_0690
session_04831,doc_0381
session_04831,doc_0392
session_04832,doc_0817
session_04833,doc_0725
session_04834,doc_0331
session_04834,doc_0376
session_04834,doc_0327
session_04835,doc_0396
session_04836,doc_0836
session_04836,doc_0852
session_04836,doc_0827
session_04837,doc_0318
session_04837,doc_0273
session_04838,doc_0294
session_04838,doc_0322
session_04838,doc_0325
session_04838,doc_0303
session_04838,doc_0142
session_04839,doc_0752
session_04840,doc_0743
session_04840,doc_0763
session_04841,doc_0669
session_04842,doc_0243
session_04842,doc_0240
session_04843,doc_0612
session_04844,doc_0208
session_04845,doc_0384
session_04846,doc_0729
session_04846,doc_0792
session_04847,doc_0914
session_04848,doc_0754
session_04848,doc_0757
session_04849,doc_0383
session_04849,doc_0334
session_04849,doc_0373
session_04849,doc_0238
session_04849,doc_0207
session_04850,doc_0373
session_04850,doc_0331
session_04850,doc_0371
session_04850,doc_0152
session_04850,doc_0148
session_04851,doc_0502
session_04852,doc_0581
session_04853,doc_0148
session_04853,doc_0178
session_04853,doc_0618
session_04854,doc_0681
session_04854,doc_0565
session_04855,doc_0565
session_04855,doc_0586
session_04855,doc_0754
session_04856,doc_0518
session_04857,doc_0369
session_04857,doc_0381
session_04857,doc_0330
session_04857,doc_0364
session_04858,doc_0810
session_04859,doc_0362
session_04859,doc_0377
session_04859,doc_0666
session_04860,doc_0673
session_04861,doc_0634
session_04861,doc_0630
session_04861,doc_0617
session_04861,doc_0019
session_04862,doc_0247
session_04862,doc_0261
session_04862,doc_0203
session_04862,doc_0235
session_04863,doc_0625
session_04863,doc_0633
session_04863,doc_0617
session_04864,doc_0106
session_04865,doc_0341
session_04866,doc_0569
session_04866,doc_0517
session_04866,doc_0501
session_04866,doc_0506
session_04867,doc_0884
session_04867,doc_0917
session_04868,doc_0337
session_04868,doc_0358
session_04868,doc_0368
session_04868,doc_0401
session_04869,doc_0834
session_04869,doc_0754
session_04870,doc_0914
session_04870,doc_0904
session_04870,doc_0369
session_04871,doc_0398
session_04871,doc_0369
session_04871,doc_0043
session_04872,doc_0322
session_04873,doc_0316
session_04873,doc_0322
session_04873,doc_0297
session_04873,doc_0701
session_04874,doc_0171
session_04874,doc_0139
session_04874,doc_0383
session_04875,doc_0754
session_04875,doc_0766
session_04875,doc_0753
session_04875,doc_0631
session_04876,doc_0448
session_04876,doc_0424
session_04876,doc_0615
session_04877,doc_0077
session_04877,doc_0002
session_04877,doc_0601
session_04878,doc_0424
session_04878,doc_0434
session_04878,doc_0452
session_04879,doc_0242
session_04879,doc_0235
session_04880,doc_0043
session_04880,doc_0091
session_04880,doc_0617
session_04881,doc_0661
session_04881,doc_0701
session_04881,doc_0673
session_04882,doc_0617
session_04883,doc_0531
session_04883,doc_0518
session_04884,doc_0594
session_04884,doc_0156
session_04885,doc_0331
session_04885,doc_0353
session_04886,doc_0878
session_04886,doc_0331
session_04887,doc_0031
session_04887,doc_0043
session_04887,doc_0617
session_04888,doc_0754
session_04888,doc_0772
session_04889,doc_0373
session_04889,doc_0360
session_04889,doc_0368
session_04889,doc_0933
session_04890,doc_0615
session_04890,doc_0618
session_04890,doc_0641
session_04890,doc_0617
session_04890,doc_0645
session_04891,doc_0041
session_04891,doc_0011
session_04891,doc_0082
session_04891,doc_0031
session_04891,doc_0492
session_04892,doc_0190
session_04892,doc_0119
session_04892,doc_0297
session_04893,doc_0119
session_04893,doc_0132
session_04893,doc_0213
session_04894,doc_0534
session_04894,doc_0493
session_04894,doc_0048
session_04894,doc_0068
session_04895,doc_0123
session_04896,doc_0676
session_04896,doc_0666
session_04896,doc_0673
session_04897,doc_0924
session_04898,doc_0524
session_04899,doc_0918
session_04899,doc_0434
session_04900,doc_0584
session_04900,doc_0526
session_04900,doc_0555
session_04900,doc_0264
session_04901,doc_0206
session_04902,doc_0322
session_04902,doc_0374
session_04903,doc_0331
session_04903,doc_0364
session_04903,doc_0373
session_04903,doc_0392
session_04903,doc_0418
session_04903,doc_0421
session_04904,doc_0159
session_04904,doc_0156
session_04904,doc_0152
session_04904,doc_0144
session_04904,doc_0308
session_04905,doc_0379
session_04906,doc_0179
session_04907,doc_0617
session_04907,doc_0627
session_04907,doc_0636
session_04908,doc_0481
session_04908,doc_0448
session_04908,doc_0475
session_04908,doc_0467
session_04908,doc_0460
session_04908,doc_0654
session_04909,doc_0565
session_04909,doc_0502
session_04909,doc_0518
session_04909,doc_0507
session_04909,doc_0341
session_04910,doc_0543
session_04910,doc_0518
session_04911,doc_0322
session_04912,doc_0072
session_04913,doc_0877
session_04913,doc_0889
session_04913,doc_0708
session_04914,doc_0751
session_04914,doc_0715
session_04915,doc_0003
session_04915,doc_0101
session_04915,doc_0030
session_04916,doc_0676
session_04917,doc_0048
session_04917,doc_0012
session_04917,doc_0322
session_04918,doc_0584
session_04918,doc_0493
session_04918,doc_0501
session_04918,doc_0591
session_04918,doc_0043
session_04919,doc_0221
session_04919,doc_0242
session_04919,doc_0476
session_04920,doc_0754
session_04921,doc_0331
session_04921,doc_0456
session_04922,doc_0475
session_04922,doc_0461
session_04923,doc_0243
session_04923,doc_0229
session_04923,doc_0625
session_04924,doc_0182
session_04924,doc_0401
session_04925,doc_0572
session_04925,doc_0588
session_04925,doc_0905
session_04926,doc_0493
session_04926,doc_0754
session_04927,doc_0792
session_04927,doc_0724
session_04927,doc_0756
session_04927,doc_0732
session_04928,doc_0148
session_04928,doc_0170
session_04928,doc_0116
session_04928,doc_0157
session_04928,doc_0119
session_04929,doc_0311
session_04930,doc_0934
session_04930,doc_0917
session_04930,doc_0912
session_04930,doc_0905
session_04931,doc_0331
session_04931,doc_0402
session_04931,doc_0327
session_04931,doc_0934
session_04932,doc_0689
session_04932,doc_0696
session_04933,doc_0245
session_04933,doc_0219
session_04933,doc_0201
session_04934,doc_0203
session_04935,doc_0700
session_04935,doc_0336
session_04936,doc_0476
session_04936,doc_0463
session_04936,doc_0443
session_04937,doc_0814
session_04937,doc_0148
session_04938,doc_0757
session_04939,doc_0518
session_04939,doc_0565
session_04939,doc_0557
session_04939,doc_0567
session_04939,doc_0577
session_04940,doc_0871
session_04940,doc_0031
session_04941,doc_0696
session_04941,doc_0364
session_04942,doc_0774
session_04942,doc_0776
session_04942,doc_0727
session_04942,doc_0744
session_04942,doc_0803
session_04943,doc_0673
session_04943,doc_0007
session_04944,doc_0331
session_04944,doc_0426
session_04945,doc_0434
session_04945,doc_0469
session_04945,doc_0476
session_04946,doc_0476
session_04946,doc_0417
session_04946,doc_0451
session_04946,doc_0913
session_04947,doc_0373
session_04947,doc_0327
session_04948,doc_0928
session_04949,doc_0131
session_04950,doc_0914
session_04951,doc_0844
session_04951,doc_0871
session_04951,doc_0870
session_04952,doc_0404
session_04952,doc_0406
session_04953,doc_0437
session_04953,doc_0443
session_04953,doc_0658
session_04953,doc_0660
session_04954,doc_0616
session_04954,doc_0754
session_04955,doc_0398
session_04955,doc_0356
session_04955,doc_0401
session_04955,doc_0345
session_04955,doc_0689
session_04955,doc_0707
session_04956,doc_0339
session_04956,doc_0337
session_04956,doc_0373
session_04957,doc_0929
session_04957,doc_0090
session_04958,doc_0235
session_04958,doc_0152
session_04959,doc_0068
session_04959,doc_0041
session_04959,doc_0056
session_04959,doc_0012
session_04959,doc_0905
session_04959,doc_0928
session_04960,doc_0852
session_04960,doc_0162
session_04961,doc_0302
session_04962,doc_0494
session_04963,doc_0235
session_04963,doc_0226
session_04964,doc_0207
session_04964,doc_0235
session_04964,doc_0261
session_04964,doc_0058
session_04965,doc_0651
session_04965,doc_0686
session_04966,doc_0618
session_04967,doc_0852
session_04968,doc_0475
session_04968,doc_0471
session_04968,doc_0443
session_04968,doc_0601
session_04969,doc_0381
session_04969,doc_0404
session_04969,doc_0362
session_04970,doc_0613
session_04970,doc_0297
session_04971,doc_0518
session_04971,doc_0590
session_04971,doc_0540
session_04971,doc_0515
session_04971,doc_0331
session_04972,doc_0108
session_04972,doc_0235
session_04973,doc_0914
session_04973,doc_0884
session_04973,doc_0525
session_04974,doc_0279
session_04974,doc_0297
session_04974,doc_0305
session_04974,doc_0152
session_04975,doc_0754
session_04976,doc_0754
session_04976,doc_0331
session_04977,doc_0683
session_04977,doc_0699
session_04977,doc_0675
session_04977,doc_0663
session_04977,doc_0877
session_04977,doc_0914
session_04978,doc_0469
session_04978,doc_0485
session_04978,doc_0460
session_04978,doc_0617
session_04979,doc_0322
session_04979,doc_0269
session_04980,doc_0914
session_04980,doc_0900
session_04980,doc_0889
session_04980,doc_0893
session_04980,doc_0879
session_04980,doc_0673
session_04981,doc_0031
session_04981,doc_0061
session_04981,doc_0934
session_04982,doc_0692
session_04982,doc_0858
session_04983,doc_0870
session_04984,doc_0291
session_04984,doc_0322
session_04984,doc_0274
session_04984,doc_0708
session_04984,doc_0656
session_04985,doc_0263
session_04985,doc_0235
session_04986,doc_0590
session_04986,doc_0565
session_04986,doc_0512
session_04987,doc_0310
session_04988,doc_0181
session_04989,doc_0293
session_04989,doc_0331
session_04990,doc_0401
session_04990,doc_0673
session_04991,doc_0385
session_04991,doc_0392
session_04991,doc_0402
session_04991,doc_0471
session_04992,doc_0369
session_04992,doc_0338
session_04992,doc_0340
session_04992,doc_0127
session_04993,doc_0116
session_04994,doc_0852
session_04994,doc_0869
session_04994,doc_0827
session_04994,doc_0793
session_04994,doc_0755
session_04995,doc_0031
session_04996,doc_0010
session_04996,doc_0031
session_04997,doc_0218
session_04997,doc_0238
session_04997,doc_0247
session_04997,doc_0229
session_04997,doc_0249
session_04998,doc_0153
session_04998,doc_0148
session_04999,doc_0627
session_05000,doc_0370
session_05000,doc_0378
session_05001,doc_0241
session_05001,doc_0218
session_05001,doc_0261
session_05001,doc_0626
session_05002,doc_0465
session_05003,doc_0148
session_05003,doc_0166
session_05004,doc_0148
session_05004,doc_0171
session_05004,doc_0156
session_05004,doc_0129
session_05005,doc_0373
session_05005,doc_0342
session_05006,doc_0657
session_05006,doc_0754
session_05007,doc_0235
session_05007,doc_0369
session_05008,doc_0705
session_05009,doc_0316
session_05009,doc_0322
session_05010,doc_0401
session_05010,doc_0386
session_05010,doc_0653
session_05011,doc_0764
session_05011,doc_0774
session_05011,doc_0871
session_05012,doc_0363
session_05013,doc_0048
session_05014,doc_0322
session_05014,doc_0293
session_05014,doc_0401
session_05015,doc_0073
session_05015,doc_0031
session_05015,doc_0077
session_05015,doc_0080
session_05016,doc_0276
session_05016,doc_0297
session_05016,doc_0326
session_05017,doc_0179
session_05017,doc_0187
session_05017,doc_0122
session_05017,doc_0126
session_05017,doc_0107
session_05018,doc_0658
session_05018,doc_0695
session_05018,doc_0227
session_05019,doc_0118
session_05019,doc_0288
session_05020,doc_0392
session_05020,doc_0362
session_05020,doc_0381
session_05020,doc_0373
session_05021,doc_0316
session_05021,doc_0308
session_05021,doc_0469
session_05022,doc_0641
session_05022,doc_0614
session_05023,doc_0818
session_05023,doc_0757
session_05024,doc_0362
session_05024,doc_0374
session_05024,doc_0341
session_05024,doc_0431
session_05025,doc_0373
session_05025,doc_0408
session_05025,doc_0689
session_05026,doc_0811
session_05027,doc_0303
session_05028,doc_0565
session_05028,doc_0483
session_05029,doc_0843
session_05030,doc_0235
session_05031,doc_0564
session_05032,doc_0673
session_05033,doc_0843
session_05033,doc_0752
session_05034,doc_0246
session_05035,doc_0007
session_05036,doc_0754
session_05037,doc_0518
session_05037,doc_0569
session_05038,doc_0878
session_05038,doc_0331
session_05039,doc_0693
session_05039,doc_0914
session_05040,doc_0862
session_05040,doc_0852
session_05040,doc_0843
session_05040,doc_0848
session_05041,doc_0559
session_05042,doc_0434
session_05042,doc_0451
session_05042,doc_0214
session_05043,doc_0835
session_05043,doc_0721
session_05044,doc_0647
session_05045,doc_0559
session_05046,doc_0228
session_05046,doc_0262
session_05046,doc_0235
session_05046,doc_0641
session_05047,doc_0068
session_05047,doc_0763
session_05048,doc_0137
session_05048,doc_0154
session_05049,doc_0281
session_05049,doc_0148
session_05050,doc_0121
session_05050,doc_0182
session_05050,doc_0148
session_05050,doc_0124
session_05050,doc_0310
session_05050,doc_0316
session_05051,doc_0476
session_05052,doc_0914
session_05052,doc_0362
session_05053,doc_0297
session_05054,doc_0757
session_05055,doc_0827
session_05056,doc_0740
session_05057,doc_0401
session_05057,doc_0552
session_05058,doc_0402
session_05058,doc_0119
session_05059,doc_0261
session_05059,doc_0211
session_05059,doc_0207
session_05059,doc_0231
session_05059,doc_0201
session_05059,doc_0469
session_05060,doc_0043
session_05061,doc_0900
session_05061,doc_0263
session_05062,doc_0518
session_05062,doc_0507
session_05063,doc_0434
session_05063,doc_0424
session_05064,doc_0270
session_05064,doc_0822
session_05065,doc_0880
session_05065,doc_0380
session_05066,doc_0068
session_05066,doc_0063
session_05066,doc_0168
session_05067,doc_0019
session_05067,doc_0031
session_05067,doc_0644
session_05068,doc_0416
session_05068,doc_0458
session_05068,doc_0412
session_05068,doc_0469
session_05068,doc_0413
session_05068,doc_0884
session_05069,doc_0209
session_05069,doc_0246
session_05069,doc_0610
session_05070,doc_0099
session_05070,doc_0608
session_05071,doc_0031
session_05071,doc_0068
session_05071,doc_0507
session_05072,doc_0456
session_05073,doc_0756
session_05073,doc_0795
session_05073,doc_0752
session_05074,doc_0235
session_05074,doc_0201
session_05074,doc_0621
session_05075,doc_0392
session_05075,doc_0369
session_05075,doc_0103
session_05076,doc_0617
session_05076,doc_0618
session_05076,doc_0482
session_05077,doc_0281
session_05078,doc_0549
session_05078,doc_0518
session_05078,doc_0555
session_05078,doc_0554
session_05078,doc_0757
session_05079,doc_0148
session_05079,doc_0108
session_05079,doc_0305
session_05080,doc_0933
session_05080,doc_0884
session_05081,doc_0669
session_05082,doc_0565
session_05082,doc_0551
session_05082,doc_0757
session_05083,doc_0835
session_05083,doc_0735
session_05084,doc_0331
session_05084,doc_0338
session_05084,doc_0913
session_05085,doc_0235
session_05086,doc_0757
session_05086,doc_0606
session_05087,doc_0936
session_05087,doc_0709
session_05088,doc_0757
session_05089,doc_0068
session_05089,doc_0098
session_05089,doc_0054
session_05089,doc_0906
session_05090,doc_0524
session_05090,doc_0555
session_05091,doc_0917
session_05091,doc_0918
session_05091,doc_0675
session_05092,doc_0362
session_05092,doc_0331
session_05092,doc_0148
session_05093,doc_0914
session_05094,doc_0757
session_05094,doc_0769
session_05094,doc_0754
session_05095,doc_0041
session_05095,doc_0063
session_05095,doc_0046
session_05095,doc_0009
session_05095,doc_0932
session_05095,doc_0914
session_05096,doc_0168
session_05096,doc_0148
session_05096,doc_0153
session_05096,doc_0119
session_05096,doc_0305
session_05096,doc_0273
session_05097,doc_0578
session_05097,doc_0564
session_05098,doc_0235
session_05098,doc_0209
session_05098,doc_0253
session_05098,doc_0182
session_05099,doc_0752
session_05099,doc_0786
session_05099,doc_0754
session_05099,doc_0736
session_05099,doc_0764
session_05100,doc_0596
session_05101,doc_0121
session_05101,doc_0331
session_05102,doc_0386
session_05102,doc_0341
session_05102,doc_0402
session_05102,doc_0373
session_05102,doc_0362
session_05102,doc_0364
session_05103,doc_0356
session_05104,doc_0565
session_05104,doc_0518
session_05105,doc_0706
session_05105,doc_0673
session_05106,doc_0852
session_05106,doc_0853
session_05106,doc_0815
session_05106,doc_0800
session_05107,doc_0148
session_05107,doc_0362
session_05108,doc_0521
session_05108,doc_0591
session_05108,doc_0547
session_05108,doc_0502
session_05108,doc_0331
session_05109,doc_0673
session_05110,doc_0169
session_05110,doc_0297
session_05111,doc_0148
session_05112,doc_0054
session_05112,doc_0011
session_05112,doc_0518
session_05113,doc_0370
session_05113,doc_0346
session_05114,doc_0331
session_05114,doc_0373
session_05114,doc_0369
session_05114,doc_0895
session_05115,doc_0673
session_05115,doc_0689
session_05116,doc_0758
session_05116,doc_0789
session_05116,doc_0713
session_05116,doc_0757
session_05116,doc_0747
session_05116,doc_0731
session_05117,doc_0518
session_05117,doc_0562
session_05117,doc_0043
session_05118,doc_0443
session_05119,doc_0331
session_05119,doc_0381
session_05119,doc_0910
session_05120,doc_0360
session_05121,doc_0769
session_05121,doc_0726
session_05121,doc_0764
session_05121,doc_0752
session_05122,doc_0322
session_05123,doc_0627
session_05123,doc_0617
session_05123,doc_0630
session_05124,doc_0617
session_05124,doc_0633
session_05124,doc_0631
session_05124,doc_0041
session_05125,doc_0914
session_05126,doc_0493
session_05127,doc_0738
session_05128,doc_0890
session_05128,doc_0914
session_05128,doc_0676
session_05129,doc_0783
session_05129,doc_0746
session_05129,doc_0852
session_05130,doc_0067
session_05131,doc_0076
session_05131,doc_0754
session_05132,doc_0091
session_05132,doc_0068
session_05132,doc_0048
session_05133,doc_0238
session_05134,doc_0235
session_05134,doc_0243
session_05134,doc_0246
session_05134,doc_0469
session_05135,doc_0931
session_05135,doc_0917
session_05135,doc_0914
session_05135,doc_0884
session_05135,doc_0893
session_05135,doc_0651
session_05136,doc_0120
session_05136,doc_0401
session_05137,doc_0752
session_05138,doc_0799
session_05138,doc_0803
session_05138,doc_0754
session_05138,doc_0838
session_05139,doc_0695
session_05140,doc_0518
session_05140,doc_0533
session_05140,doc_0543
session_05140,doc_0402
session_05141,doc_0245
session_05141,doc_0243
session_05141,doc_0235
session_05141,doc_0211
session_05141,doc_0428
session_05142,doc_0832
session_05142,doc_0852
session_05142,doc_0754
session_05143,doc_0142
session_05143,doc_0118
session_05144,doc_0412
session_05144,doc_0446
session_05144,doc_0434
session_05145,doc_0020
session_05146,doc_0148
session_05146,doc_0120
session_05146,doc_0119
session_05146,doc_0752
session_05147,doc_0735
session_05147,doc_0902
session_05148,doc_0555
session_05149,doc_0376
session_05150,doc_0673
session_05150,doc_0676
session_05150,doc_0902
session_05151,doc_0656
session_05151,doc_0686
session_05151,doc_0379
session_05152,doc_0396
session_05152,doc_0331
session_05152,doc_0401
session_05152,doc_0850
session_05153,doc_0673
session_05153,doc_0702
session_05153,doc_0663
session_05153,doc_0658
session_05154,doc_0402
session_05154,doc_0331
session_05154,doc_0400
session_05154,doc_0892
session_05155,doc_0875
session_05155,doc_0878
session_05155,doc_0658
session_05156,doc_0127
session_05156,doc_0187
session_05156,doc_0235
session_05157,doc_0701
session_05158,doc_0644
session_05158,doc_0608
session_05158,doc_0606
session_05158,doc_0068
session_05159,doc_0844
session_05159,doc_0853
session_05159,doc_0843
session_05160,doc_0215
session_05160,doc_0235
session_05161,doc_0930
session_05161,doc_0915
session_05161,doc_0900
session_05161,doc_0178
session_05162,doc_0857
session_05162,doc_0831
session_05162,doc_0810
session_05162,doc_0821
session_05162,doc_0590
session_05163,doc_0456
session_05163,doc_0469
session_05163,doc_0412
session_05163,doc_0752
session_05164,doc_0426
session_05164,doc_0471
session_05164,doc_0673
session_05165,doc_0766
session_05166,doc_0293
session_05166,doc_0314
session_05166,doc_0322
session_05166,doc_0002
session_05167,doc_0063
session_05167,doc_0031
session_05167,doc_0618
session_05168,doc_0040
session_05169,doc_0757
session_05169,doc_0789
session_05170,doc_0322
session_05170,doc_0280
session_05170,doc_0844
session_05171,doc_0889
session_05171,doc_0880
session_05171,doc_0892
session_05171,doc_0902
session_05171,doc_0362
session_05171,doc_0373
session_05172,doc_0870
session_05172,doc_0815
session_05173,doc_0010
session_05173,doc_0518
session_05174,doc_0857
session_05175,doc_0305
session_05176,doc_0757
session_05176,doc_0793
session_05177,doc_0774
session_05178,doc_0458
session_05178,doc_0421
session_05178,doc_0305
session_05179,doc_0476
session_05179,doc_0447
session_05180,doc_0461
session_05180,doc_0480
session_05181,doc_0618
session_05182,doc_0546
session_05182,doc_0502
session_05182,doc_0005
session_05183,doc_0271
session_05183,doc_0322
session_05184,doc_0276
session_05184,doc_0270
session_05184,doc_0298
session_05184,doc_0280
session_05184,doc_0402
session_05185,doc_0091
session_05185,doc_0032
session_05186,doc_0043
session_05186,doc_0031
session_05187,doc_0476
session_05187,doc_0412
session_05187,doc_0424
session_05187,doc_0140
session_05188,doc_0569
session_05188,doc_0770
session_05189,doc_0017
session_05189,doc_0031
session_05189,doc_0029
session_05190,doc_0152
session_05190,doc_0122
session_05190,doc_0192
session_05191,doc_0331
session_05192,doc_0544
session_05192,doc_0586
session_05192,doc_0518
session_05192,doc_0754
session_05192,doc_0769
session_05192,doc_0752
session_05193,doc_0850
session_05194,doc_0435
session_05194,doc_0451
session_05194,doc_0754
session_05195,doc_0631
session_05195,doc_0617
session_05195,doc_0649
session_05196,doc_0741
session_05197,doc_0322
session_05197,doc_0172
session_05198,doc_0757
session_05199,doc_0316
session_05200,doc_0156
session_05200,doc_0178
session_05200,doc_0120
session_05201,doc_0785
session_05201,doc_0774
session_05201,doc_0763
session_05201,doc_0754
session_05201,doc_0779
session_05201,doc_0625
session_05202,doc_0732
session_05202,doc_0757
session_05203,doc_0198
session_05203,doc_0229
session_05204,doc_0714
session_05204,doc_0148
session_05205,doc_0293
session_05205,doc_0182
session_05206,doc_0077
session_05206,doc_0097
session_05206,doc_0029
session_05207,doc_0530
session_05208,doc_0119
session_05208,doc_0152
session_05208,doc_0188
session_05208,doc_0312
session_05209,doc_0276
session_05210,doc_0683
session_05210,doc_0653
session_05210,doc_0386
session_05211,doc_0621
session_05211,doc_0617
session_05211,doc_0615
session_05211,doc_0630
session_05211,doc_0635
session_05211,doc_0280
session_05212,doc_0182
session_05213,doc_0223
session_05213,doc_0448
session_05214,doc_0658
session_05214,doc_0689
session_05214,doc_0673
session_05214,doc_0709
session_05215,doc_0303
session_05216,doc_0162
session_05217,doc_0689
session_05217,doc_0676
session_05218,doc_0561
session_05218,doc_0507
session_05218,doc_0518
session_05219,doc_0471
session_05219,doc_0229
session_05220,doc_0126
session_05221,doc_0689
session_05221,doc_0673
session_05222,doc_0854
session_05222,doc_0870
session_05222,doc_0852
session_05222,doc_0868
session_05222,doc_0872
session_05222,doc_0757
session_05223,doc_0752
session_05223,doc_0754
session_05224,doc_0852
session_05225,doc_0401
session_05225,doc_0398
session_05226,doc_0526
session_05227,doc_0331
session_05227,doc_0235
session_05228,doc_0291
session_05228,doc_0294
session_05228,doc_0331
session_05229,doc_0878
session_05229,doc_0369
session_05230,doc_0857
session_05230,doc_0820
session_05230,doc_0763
session_05231,doc_0792
session_05231,doc_0893
session_05232,doc_0235
session_05232,doc_0194
session_05232,doc_0229
session_05232,doc_0247
session_05233,doc_0031
session_05234,doc_0852
session_05234,doc_0843
session_05234,doc_0836
session_05234,doc_0870
session_05234,doc_0419
session_05235,doc_0419
session_05235,doc_0461
session_05235,doc_0469
session_05236,doc_0672
session_05237,doc_0510
session_05237,doc_0590
session_05237,doc_0564
session_05237,doc_0566
session_05237,doc_0493
session_05237,doc_0752
session_05238,doc_0099
session_05238,doc_0016
session_05239,doc_0564
session_05240,doc_0148
session_05241,doc_0750
session_05242,doc_0049
session_05242,doc_0068
session_05242,doc_0063
session_05242,doc_0022
session_05242,doc_0050
session_05242,doc_0019
session_05243,doc_0371
session_05243,doc_0331
session_05244,doc_0068
session_05244,doc_0011
session_05244,doc_0501
session_05244,doc_0584
session_05245,doc_0752
session_05245,doc_0754
session_05245,doc_0751
session_05245,doc_0757
session_05245,doc_0608
session_05245,doc_0609
session_05246,doc_0043
session_05246,doc_0056
session_05246,doc_0082
session_05247,doc_0710
session_05247,doc_0673
session_05248,doc_0109
session_05248,doc_0152
session_05248,doc_0148
session_05248,doc_0149
session_05248,doc_0305
session_05248,doc_0285
session_05249,doc_0518
session_05249,doc_0572
session_05249,doc_0565
session_05250,doc_0812
session_05251,doc_0152
session_05252,doc_0933
session_05252,doc_0878
session_05253,doc_0870
session_05254,doc_0031
session_05254,doc_0043
session_05254,doc_0046
session_05254,doc_0561
session_05254,doc_0590
session_05255,doc_0493
session_05255,doc_0555
session_05255,doc_0673
session_05256,doc_0856
session_05256,doc_0663
session_05257,doc_0228
session_05257,doc_0220
session_05258,doc_0011
session_05258,doc_0085
session_05258,doc_0019
session_05258,doc_0493
session_05259,doc_0528
session_05259,doc_0544
session_05260,doc_0302
session_05260,doc_0291
session_05260,doc_0179
session_05261,doc_0699
session_05261,doc_0703
session_05262,doc_0584
session_05263,doc_0148
session_05264,doc_0685
session_05264,doc_0706
session_05264,doc_0656
session_05264,doc_0654
session_05264,doc_0373
session_05265,doc_0879
session_05265,doc_0889
session_05266,doc_0201
session_05266,doc_0476
session_05267,doc_0412
session_05267,doc_0469
session_05267,doc_0476
session_05268,doc_0565
session_05268,doc_0493
session_05268,doc_0508
session_05268,doc_0559
session_05269,doc_0449
session_05270,doc_0419
session_05270,doc_0435
session_05270,doc_0466
session_05270,doc_0239
session_05270,doc_0235
session_05271,doc_0911
session_05271,doc_0888
session_05271,doc_0904
session_05271,doc_0769
session_05272,doc_0757
session_05272,doc_0756
session_05272,doc_0716
session_05272,doc_0727
session_05272,doc_0502
session_05273,doc_0031
session_05273,doc_0310
session_05274,doc_0525
session_05274,doc_0518
session_05274,doc_0801
session_05275,doc_0031
session_05275,doc_0045
session_05275,doc_0016
session_05275,doc_0493
session_05275,doc_0518
session_05276,doc_0678
session_05277,doc_0322
session_05277,doc_0399
session_05278,doc_0429
session_05279,doc_0915
session_05280,doc_0350
session_05280,doc_0346
session_05280,doc_0373
session_05280,doc_0403
session_05280,doc_0406
session_05280,doc_0381
session_05281,doc_0689
session_05281,doc_0699
session_05282,doc_0466
session_05282,doc_0469
session_05282,doc_0792
session_05283,doc_0362
session_05284,doc_0256
session_05284,doc_0235
session_05285,doc_0793
session_05286,doc_0555
session_05287,doc_0913
session_05288,doc_0852
session_05289,doc_0469
session_05289,doc_0331
session_05290,doc_0673
session_05291,doc_0437
session_05291,doc_0322
session_05292,doc_0906
session_05292,doc_0921
session_05292,doc_0928
session_05292,doc_0673
session_05293,doc_0298
session_05294,doc_0914
session_05294,doc_0206
session_05295,doc_0184
session_05295,doc_0148
session_05296,doc_0852
session_05297,doc_0489
session_05297,doc_0505
session_05297,doc_0511
session_05297,doc_0586
session_05298,doc_0152
session_05299,doc_0586
session_05299,doc_0539
session_05299,doc_0795
session_05299,doc_0772
session_05300,doc_0238
session_05300,doc_0229
session_05300,doc_0206
session_05300,doc_0243
session_05300,doc_0639
session_05301,doc_0706
session_05302,doc_0031
session_05302,doc_0008
session_05303,doc_0401
session_05303,doc_0408
session_05303,doc_0392
session_05304,doc_0476
session_05304,doc_0456
session_05304,doc_0243
session_05305,doc_0463
session_05305,doc_0376
session_05306,doc_0679
session_05306,doc_0702
session_05307,doc_0884
session_05308,doc_0596
session_05308,doc_0617
session_05309,doc_0754
session_05309,doc_0757
session_05309,doc_0748
session_05309,doc_0764
session_05310,doc_0031
session_05310,doc_0469
session_05311,doc_0594
session_05311,doc_0220
session_05312,doc_0608
session_05313,doc_0617
session_05313,doc_0618
session_05313,doc_0092
session_05314,doc_0915
session_05314,doc_0914
session_05315,doc_0914
session_05315,doc_0902
session_05316,doc_0732
session_05317,doc_0367
session_05317,doc_0373
session_05317,doc_0331
session_05317,doc_0357
session_05317,doc_0392
session_05318,doc_0902
session_05319,doc_0032
session_05320,doc_0514
session_05321,doc_0754
session_05321,doc_0768
session_05321,doc_0752
session_05321,doc_0795
session_05321,doc_0765
session_05321,doc_0780
session_05322,doc_0046
session_05322,doc_0031
session_05322,doc_0617
session_05323,doc_0493
session_05323,doc_0543
session_05323,doc_0502
session_05324,doc_0148
session_05324,doc_0166
session_05324,doc_0152
session_05325,doc_0914
session_05325,doc_0666
session_05326,doc_0440
session_05326,doc_0458
session_05327,doc_0282
session_05328,doc_0670
session_05328,doc_0673
session_05328,doc_0653
session_05329,doc_0235
session_05329,doc_0214
session_05329,doc_0434
session_05330,doc_0754
session_05331,doc_0618
session_05331,doc_0641
session_05332,doc_0208
session_05332,doc_0235
session_05332,doc_0322
session_05333,doc_0475
session_05333,doc_0421
session_05333,doc_0469
session_05334,doc_0828
session_05334,doc_0019
session_05335,doc_0235
session_05336,doc_0041
session_05337,doc_0469
session_05337,doc_0270
session_05338,doc_0039
session_05339,doc_0031
session_05339,doc_0091
session_05339,doc_0618
session_05340,doc_0469
session_05340,doc_0479
session_05340,doc_0360
session_05340,doc_0392
session_05341,doc_0337
session_05341,doc_0339
session_05341,doc_0376
session_05341,doc_0331
session_05342,doc_0238
session_05342,doc_0253
session_05343,doc_0618
session_05343,doc_0601
session_05343,doc_0606
session_05343,doc_0048
session_05344,doc_0297
session_05345,doc_0635
session_05345,doc_0914
session_05346,doc_0672
session_05346,doc_0686
session_05346,doc_0699
session_05346,doc_0679
session_05346,doc_0694
session_05346,doc_0902
session_05347,doc_0590
session_05348,doc_0769
session_05348,doc_0738
session_05348,doc_0596
session_05348,doc_0641
session_05349,doc_0371
session_05350,doc_0365
session_05350,doc_0381
session_05350,doc_0398
session_05351,doc_0148
session_05351,doc_0322
session_05352,doc_0373
session_05352,doc_0518
session_05353,doc_0905
session_05353,doc_0914
session_05353,doc_0879
session_05353,doc_0912
session_05354,doc_0401
session_05355,doc_0331
session_05355,doc_0360
session_05355,doc_0696
session_05356,doc_0331
session_05356,doc_0360
session_05356,doc_0476
session_05357,doc_0584
session_05357,doc_0586
session_05357,doc_0489
session_05357,doc_0580
session_05357,doc_0884
session_05358,doc_0031
session_05359,doc_0492
session_05359,doc_0526
session_05360,doc_0435
session_05360,doc_0432
session_05360,doc_0891
session_05361,doc_0297
session_05361,doc_0291
session_05361,doc_0294
session_05362,doc_0917
session_05363,doc_0712
session_05364,doc_0673
session_05364,doc_0676
session_05364,doc_0666
session_05365,doc_0086
session_05365,doc_0026
session_05365,doc_0068
session_05365,doc_0025
session_05366,doc_0385
session_05366,doc_0699
session_05367,doc_0068
session_05367,doc_0019
session_05368,doc_0518
session_05368,doc_0565
session_05368,doc_0493
session_05368,doc_0918
session_05369,doc_0284
session_05370,doc_0063
session_05371,doc_0235
session_05371,doc_0234
session_05371,doc_0238
session_05371,doc_0206
session_05371,doc_0258
session_05372,doc_0369
session_05373,doc_0634
session_05374,doc_0617
session_05374,doc_0644
session_05374,doc_0031
session_05375,doc_0565
session_05375,doc_0493
session_05376,doc_0041
session_05376,doc_0031
session_05376,doc_0469
session_05376,doc_0424
session_05377,doc_0152
session_05377,doc_0148
session_05377,doc_0176
session_05377,doc_0303
session_05377,doc_0285
session_05378,doc_0247
session_05378,doc_0203
session_05379,doc_0207
session_05379,doc_0235
session_05379,doc_0215
session_05379,doc_0229
session_05380,doc_0063
session_05380,doc_0050
session_05380,doc_0618
session_05381,doc_0564
session_05381,doc_0559
session_05381,doc_0913
session_05382,doc_0135
session_05383,doc_0852
session_05383,doc_0838
session_05383,doc_0119
session_05384,doc_0817
session_05384,doc_0862
session_05384,doc_0852
session_05384,doc_0148
session_05385,doc_0692
session_05385,doc_0656
session_05385,doc_0341
session_05386,doc_0302
session_05386,doc_0291
session_05387,doc_0469
session_05387,doc_0461
session_05388,doc_0198
session_05388,doc_0608
session_05389,doc_0235
session_05390,doc_0917
session_05391,doc_0156
session_05391,doc_0181
session_05391,doc_0276
session_05392,doc_0293
session_05393,doc_0857
session_05393,doc_0852
session_05393,doc_0870
session_05393,doc_0754
session_05394,doc_0141
session_05394,doc_0113
session_05394,doc_0120
session_05394,doc_0152
session_05395,doc_0564
session_05396,doc_0757
session_05396,doc_0777
session_05396,doc_0774
session_05396,doc_0517
session_05396,doc_0518
session_05397,doc_0437
session_05398,doc_0421
session_05399,doc_0475
session_05399,doc_0467
session_05399,doc_0235
session_05400,doc_0331
session_05401,doc_0779
session_05401,doc_0769
session_05402,doc_0148
session_05402,doc_0156
session_05403,doc_0925
session_05403,doc_0878
session_05403,doc_0884
session_05403,doc_0656
session_05404,doc_0235
session_05404,doc_0260
session_05405,doc_0917
session_05406,doc_0471
session_05406,doc_0417
session_05407,doc_0870
session_05407,doc_0872
session_05407,doc_0756
session_05408,doc_0031
session_05409,doc_0031
session_05409,doc_0099
session_05409,doc_0065
session_05409,doc_0028
session_05410,doc_0458
session_05410,doc_0466
session_05411,doc_0043
session_05411,doc_0068
session_05411,doc_0473
session_05412,doc_0240
session_05413,doc_0892
session_05413,doc_0884
session_05414,doc_0294
session_05414,doc_0312
session_05415,doc_0229
session_05416,doc_0802
session_05416,doc_0302
session_05417,doc_0238
session_05418,doc_0565
session_05418,doc_0564
session_05418,doc_0006
session_05419,doc_0754
session_05419,doc_0757
session_05420,doc_0518
session_05421,doc_0273
session_05421,doc_0026
session_05422,doc_0181
session_05422,doc_0886
session_05423,doc_0391
session_05423,doc_0879
session_05424,doc_0192
session_05425,doc_0518
session_05426,doc_0174
session_05427,doc_0440
session_05427,doc_0469
session_05427,doc_0434
session_05428,doc_0276
session_05428,doc_0308
session_05428,doc_0179
session_05429,doc_0118
session_05429,doc_0148
session_05429,doc_0373
session_05429,doc_0371
session_05430,doc_0098
session_05430,doc_0029
session_05430,doc_0086
session_05430,doc_0048
session_05431,doc_0914
session_05432,doc_0063
session_05432,doc_0031
session_05432,doc_0069
session_05432,doc_0064
session_05433,doc_0394
session_05433,doc_0148
session_05434,doc_0032
session_05434,doc_0031
session_05434,doc_0086
session_05434,doc_0065
session_05434,doc_0087
session_05435,doc_0036
session_05435,doc_0063
session_05435,doc_0031
session_05435,doc_0564
session_05436,doc_0261
session_05437,doc_0027
session_05437,doc_0032
session_05437,doc_0639
session_05437,doc_0615
session_05438,doc_0844
session_05438,doc_0469
session_05439,doc_0318
session_05439,doc_0148
session_05440,doc_0177
session_05440,doc_0148
session_05440,doc_0152
session_05440,doc_0381
session_05441,doc_0487
session_05441,doc_0821
session_05442,doc_0564
session_05442,doc_0581
session_05442,doc_0518
session_05442,doc_0752
session_05443,doc_0769
session_05443,doc_0884
session_05444,doc_0668
session_05444,doc_0673
session_05445,doc_0685
session_05446,doc_0565
session_05447,doc_0297
session_05448,doc_0612
session_05448,doc_0617
session_05448,doc_0601
session_05448,doc_0632
session_05448,doc_0754
session_05449,doc_0699
session_05449,doc_0369
session_05450,doc_0905
session_05451,doc_0718
session_05451,doc_0803
session_05451,doc_0752
session_05452,doc_0235
session_05452,doc_0243
session_05453,doc_0369
session_05453,doc_0358
session_05454,doc_0852
session_05454,doc_0804
session_05454,doc_0870
session_05454,doc_0732
session_05455,doc_0211
session_05456,doc_0801
session_05456,doc_0514
session_05457,doc_0475
session_05457,doc_0469
session_05457,doc_0428
session_05457,doc_0471
session_05457,doc_0441
session_05457,doc_0235
session_05458,doc_0564
session_05458,doc_0560
session_05458,doc_0203
session_05459,doc_0437
session_05459,doc_0438
session_05459,doc_0331
session_05460,doc_0338
session_05460,doc_0369
session_05460,doc_0383
session_05460,doc_0328
session_05460,doc_0401
session_05460,doc_0356
session_05461,doc_0821
session_05462,doc_0322
session_05462,doc_0106
session_05463,doc_0639
session_05464,doc_0746
session_05464,doc_0555
session_05465,doc_0156
session_05466,doc_0914
session_05466,doc_0908
session_05466,doc_0936
session_05466,doc_0676
session_05467,doc_0334
session_05467,doc_0331
session_05467,doc_0373
session_05467,doc_0417
session_05467,doc_0443
session_05468,doc_0408
session_05468,doc_0331
session_05469,doc_0373
session_05470,doc_0666
session_05470,doc_0683
session_05471,doc_0518
session_05472,doc_0397
session_05472,doc_0382
session_05472,doc_0401
session_05472,doc_0331
session_05472,doc_0360
session_05472,doc_0689
session_05473,doc_0518
session_05474,doc_0291
session_05475,doc_0469
session_05475,doc_0476
session_05475,doc_0448
session_05475,doc_0434
session_05476,doc_0011
session_05476,doc_0068
session_05476,doc_0032
session_05476,doc_0644
session_05476,doc_0617
session_05477,doc_0752
session_05478,doc_0535
session_05478,doc_0586
session_05478,doc_0565
session_05478,doc_0518
session_05478,doc_0517
session_05478,doc_0031
session_05479,doc_0914
session_05479,doc_0894
session_05479,doc_0889
session_05479,doc_0935
session_05479,doc_0727
session_05480,doc_0754
session_05480,doc_0568
session_05481,doc_0094
session_05481,doc_0063
session_05482,doc_0654
session_05482,doc_0659
session_05482,doc_0905
session_05483,doc_0389
session_05483,doc_0106
session_05484,doc_0600
session_05485,doc_0331
session_05485,doc_0369
session_05485,doc_0376
session_05485,doc_0333
session_05486,doc_0460
session_05486,doc_0424
session_05486,doc_0469
session_05486,doc_0852
session_05486,doc_0808
session_05487,doc_0019
session_05488,doc_0229
session_05488,doc_0253
session_05489,doc_0536
session_05489,doc_0493
session_05489,doc_0523
session_05489,doc_0565
session_05490,doc_0148
session_05491,doc_0331
session_05491,doc_0336
session_05492,doc_0625
session_05492,doc_0757
session_05493,doc_0535
session_05494,doc_0048
session_05494,doc_0029
session_05495,doc_0203
session_05496,doc_0346
session_05496,doc_0363
session_05496,doc_0373
session_05496,doc_0402
session_05496,doc_0399
session_05496,doc_0392
session_05497,doc_0914
session_05498,doc_0871
session_05498,doc_0817
session_05498,doc_0754
session_05499,doc_0914
session_05499,doc_0269
session_05500,doc_0673
session_05500,doc_0651
session_05500,doc_0652
session_05500,doc_0923
session_05500,doc_0914
session_05501,doc_0177
session_05502,doc_0752
session_05503,doc_0801
session_05503,doc_0754
session_05504,doc_0644
session_05504,doc_0617
session_05505,doc_0246
session_05505,doc_0235
session_05506,doc_0331
session_05506,doc_0327
session_05507,doc_0316
session_05507,doc_0322
session_05507,doc_0703
session_05508,doc_0331
session_05508,doc_0340
session_05508,doc_0852
session_05509,doc_0235
session_05510,doc_0360
session_05510,doc_0331
session_05511,doc_0010
session_05512,doc_0518
session_05512,doc_0565
session_05512,doc_0512
session_05512,doc_0493
session_05513,doc_0469
session_05513,doc_0412
session_05513,doc_0617
session_05514,doc_0248
session_05514,doc_0223
session_05514,doc_0206
session_05515,doc_0229
session_05516,doc_0518
session_05516,doc_0511
session_05516,doc_0502
session_05516,doc_0504
session_05516,doc_0690
session_05516,doc_0654
session_05517,doc_0910
session_05517,doc_0518
session_05518,doc_0617
session_05518,doc_0644
session_05519,doc_0291
session_05519,doc_0273
session_05520,doc_0161
session_05521,doc_0381
session_05521,doc_0331
session_05521,doc_0371
session_05521,doc_0168
session_05522,doc_0631
session_05522,doc_0599
session_05522,doc_0243
session_05523,doc_0218
session_05523,doc_0246
session_05524,doc_0471
session_05524,doc_0476
session_05524,doc_0243
session_05525,doc_0155
session_05525,doc_0153
session_05525,doc_0182
session_05525,doc_0133
session_05526,doc_0243
session_05526,doc_0235
session_05527,doc_0621
session_05527,doc_0697
session_05528,doc_0173
session_05528,doc_0148
session_05528,doc_0291
session_05529,doc_0031
session_05529,doc_0043
session_05529,doc_0068
session_05529,doc_0071
session_05530,doc_0381
session_05530,doc_0340
session_05530,doc_0656
session_05531,doc_0852
session_05531,doc_0811
session_05531,doc_0783
session_05532,doc_0590
session_05532,doc_0587
session_05532,doc_0573
session_05532,doc_0491
session_05533,doc_0870
session_05534,doc_0269
session_05534,doc_0322
session_05534,doc_0656
session_05535,doc_0381
session_05535,doc_0327
session_05535,doc_0360
session_05535,doc_0653
session_05536,doc_0626
session_05536,doc_0615
session_05536,doc_0617
session_05536,doc_0645
session_05536,doc_0627
session_05536,doc_0293
session_05537,doc_0754
session_05537,doc_0763
session_05537,doc_0757
session_05537,doc_0752
session_05538,doc_0208
session_05538,doc_0246
session_05539,doc_0031
session_05540,doc_0148
session_05540,doc_0166
session_05541,doc_0884
session_05541,doc_0929
session_05541,doc_0358
session_05542,doc_0435
session_05542,doc_0584
session_05543,doc_0285
session_05543,doc_0565
session_05544,doc_0766
session_05545,doc_0682
session_05545,doc_0679
session_05546,doc_0043
session_05546,doc_0041
session_05546,doc_0079
session_05547,doc_0019
session_05548,doc_0101
session_05549,doc_0207
session_05549,doc_0235
session_05549,doc_0262
session_05550,doc_0326
session_05550,doc_0305
session_05550,doc_0291
session_05550,doc_0765
session_05551,doc_0754
session_05552,doc_0322
session_05553,doc_0373
session_05553,doc_0661
session_05554,doc_0229
session_05554,doc_0226
session_05555,doc_0069
session_05555,doc_0077
session_05556,doc_0246
session_05556,doc_0229
session_05556,doc_0260
session_05557,doc_0839
session_05558,doc_0182
session_05559,doc_0852
session_05560,doc_0555
session_05560,doc_0800
session_05561,doc_0112
session_05562,doc_0362
session_05562,doc_0368
session_05563,doc_0673
session_05563,doc_0179
session_05564,doc_0754
session_05565,doc_0754
session_05566,doc_0428
session_05567,doc_0395
session_05567,doc_0406
session_05567,doc_0413
session_05568,doc_0235
session_05568,doc_0229
session_05568,doc_0214
session_05569,doc_0278
session_05569,doc_0404
session_05570,doc_0179
session_05570,doc_0148
session_05570,doc_0168
session_05570,doc_0157
session_05570,doc_0126
session_05570,doc_0754
session_05571,doc_0466
session_05571,doc_0458
session_05571,doc_0362
session_05572,doc_0466
session_05572,doc_0476
session_05573,doc_0621
session_05573,doc_0625
session_05573,doc_0235
session_05574,doc_0005
session_05574,doc_0034
session_05574,doc_0016
session_05574,doc_0884
session_05574,doc_0914
session_05574,doc_0902
session_05575,doc_0752
session_05576,doc_0246
session_05576,doc_0235
session_05576,doc_0518
session_05577,doc_0905
session_05578,doc_0337
session_05579,doc_0054
session_05579,doc_0069
session_05579,doc_0046
session_05579,doc_0547
session_05580,doc_0656
session_05580,doc_0673
session_05580,doc_0689
session_05580,doc_0706
session_05580,doc_0709
session_05581,doc_0608
session_05582,doc_0885
session_05582,doc_0929
session_05583,doc_0058
session_05583,doc_0012
session_05583,doc_0031
session_05584,doc_0148
session_05584,doc_0104
session_05584,doc_0406
session_05585,doc_0332
session_05586,doc_0145
session_05586,doc_0148
session_05586,doc_0179
session_05586,doc_0156
session_05586,doc_0181
session_05586,doc_0169
session_05587,doc_0260
session_05587,doc_0235
session_05587,doc_0565
session_05588,doc_0884
session_05588,doc_0889
session_05588,doc_0373
session_05589,doc_0229
session_05589,doc_0235
session_05589,doc_0240
session_05589,doc_0202
session_05589,doc_0242
session_05590,doc_0844
session_05590,doc_0818
session_05590,doc_0865
session_05591,doc_0914
session_05591,doc_0902
session_05592,doc_0414
session_05592,doc_0464
session_05592,doc_0431
session_05592,doc_0617
session_05593,doc_0621
session_05594,doc_0276
session_05594,doc_0318
session_05594,doc_0310
session_05595,doc_0894
session_05595,doc_0878
session_05595,doc_0914
session_05595,doc_0683
session_05595,doc_0652
session_05596,doc_0182
session_05596,doc_0120
session_05596,doc_0355
session_05597,doc_0068
session_05597,doc_0041
session_05598,doc_0091
session_05598,doc_0889
session_05599,doc_0318
session_05599,doc_0322
session_05599,doc_0754
session_05600,doc_0476
session_05600,doc_0633
session_05601,doc_0779
session_05602,doc_0331
session_05603,doc_0641
session_05603,doc_0631
session_05604,doc_0031
session_05604,doc_0039
session_05604,doc_0058
session_05605,doc_0863
session_05605,doc_0861
session_05606,doc_0381
session_05606,doc_0331
session_05607,doc_0837
session_05607,doc_0871
session_05607,doc_0428
session_05608,doc_0858
session_05608,doc_0852
session_05609,doc_0668
session_05610,doc_0031
session_05610,doc_0063
session_05610,doc_0070
session_05610,doc_0924
session_05611,doc_0124
session_05611,doc_0168
session_05611,doc_0167
session_05611,doc_0105
session_05612,doc_0231
session_05612,doc_0642
session_05613,doc_0362
session_05613,doc_0404
session_05613,doc_0382
session_05613,doc_0394
session_05613,doc_0884
session_05614,doc_0518
session_05615,doc_0493
session_05615,doc_0536
session_05615,doc_0852
session_05616,doc_0067
session_05616,doc_0009
session_05617,doc_0783
session_05617,doc_0615
session_05618,doc_0754
session_05619,doc_0163
session_05619,doc_0110
session_05619,doc_0001
session_05619,doc_0031
session_05620,doc_0156
session_05620,doc_0182
session_05620,doc_0184
session_05621,doc_0617
session_05622,doc_0469
session_05622,doc_0481
session_05623,doc_0840
session_05624,doc_0752
session_05624,doc_0774
session_05624,doc_0764
session_05624,doc_0754
session_05625,doc_0158
session_05625,doc_0121
session_05625,doc_0163
session_05625,doc_0469
session_05626,doc_0871
session_05627,doc_0156
session_05627,doc_0148
session_05627,doc_0182
session_05628,doc_0609
session_05628,doc_0265
session_05629,doc_0170
session_05629,doc_0187
session_05629,doc_0112
session_05629,doc_0158
session_05629,doc_0810
session_05630,doc_0731
session_05630,doc_0852
session_05631,doc_0313
session_05631,doc_0316
session_05631,doc_0325
session_05632,doc_0392
session_05632,doc_0152
session_05633,doc_0008
session_05633,doc_0027
session_05633,doc_0014
session_05633,doc_0882
session_05634,doc_0041
session_05635,doc_0237
session_05636,doc_0231
session_05637,doc_0297
session_05637,doc_0156
session_05638,doc_0535
session_05638,doc_0525
session_05638,doc_0510
session_05638,doc_0565
session_05638,doc_0732
session_05639,doc_0469
session_05639,doc_0476
session_05640,doc_0892
session_05641,doc_0754
session_05641,doc_0629
session_05642,doc_0546
session_05642,doc_0524
session_05642,doc_0541
session_05642,doc_0565
session_05642,doc_0469
session_05642,doc_0484
session_05643,doc_0564
session_05643,doc_0559
session_05644,doc_0068
session_05644,doc_0043
session_05645,doc_0803
session_05645,doc_0617
session_05646,doc_0047
session_05646,doc_0617
session_05647,doc_0229
session_05647,doc_0235
session_05647,doc_0243
session_05648,doc_0757
session_05648,doc_0754
session_05649,doc_0843
session_05649,doc_0815
session_05649,doc_0825
session_05649,doc_0291
session_05650,doc_0518
session_05650,doc_0561
session_05650,doc_0870
session_05651,doc_0621
session_05652,doc_0518
session_05652,doc_0547
session_05652,doc_0553
session_05652,doc_0689
session_05653,doc_0019
session_05653,doc_0617
session_05654,doc_0617
session_05655,doc_0656
session_05655,doc_0679
session_05655,doc_0658
session_05656,doc_0206
session_05656,doc_0263
session_05657,doc_0179
session_05657,doc_0193
session_05657,doc_0148
session_05657,doc_0186
session_05658,doc_0115
session_05658,doc_0155
session_05659,doc_0565
session_05660,doc_0004
session_05660,doc_0063
session_05660,doc_0011
session_05660,doc_0286
session_05661,doc_0674
session_05662,doc_0864
session_05663,doc_0018
session_05664,doc_0924
session_05665,doc_0914
session_05665,doc_0896
session_05666,doc_0171
session_05666,doc_0172
session_05667,doc_0260
session_05668,doc_0007
session_05668,doc_0075
session_05668,doc_0322
session_05669,doc_0298
session_05670,doc_0314
session_05670,doc_0745
session_05671,doc_0373
session_05671,doc_0342
session_05671,doc_0391
session_05671,doc_0680
session_05672,doc_0245
session_05673,doc_0728
session_05673,doc_0757
session_05673,doc_0783
session_05674,doc_0373
session_05675,doc_0757
session_05676,doc_0625
session_05676,doc_0610
session_05676,doc_0617
session_05677,doc_0555
session_05678,doc_0621
session_05679,doc_0523
session_05680,doc_0852
session_05680,doc_0810
session_05681,doc_0068
session_05682,doc_0384
session_05683,doc_0148
session_05684,doc_0291
session_05684,doc_0293
session_05684,doc_0322
session_05685,doc_0870
session_05685,doc_0852
session_05685,doc_0858
session_05685,doc_0844
session_05686,doc_0170
session_05686,doc_0179
session_05686,doc_0123
session_05686,doc_0290
session_05687,doc_0276
session_05687,doc_0902
session_05688,doc_0163
session_05689,doc_0757
session_05690,doc_0065
session_05691,doc_0673
session_05691,doc_0699
session_05691,doc_0658
session_05691,doc_0666
session_05692,doc_0128
session_05692,doc_0121
session_05692,doc_0156
session_05692,doc_0118
session_05693,doc_0001
session_05694,doc_0660
session_05694,doc_0664
session_05695,doc_0769
session_05695,doc_0754
session_05696,doc_0235
session_05696,doc_0207
session_05696,doc_0229
session_05696,doc_0210
session_05696,doc_0476
session_05696,doc_0428
session_05697,doc_0331
session_05697,doc_0373
session_05697,doc_0064
session_05698,doc_0628
session_05698,doc_0644
session_05698,doc_0031
session_05699,doc_0843
session_05700,doc_0014
session_05700,doc_0077
session_05700,doc_0063
session_05701,doc_0079
session_05701,doc_0063
session_05701,doc_0653
session_05702,doc_0844
session_05702,doc_0843
session_05702,doc_0852
session_05703,doc_0817
session_05704,doc_0870
session_05705,doc_0276
session_05705,doc_0322
session_05706,doc_0689
session_05706,doc_0658
session_05706,doc_0673
session_05706,doc_0905
session_05706,doc_0914
session_05707,doc_0857
session_05707,doc_0871
session_05708,doc_0148
session_05708,doc_0168
session_05708,doc_0144
session_05708,doc_0108
session_05709,doc_0884
session_05709,doc_0936
session_05709,doc_0914
session_05709,doc_0917
session_05710,doc_0063
session_05710,doc_0016
session_05711,doc_0432
session_05711,doc_0437
session_05712,doc_0888
session_05713,doc_0564
session_05713,doc_0565
session_05713,doc_0493
session_05714,doc_0401
session_05714,doc_0373
session_05714,doc_0331
session_05715,doc_0384
session_05716,doc_0037
session_05717,doc_0456
session_05717,doc_0469
session_05718,doc_0340
session_05718,doc_0346
session_05719,doc_0564
session_05719,doc_0677
session_05720,doc_0754
session_05720,doc_0764
session_05721,doc_0235
session_05721,doc_0596
session_05722,doc_0482
session_05722,doc_0476
session_05722,doc_0436
session_05723,doc_0434
session_05724,doc_0752
session_05725,doc_0914
session_05725,doc_0919
session_05725,doc_0884
session_05725,doc_0904
session_05726,doc_0475
session_05726,doc_0456
session_05727,doc_0031
session_05728,doc_0852
session_05728,doc_0857
session_05728,doc_0774
session_05729,doc_0590
session_05729,doc_0592
session_05729,doc_0562
session_05729,doc_0586
session_05729,doc_0293
session_05730,doc_0870
session_05730,doc_0868
session_05730,doc_0846
session_05730,doc_0823
session_05730,doc_0843
session_05731,doc_0754
session_05732,doc_0586
session_05732,doc_0560
session_05732,doc_0565
session_05733,doc_0518
session_05733,doc_0509
session_05733,doc_0585
session_05733,doc_0564
session_05734,doc_0617
session_05734,doc_0911
session_05735,doc_0148
session_05735,doc_0369
session_05736,doc_0625
session_05736,doc_0641
session_05736,doc_0618
session_05736,doc_0624
session_05736,doc_0493
session_05737,doc_0148
session_05737,doc_0175
session_05738,doc_0590
session_05738,doc_0502
session_05738,doc_0518
session_05738,doc_0764
session_05739,doc_0322
session_05740,doc_0906
session_05740,doc_0903
session_05740,doc_0676
session_05741,doc_0430
session_05741,doc_0476
session_05742,doc_0705
session_05742,doc_0671
session_05742,doc_0883
session_05743,doc_0757
session_05743,doc_0726
session_05743,doc_0777
session_05743,doc_0727
session_05743,doc_0618
session_05743,doc_0617
session_05744,doc_0870
session_05744,doc_0843
session_05745,doc_0331
session_05745,doc_0373
session_05745,doc_0356
session_05745,doc_0388
session_05745,doc_0656
session_05746,doc_0447
session_05746,doc_0412
session_05746,doc_0065
session_05747,doc_0469
session_05748,doc_0852
session_05749,doc_0651
session_05750,doc_0424
session_05750,doc_0476
session_05750,doc_0469
session_05750,doc_0673
session_05751,doc_0432
session_05751,doc_0458
session_05751,doc_0469
session_05751,doc_0331
session_05751,doc_0328
session_05751,doc_0363
session_05752,doc_0102
session_05752,doc_0010
session_05752,doc_0754
session_05752,doc_0719
session_05753,doc_0148
session_05753,doc_0322
session_05754,doc_0335
session_05754,doc_0194
session_05755,doc_0871
session_05756,doc_0193
session_05756,doc_0120
session_05756,doc_0148
session_05757,doc_0769
session_05758,doc_0026
session_05759,doc_0810
session_05760,doc_0518
session_05760,doc_0732
session_05761,doc_0673
session_05761,doc_0658
session_05761,doc_0681
session_05762,doc_0719
session_05762,doc_0747
session_05763,doc_0595
session_05763,doc_0617
session_05763,doc_0600
session_05763,doc_0618
session_05763,doc_0476
session_05763,doc_0413
session_05764,doc_0782
session_05764,doc_0618
session_05765,doc_0011
session_05765,doc_0051
session_05765,doc_0081
session_05765,doc_0048
session_05765,doc_0074
session_05766,doc_0893
session_05766,doc_0914
session_05766,doc_0910
session_05767,doc_0732
session_05768,doc_0618
session_05768,doc_0644
session_05768,doc_0641
session_05768,doc_0637
session_05768,doc_0631
session_05769,doc_0656
session_05770,doc_0119
session_05771,doc_0843
session_05771,doc_0862
session_05771,doc_0852
session_05772,doc_0148
session_05772,doc_0162
session_05772,doc_0143
session_05772,doc_0302
session_05773,doc_0803
session_05774,doc_0090
session_05774,doc_0092
session_05775,doc_0241
session_05776,doc_0068
session_05776,doc_0048
session_05777,doc_0182
session_05777,doc_0155
session_05778,doc_0658
session_05778,doc_0666
session_05779,doc_0540
session_05780,doc_0658
session_05780,doc_0689
session_05780,doc_0376
session_05781,doc_0063
session_05782,doc_0331
session_05783,doc_0167
session_05783,doc_0152
session_05783,doc_0182
session_05783,doc_0373
session_05783,doc_0381
session_05784,doc_0276
session_05784,doc_0293
session_05784,doc_0331
session_05785,doc_0229
session_05786,doc_0783
session_05786,doc_0763
session_05787,doc_0476
session_05788,doc_0057
session_05788,doc_0041
session_05788,doc_0031
session_05789,doc_0394
session_05789,doc_0402
session_05789,doc_0341
session_05789,doc_0754
session_05790,doc_0031
session_05790,doc_0034
session_05790,doc_0087
session_05790,doc_0618
session_05790,doc_0620
session_05791,doc_0182
session_05791,doc_0152
session_05792,doc_0229
session_05793,doc_0550
session_05794,doc_0492
session_05794,doc_0565
session_05794,doc_0535
session_05794,doc_0844
session_05795,doc_0909
session_05796,doc_0305
session_05796,doc_0118
session_05797,doc_0633
session_05797,doc_0605
session_05797,doc_0518
session_05798,doc_0627
session_05799,doc_0077
session_05799,doc_0565
session_05800,doc_0629
session_05800,doc_0618
session_05800,doc_0646
session_05800,doc_0469
session_05801,doc_0584
session_05801,doc_0339
session_05802,doc_0016
session_05803,doc_0311
session_05803,doc_0278
session_05803,doc_0322
session_05803,doc_0149
session_05804,doc_0476
session_05804,doc_0617
session_05805,doc_0068
session_05805,doc_0063
session_05806,doc_0156
session_05807,doc_0641
session_05807,doc_0803
session_05808,doc_0195
session_05808,doc_0240
session_05809,doc_0384
session_05810,doc_0721
session_05811,doc_0322
session_05811,doc_0305
session_05811,doc_0048
session_05812,doc_0757
session_05812,doc_0756
session_05813,doc_0840
session_05814,doc_0148
session_05814,doc_0191
session_05814,doc_0182
session_05814,doc_0322
session_05815,doc_0148
session_05815,doc_0106
session_05815,doc_0152
session_05815,doc_0016
session_05816,doc_0518
session_05816,doc_0584
session_05816,doc_0493
session_05816,doc_0538
session_05817,doc_0206
session_05817,doc_0229
session_05817,doc_0293
session_05817,doc_0322
session_05818,doc_0207
session_05818,doc_0261
session_05818,doc_0235
session_05819,doc_0518
session_05819,doc_0031
session_05820,doc_0518
session_05820,doc_0581
session_05820,doc_0502
session_05820,doc_0586
session_05820,doc_0031
session_05821,doc_0381
session_05821,doc_0363
session_05822,doc_0518
session_05823,doc_0371
session_05823,doc_0381
session_05824,doc_0691
session_05825,doc_0014
session_05825,doc_0068
session_05825,doc_0618
session_05826,doc_0412
session_05826,doc_0433
session_05826,doc_0469
session_05827,doc_0752
session_05827,doc_0756
session_05828,doc_0579
session_05828,doc_0535
session_05829,doc_0041
session_05830,doc_0708
session_05831,doc_0267
session_05831,doc_0180
session_05832,doc_0796
session_05833,doc_0322
session_05833,doc_0319
session_05833,doc_0870
session_05834,doc_0827
session_05834,doc_0843
session_05834,doc_0852
session_05834,doc_0857
session_05834,doc_0810
session_05834,doc_0869
session_05835,doc_0889
session_05835,doc_0806
session_05836,doc_0258
session_05836,doc_0206
session_05836,doc_0235
session_05837,doc_0679
session_05838,doc_0673
session_05838,doc_0689
session_05838,doc_0657
session_05838,doc_0884
session_05839,doc_0338
session_05840,doc_0601
session_05840,doc_0617
session_05840,doc_0620
session_05841,doc_0316
session_05841,doc_0327
session_05842,doc_0207
session_05843,doc_0906
session_05843,doc_0914
session_05844,doc_0074
session_05845,doc_0844
session_05845,doc_0858
session_05846,doc_0287
session_05847,doc_0364
session_05848,doc_0656
session_05848,doc_0148
session_05849,doc_0654
session_05850,doc_0402
session_05851,doc_0564
session_05852,doc_0334
session_05853,doc_0617
session_05854,doc_0238
session_05855,doc_0762
session_05855,doc_0795
session_05855,doc_0725
session_05856,doc_0148
session_05856,doc_0121
session_05857,doc_0182
session_05857,doc_0148
session_05858,doc_0031
session_05858,doc_0041
session_05858,doc_0630
session_05859,doc_0754
session_05859,doc_0732
session_05859,doc_0586
session_05860,doc_0626
session_05861,doc_0475
session_05861,doc_0426
session_05861,doc_0469
session_05861,doc_0458
session_05861,doc_0428
session_05861,doc_0239
session_05862,doc_0557
session_05863,doc_0617
session_05864,doc_0572
session_05865,doc_0017
session_05866,doc_0518
session_05866,doc_0569
session_05866,doc_0011
session_05867,doc_0267
session_05868,doc_0337
session_05869,doc_0777
session_05870,doc_0618
session_05870,doc_0617
session_05871,doc_0152
session_05871,doc_0180
session_05871,doc_0179
session_05871,doc_0118
session_05871,doc_0281
session_05872,doc_0179
session_05872,doc_0152
session_05872,doc_0119
session_05872,doc_0276
session_05873,doc_0743
session_05873,doc_0715
session_05873,doc_0754
session_05873,doc_0719
session_05873,doc_0073
session_05874,doc_0448
session_05874,doc_0441
session_05874,doc_0433
session_05875,doc_0754
session_05875,doc_0713
session_05875,doc_0724
session_05876,doc_0518
session_05876,doc_0783
session_05877,doc_0424
session_05877,doc_0565
session_05878,doc_0557
session_05879,doc_0401
session_05879,doc_0373
session_05879,doc_0381
session_05879,doc_0331
session_05880,doc_0529
session_05880,doc_0547
session_05880,doc_0086
session_05881,doc_0160
session_05882,doc_0762
session_05882,doc_0783
session_05882,doc_0769
session_05882,doc_0815
session_05883,doc_0751
session_05884,doc_0341
session_05884,doc_0658
session_05885,doc_0297
session_05886,doc_0783
session_05886,doc_0754
session_05886,doc_0774
session_05886,doc_0752
session_05887,doc_0063
session_05887,doc_0068
session_05887,doc_0551
session_05888,doc_0156
session_05888,doc_0177
session_05888,doc_0171
session_05888,doc_0291
session_05889,doc_0013
session_05890,doc_0257
session_05890,doc_0476
session_05891,doc_0673
session_05892,doc_0635
session_05893,doc_0857
session_05893,doc_0733
session_05894,doc_0613
session_05895,doc_0685
session_05895,doc_0673
session_05895,doc_0376
session_05896,doc_0792
session_05896,doc_0779
session_05896,doc_0769
session_05896,doc_0757
session_05896,doc_0732
session_05896,doc_0614
session_05897,doc_0757
session_05897,doc_0754
session_05897,doc_0719
session_05897,doc_0752
session_05898,doc_0420
session_05898,doc_0461
session_05898,doc_0443
session_05898,doc_0486
session_05898,doc_0575
session_05899,doc_0460
session_05899,doc_0424
session_05899,doc_0469
session_05899,doc_0434
session_05899,doc_0625
session_05899,doc_0644
session_05900,doc_0752
session_05901,doc_0013
session_05902,doc_0469
session_05902,doc_0412
session_05902,doc_0617
session_05903,doc_0291
session_05904,doc_0322
session_05904,doc_0297
session_05904,doc_0319
session_05905,doc_0121
session_05905,doc_0123
session_05905,doc_0331
session_05905,doc_0341
session_05906,doc_0565
session_05906,doc_0518
session_05906,doc_0544
session_05906,doc_0554
session_05906,doc_0071
session_05906,doc_0068
session_05907,doc_0565
session_05907,doc_0501
session_05907,doc_0507
session_05908,doc_0617
session_05908,doc_0646
session_05908,doc_0615
session_05908,doc_0754
session_05909,doc_0338
session_05909,doc_0364
session_05909,doc_0331
session_05909,doc_0369
session_05909,doc_0476
session_05910,doc_0322
session_05910,doc_0273
session_05910,doc_0169
session_05910,doc_0134
session_05911,doc_0163
session_05911,doc_0148
session_05911,doc_0112
session_05912,doc_0840
session_05912,doc_0852
session_05912,doc_0269
session_05913,doc_0303
session_05913,doc_0281
session_05914,doc_0757
session_05915,doc_0214
session_05915,doc_0625
session_05916,doc_0331
session_05917,doc_0469
session_05918,doc_0402
session_05918,doc_0369
session_05918,doc_0243
session_05919,doc_0661
session_05919,doc_0697
session_05919,doc_0702
session_05919,doc_0673
session_05919,doc_0341
session_05920,doc_0902
session_05920,doc_0914
session_05920,doc_0895
session_05921,doc_0152
session_05921,doc_0179
session_05922,doc_0438
session_05922,doc_0469
session_05922,doc_0430
session_05922,doc_0443
session_05923,doc_0864
session_05924,doc_0276
session_05925,doc_0688
session_05926,doc_0673
session_05926,doc_0706
session_05927,doc_0291
session_05928,doc_0642
session_05928,doc_0641
session_05928,doc_0617
session_05929,doc_0476
session_05929,doc_0441
session_05929,doc_0362
session_05930,doc_0852
session_05930,doc_0793
session_05931,doc_0754
session_05932,doc_0410
session_05932,doc_0388
session_05932,doc_0365
session_05932,doc_0328
session_05932,doc_0381
session_05933,doc_0373
session_05933,doc_0364
session_05933,doc_0402
session_05934,doc_0035
session_05934,doc_0067
session_05934,doc_0563
session_05935,doc_0031
session_05936,doc_0132
session_05936,doc_0148
session_05936,doc_0133
session_05937,doc_0518
session_05937,doc_0548
session_05937,doc_0565
session_05938,doc_0031
session_05938,doc_0019
session_05938,doc_0048
session_05939,doc_0201
session_05939,doc_0206
session_05939,doc_0235
session_05939,doc_0048
session_05940,doc_0699
session_05941,doc_0914
session_05941,doc_0369
session_05942,doc_0012
session_05942,doc_0101
session_05943,doc_0224
session_05943,doc_0236
session_05943,doc_0214
session_05944,doc_0792
session_05945,doc_0727
session_05945,doc_0745
session_05945,doc_0786
session_05946,doc_0152
session_05947,doc_0235
session_05948,doc_0369
session_05949,doc_0331
session_05949,doc_0373
session_05949,doc_0673
session_05950,doc_0331
session_05951,doc_0766
session_05951,doc_0800
session_05952,doc_0518
session_05952,doc_0586
session_05953,doc_0617
session_05953,doc_0641
session_05953,doc_0629
session_05954,doc_0294
session_05954,doc_0265
session_05954,doc_0068
session_05955,doc_0148
session_05955,doc_0152
session_05956,doc_0884
session_05956,doc_0914
session_05957,doc_0201
session_05958,doc_0040
session_05958,doc_0031
session_05959,doc_0795
session_05960,doc_0589
session_05961,doc_0291
session_05961,doc_0317
session_05962,doc_0419
session_05963,doc_0656
session_05964,doc_0435
session_05964,doc_0475
session_05964,doc_0422
session_05964,doc_0469
session_05965,doc_0879
session_05965,doc_0898
session_05965,doc_0884
session_05965,doc_0705
session_05966,doc_0914
session_05967,doc_0739
session_05968,doc_0086
session_05968,doc_0019
session_05969,doc_0243
session_05969,doc_0235
session_05970,doc_0417
session_05970,doc_0458
session_05970,doc_0648
session_05971,doc_0031
session_05971,doc_0235
session_05972,doc_0571
session_05972,doc_0754
session_05973,doc_0471
session_05974,doc_0221
session_05974,doc_0197
session_05974,doc_0208
session_05974,doc_0647
session_05975,doc_0276
session_05976,doc_0303
session_05977,doc_0207
session_05977,doc_0233
session_05978,doc_0518
session_05979,doc_0306
session_05980,doc_0502
session_05980,doc_0518
session_05980,doc_0214
session_05981,doc_0518
session_05981,doc_0565
session_05982,doc_0018
session_05982,doc_0068
session_05982,doc_0031
session_05982,doc_0080
session_05982,doc_0011
session_05982,doc_0518
session_05983,doc_0325
session_05983,doc_0280
session_05983,doc_0310
session_05983,doc_0305
session_05983,doc_0276
session_05983,doc_0425
session_05984,doc_0884
session_05984,doc_0888
session_05985,doc_0229
session_05985,doc_0235
session_05986,doc_0118
session_05986,doc_0641
session_05987,doc_0148
session_05987,doc_0143
session_05987,doc_0169
session_05988,doc_0752
session_05989,doc_0625
session_05990,doc_0045
session_05990,doc_0017
session_05990,doc_0063
session_05991,doc_0441
session_05992,doc_0481
session_05993,doc_0639
session_05994,doc_0290
session_05994,doc_0317
session_05994,doc_0166
session_05995,doc_0517
session_05996,doc_0343
session_05997,doc_0617
session_05997,doc_0640
session_05997,doc_0641
session_05997,doc_0618
session_05998,doc_0068
session_05998,doc_0001
session_05998,doc_0373
session_05999,doc_0565
session_05999,doc_0518
session_06000,doc_0617
session_06000,doc_0621
session_06001,doc_0673
session_06001,doc_0654
session_06001,doc_0711
session_06001,doc_0683
session_06001,doc_0644
session_06001,doc_0607
session_06002,doc_0322
session_06003,doc_0828
session_06003,doc_0818
session_06004,doc_0564
session_06004,doc_0753
session_06005,doc_0373
session_06006,doc_0373
session_06006,doc_0359
session_06006,doc_0337
session_06006,doc_0182
session_06006,doc_0107
session_06007,doc_0312
session_06007,doc_0305
session_06007,doc_0280
session_06007,doc_0322
session_06007,doc_0031
session_06008,doc_0208
session_06009,doc_0914
session_06009,doc_0933
session_06009,doc_0889
session_06010,doc_0045
session_06010,doc_0043
session_06010,doc_0412
session_06011,doc_0435
session_06012,doc_0229
session_06012,doc_0228
session_06013,doc_0912
session_06013,doc_0934
session_06013,doc_0935
session_06013,doc_0900
session_06013,doc_0362
session_06014,doc_0888
session_06014,doc_0914
session_06014,doc_0331
session_06015,doc_0286
session_06016,doc_0031
session_06016,doc_0012
session_06016,doc_0604
session_06016,doc_0618
session_06017,doc_0884
session_06018,doc_0437
session_06018,doc_0894
session_06019,doc_0401
session_06019,doc_0878
session_06020,doc_0246
session_06020,doc_0206
session_06020,doc_0261
session_06020,doc_0627
session_06021,doc_0226
session_06021,doc_0208
session_06022,doc_0322
session_06022,doc_0291
session_06022,doc_0346
session_06023,doc_0469
session_06023,doc_0439
session_06023,doc_0621
session_06024,doc_0331
session_06024,doc_0337
session_06024,doc_0451
session_06025,doc_0871
session_06025,doc_0817
session_06026,doc_0469
session_06026,doc_0473
session_06027,doc_0762
session_06027,doc_0800
session_06027,doc_0518
session_06028,doc_0754
session_06028,doc_0773
session_06028,doc_0732
session_06028,doc_0546
session_06028,doc_0507
session_06029,doc_0415
session_06029,doc_0412
session_06029,doc_0152
session_06029,doc_0148
session_06030,doc_0331
session_06030,doc_0327
session_06031,doc_0848
session_06032,doc_0884
session_06032,doc_0905
session_06032,doc_0773
session_06032,doc_0769
session_06033,doc_0736
session_06033,doc_0618
session_06034,doc_0601
session_06034,doc_0600
session_06034,doc_0644
session_06035,doc_0171
session_06036,doc_0364
session_06037,doc_0584
session_06037,doc_0518
session_06038,doc_0617
session_06039,doc_0680
session_06040,doc_0152
session_06041,doc_0642
session_06042,doc_0214
session_06043,doc_0175
session_06044,doc_0480
session_06044,doc_0617
session_06045,doc_0132
session_06046,doc_0461
session_06047,doc_0629
session_06047,doc_0615
session_06047,doc_0017
session_06048,doc_0493
session_06049,doc_0565
session_06049,doc_0518
session_06050,doc_0879
session_06050,doc_0905
session_06050,doc_0912
session_06051,doc_0673
session_06051,doc_0661
session_06052,doc_0880
session_06052,doc_0884
session_06053,doc_0860
session_06053,doc_0863
session_06053,doc_0783
session_06054,doc_0502
session_06055,doc_0542
session_06055,doc_0043
session_06056,doc_0493
session_06057,doc_0687
session_06058,doc_0569
session_06058,doc_0518
session_06058,doc_0552
session_06058,doc_0501
session_06058,doc_0754
session_06058,doc_0774
session_06059,doc_0502
session_06059,doc_0565
session_06060,doc_0235
session_06060,doc_0229
session_06060,doc_0201
session_06060,doc_0130
session_06061,doc_0852
session_06061,doc_0844
session_06061,doc_0857
session_06061,doc_0291
session_06062,doc_0754
session_06062,doc_0783
session_06063,doc_0162
session_06064,doc_0853
session_06064,doc_0821
session_06064,doc_0815
session_06064,doc_0291
session_06065,doc_0752
session_06065,doc_0774
session_06065,doc_0757
session_06065,doc_0720
session_06065,doc_0909
session_06065,doc_0915
session_06066,doc_0218
session_06066,doc_0203
session_06066,doc_0208
session_06066,doc_0640
session_06067,doc_0369
session_06067,doc_0364
session_06067,doc_0392
session_06067,doc_0148
session_06068,doc_0761
session_06069,doc_0662
session_06069,doc_0683
session_06069,doc_0673
session_06069,doc_0754
session_06070,doc_0179
session_06071,doc_0697
session_06071,doc_0882
session_06072,doc_0569
session_06072,doc_0518
session_06072,doc_0565
session_06072,doc_0848
session_06073,doc_0774
session_06073,doc_0413
session_06074,doc_0550
session_06074,doc_0564
session_06075,doc_0834
session_06075,doc_0867
session_06075,doc_0818
session_06075,doc_0757
session_06076,doc_0870
session_06077,doc_0754
session_06077,doc_0803
session_06078,doc_0118
session_06078,doc_0126
session_06079,doc_0803
session_06079,doc_0754
session_06080,doc_0481
session_06081,doc_0148
session_06081,doc_0164
session_06082,doc_0618
session_06083,doc_0736
session_06083,doc_0291
session_06084,doc_0229
session_06085,doc_0548
session_06086,doc_0917
session_06086,doc_0892
session_06086,doc_0878
session_06086,doc_0879
session_06086,doc_0889
session_06086,doc_0676
session_06087,doc_0172
session_06087,doc_0169
session_06087,doc_0179
session_06087,doc_0511
session_06088,doc_0689
session_06088,doc_0656
session_06089,doc_0653
session_06089,doc_0656
session_06089,doc_0673
session_06089,doc_0672
session_06089,doc_0695
session_06089,doc_0683
session_06090,doc_0442
session_06090,doc_0441
session_06090,doc_0384
session_06091,doc_0732
session_06092,doc_0225
session_06092,doc_0627
session_06093,doc_0757
session_06094,doc_0373
session_06094,doc_0401
session_06095,doc_0156
session_06096,doc_0331
session_06097,doc_0592
session_06097,doc_0229
session_06098,doc_0218
session_06098,doc_0235
session_06098,doc_0299
session_06099,doc_0432
session_06099,doc_0476
session_06099,doc_0243
session_06099,doc_0229
session_06100,doc_0148
session_06101,doc_0584
session_06102,doc_0016
session_06103,doc_0235
session_06103,doc_0217
session_06103,doc_0699
session_06103,doc_0695
session_06104,doc_0683
session_06104,doc_0673
session_06104,doc_0658
session_06104,doc_0911
session_06105,doc_0870
session_06105,doc_0844
session_06105,doc_0239
session_06106,doc_0625
session_06106,doc_0615
session_06106,doc_0421
session_06107,doc_0905
session_06108,doc_0389
session_06108,doc_0914
session_06109,doc_0852
session_06109,doc_0870
session_06110,doc_0914
session_06110,doc_0884
session_06110,doc_0878
session_06110,doc_0917
session_06110,doc_0699
session_06110,doc_0689
session_06111,doc_0291
session_06111,doc_0297
session_06111,doc_0322
session_06112,doc_0229
session_06112,doc_0626
session_06113,doc_0496
session_06113,doc_0512
session_06113,doc_0565
session_06113,doc_0518
session_06113,doc_0736
session_06114,doc_0412
session_06114,doc_0437
session_06114,doc_0473
session_06115,doc_0518
session_06116,doc_0639
session_06117,doc_0642
session_06117,doc_0032
session_06118,doc_0235
session_06118,doc_0229
session_06119,doc_0381
session_06120,doc_0617
session_06120,doc_0615
session_06121,doc_0031
session_06122,doc_0518
session_06122,doc_0586
session_06122,doc_0073
session_06123,doc_0914
session_06123,doc_0884
session_06123,doc_0905
session_06123,doc_0904
session_06124,doc_0676
session_06124,doc_0673
session_06125,doc_0699
session_06125,doc_0694
session_06125,doc_0651
session_06125,doc_0702
session_06126,doc_0213
session_06126,doc_0234
session_06126,doc_0243
session_06126,doc_0235
session_06127,doc_0369
session_06127,doc_0338
session_06127,doc_0373
session_06128,doc_0194
session_06128,doc_0235
session_06128,doc_0229
session_06129,doc_0310
session_06129,doc_0322
session_06130,doc_0754
session_06130,doc_0719
session_06130,doc_0844
session_06131,doc_0754
session_06131,doc_0752
session_06132,doc_0235
session_06133,doc_0467
session_06133,doc_0472
session_06133,doc_0469
session_06134,doc_0754
session_06134,doc_0796
session_06135,doc_0038
session_06136,doc_0564
session_06137,doc_0518
session_06137,doc_0535
session_06138,doc_0143
session_06139,doc_0673
session_06139,doc_0679
session_06139,doc_0677
session_06140,doc_0322
session_06141,doc_0523
session_06141,doc_0565
session_06141,doc_0469
session_06142,doc_0031
session_06142,doc_0020
session_06142,doc_0012
session_06142,doc_0564
session_06143,doc_0702
session_06143,doc_0673
session_06143,doc_0912
session_06144,doc_0518
session_06144,doc_0586
session_06144,doc_0502
session_06144,doc_0565
session_06144,doc_0555
session_06144,doc_0916
session_06145,doc_0011
session_06146,doc_0584
session_06146,doc_0524
session_06146,doc_0331
session_06147,doc_0243
session_06148,doc_0754
session_06148,doc_0716
session_06148,doc_0751
session_06148,doc_0757
session_06148,doc_0644
session_06148,doc_0607
session_06149,doc_0156
session_06149,doc_0133
session_06149,doc_0473
session_06150,doc_0125
session_06150,doc_0118
session_06150,doc_0148
session_06150,doc_0123
session_06150,doc_0676
session_06151,doc_0626
session_06151,doc_0442
session_06152,doc_0070
session_06152,doc_0011
session_06152,doc_0041
session_06152,doc_0062
session_06152,doc_0031
session_06152,doc_0544
session_06153,doc_0502
session_06154,doc_0665
session_06154,doc_0689
session_06155,doc_0699
session_06156,doc_0617
session_06156,doc_0630
session_06157,doc_0236
session_06157,doc_0908
session_06158,doc_0507
session_06158,doc_0518
session_06159,doc_0559
session_06159,doc_0518
session_06159,doc_0590
session_06159,doc_0016
session_06160,doc_0218
session_06160,doc_0235
session_06161,doc_0031
session_06162,doc_0634
session_06162,doc_0615
session_06162,doc_0620
session_06162,doc_0596
session_06163,doc_0297
session_06163,doc_0276
session_06163,doc_0148
session_06163,doc_0124
session_06164,doc_0346
session_06164,doc_0929
session_06165,doc_0565
session_06165,doc_0560
session_06165,doc_0043
session_06165,doc_0001
session_06166,doc_0501
session_06166,doc_0518
session_06167,doc_0673
session_06167,doc_0676
session_06167,doc_0699
session_06167,doc_0656
session_06167,doc_0894
session_06167,doc_0924
session_06168,doc_0148
session_06168,doc_0179
session_06169,doc_0928
session_06169,doc_0658
session_06170,doc_0151
session_06170,doc_0123
session_06170,doc_0148
session_06170,doc_0389
session_06170,doc_0394
session_06171,doc_0870
session_06171,doc_0755
session_06172,doc_0518
session_06172,doc_0493
session_06172,doc_0673
session_06173,doc_0502
session_06174,doc_0319
session_06175,doc_0239
session_06176,doc_0751
session_06177,doc_0930
session_06177,doc_0669
session_06178,doc_0204
session_06179,doc_0871
session_06179,doc_0870
session_06179,doc_0869
session_06179,doc_0853
session_06179,doc_0072
session_06179,doc_0031
session_06180,doc_0401
session_06180,doc_0373
session_06180,doc_0394
session_06181,doc_0485
session_06181,doc_0423
session_06181,doc_0091
session_06182,doc_0579
session_06182,doc_0518
session_06182,doc_0551
session_06183,doc_0031
session_06183,doc_0260
session_06184,doc_0092
session_06184,doc_0086
session_06185,doc_0670
session_06185,doc_0673
session_06185,doc_0656
session_06186,doc_0764
session_06186,doc_0518
session_06187,doc_0472
session_06187,doc_0431
session_06188,doc_0331
session_06189,doc_0493
session_06190,doc_0819
session_06190,doc_0810
session_06191,doc_0156
session_06191,doc_0310
session_06192,doc_0148
session_06192,doc_0179
session_06192,doc_0342
session_06193,doc_0126
session_06193,doc_0144
session_06193,doc_0163
session_06193,doc_0316
session_06194,doc_0754
session_06195,doc_0144
session_06195,doc_0316
session_06196,doc_0041
session_06197,doc_0935
session_06197,doc_0902
session_06197,doc_0878
session_06197,doc_0895
session_06198,doc_0617
session_06199,doc_0031
session_06199,doc_0656
session_06200,doc_0369
session_06200,doc_0914
session_06201,doc_0110
session_06201,doc_0148
session_06201,doc_0152
session_06201,doc_0322
session_06202,doc_0535
session_06203,doc_0331
session_06203,doc_0367
session_06204,doc_0152
session_06204,doc_0118
session_06204,doc_0181
session_06205,doc_0493
session_06205,doc_0760
session_06206,doc_0331
session_06206,doc_0402
session_06206,doc_0404
session_06206,doc_0330
session_06206,doc_0068
session_06207,doc_0248
session_06207,doc_0206
session_06207,doc_0434
session_06208,doc_0005
session_06209,doc_0754
session_06210,doc_0754
session_06210,doc_0715
session_06211,doc_0565
session_06212,doc_0235
session_06212,doc_0214
session_06212,doc_0617
session_06213,doc_0827
session_06214,doc_0518
session_06214,doc_0558
session_06214,doc_0542
session_06214,doc_0412
session_06215,doc_0592
session_06215,doc_0492
session_06215,doc_0559
session_06215,doc_0518
session_06216,doc_0019
session_06216,doc_0032
session_06216,doc_0617
session_06217,doc_0348
session_06217,doc_0910
session_06218,doc_0246
session_06218,doc_0217
session_06218,doc_0618
session_06219,doc_0617
session_06219,doc_0469
session_06220,doc_0046
session_06220,doc_0596
session_06221,doc_0471
session_06221,doc_0420
session_06221,doc_0871
session_06222,doc_0517
session_06222,doc_0544
session_06223,doc_0853
session_06223,doc_0844
session_06224,doc_0381
session_06225,doc_0351
session_06226,doc_0754
session_06226,doc_0793
session_06226,doc_0493
session_06227,doc_0018
session_06228,doc_0052
session_06228,doc_0063
session_06228,doc_0914
session_06229,doc_0683
session_06230,doc_0514
session_06230,doc_0493
session_06230,doc_0558
session_06230,doc_0565
session_06230,doc_0518
session_06231,doc_0588
session_06232,doc_0112
session_06233,doc_0384
session_06234,doc_0852
session_06235,doc_0031
session_06235,doc_0067
session_06236,doc_0156
session_06236,doc_0163
session_06236,doc_0182
session_06236,doc_0148
session_06237,doc_0469
session_06237,doc_0369
session_06238,doc_0896
session_06239,doc_0274
session_06239,doc_0297
session_06239,doc_0294
session_06239,doc_0273
session_06240,doc_0331
session_06240,doc_0369
session_06241,doc_0907
session_06241,doc_0905
session_06241,doc_0894
session_06241,doc_0936
session_06241,doc_0518
session_06241,doc_0519
session_06242,doc_0011
session_06242,doc_0068
session_06243,doc_0518
session_06243,doc_0565
session_06244,doc_0063
session_06244,doc_0641
session_06245,doc_0235
session_06245,doc_0249
session_06246,doc_0030
session_06246,doc_0003
session_06247,doc_0126
session_06247,doc_0182
session_06247,doc_0156
session_06247,doc_0119
session_06247,doc_0152
session_06247,doc_0291
session_06248,doc_0360
session_06248,doc_0156
session_06249,doc_0795
session_06249,doc_0798
session_06250,doc_0040
session_06251,doc_0517
session_06252,doc_0614
session_06252,doc_0641
session_06252,doc_0627
session_06253,doc_0331
session_06253,doc_0364
session_06253,doc_0333
session_06254,doc_0310
session_06255,doc_0596
session_06256,doc_0754
session_06257,doc_0476
session_06257,doc_0469
session_06257,doc_0219
session_06257,doc_0241
session_06258,doc_0235
session_06259,doc_0600
session_06260,doc_0757
session_06260,doc_0754
session_06260,doc_0783
session_06260,doc_0773
session_06261,doc_0507
session_06261,doc_0038
session_06262,doc_0303
session_06262,doc_0121
session_06263,doc_0754
session_06264,doc_0673
session_06264,doc_0297
session_06265,doc_0759
session_06265,doc_0779
session_06265,doc_0716
session_06265,doc_0790
session_06265,doc_0871
session_06265,doc_0852
session_06266,doc_0671
session_06266,doc_0699
session_06267,doc_0559
session_06267,doc_0573
session_06268,doc_0673
session_06269,doc_0930
session_06269,doc_0392
session_06270,doc_0617
session_06270,doc_0625
session_06271,doc_0385
session_06271,doc_0341
session_06271,doc_0381
session_06271,doc_0366
session_06272,doc_0322
session_06272,doc_0291
session_06273,doc_0282
session_06273,doc_0369
session_06274,doc_0127
session_06274,doc_0152
session_06274,doc_0276
session_06274,doc_0323
session_06275,doc_0471
session_06275,doc_0469
session_06275,doc_0073
session_06275,doc_0014
session_06276,doc_0634
session_06277,doc_0884
session_06277,doc_0902
session_06277,doc_0882
session_06277,doc_0905
session_06277,doc_0408
session_06278,doc_0525
session_06278,doc_0560
session_06278,doc_0586
session_06279,doc_0529
session_06280,doc_0914
session_06280,doc_0656
session_06281,doc_0146
session_06281,doc_0147
session_06281,doc_0148
session_06281,doc_0322
session_06282,doc_0031
session_06282,doc_0077
session_06282,doc_0101
session_06282,doc_0014
session_06283,doc_0120
session_06283,doc_0135
session_06283,doc_0280
session_06284,doc_0399
session_06285,doc_0852
session_06285,doc_0862
session_06286,doc_0555
session_06286,doc_0769
session_06287,doc_0337
session_06287,doc_0369
session_06288,doc_0360
session_06288,doc_0640
session_06289,doc_0048
session_06289,doc_0032
session_06290,doc_0338
session_06290,doc_0401
session_06290,doc_0373
session_06290,doc_0388
session_06291,doc_0590
session_06291,doc_0617
session_06292,doc_0154
session_06293,doc_0148
session_06293,doc_0179
session_06293,doc_0133
session_06293,doc_0112
session_06293,doc_0337
session_06294,doc_0444
session_06294,doc_0469
session_06294,doc_0451
session_06294,doc_0412
session_06294,doc_0368
session_06295,doc_0068
session_06295,doc_0032
session_06295,doc_0063
session_06295,doc_0017
session_06296,doc_0697
session_06296,doc_0671
session_06296,doc_0667
session_06296,doc_0906
session_06297,doc_0900
session_06297,doc_0914
session_06297,doc_0928
session_06297,doc_0892
session_06297,doc_0394
session_06298,doc_0213
session_06298,doc_0618
session_06299,doc_0732
session_06299,doc_0752
session_06300,doc_0544
session_06300,doc_0493
session_06300,doc_0169
session_06301,doc_0857
session_06301,doc_0870
session_06302,doc_0630
session_06302,doc_0617
session_06302,doc_0621
session_06303,doc_0792
session_06304,doc_0553
session_06304,doc_0034
session_06305,doc_0793
session_06305,doc_0755
session_06306,doc_0612
session_06306,doc_0631
session_06306,doc_0611
session_06306,doc_0641
session_06306,doc_0852
session_06306,doc_0870
session_06307,doc_0819
session_06308,doc_0502
session_06308,doc_0884
session_06309,doc_0578
session_06310,doc_0716
session_06310,doc_0723
session_06310,doc_0757
session_06310,doc_0803
session_06311,doc_0276
session_06311,doc_0315
session_06312,doc_0618
session_06313,doc_0627
session_06313,doc_0179
session_06314,doc_0641
session_06314,doc_0617
session_06314,doc_0608
session_06315,doc_0795
session_06316,doc_0048
session_06316,doc_0068
session_06316,doc_0034
session_06316,doc_0101
session_06316,doc_0333
session_06317,doc_0260
session_06318,doc_0469
session_06318,doc_0476
session_06318,doc_0444
session_06319,doc_0658
session_06319,doc_0656
session_06319,doc_0882
session_06320,doc_0373
session_06320,doc_0403
session_06321,doc_0304
session_06321,doc_0283
session_06321,doc_0469
session_06322,doc_0905
session_06323,doc_0057
session_06323,doc_0569
session_06324,doc_0702
session_06324,doc_0894
session_06325,doc_0701
session_06325,doc_0695
session_06326,doc_0853
session_06327,doc_0673
session_06327,doc_0651
session_06327,doc_0220
session_06328,doc_0322
session_06328,doc_0276
session_06328,doc_0280
session_06328,doc_0291
session_06329,doc_0243
session_06329,doc_0229
session_06329,doc_0238
session_06329,doc_0211
session_06330,doc_0334
session_06330,doc_0179
session_06331,doc_0617
session_06332,doc_0046
session_06332,doc_0031
session_06333,doc_0673
session_06333,doc_0704
session_06334,doc_0229
session_06334,doc_0334
session_06335,doc_0248
session_06335,doc_0243
session_06336,doc_0618
session_06336,doc_0617
session_06337,doc_0043
session_06337,doc_0010
session_06338,doc_0031
session_06339,doc_0333
session_06340,doc_0229
session_06341,doc_0032
session_06341,doc_0031
session_06341,doc_0019
session_06342,doc_0262
session_06343,doc_0757
session_06344,doc_0240
session_06345,doc_0156
session_06345,doc_0852
session_06346,doc_0914
session_06346,doc_0900
session_06346,doc_0876
session_06346,doc_0382
session_06347,doc_0934
session_06347,doc_0656
session_06348,doc_0297
session_06349,doc_0793
session_06349,doc_0757
session_06350,doc_0418
session_06350,doc_0471
session_06350,doc_0434
session_06350,doc_0031
session_06351,doc_0544
session_06351,doc_0557
session_06351,doc_0565
session_06351,doc_0517
session_06351,doc_0639
session_06352,doc_0346
session_06353,doc_0223
session_06354,doc_0152
session_06354,doc_0156
session_06354,doc_0148
session_06355,doc_0757
session_06356,doc_0229
session_06356,doc_0471
session_06357,doc_0825
session_06357,doc_0841
session_06357,doc_0476
session_06358,doc_0444
session_06358,doc_0480
session_06358,doc_0476
session_06358,doc_0469
session_06358,doc_0412
session_06359,doc_0401
session_06359,doc_0331
session_06359,doc_0360
session_06359,doc_0394
session_06359,doc_0544
session_06360,doc_0793
session_06360,doc_0732
session_06360,doc_0502
session_06360,doc_0493
session_06361,doc_0880
session_06361,doc_0898
session_06362,doc_0382
session_06362,doc_0379
session_06362,doc_0331
session_06362,doc_0182
session_06363,doc_0203
session_06363,doc_0196
session_06363,doc_0305
session_06364,doc_0518
session_06365,doc_0748
session_06366,doc_0336
session_06366,doc_0409
session_06366,doc_0347
session_06366,doc_0902
session_06367,doc_0133
session_06367,doc_0156
session_06367,doc_0127
session_06368,doc_0382
session_06368,doc_0331
session_06368,doc_0373
session_06368,doc_0156
session_06369,doc_0031
session_06369,doc_0043
session_06370,doc_0732
session_06371,doc_0243
session_06371,doc_0198
session_06371,doc_0229
session_06371,doc_0220
session_06371,doc_0625
session_06372,doc_0433
session_06372,doc_0469
session_06372,doc_0476
session_06372,doc_0360
session_06372,doc_0379
session_06372,doc_0340
session_06373,doc_0402
session_06373,doc_0381
session_06373,doc_0352
session_06373,doc_0179
session_06374,doc_0063
session_06375,doc_0295
session_06375,doc_0294
session_06375,doc_0316
session_06375,doc_0171
session_06375,doc_0148
session_06376,doc_0229
session_06376,doc_0211
session_06376,doc_0235
session_06377,doc_0061
session_06377,doc_0101
session_06377,doc_0031
session_06377,doc_0098
session_06377,doc_0612
session_06377,doc_0597
session_06378,doc_0012
session_06378,doc_0045
session_06379,doc_0310
session_06379,doc_0121
session_06380,doc_0795
session_06380,doc_0754
session_06380,doc_0590
session_06381,doc_0492
session_06381,doc_0564
session_06381,doc_0565
session_06381,doc_0493
session_06381,doc_0852
session_06381,doc_0862
session_06382,doc_0564
session_06383,doc_0006
session_06383,doc_0020
session_06383,doc_0031
session_06383,doc_0062
session_06384,doc_0884
session_06385,doc_0364
session_06385,doc_0341
session_06385,doc_0371
session_06385,doc_0892
session_06386,doc_0392
session_06386,doc_0182
session_06387,doc_0755
session_06387,doc_0608
session_06388,doc_0701
session_06388,doc_0659
session_06388,doc_0689
session_06389,doc_0627
session_06390,doc_0857
session_06390,doc_0810
session_06390,doc_0870
session_06390,doc_0763
session_06390,doc_0754
session_06391,doc_0113
session_06392,doc_0651
session_06393,doc_0331
session_06393,doc_0346
session_06394,doc_0618
session_06395,doc_0148
session_06396,doc_0031
session_06397,doc_0273
session_06397,doc_0322
session_06397,doc_0565
session_06398,doc_0783
session_06398,doc_0615
session_06399,doc_0182
session_06400,doc_0290
session_06400,doc_0322
session_06400,doc_0293
session_06400,doc_0316
session_06400,doc_0261
session_06401,doc_0317
session_06401,doc_0146
session_06402,doc_0676
session_06403,doc_0135
session_06404,doc_0782
session_06405,doc_0751
session_06405,doc_0513
session_06406,doc_0465
session_06407,doc_0912
session_06408,doc_0917
session_06408,doc_0896
session_06408,doc_0923
session_06408,doc_0402
session_06409,doc_0448
session_06409,doc_0229
session_06410,doc_0235
session_06410,doc_0206
session_06410,doc_0246
session_06411,doc_0156
session_06412,doc_0347
session_06413,doc_0754
session_06413,doc_0740
session_06413,doc_0625
session_06414,doc_0864
session_06414,doc_0852
session_06414,doc_0857
session_06415,doc_0870
session_06415,doc_0849
session_06415,doc_0793
session_06416,doc_0493
session_06416,doc_0559
session_06416,doc_0570
session_06416,doc_0736
session_06417,doc_0617
session_06417,doc_0620
session_06417,doc_0618
session_06417,doc_0596
session_06418,doc_0031
session_06419,doc_0235
session_06419,doc_0243
session_06419,doc_0412
session_06420,doc_0476
session_06420,doc_0857
session_06421,doc_0857
session_06422,doc_0533
session_06422,doc_0540
session_06422,doc_0493
session_06422,doc_0562
session_06423,doc_0203
session_06424,doc_0919
session_06424,doc_0403
session_06425,doc_0923
session_06425,doc_0894
session_06425,doc_0884
session_06425,doc_0156
session_06426,doc_0469
session_06427,doc_0549
session_06427,doc_0544
session_06427,doc_0518
session_06427,doc_0852
session_06428,doc_0904
session_06429,doc_0617
session_06429,doc_0752
session_06430,doc_0248
session_06430,doc_0235
session_06431,doc_0206
session_06431,doc_0641
session_06432,doc_0346
session_06432,doc_0394
session_06432,doc_0337
session_06432,doc_0413
session_06432,doc_0412
session_06432,doc_0469
session_06433,doc_0322
session_06433,doc_0286
session_06434,doc_0301
session_06434,doc_0322
session_06434,doc_0291
session_06434,doc_0293
session_06435,doc_0181
session_06435,doc_0192
session_06435,doc_0148
session_06435,doc_0696
session_06435,doc_0673
session_06436,doc_0427
session_06436,doc_0433
session_06436,doc_0438
session_06436,doc_0471
session_06437,doc_0410
session_06437,doc_0355
session_06438,doc_0244
session_06438,doc_0203
session_06438,doc_0235
session_06439,doc_0031
session_06439,doc_0340
session_06440,doc_0469
session_06440,doc_0477
session_06440,doc_0412
session_06440,doc_0434
session_06440,doc_0641
session_06441,doc_0613
session_06441,doc_0617
session_06441,doc_0618
session_06441,doc_0752
session_06441,doc_0754
session_06441,doc_0762
session_06442,doc_0316
session_06443,doc_0456
session_06443,doc_0476
session_06444,doc_0534
session_06444,doc_0518
session_06444,doc_0535
session_06444,doc_0555
session_06444,doc_0768
session_06445,doc_0243
session_06445,doc_0238
session_06445,doc_0618
session_06446,doc_0884
session_06446,doc_0697
session_06447,doc_0211
session_06447,doc_0198
session_06447,doc_0208
session_06448,doc_0331
session_06449,doc_0783
session_06449,doc_0754
session_06449,doc_0641
session_06450,doc_0564
session_06450,doc_0510
session_06451,doc_0732
session_06451,doc_0744
session_06452,doc_0844
session_06452,doc_0843
session_06452,doc_0834
session_06452,doc_0866
session_06452,doc_0831
session_06452,doc_0795
session_06453,doc_0618
session_06453,doc_0627
session_06453,doc_0056
session_06453,doc_0074
session_06454,doc_0760
session_06454,doc_0795
session_06454,doc_0643
session_06455,doc_0607
session_06456,doc_0832
session_06457,doc_0235
session_06457,doc_0224
session_06457,doc_0331
session_06458,doc_0724
session_06458,doc_0732
session_06458,doc_0762
session_06458,doc_0780
session_06458,doc_0862
session_06459,doc_0661
session_06459,doc_0656
session_06459,doc_0683
session_06459,doc_0697
session_06460,doc_0565
session_06460,doc_0564
session_06460,doc_0493
session_06460,doc_0498
session_06460,doc_0512
session_06460,doc_0719
session_06461,doc_0834
session_06461,doc_0860
session_06461,doc_0810
session_06461,doc_0752
session_06462,doc_0490
session_06462,doc_0518
session_06462,doc_0832
session_06463,doc_0902
session_06463,doc_0882
session_06463,doc_0914
session_06464,doc_0617
session_06464,doc_0646
session_06464,doc_0618
session_06464,doc_0623
session_06465,doc_0912
session_06465,doc_0884
session_06465,doc_0910
session_06466,doc_0662
session_06466,doc_0656
session_06466,doc_0355
session_06467,doc_0843
session_06467,doc_0899
session_06468,doc_0173
session_06468,doc_0187
session_06469,doc_0469
session_06470,doc_0699
session_06471,doc_0757
session_06471,doc_0770
session_06472,doc_0608
session_06473,doc_0148
session_06473,doc_0152
session_06473,doc_0171
session_06474,doc_0296
session_06474,doc_0291
session_06474,doc_0322
session_06475,doc_0801
session_06476,doc_0728
session_06477,doc_0308
session_06477,doc_0290
session_06477,doc_0297
session_06478,doc_0235
session_06479,doc_0402
session_06479,doc_0612
session_06480,doc_0042
session_06481,doc_0673
session_06481,doc_0666
session_06481,doc_0754
session_06482,doc_0565
session_06483,doc_0531
session_06484,doc_0885
session_06485,doc_0431
session_06485,doc_0476
session_06485,doc_0373
session_06486,doc_0868
session_06486,doc_0844
session_06487,doc_0206
session_06487,doc_0261
session_06487,doc_0235
session_06487,doc_0263
session_06487,doc_0243
session_06488,doc_0068
session_06488,doc_0634
session_06489,doc_0148
session_06489,doc_0119
session_06490,doc_0437
session_06490,doc_0451
session_06490,doc_0481
session_06490,doc_0720
session_06491,doc_0565
session_06491,doc_0564
session_06491,doc_0493
session_06492,doc_0493
session_06492,doc_0491
session_06492,doc_0565
session_06492,doc_0769
session_06493,doc_0386
session_06493,doc_0404
session_06493,doc_0401
session_06493,doc_0905
session_06493,doc_0914
session_06494,doc_0634
session_06494,doc_0613
session_06494,doc_0617
session_06494,doc_0434
session_06495,doc_0754
session_06495,doc_0757
session_06495,doc_0783
session_06495,doc_0518
session_06496,doc_0090
session_06496,doc_0068
session_06497,doc_0373
session_06498,doc_0754
session_06498,doc_0732
session_06498,doc_0642
session_06499,doc_0246
session_06500,doc_0914
session_06500,doc_0898
session_06500,doc_0877
session_06501,doc_0121
session_06501,doc_0180
session_06501,doc_0123
session_06502,doc_0548
session_06502,doc_0518
session_06503,doc_0857
session_06503,doc_0761
session_06504,doc_0152
session_06504,doc_0181
session_06504,doc_0401
session_06505,doc_0144
session_06506,doc_0914
session_06507,doc_0511
session_06507,doc_0513
session_06507,doc_0362
session_06508,doc_0012
session_06509,doc_0518
session_06509,doc_0031
session_06510,doc_0214
session_06510,doc_0239
session_06511,doc_0118
session_06511,doc_0183
session_06511,doc_0179
session_06511,doc_0377
session_06511,doc_0401
session_06512,doc_0133
session_06513,doc_0235
session_06513,doc_0200
session_06514,doc_0373
session_06515,doc_0902
session_06515,doc_0350
session_06516,doc_0802
session_06517,doc_0406
session_06517,doc_0929
session_06518,doc_0631
session_06519,doc_0277
session_06519,doc_0303
session_06520,doc_0704
session_06521,doc_0156
session_06522,doc_0774
session_06522,doc_0743
session_06522,doc_0803
session_06522,doc_0584
session_06522,doc_0502
session_06523,doc_0518
session_06523,doc_0590
session_06524,doc_0031
session_06524,doc_0046
session_06524,doc_0565
session_06525,doc_0261
session_06525,doc_0243
session_06526,doc_0518
session_06527,doc_0752
session_06527,doc_0763
session_06527,doc_0731
session_06527,doc_0718
session_06528,doc_0493
session_06529,doc_0695
session_06529,doc_0914
session_06530,doc_0667
session_06530,doc_0682
session_06531,doc_0152
session_06531,doc_0128
session_06531,doc_0156
session_06531,doc_0183
session_06532,doc_0077
session_06533,doc_0148
session_06534,doc_0459
session_06534,doc_0584
session_06535,doc_0754
session_06535,doc_0728
session_06535,doc_0801
session_06535,doc_0714
session_06535,doc_0776
session_06535,doc_0809
session_06536,doc_0754
session_06536,doc_0752
session_06536,doc_0749
session_06536,doc_0852
session_06536,doc_0825
session_06537,doc_0617
session_06537,doc_0618
session_06538,doc_0564
session_06539,doc_0826
session_06540,doc_0721
session_06541,doc_0502
session_06542,doc_0925
session_06543,doc_0148
session_06543,doc_0118
session_06543,doc_0168
session_06543,doc_0322
session_06544,doc_0148
session_06544,doc_0169
session_06544,doc_0381
session_06545,doc_0043
session_06546,doc_0914
session_06546,doc_0651
session_06547,doc_0689
session_06547,doc_0702
session_06547,doc_0658
session_06548,doc_0208
session_06548,doc_0241
session_06548,doc_0238
session_06548,doc_0217
session_06548,doc_0215
session_06548,doc_0853
session_06549,doc_0148
session_06549,doc_0146
session_06549,doc_0185
session_06550,doc_0479
session_06550,doc_0469
session_06551,doc_0917
session_06552,doc_0322
session_06552,doc_0290
session_06552,doc_0293
session_06552,doc_0381
session_06553,doc_0016
session_06553,doc_0090
session_06553,doc_0617
session_06554,doc_0518
session_06555,doc_0327
session_06555,doc_0700
session_06556,doc_0043
session_06556,doc_0046
session_06556,doc_0331
session_06557,doc_0502
session_06557,doc_0515
session_06558,doc_0001
session_06559,doc_0229
session_06559,doc_0207
session_06559,doc_0235
session_06560,doc_0319
session_06560,doc_0305
session_06560,doc_0290
session_06561,doc_0476
session_06562,doc_0802
session_06562,doc_0757
session_06563,doc_0305
session_06564,doc_0852
session_06564,doc_0845
session_06564,doc_0858
session_06564,doc_0843
session_06565,doc_0476
session_06565,doc_0471
session_06565,doc_0108
session_06566,doc_0179
session_06566,doc_0148
session_06566,doc_0152
session_06566,doc_0322
session_06567,doc_0831
session_06567,doc_0857
session_06567,doc_0817
session_06567,doc_0792
session_06568,doc_0153
session_06568,doc_0172
session_06568,doc_0369
session_06569,doc_0032
session_06569,doc_0031
session_06569,doc_0325
session_06570,doc_0535
session_06570,doc_0565
session_06570,doc_0068
session_06571,doc_0618
session_06571,doc_0628
session_06571,doc_0634
session_06571,doc_0617
session_06571,doc_0754
session_06571,doc_0802
session_06572,doc_0043
session_06572,doc_0001
session_06573,doc_0839
session_06574,doc_0763
session_06575,doc_0778
session_06575,doc_0729
session_06575,doc_0728
session_06575,doc_0754
session_06576,doc_0033
session_06576,doc_0048
session_06577,doc_0291
session_06577,doc_0331
session_06578,doc_0639
session_06578,doc_0641
session_06578,doc_0628
session_06579,doc_0608
session_06580,doc_0754
session_06581,doc_0171
session_06582,doc_0208
session_06582,doc_0238
session_06583,doc_0693
session_06583,doc_0334
session_06584,doc_0708
session_06584,doc_0663
session_06584,doc_0656
session_06585,doc_0209
session_06586,doc_0322
session_06586,doc_0280
session_06587,doc_0921
session_06587,doc_0928
session_06587,doc_0321
session_06587,doc_0322
session_06588,doc_0476
session_06588,doc_0443
session_06589,doc_0048
session_06589,doc_0069
session_06589,doc_0602
session_06590,doc_0584
session_06591,doc_0118
session_06591,doc_0110
session_06591,doc_0284
session_06591,doc_0291
session_06592,doc_0518
session_06593,doc_0201
session_06593,doc_0229
session_06593,doc_0235
session_06593,doc_0476
session_06594,doc_0812
session_06594,doc_0869
session_06594,doc_0860
session_06594,doc_0476
session_06595,doc_0293
session_06595,doc_0310
session_06595,doc_0294
session_06595,doc_0305
session_06595,doc_0148
session_06596,doc_0769
session_06596,doc_0750
session_06596,doc_0934
session_06597,doc_0631
session_06598,doc_0152
session_06599,doc_0518
session_06600,doc_0884
session_06601,doc_0914
session_06601,doc_0663
session_06602,doc_0588
session_06602,doc_0518
session_06603,doc_0591
session_06603,doc_0496
session_06603,doc_0569
session_06603,doc_0518
session_06603,doc_0681
session_06604,doc_0331
session_06604,doc_0373
session_06605,doc_0540
session_06606,doc_0905
session_06606,doc_0927
session_06606,doc_0679
session_06607,doc_0122
session_06607,doc_0914
session_06608,doc_0903
session_06608,doc_0902
session_06609,doc_0308
session_06609,doc_0272
session_06609,doc_0322
session_06609,doc_0331
session_06610,doc_0914
session_06610,doc_0203
session_06611,doc_0297
session_06611,doc_0322
session_06611,doc_0305
session_06611,doc_0325
session_06612,doc_0476
session_06612,doc_0433
session_06613,doc_0857
session_06613,doc_0814
session_06613,doc_0858
session_06614,doc_0302
session_06614,doc_0290
session_06614,doc_0586
session_06614,doc_0565
session_06615,doc_0914
session_06615,doc_0683
session_06616,doc_0617
session_06617,doc_0871
session_06617,doc_0832
session_06618,doc_0914
session_06618,doc_0902
session_06618,doc_0257
session_06619,doc_0493
session_06619,doc_0555
session_06619,doc_0921
session_06620,doc_0110
session_06620,doc_0182
session_06620,doc_0590
session_06621,doc_0373
session_06622,doc_0031
session_06622,doc_0618
session_06623,doc_0001
session_06624,doc_0514
session_06624,doc_0469
session_06625,doc_0868
session_06626,doc_0617
session_06627,doc_0437
session_06627,doc_0485
session_06627,doc_0238
session_06628,doc_0331
session_06629,doc_0471
session_06629,doc_0469
session_06630,doc_0108
session_06630,doc_0148
session_06630,doc_0386
session_06631,doc_0406
session_06631,doc_0373
session_06631,doc_0331
session_06631,doc_0353
session_06632,doc_0070
session_06632,doc_0060
session_06632,doc_0068
session_06633,doc_0752
session_06633,doc_0788
session_06633,doc_0763
session_06633,doc_0803
session_06634,doc_0917
session_06634,doc_0666
session_06635,doc_0369
session_06636,doc_0469
session_06637,doc_0148
session_06638,doc_0337
session_06638,doc_0441
session_06639,doc_0182
session_06639,doc_0127
session_06640,doc_0617
session_06641,doc_0294
session_06641,doc_0316
session_06641,doc_0305
session_06641,doc_0276
session_06641,doc_0322
session_06642,doc_0340
session_06643,doc_0308
session_06644,doc_0327
session_06644,doc_0406
session_06644,doc_0658
session_06645,doc_0614
session_06645,doc_0608
session_06645,doc_0613
session_06646,doc_0238
session_06647,doc_0331
session_06647,doc_0400
session_06648,doc_0118
session_06648,doc_0421
session_06649,doc_0627
session_06649,doc_0618
session_06649,doc_0801
session_06650,doc_0434
session_06650,doc_0417
session_06651,doc_0535
session_06651,doc_0509
session_06652,doc_0754
session_06652,doc_0783
session_06652,doc_0788
session_06652,doc_0803
session_06652,doc_0774
session_06652,doc_0735
session_06653,doc_0565
session_06653,doc_0509
session_06653,doc_0570
session_06654,doc_0369
session_06655,doc_0858
session_06655,doc_0804
session_06655,doc_0819
session_06655,doc_0813
session_06655,doc_0817
session_06655,doc_0673
session_06656,doc_0322
session_06657,doc_0518
session_06657,doc_0541
session_06657,doc_0564
session_06657,doc_0043
session_06658,doc_0754
session_06658,doc_0752
session_06658,doc_0799
session_06658,doc_0774
session_06658,doc_0762
session_06659,doc_0655
session_06660,doc_0148
session_06661,doc_0152
session_06661,doc_0148
session_06661,doc_0118
session_06661,doc_0373
session_06662,doc_0176
session_06662,doc_0152
session_06662,doc_0276
session_06663,doc_0748
session_06663,doc_0852
session_06664,doc_0870
session_06665,doc_0063
session_06666,doc_0120
session_06666,doc_0342
session_06667,doc_0316
session_06667,doc_0322
session_06667,doc_0166
session_06668,doc_0700
session_06668,doc_0672
session_06668,doc_0291
session_06669,doc_0702
session_06670,doc_0565
session_06670,doc_0341
session_06671,doc_0914
session_06671,doc_0884
session_06671,doc_0892
session_06671,doc_0905
session_06671,doc_0917
session_06671,doc_0280
session_06672,doc_0044
session_06673,doc_0832
session_06674,doc_0695
session_06674,doc_0694
session_06674,doc_0656
session_06674,doc_0673
session_06675,doc_0914
session_06675,doc_0932
session_06675,doc_0904
session_06675,doc_0884
session_06675,doc_0912
session_06675,doc_0706
session_06676,doc_0673
session_06676,doc_0656
session_06676,doc_0658
session_06676,doc_0710
session_06677,doc_0481
session_06678,doc_0467
session_06678,doc_0418
session_06678,doc_0469
session_06678,doc_0487
session_06679,doc_0031
session_06679,doc_0033
session_06679,doc_0091
session_06679,doc_0618
session_06680,doc_0412
session_06680,doc_0415
session_06680,doc_0469
session_06680,doc_0618
session_06681,doc_0834
session_06681,doc_0695
session_06682,doc_0286
session_06682,doc_0278
session_06682,doc_0301
session_06682,doc_0879
session_06682,doc_0878
session_06683,doc_0412
session_06684,doc_0293
session_06684,doc_0276
session_06685,doc_0563
session_06685,doc_0518
session_06685,doc_0501
session_06686,doc_0457
session_06686,doc_0429
session_06686,doc_0417
session_06686,doc_0478
session_06687,doc_0672
session_06687,doc_0584
session_06688,doc_0164
session_06688,doc_0148
session_06689,doc_0086
session_06690,doc_0542
session_06690,doc_0586
session_06690,doc_0584
session_06690,doc_0754
session_06691,doc_0316
session_06691,doc_0301
session_06691,doc_0393
session_06692,doc_0160
session_06692,doc_0286
session_06693,doc_0469
session_06693,doc_0479
session_06693,doc_0421
session_06693,doc_0449
session_06693,doc_0431
session_06693,doc_0487
session_06694,doc_0235
session_06695,doc_0421
session_06696,doc_0732
session_06696,doc_0754
session_06697,doc_0261
session_06698,doc_0404
session_06699,doc_0754
session_06700,doc_0852
session_06700,doc_0537
session_06701,doc_0364
session_06701,doc_0330
session_06701,doc_0695
session_06702,doc_0152
session_06702,doc_0316
session_06703,doc_0331
session_06703,doc_0373
session_06703,doc_0394
session_06704,doc_0843
session_06704,doc_0824
session_06705,doc_0280
session_06705,doc_0402
session_06706,doc_0852
session_06707,doc_0756
session_06708,doc_0373
session_06709,doc_0910
session_06709,doc_0900
session_06710,doc_0826
session_06710,doc_0870
session_06710,doc_0734
session_06710,doc_0731
session_06711,doc_0618
session_06711,doc_0626
session_06712,doc_0041
session_06713,doc_0204
session_06714,doc_0734
session_06714,doc_0752
session_06714,doc_0763
session_06714,doc_0801
session_06714,doc_0518
session_06715,doc_0801
session_06715,doc_0732
session_06716,doc_0933
session_06716,doc_0673
session_06717,doc_0564
session_06717,doc_0553
session_06717,doc_0518
session_06717,doc_0173
session_06718,doc_0913
session_06719,doc_0862
session_06719,doc_0870
session_06719,doc_0858
session_06720,doc_0699
session_06720,doc_0695
session_06720,doc_0656
session_06720,doc_0889
session_06720,doc_0911
session_06720,doc_0914
session_06721,doc_0291
session_06722,doc_0795
session_06722,doc_0754
session_06722,doc_0752
session_06722,doc_0770
session_06723,doc_0362
session_06724,doc_0235
session_06725,doc_0223
session_06725,doc_0621
session_06726,doc_0914
session_06726,doc_0703
session_06727,doc_0338
session_06728,doc_0327
session_06728,doc_0398
session_06728,doc_0331
session_06729,doc_0871
session_06729,doc_0863
session_06729,doc_0821
session_06729,doc_0857
session_06729,doc_0126
session_06730,doc_0843
session_06730,doc_0476
session_06731,doc_0039
session_06732,doc_0689
session_06732,doc_0700
session_06732,doc_0656
session_06733,doc_0555
session_06733,doc_0518
session_06733,doc_0001
session_06734,doc_0031
session_06735,doc_0122
session_06735,doc_0389
session_06736,doc_0852
session_06736,doc_0871
session_06737,doc_0502
session_06737,doc_0575
session_06737,doc_0530
session_06737,doc_0492
session_06737,doc_0590
session_06737,doc_0802
session_06738,doc_0331
session_06738,doc_0377
session_06738,doc_0335
session_06738,doc_0394
session_06738,doc_0443
session_06739,doc_0031
session_06739,doc_0627
session_06740,doc_0138
session_06740,doc_0148
session_06740,doc_0673
session_06740,doc_0686
session_06741,doc_0031
session_06741,doc_0921
session_06742,doc_0027
session_06742,doc_0012
session_06742,doc_0031
session_06742,doc_0607
session_06743,doc_0493
session_06743,doc_0523
session_06743,doc_0518
session_06743,doc_0584
session_06743,doc_0492
session_06743,doc_0633
session_06744,doc_0231
session_06744,doc_0617
session_06745,doc_0031
session_06746,doc_0774
session_06747,doc_0294
session_06747,doc_0278
session_06747,doc_0325
session_06747,doc_0331
session_06748,doc_0518
session_06748,doc_0586
session_06749,doc_0803
session_06749,doc_0754
session_06749,doc_0731
session_06749,doc_0633
session_06750,doc_0365
session_06751,doc_0870
session_06752,doc_0397
session_06753,doc_0895
session_06754,doc_0328
session_06754,doc_0332
session_06754,doc_0689
session_06754,doc_0673
session_06755,doc_0322
session_06755,doc_0290
session_06755,doc_0305
session_06755,doc_0276
session_06756,doc_0564
session_06757,doc_0658
session_06757,doc_0683
session_06757,doc_0705
session_06757,doc_0376
session_06758,doc_0063
session_06759,doc_0436
session_06759,doc_0469
session_06759,doc_0615
session_06760,doc_0555
session_06760,doc_0493
session_06760,doc_0591
session_06760,doc_0502
session_06760,doc_0914
session_06761,doc_0502
session_06762,doc_0179
session_06762,doc_0148
session_06762,doc_0119
session_06762,doc_0180
session_06763,doc_0447
session_06763,doc_0229
session_06764,doc_0524
session_06764,doc_0584
session_06764,doc_0754
session_06765,doc_0565
session_06766,doc_0068
session_06767,doc_0187
session_06767,doc_0152
session_06767,doc_0123
session_06768,doc_0291
session_06768,doc_0317
session_06768,doc_0322
session_06768,doc_0367
session_06769,doc_0756
session_06769,doc_0768
session_06770,doc_0156
session_06771,doc_0634
session_06771,doc_0618
session_06772,doc_0843
session_06772,doc_0845
session_06772,doc_0853
session_06773,doc_0852
session_06774,doc_0160
session_06775,doc_0086
session_06775,doc_0098
session_06775,doc_0031
session_06776,doc_0656
session_06776,doc_0673
session_06776,doc_0703
session_06776,doc_0659
session_06776,doc_0796
session_06777,doc_0518
session_06778,doc_0305
session_06779,doc_0415
session_06779,doc_0472
session_06780,doc_0475
session_06780,doc_0439
session_06780,doc_0195
session_06780,doc_0258
session_06781,doc_0769
session_06782,doc_0046
session_06783,doc_0086
session_06783,doc_0063
session_06783,doc_0011
session_06783,doc_0031
session_06783,doc_0291
session_06783,doc_0298
session_06784,doc_0148
session_06784,doc_0184
session_06785,doc_0914
session_06785,doc_0884
session_06786,doc_0239
session_06786,doc_0212
session_06786,doc_0235
session_06786,doc_0476
session_06786,doc_0441
session_06787,doc_0148
session_06787,doc_0138
session_06787,doc_0181
session_06787,doc_0179
session_06787,doc_0845
session_06788,doc_0029
session_06788,doc_0612
session_06789,doc_0403
session_06790,doc_0026
session_06790,doc_0689
session_06791,doc_0068
session_06791,doc_0644
session_06792,doc_0656
session_06793,doc_0673
session_06794,doc_0917
session_06794,doc_0918
session_06794,doc_0914
session_06794,doc_0892
session_06795,doc_0914
session_06796,doc_0305
session_06797,doc_0371
session_06797,doc_0369
session_06797,doc_0019
session_06798,doc_0438
session_06798,doc_0453
session_06798,doc_0458
session_06798,doc_0699
session_06799,doc_0641
session_06800,doc_0754
session_06800,doc_0774
session_06800,doc_0779
session_06801,doc_0852
session_06801,doc_0870
session_06801,doc_0817
session_06801,doc_0732
session_06802,doc_0502
session_06802,doc_0525
session_06802,doc_0118
session_06803,doc_0565
session_06803,doc_0518
session_06803,doc_0592
session_06803,doc_0626
session_06804,doc_0803
session_06804,doc_0783
session_06804,doc_0756
session_06805,doc_0373
session_06805,doc_0341
session_06805,doc_0451
session_06806,doc_0565
session_06806,doc_0501
session_06806,doc_0516
session_06806,doc_0492
session_06807,doc_0068
session_06808,doc_0852
session_06808,doc_0065
session_06809,doc_0879
session_06809,doc_0890
session_06809,doc_0914
session_06809,doc_0891
session_06809,doc_0922
session_06810,doc_0411
session_06810,doc_0420
session_06810,doc_0437
session_06810,doc_0412
session_06810,doc_0471
session_06810,doc_0493
session_06811,doc_0666
session_06812,doc_0754
session_06812,doc_0802
session_06812,doc_0757
session_06812,doc_0784
session_06812,doc_0843
session_06813,doc_0229
session_06813,doc_0207
session_06813,doc_0412
session_06814,doc_0754
session_06814,doc_0792
session_06814,doc_0774
session_06815,doc_0852
session_06815,doc_0856
session_06815,doc_0847
session_06815,doc_0830
session_06816,doc_0331
session_06817,doc_0492
session_06817,doc_0507
session_06817,doc_0522
session_06817,doc_0561
session_06818,doc_0152
session_06819,doc_0754
session_06820,doc_0617
session_06821,doc_0518
session_06821,doc_0527
session_06821,doc_0584
session_06821,doc_0493
session_06821,doc_0559
session_06822,doc_0769
session_06822,doc_0754
session_06822,doc_0757
session_06822,doc_0783
session_06822,doc_0790
session_06822,doc_0360
session_06823,doc_0703
session_06823,doc_0689
session_06823,doc_0684
session_06823,doc_0676
session_06823,doc_0615
session_06824,doc_0121
session_06824,doc_0152
session_06825,doc_0597
session_06825,doc_0331
session_06826,doc_0192
session_06827,doc_0270
session_06828,doc_0615
session_06828,doc_0642
session_06828,doc_0634
session_06829,doc_0235
session_06829,doc_0229
session_06830,doc_0754
session_06831,doc_0400
session_06831,doc_0126
session_06832,doc_0028
session_06832,doc_0011
session_06832,doc_0617
session_06833,doc_0220
session_06833,doc_0605
session_06834,doc_0590
session_06835,doc_0322
session_06835,doc_0290
session_06835,doc_0169
session_06836,doc_0803
session_06837,doc_0068
session_06838,doc_0179
session_06838,doc_0185
session_06838,doc_0364
session_06839,doc_0889
session_06839,doc_0369
session_06840,doc_0620
session_06840,doc_0754
session_06841,doc_0531
session_06841,doc_0517
session_06841,doc_0565
session_06841,doc_0518
session_06841,doc_0493
session_06842,doc_0273
session_06843,doc_0641
session_06843,doc_0369
session_06844,doc_0309
session_06844,doc_0322
session_06844,doc_0310
session_06845,doc_0148
session_06845,doc_0182
session_06845,doc_0291
session_06846,doc_0493
session_06846,doc_0519
session_06847,doc_0518
session_06847,doc_0565
session_06848,doc_0069
session_06849,doc_0870
session_06849,doc_0830
session_06850,doc_0256
session_06850,doc_0217
session_06850,doc_0203
session_06850,doc_0118
session_06851,doc_0235
session_06851,doc_0238
session_06851,doc_0476
session_06852,doc_0091
session_06852,doc_0031
session_06852,doc_0640
session_06853,doc_0663
session_06854,doc_0536
session_06854,doc_0514
session_06855,doc_0617
session_06856,doc_0331
session_06856,doc_0338
session_06856,doc_0350
session_06857,doc_0560
session_06857,doc_0526
session_06857,doc_0493
session_06858,doc_0914
session_06859,doc_0833
session_06859,doc_0843
session_06859,doc_0719
session_06860,doc_0564
session_06860,doc_0491
session_06860,doc_0865
session_06861,doc_0673
session_06862,doc_0608
session_06862,doc_0415
session_06863,doc_0736
session_06864,doc_0757
session_06864,doc_0754
session_06864,doc_0305
session_06865,doc_0512
session_06865,doc_0510
session_06865,doc_0493
session_06865,doc_0559
session_06865,doc_0618
session_06865,doc_0608
session_06866,doc_0342
session_06867,doc_0875
session_06867,doc_0890
session_06867,doc_0876
session_06868,doc_0712
session_06868,doc_0318
session_06869,doc_0469
session_06869,doc_0434
session_06869,doc_0464
session_06869,doc_0443
session_06870,doc_0141
session_06871,doc_0063
session_06871,doc_0048
session_06871,doc_0099
session_06871,doc_0031
session_06871,doc_0068
session_06872,doc_0399
session_06872,doc_0401
session_06872,doc_0327
session_06872,doc_0437
session_06873,doc_0148
session_06873,doc_0134
session_06874,doc_0699
session_06875,doc_0156
session_06875,doc_0306
session_06876,doc_0051
session_06876,doc_0080
session_06876,doc_0046
session_06876,doc_0642
session_06877,doc_0785
session_06877,doc_0783
session_06877,doc_0754
session_06877,doc_0746
session_06877,doc_0584
session_06878,doc_0673
session_06879,doc_0603
session_06879,doc_0612
session_06880,doc_0673
session_06880,doc_0774
session_06881,doc_0656
session_06882,doc_0502
session_06882,doc_0518
session_06882,doc_0577
session_06883,doc_0882
session_06883,doc_0891
session_06884,doc_0235
session_06885,doc_0582
session_06886,doc_0591
session_06886,doc_0555
session_06886,doc_0182
session_06887,doc_0303
session_06888,doc_0469
session_06889,doc_0041
session_06889,doc_0063
session_06889,doc_0043
session_06890,doc_0934
session_06890,doc_0654
session_06891,doc_0639
session_06891,doc_0068
session_06892,doc_0783
session_06893,doc_0215
session_06894,doc_0432
session_06894,doc_0420
session_06894,doc_0469
session_06895,doc_0914
session_06895,doc_0912
session_06895,doc_0934
session_06896,doc_0574
session_06896,doc_0590
session_06897,doc_0173
session_06897,doc_0152
session_06898,doc_0337
session_06898,doc_0346
session_06898,doc_0192
session_06899,doc_0636
session_06899,doc_0626
session_06899,doc_0641
session_06899,doc_0617
session_06900,doc_0623
session_06900,doc_0614
session_06900,doc_0031
session_06901,doc_0322
session_06901,doc_0279
session_06901,doc_0340
session_06902,doc_0074
session_06902,doc_0258
session_06903,doc_0216
session_06904,doc_0373
session_06904,doc_0391
session_06904,doc_0333
session_06904,doc_0434
session_06905,doc_0077
session_06905,doc_0068
session_06905,doc_0413
session_06905,doc_0471
session_06906,doc_0041
session_06907,doc_0469
session_06907,doc_0423
session_06907,doc_0749
session_06907,doc_0752
session_06908,doc_0167
session_06909,doc_0235
session_06909,doc_0229
session_06909,doc_0244
session_06909,doc_0461
session_06910,doc_0011
session_06910,doc_0091
session_06910,doc_0005
session_06910,doc_0068
session_06910,doc_0046
session_06911,doc_0434
session_06912,doc_0757
session_06912,doc_0754
session_06912,doc_0726
session_06912,doc_0377
session_06913,doc_0314
session_06914,doc_0420
session_06915,doc_0699
session_06916,doc_0321
session_06917,doc_0518
session_06917,doc_0492
session_06918,doc_0629
session_06918,doc_0156
session_06919,doc_0625
session_06919,doc_0617
session_06919,doc_0605
session_06919,doc_0777
session_06920,doc_0786
session_06921,doc_0492
session_06921,doc_0032
session_06922,doc_0618
session_06923,doc_0910
session_06923,doc_0907
session_06923,doc_0653
session_06924,doc_0914
session_06924,doc_0884
session_06924,doc_0886
session_06924,doc_0904
session_06924,doc_0331
session_06925,doc_0651
session_06925,doc_0689
session_06926,doc_0148
session_06926,doc_0106
session_06926,doc_0192
session_06926,doc_0153
session_06927,doc_0381
session_06928,doc_0322
session_06928,doc_0318
session_06928,doc_0276
session_06928,doc_0287
session_06928,doc_0891
session_06928,doc_0882
session_06929,doc_0917
session_06930,doc_0716
session_06930,doc_0714
session_06931,doc_0235
session_06931,doc_0469
session_06932,doc_0735
session_06932,doc_0862
session_06933,doc_0322
session_06934,doc_0884
session_06934,doc_0905
session_06934,doc_0933
session_06934,doc_0888
session_06934,doc_0893
session_06935,doc_0857
session_06935,doc_0818
session_06935,doc_0852
session_06935,doc_0783
session_06935,doc_0757
session_06935,doc_0732
session_06936,doc_0152
session_06936,doc_0163
session_06936,doc_0148
session_06936,doc_0305
session_06937,doc_0914
session_06937,doc_0884
session_06938,doc_0179
session_06938,doc_0156
session_06938,doc_0121
session_06938,doc_0334
session_06939,doc_0865
session_06940,doc_0322
session_06940,doc_0269
session_06940,doc_0278
session_06940,doc_0280
session_06940,doc_0362
session_06941,doc_0544
session_06941,doc_0502
session_06942,doc_0046
session_06942,doc_0379
session_06943,doc_0618
session_06943,doc_0594
session_06943,doc_0625
session_06943,doc_0157
session_06944,doc_0518
session_06944,doc_0502
session_06944,doc_0560
session_06945,doc_0235
session_06945,doc_0043
session_06946,doc_0592
session_06947,doc_0658
session_06947,doc_0882
session_06948,doc_0616
session_06948,doc_0617
session_06949,doc_0557
session_06949,doc_0575
session_06949,doc_0748
session_06950,doc_0618
session_06951,doc_0518
session_06952,doc_0754
session_06953,doc_0914
session_06953,doc_0917
session_06954,doc_0243
session_06955,doc_0673
session_06956,doc_0360
session_06956,doc_0401
session_06956,doc_0409
session_06956,doc_0389
session_06957,doc_0601
session_06957,doc_0621
session_06958,doc_0379
session_06958,doc_0364
session_06959,doc_0658
session_06959,doc_0673
session_06960,doc_0886
session_06960,doc_0902
session_06960,doc_0928
session_06960,doc_0019
session_06961,doc_0235
session_06962,doc_0373
session_06963,doc_0044
session_06963,doc_0043
session_06963,doc_0493
session_06964,doc_0617
session_06964,doc_0621
session_06965,doc_0501
session_06966,doc_0235
session_06966,doc_0243
session_06966,doc_0858
session_06967,doc_0754
session_06967,doc_0868
session_06968,doc_0213
session_06968,doc_0476
session_06969,doc_0380
session_06970,doc_0229
session_06970,doc_0238
session_06970,doc_0246
session_06970,doc_0254
session_06970,doc_0243
session_06971,doc_0795
session_06972,doc_0564
session_06972,doc_0508
session_06972,doc_0550
session_06972,doc_0493
session_06973,doc_0658
session_06973,doc_0934
session_06974,doc_0862
session_06974,doc_0857
session_06974,doc_0063
session_06974,doc_0016
session_06975,doc_0858
session_06975,doc_0870
session_06975,doc_0852
session_06975,doc_0871
session_06976,doc_0443
session_06976,doc_0469
session_06976,doc_0241
session_06977,doc_0518
session_06977,doc_0556
session_06978,doc_0819
session_06979,doc_0156
session_06979,doc_0184
session_06979,doc_0152
session_06979,doc_0297
session_06979,doc_0322
session_06980,doc_0148
session_06980,doc_0145
session_06981,doc_0331
session_06982,doc_0280
session_06982,doc_0291
session_06982,doc_0331
session_06982,doc_0370
session_06983,doc_0565
session_06983,doc_0518
session_06983,doc_0501
session_06983,doc_0734
session_06984,doc_0878
session_06984,doc_0884
session_06984,doc_0905
session_06985,doc_0235
session_06985,doc_0220
session_06985,doc_0238
session_06985,doc_0243
session_06986,doc_0395
session_06986,doc_0884
session_06987,doc_0564
session_06987,doc_0492
session_06988,doc_0600
session_06989,doc_0701
session_06989,doc_0675
session_06989,doc_0369
session_06990,doc_0653
session_06990,doc_0663
session_06991,doc_0261
session_06991,doc_0245
session_06992,doc_0902
session_06992,doc_0889
session_06992,doc_0911
session_06992,doc_0921
session_06992,doc_0904
session_06992,doc_0673
session_06993,doc_0148
session_06993,doc_0182
session_06994,doc_0001
session_06994,doc_0092
session_06994,doc_0048
session_06994,doc_0065
session_06994,doc_0031
session_06994,doc_0373
session_06995,doc_0818
session_06996,doc_0276
session_06997,doc_0627
session_06998,doc_0818
session_06998,doc_0852
session_06998,doc_0754
session_06999,doc_0322
session_06999,doc_0168
session_07000,doc_0148
session_07000,doc_0190
session_07001,doc_0900
session_07001,doc_0914
session_07002,doc_0469
session_07003,doc_0291
session_07003,doc_0316
session_07003,doc_0689
session_07004,doc_0456
session_07004,doc_0420
session_07004,doc_0428
session_07005,doc_0240
session_07006,doc_0392
session_07007,doc_0617
session_07007,doc_0422
session_07008,doc_0428
session_07008,doc_0469
session_07008,doc_0481
session_07008,doc_0441
session_07009,doc_0680
session_07009,doc_0699
session_07009,doc_0675
session_07009,doc_0697
session_07010,doc_0914
session_07010,doc_0683
session_07011,doc_0719
session_07011,doc_0774
session_07011,doc_0779
session_07011,doc_0857
session_07012,doc_0673
session_07013,doc_0750
session_07013,doc_0757
session_07013,doc_0780
session_07013,doc_0774
session_07013,doc_0373
session_07014,doc_0068
session_07014,doc_0063
session_07014,doc_0849
session_07015,doc_0913
session_07015,doc_0929
session_07015,doc_0926
session_07016,doc_0756
session_07016,doc_0754
session_07017,doc_0235
session_07017,doc_0218
session_07018,doc_0852
session_07018,doc_0754
session_07019,doc_0031
session_07019,doc_0063
session_07019,doc_0054
session_07019,doc_0048
session_07020,doc_0518
session_07021,doc_0518
session_07021,doc_0508
session_07021,doc_0493
session_07021,doc_0560
session_07022,doc_0376
session_07023,doc_0228
session_07023,doc_0260
session_07024,doc_0261
session_07024,doc_0229
session_07025,doc_0608
session_07025,doc_0624
session_07026,doc_0852
session_07026,doc_0914
session_07027,doc_0337
session_07027,doc_0352
session_07027,doc_0234
session_07028,doc_0852
session_07028,doc_0282
session_07029,doc_0243
session_07029,doc_0235
session_07029,doc_0441
session_07030,doc_0857
session_07031,doc_0644
session_07031,doc_0630
session_07031,doc_0617
session_07032,doc_0331
session_07032,doc_0401
session_07033,doc_0068
session_07033,doc_0077
session_07033,doc_0048
session_07034,doc_0689
session_07034,doc_0900
session_07035,doc_0843
session_07036,doc_0469
session_07036,doc_0431
session_07036,doc_0502
session_07037,doc_0305
session_07037,doc_0362
session_07038,doc_0644
session_07038,doc_0617
session_07039,doc_0518
session_07039,doc_0526
session_07039,doc_0736
session_07040,doc_0427
session_07040,doc_0754
session_07041,doc_0331
session_07042,doc_0644
session_07042,doc_0604
session_07042,doc_0018
session_07043,doc_0057
session_07043,doc_0034
session_07044,doc_0803
session_07044,doc_0732
session_07044,doc_0599
session_07045,doc_0260
session_07046,doc_0291
session_07046,doc_0286
session_07047,doc_0154
session_07047,doc_0187
session_07048,doc_0493
session_07048,doc_0569
session_07049,doc_0046
session_07049,doc_0027
session_07049,doc_0041
session_07049,doc_0102
session_07049,doc_0031
session_07050,doc_0235
session_07051,doc_0091
session_07051,doc_0016
session_07051,doc_0543
session_07052,doc_0069
session_07052,doc_0046
session_07053,doc_0841
session_07053,doc_0852
session_07053,doc_0804
session_07053,doc_0754
session_07054,doc_0229
session_07054,doc_0236
session_07054,doc_0243
session_07054,doc_0218
session_07054,doc_0238
session_07055,doc_0488
session_07055,doc_0517
session_07055,doc_0586
session_07056,doc_0280
session_07056,doc_0276
session_07057,doc_0259
session_07057,doc_0843
session_07058,doc_0291
session_07058,doc_0322
session_07059,doc_0369
session_07059,doc_0389
session_07060,doc_0501
session_07061,doc_0878
session_07061,doc_0917
session_07061,doc_0914
session_07061,doc_0905
session_07062,doc_0031
session_07062,doc_0068
session_07062,doc_0001
session_07062,doc_0565
session_07063,doc_0031
session_07064,doc_0142
session_07064,doc_0409
session_07065,doc_0512
session_07065,doc_0035
session_07066,doc_0148
session_07066,doc_0169
session_07066,doc_0902
session_07067,doc_0874
session_07068,doc_0557
session_07068,doc_0493
session_07068,doc_0540
session_07068,doc_0584
session_07068,doc_0327
session_07069,doc_0181
session_07069,doc_0163
session_07069,doc_0192
session_07069,doc_0118
session_07070,doc_0564
session_07070,doc_0565
session_07070,doc_0259
session_07071,doc_0349
session_07072,doc_0637
session_07073,doc_0235
session_07074,doc_0689
session_07074,doc_0673
session_07075,doc_0163
session_07076,doc_0369
session_07076,doc_0346
session_07076,doc_0331
session_07076,doc_0373
session_07076,doc_0381
session_07077,doc_0752
session_07078,doc_0040
session_07079,doc_0914
session_07079,doc_0900
session_07079,doc_0331
session_07080,doc_0235
session_07081,doc_0325
session_07081,doc_0291
session_07081,doc_0316
session_07081,doc_0373
session_07082,doc_0125
session_07082,doc_0168
session_07082,doc_0148
session_07082,doc_0181
session_07082,doc_0119
session_07083,doc_0010
session_07083,doc_0689
session_07084,doc_0774
session_07084,doc_0795
session_07084,doc_0798
session_07084,doc_0829
session_07085,doc_0469
session_07085,doc_0476
session_07085,doc_0412
session_07085,doc_0459
session_07085,doc_0614
session_07085,doc_0596
session_07086,doc_0238
session_07086,doc_0259
session_07086,doc_0235
session_07086,doc_0477
session_07086,doc_0456
session_07087,doc_0263
session_07088,doc_0266
session_07089,doc_0305
session_07089,doc_0310
session_07089,doc_0322
session_07089,doc_0303
session_07090,doc_0803
session_07090,doc_0602
session_07091,doc_0658
session_07091,doc_0673
session_07091,doc_0341
session_07092,doc_0101
session_07092,doc_0048
session_07092,doc_0005
session_07093,doc_0192
session_07093,doc_0322
session_07094,doc_0305
session_07094,doc_0316
session_07095,doc_0596
session_07095,doc_0644
session_07095,doc_0601
session_07095,doc_0905
session_07096,doc_0812
session_07096,doc_0836
session_07097,doc_0518
session_07098,doc_0276
session_07098,doc_0316
session_07098,doc_0293
session_07098,doc_0152
session_07099,doc_0238
session_07099,doc_0203
session_07099,doc_0246
session_07100,doc_0852
session_07101,doc_0518
session_07102,doc_0929
session_07102,doc_0914
session_07103,doc_0068
session_07104,doc_0551
session_07105,doc_0752
session_07105,doc_0802
session_07105,doc_0641
session_07106,doc_0277
session_07106,doc_0280
session_07106,doc_0279
session_07106,doc_0331
session_07107,doc_0752
session_07107,doc_0784
session_07108,doc_0762
session_07109,doc_0689
session_07109,doc_0658
session_07109,doc_0341
session_07110,doc_0752
session_07110,doc_0718
session_07110,doc_0918
session_07110,doc_0902
session_07111,doc_0293
session_07111,doc_0291
session_07112,doc_0590
session_07113,doc_0921
session_07113,doc_0914
session_07113,doc_0889
session_07113,doc_0879
session_07113,doc_0331
session_07114,doc_0325
session_07114,doc_0295
session_07115,doc_0504
session_07115,doc_0586
session_07115,doc_0757
session_07116,doc_0235
session_07116,doc_0243
session_07116,doc_0208
session_07116,doc_0256
session_07116,doc_0261
session_07117,doc_0574
session_07117,doc_0518
session_07117,doc_0101
session_07118,doc_0627
session_07118,doc_0618
session_07119,doc_0152
session_07119,doc_0174
session_07119,doc_0121
session_07119,doc_0173
session_07120,doc_0919
session_07120,doc_0890
session_07120,doc_0917
session_07120,doc_0884
session_07121,doc_0179
session_07122,doc_0133
session_07123,doc_0518
session_07123,doc_0541
session_07123,doc_0502
session_07123,doc_0496
session_07124,doc_0338
session_07124,doc_0396
session_07124,doc_0406
session_07125,doc_0173
session_07126,doc_0148
session_07126,doc_0322
session_07127,doc_0595
session_07128,doc_0148
session_07128,doc_0179
session_07129,doc_0291
session_07129,doc_0266
session_07130,doc_0894
session_07131,doc_0182
session_07131,doc_0119
session_07132,doc_0471
session_07133,doc_0618
session_07133,doc_0641
session_07133,doc_0448
session_07134,doc_0461
session_07134,doc_0428
session_07134,doc_0673
session_07135,doc_0054
session_07135,doc_0018
session_07136,doc_0518
session_07136,doc_0512
session_07136,doc_0584
session_07136,doc_0564
session_07137,doc_0157
session_07137,doc_0305
session_07138,doc_0565
session_07138,doc_0518
session_07139,doc_0673
session_07139,doc_0695
session_07139,doc_0666
session_07139,doc_0671
session_07139,doc_0703
session_07139,doc_0878
session_07140,doc_0229
session_07140,doc_0235
session_07141,doc_0148
session_07142,doc_0547
session_07142,doc_0369
session_07143,doc_0205
session_07143,doc_0213
session_07143,doc_0469
session_07144,doc_0291
session_07144,doc_0369
session_07145,doc_0348
session_07145,doc_0373
session_07145,doc_0401
session_07145,doc_0372
session_07145,doc_0364
session_07145,doc_0148
session_07146,doc_0791
session_07147,doc_0490
session_07147,doc_0577
session_07147,doc_0501
session_07147,doc_0772
session_07148,doc_0373
session_07148,doc_0331
session_07148,doc_0369
session_07149,doc_0243
session_07149,doc_0331
session_07150,doc_0437
session_07150,doc_0481
session_07150,doc_0618
session_07151,doc_0152
session_07152,doc_0331
session_07153,doc_0502
session_07153,doc_0547
session_07153,doc_0586
session_07154,doc_0915
session_07154,doc_0887
session_07154,doc_0884
session_07154,doc_0454
session_07155,doc_0514
session_07155,doc_0526
session_07155,doc_0557
session_07155,doc_0041
session_07156,doc_0485
session_07157,doc_0432
session_07157,doc_0618
session_07158,doc_0223
session_07159,doc_0032
session_07159,doc_0086
session_07160,doc_0084
session_07161,doc_0122
session_07162,doc_0754
session_07162,doc_0764
session_07162,doc_0755
session_07162,doc_0641
session_07163,doc_0027
session_07163,doc_0032
session_07163,doc_0031
session_07163,doc_0065
session_07164,doc_0627
session_07164,doc_0625
session_07165,doc_0754
session_07166,doc_0162
session_07166,doc_0161
session_07167,doc_0689
session_07167,doc_0673
session_07168,doc_0914
session_07168,doc_0928
session_07169,doc_0451
session_07169,doc_0229
session_07170,doc_0609
session_07170,doc_0619
session_07170,doc_0641
session_07170,doc_0606
session_07170,doc_0618
session_07171,doc_0852
session_07171,doc_0808
session_07171,doc_0817
session_07171,doc_0818
session_07171,doc_0822
session_07172,doc_0783
session_07172,doc_0732
session_07172,doc_0615
session_07173,doc_0781
session_07173,doc_0803
session_07173,doc_0786
session_07174,doc_0544
session_07174,doc_0555
session_07175,doc_0273
session_07175,doc_0322
session_07175,doc_0810
session_07176,doc_0415
session_07176,doc_0461
session_07176,doc_0424
session_07176,doc_0641
session_07177,doc_0789
session_07177,doc_0774
session_07177,doc_0738
session_07177,doc_0752
session_07177,doc_0754
session_07178,doc_0513
session_07178,doc_0501
session_07178,doc_0526
session_07178,doc_0025
session_07179,doc_0689
session_07179,doc_0654
session_07180,doc_0900
session_07181,doc_0603
session_07182,doc_0086
session_07182,doc_0048
session_07182,doc_0621
session_07183,doc_0331
session_07184,doc_0873
session_07185,doc_0184
session_07185,doc_0148
session_07185,doc_0857
session_07186,doc_0331
session_07186,doc_0393
session_07187,doc_0263
session_07188,doc_0325
session_07188,doc_0351
session_07189,doc_0341
session_07189,doc_0334
session_07189,doc_0360
session_07189,doc_0381
session_07190,doc_0031
session_07190,doc_0666
session_07191,doc_0621
session_07192,doc_0434
session_07193,doc_0155
session_07194,doc_0622
session_07195,doc_0905
session_07196,doc_0692
session_07197,doc_0917
session_07198,doc_0366
session_07199,doc_0002
session_07199,doc_0068
session_07200,doc_0429
session_07200,doc_0441
session_07201,doc_0124
session_07201,doc_0155
session_07201,doc_0141
session_07202,doc_0617
session_07202,doc_0627
session_07203,doc_0381
session_07203,doc_0369
session_07203,doc_0699
session_07203,doc_0697
session_07204,doc_0543
session_07205,doc_0373
session_07205,doc_0686
session_07206,doc_0608
session_07206,doc_0615
session_07206,doc_0914
session_07207,doc_0331
session_07207,doc_0373
session_07207,doc_0905
session_07208,doc_0200
session_07208,doc_0331
session_07209,doc_0079
session_07209,doc_0031
session_07210,doc_0078
session_07210,doc_0020
session_07210,doc_0032
session_07211,doc_0156
session_07212,doc_0934
session_07212,doc_0902
session_07212,doc_0924
session_07213,doc_0240
session_07214,doc_0375
session_07214,doc_0673
session_07215,doc_0565
session_07216,doc_0268
session_07216,doc_0322
session_07217,doc_0510
session_07218,doc_0235
session_07218,doc_0222
session_07219,doc_0653
session_07219,doc_0673
session_07219,doc_0681
session_07219,doc_0621
session_07220,doc_0011
session_07221,doc_0502
session_07221,doc_0518
session_07221,doc_0574
session_07222,doc_0172
session_07222,doc_0179
session_07223,doc_0639
session_07224,doc_0654
session_07224,doc_0653
session_07224,doc_0381
session_07225,doc_0917
session_07225,doc_0910
session_07225,doc_0291
session_07226,doc_0627
session_07226,doc_0644
session_07226,doc_0617
session_07227,doc_0026
session_07227,doc_0063
session_07227,doc_0080
session_07227,doc_0031
session_07227,doc_0073
session_07228,doc_0273
session_07228,doc_0312
session_07228,doc_0316
session_07228,doc_0366
session_07229,doc_0631
session_07229,doc_0644
session_07229,doc_0618
session_07229,doc_0617
session_07229,doc_0648
session_07230,doc_0031
session_07230,doc_0229
session_07231,doc_0870
session_07231,doc_0848
session_07232,doc_0754
session_07232,doc_0618
session_07233,doc_0339
session_07234,doc_0156
session_07234,doc_0148
session_07235,doc_0673
session_07235,doc_0658
session_07235,doc_0689
session_07235,doc_0656
session_07235,doc_0676
session_07235,doc_0392
session_07236,doc_0584
session_07236,doc_0502
session_07236,doc_0493
session_07236,doc_0034
session_07236,doc_0046
session_07237,doc_0420
session_07238,doc_0092
session_07238,doc_0017
session_07238,doc_0282
session_07238,doc_0273
session_07239,doc_0839
session_07239,doc_0843
session_07239,doc_0844
session_07239,doc_0754
session_07239,doc_0766
session_07240,doc_0418
session_07240,doc_0472
session_07240,doc_0441
session_07240,doc_0443
session_07240,doc_0769
session_07241,doc_0860
session_07241,doc_0858
session_07241,doc_0843
session_07242,doc_0676
session_07242,doc_0689
session_07242,doc_0699
session_07242,doc_0518
session_07243,doc_0751
session_07243,doc_0770
session_07243,doc_0504
session_07243,doc_0493
session_07244,doc_0493
session_07244,doc_0566
session_07244,doc_0533
session_07244,doc_0574
session_07244,doc_0569
session_07245,doc_0869
session_07245,doc_0825
session_07245,doc_0843
session_07246,doc_0208
session_07246,doc_0211
session_07246,doc_0476
session_07247,doc_0656
session_07247,doc_0673
session_07247,doc_0671
session_07247,doc_0327
session_07248,doc_0273
session_07248,doc_0305
session_07249,doc_0381
session_07250,doc_0673
session_07250,doc_0708
session_07250,doc_0702
session_07250,doc_0369
session_07251,doc_0469
session_07252,doc_0547
session_07252,doc_0592
session_07252,doc_0572
session_07252,doc_0586
session_07252,doc_0754
session_07253,doc_0172
session_07253,doc_0126
session_07253,doc_0170
session_07253,doc_0305
session_07254,doc_0182
session_07254,doc_0150
session_07255,doc_0773
session_07256,doc_0900
session_07256,doc_0914
session_07257,doc_0845
session_07258,doc_0152
session_07258,doc_0183
session_07259,doc_0401
session_07259,doc_0439
session_07260,doc_0617
session_07260,doc_0614
session_07260,doc_0458
session_07261,doc_0405
session_07262,doc_0429
session_07262,doc_0477
session_07262,doc_0471
session_07262,doc_0473
session_07263,doc_0373
session_07263,doc_0391
session_07264,doc_0793
session_07265,doc_0884
session_07265,doc_0917
session_07265,doc_0676
session_07266,doc_0728
session_07266,doc_0757
session_07266,doc_0754
session_07266,doc_0870
session_07267,doc_0322
session_07268,doc_0146
session_07268,doc_0152
session_07268,doc_0373
session_07269,doc_0331
session_07269,doc_0357
session_07269,doc_0362
session_07269,doc_0373
session_07269,doc_0229
session_07269,doc_0206
session_07270,doc_0900
session_07270,doc_0904
session_07271,doc_0208
session_07272,doc_0148
session_07273,doc_0488
session_07273,doc_0584
session_07273,doc_0783
session_07274,doc_0914
session_07274,doc_0658
session_07275,doc_0754
session_07276,doc_0469
session_07276,doc_0418
session_07276,doc_0450
session_07277,doc_0852
session_07277,doc_0817
session_07277,doc_0830
session_07277,doc_0833
session_07278,doc_0456
session_07278,doc_0420
session_07278,doc_0362
session_07279,doc_0121
session_07279,doc_0148
session_07279,doc_0161
session_07280,doc_0235
session_07281,doc_0068
session_07281,doc_0031
session_07281,doc_0618
session_07282,doc_0872
session_07282,doc_0502
session_07283,doc_0699
session_07283,doc_0656
session_07283,doc_0031
session_07284,doc_0148
session_07284,doc_0182
session_07284,doc_0144
session_07284,doc_0120
session_07284,doc_0291
session_07285,doc_0518
session_07285,doc_0584
session_07285,doc_0516
session_07285,doc_0063
session_07286,doc_0652
session_07287,doc_0401
session_07288,doc_0914
session_07288,doc_0889
session_07288,doc_0413
session_07289,doc_0766
session_07289,doc_0172
session_07290,doc_0392
session_07291,doc_0452
session_07291,doc_0432
session_07291,doc_0426
session_07291,doc_0469
session_07292,doc_0528
session_07292,doc_0152
session_07293,doc_0225
session_07293,doc_0148
session_07294,doc_0445
session_07295,doc_0410
session_07296,doc_0028
session_07296,doc_0075
session_07296,doc_0584
session_07297,doc_0336
session_07297,doc_0331
session_07297,doc_0341
session_07297,doc_0344
session_07298,doc_0360
session_07298,doc_0381
session_07299,doc_0235
session_07300,doc_0421
session_07301,doc_0476
session_07302,doc_0148
session_07303,doc_0900
session_07303,doc_0877
session_07303,doc_0235
session_07304,doc_0235
session_07304,doc_0221
session_07304,doc_0331
session_07305,doc_0699
session_07305,doc_0666
session_07305,doc_0156
session_07306,doc_0156
session_07307,doc_0779
session_07307,doc_0765
session_07308,doc_0369
session_07308,doc_0373
session_07308,doc_0905
session_07308,doc_0904
session_07309,doc_0720
session_07310,doc_0844
session_07310,doc_0828
session_07310,doc_0856
session_07310,doc_0728
session_07311,doc_0373
session_07312,doc_0063
session_07312,doc_0043
session_07312,doc_0736
session_07313,doc_0043
session_07313,doc_0063
session_07314,doc_0067
session_07314,doc_0041
session_07314,doc_0617
session_07315,doc_0803
session_07315,doc_0754
session_07315,doc_0793
session_07315,doc_0493
session_07316,doc_0362
session_07316,doc_0373
session_07317,doc_0152
session_07317,doc_0182
session_07317,doc_0103
session_07317,doc_0156
session_07318,doc_0383
session_07318,doc_0333
session_07319,doc_0235
session_07319,doc_0218
session_07319,doc_0458
session_07320,doc_0411
session_07320,doc_0469
session_07320,doc_0472
session_07321,doc_0843
session_07321,doc_0817
session_07322,doc_0322
session_07323,doc_0752
session_07323,doc_0501
session_07324,doc_0752
session_07324,doc_0757
session_07324,doc_0749
session_07324,doc_0716
session_07325,doc_0491
session_07326,doc_0063
session_07326,doc_0031
session_07327,doc_0843
session_07328,doc_0203
session_07329,doc_0316
session_07329,doc_0322
session_07329,doc_0276
session_07329,doc_0362
session_07330,doc_0261
session_07330,doc_0246
session_07330,doc_0200
session_07331,doc_0269
session_07332,doc_0031
session_07333,doc_0388
session_07333,doc_0331
session_07334,doc_0152
session_07334,doc_0121
session_07334,doc_0179
session_07335,doc_0293
session_07335,doc_0291
session_07336,doc_0517
session_07336,doc_0584
session_07337,doc_0291
session_07337,doc_0295
session_07337,doc_0131
session_07338,doc_0651
session_07338,doc_0654
session_07338,doc_0928
session_07339,doc_0852
session_07339,doc_0864
session_07340,doc_0148
session_07340,doc_0168
session_07340,doc_0269
session_07341,doc_0569
session_07341,doc_0376
session_07342,doc_0846
session_07342,doc_0819
session_07342,doc_0852
session_07342,doc_0322
session_07343,doc_0017
session_07343,doc_0004
session_07344,doc_0621
session_07344,doc_0641
session_07344,doc_0603
session_07345,doc_0043
session_07345,doc_0031
session_07345,doc_0318
session_07345,doc_0322
session_07346,doc_0617
session_07346,doc_0641
session_07346,doc_0626
session_07346,doc_0434
session_07347,doc_0511
session_07347,doc_0559
session_07347,doc_0006
session_07348,doc_0276
session_07348,doc_0284
session_07348,doc_0700
session_07349,doc_0615
session_07349,doc_0617
session_07350,doc_0526
session_07351,doc_0331
session_07351,doc_0016
session_07352,doc_0902
session_07352,doc_0914
session_07352,doc_0884
session_07352,doc_0894
session_07352,doc_0897
session_07352,doc_0373
session_07353,doc_0565
session_07353,doc_0573
session_07353,doc_0583
session_07353,doc_0915
session_07353,doc_0900
session_07354,doc_0238
session_07354,doc_0443
session_07355,doc_0757
session_07355,doc_0754
session_07355,doc_0783
session_07355,doc_0718
session_07355,doc_0732
session_07355,doc_0476
session_07356,doc_0700
session_07356,doc_0673
session_07357,doc_0615
session_07357,doc_0617
session_07357,doc_0642
session_07358,doc_0148
session_07359,doc_0014
session_07359,doc_0056
session_07359,doc_0031
session_07359,doc_0068
session_07360,doc_0590
session_07360,doc_0493
session_07361,doc_0564
session_07361,doc_0565
session_07361,doc_0493
session_07361,doc_0492
session_07361,doc_0592
session_07361,doc_0590
session_07362,doc_0276
session_07363,doc_0319
session_07363,doc_0322
session_07364,doc_0691
session_07364,doc_0689
session_07364,doc_0673
session_07365,doc_0316
session_07366,doc_0927
session_07366,doc_0877
session_07366,doc_0695
session_07367,doc_0796
session_07367,doc_0757
session_07367,doc_0515
session_07368,doc_0257
session_07368,doc_0656
session_07369,doc_0500
session_07369,doc_0501
session_07369,doc_0518
session_07370,doc_0213
session_07371,doc_0160
session_07371,doc_0162
session_07371,doc_0536
session_07372,doc_0933
session_07372,doc_0902
session_07372,doc_0921
session_07372,doc_0386
session_07373,doc_0316
session_07374,doc_0148
session_07375,doc_0621
session_07375,doc_0627
session_07375,doc_0617
session_07375,doc_0618
session_07375,doc_0179
session_07376,doc_0362
session_07376,doc_0392
session_07377,doc_0905
session_07377,doc_0914
session_07378,doc_0817
session_07378,doc_0754
session_07379,doc_0504
session_07379,doc_0493
session_07380,doc_0642
session_07380,doc_0627
session_07380,doc_0641
session_07380,doc_0617
session_07380,doc_0623
session_07380,doc_0600
session_07381,doc_0699
session_07381,doc_0676
session_07381,doc_0694
session_07381,doc_0704
session_07381,doc_0661
session_07381,doc_0392
session_07382,doc_0206
session_07382,doc_0211
session_07382,doc_0241
session_07382,doc_0212
session_07383,doc_0518
session_07383,doc_0569
session_07383,doc_0565
session_07383,doc_0757
session_07384,doc_0617
session_07385,doc_0229
session_07386,doc_0373
session_07386,doc_0401
session_07386,doc_0331
session_07387,doc_0001
session_07387,doc_0068
session_07388,doc_0442
session_07388,doc_0443
session_07389,doc_0331
session_07390,doc_0471
session_07391,doc_0218
session_07392,doc_0331
session_07393,doc_0322
session_07393,doc_0276
session_07394,doc_0177
session_07394,doc_0186
session_07394,doc_0490
session_07395,doc_0394
session_07395,doc_0331
session_07395,doc_0914
session_07396,doc_0300
session_07397,doc_0168
session_07397,doc_0179
session_07397,doc_0754
session_07398,doc_0043
session_07399,doc_0676
session_07399,doc_0658
session_07400,doc_0565
session_07400,doc_0564
session_07401,doc_0162
session_07401,doc_0273
session_07402,doc_0755
session_07403,doc_0902
session_07403,doc_0327
session_07404,doc_0148
session_07404,doc_0182
session_07405,doc_0305
session_07405,doc_0152
session_07406,doc_0476
session_07406,doc_0456
session_07407,doc_0493
session_07407,doc_0565
session_07407,doc_0618
session_07408,doc_0641
session_07408,doc_0617
session_07408,doc_0637
session_07409,doc_0206
session_07409,doc_0198
session_07409,doc_0606
session_07410,doc_0310
session_07411,doc_0269
session_07411,doc_0283
session_07411,doc_0360
session_07412,doc_0409
session_07413,doc_0283
session_07413,doc_0322
session_07413,doc_0148
session_07414,doc_0804
session_07414,doc_0852
session_07415,doc_0514
session_07416,doc_0754
session_07417,doc_0493
session_07417,doc_0546
session_07417,doc_0804
session_07418,doc_0258
session_07418,doc_0421
session_07419,doc_0148
session_07419,doc_0156
session_07419,doc_0409
session_07420,doc_0905
session_07420,doc_0925
session_07421,doc_0032
session_07421,doc_0031
session_07422,doc_0902
session_07422,doc_0917
session_07422,doc_0905
session_07423,doc_0835
session_07424,doc_0225
session_07424,doc_0208
session_07425,doc_0914
session_07425,doc_0923
session_07425,doc_0929
session_07425,doc_0902
session_07425,doc_0180
session_07426,doc_0518
session_07427,doc_0469
session_07427,doc_0476
session_07427,doc_0470
session_07427,doc_0617
session_07427,doc_0629
session_07428,doc_0177
session_07428,doc_0153
session_07429,doc_0774
session_07430,doc_0148
session_07430,doc_0152
session_07431,doc_0156
session_07431,doc_0305
session_07432,doc_0586
session_07432,doc_0518
session_07433,doc_0331
session_07433,doc_0340
session_07434,doc_0235
session_07435,doc_0401
session_07436,doc_0845
session_07436,doc_0810
session_07436,doc_0817
session_07436,doc_0752
session_07437,doc_0262
session_07437,doc_0246
session_07437,doc_0469
session_07437,doc_0474
session_07438,doc_0884
session_07438,doc_0914
session_07438,doc_0342
session_07439,doc_0856
session_07439,doc_0804
session_07439,doc_0852
session_07440,doc_0354
session_07440,doc_0406
session_07440,doc_0914
session_07441,doc_0648
session_07441,doc_0615
session_07441,doc_0637
session_07441,doc_0277
session_07441,doc_0297
session_07442,doc_0043
session_07442,doc_0060
session_07442,doc_0063
session_07443,doc_0569
session_07444,doc_0591
session_07444,doc_0752
session_07445,doc_0501
session_07445,doc_0518
session_07445,doc_0780
session_07446,doc_0235
session_07446,doc_0375
session_07447,doc_0673
session_07447,doc_0689
session_07447,doc_0659
session_07447,doc_0933
session_07448,doc_0856
session_07449,doc_0699
session_07449,doc_0689
session_07450,doc_0617
session_07451,doc_0373
session_07451,doc_0331
session_07451,doc_0148
session_07452,doc_0469
session_07452,doc_0458
session_07452,doc_0420
session_07453,doc_0322
session_07454,doc_0157
session_07454,doc_0322
session_07455,doc_0914
session_07455,doc_0918
session_07455,doc_0933
session_07455,doc_0900
session_07455,doc_0148
session_07456,doc_0471
session_07456,doc_0476
session_07456,doc_0235
session_07457,doc_0333
session_07457,doc_0332
session_07457,doc_0381
session_07457,doc_0331
session_07457,doc_0360
session_07457,doc_0339
session_07458,doc_0148
session_07458,doc_0121
session_07459,doc_0754
session_07459,doc_0752
session_07460,doc_0369
session_07460,doc_0404
session_07461,doc_0810
session_07461,doc_0852
session_07461,doc_0815
session_07462,doc_0699
session_07462,doc_0870
session_07463,doc_0373
session_07463,doc_0658
session_07464,doc_0824
session_07464,doc_0774
session_07465,doc_0235
session_07466,doc_0626
session_07466,doc_0608
session_07467,doc_0483
session_07467,doc_0412
session_07468,doc_0324
session_07468,doc_0322
session_07468,doc_0273
session_07468,doc_0305
session_07468,doc_0754
session_07469,doc_0742
session_07470,doc_0469
session_07471,doc_0754
session_07471,doc_0790
session_07471,doc_0732
session_07472,doc_0203
session_07472,doc_0274
session_07473,doc_0401
session_07473,doc_0364
session_07473,doc_0331
session_07473,doc_0352
session_07473,doc_0346
session_07474,doc_0048
session_07474,doc_0031
session_07474,doc_0068
session_07475,doc_0731
session_07475,doc_0476
session_07476,doc_0621
session_07477,doc_0364
session_07477,doc_0365
session_07477,doc_0631
session_07478,doc_0493
session_07479,doc_0290
session_07479,doc_0763
session_07480,doc_0171
session_07480,doc_0120
session_07480,doc_0558
session_07481,doc_0926
session_07482,doc_0493
session_07482,doc_0565
session_07482,doc_0526
session_07483,doc_0676
session_07483,doc_0667
session_07483,doc_0656
session_07483,doc_0502
session_07484,doc_0845
session_07485,doc_0297
session_07485,doc_0326
session_07485,doc_0318
session_07485,doc_0699
session_07486,doc_0019
session_07487,doc_0425
session_07487,doc_0421
session_07487,doc_0469
session_07488,doc_0201
session_07488,doc_0238
session_07489,doc_0518
session_07489,doc_0569
session_07489,doc_0068
session_07490,doc_0493
session_07490,doc_0573
session_07490,doc_0471
session_07491,doc_0502
session_07491,doc_0564
session_07491,doc_0589
session_07491,doc_0518
session_07491,doc_0716
session_07492,doc_0699
session_07493,doc_0032
session_07493,doc_0031
session_07493,doc_0086
session_07494,doc_0671
session_07494,doc_0914
session_07495,doc_0762
session_07495,doc_0749
session_07495,doc_0785
session_07496,doc_0674
session_07496,doc_0678
session_07497,doc_0785
session_07497,doc_0755
session_07497,doc_0554
session_07498,doc_0754
session_07499,doc_0492
session_07499,doc_0509
session_07499,doc_0514
session_07499,doc_0518
session_07499,doc_0031
session_07500,doc_0555
session_07500,doc_0515
session_07500,doc_0575
session_07500,doc_0760
session_07501,doc_0243
session_07501,doc_0235
session_07502,doc_0148
session_07502,doc_0171
session_07502,doc_0156
session_07502,doc_0137
session_07503,doc_0218
session_07504,doc_0152
session_07504,doc_0157
session_07504,doc_0322
session_07505,doc_0852
session_07506,doc_0063
session_07507,doc_0451
session_07507,doc_0421
session_07507,doc_0248
session_07508,doc_0031
session_07509,doc_0905
session_07509,doc_0471
session_07510,doc_0618
session_07510,doc_0645
session_07510,doc_0634
session_07510,doc_0617
session_07511,doc_0378
session_07511,doc_0373
session_07511,doc_0384
session_07511,doc_0371
session_07511,doc_0331
session_07512,doc_0267
session_07512,doc_0295
session_07513,doc_0654
session_07514,doc_0736
session_07514,doc_0781
session_07514,doc_0763
session_07515,doc_0276
session_07515,doc_0917
session_07516,doc_0476
session_07516,doc_0412
session_07517,doc_0005
session_07518,doc_0615
session_07518,doc_0613
session_07518,doc_0023
session_07519,doc_0913
session_07519,doc_0899
session_07519,doc_0673
session_07520,doc_0068
session_07520,doc_0057
session_07520,doc_0048
session_07520,doc_0044
session_07520,doc_0031
session_07520,doc_0513
session_07521,doc_0493
session_07522,doc_0584
session_07522,doc_0491
session_07522,doc_0497
session_07522,doc_0546
session_07522,doc_0784
session_07523,doc_0914
session_07523,doc_0886
session_07523,doc_0882
session_07523,doc_0878
session_07524,doc_0565
session_07525,doc_0702
session_07526,doc_0584
session_07526,doc_0507
session_07526,doc_0518
session_07526,doc_0501
session_07526,doc_0068
session_07527,doc_0430
session_07527,doc_0469
session_07527,doc_0486
session_07527,doc_0373
session_07527,doc_0331
session_07528,doc_0492
session_07529,doc_0322
session_07530,doc_0329
session_07530,doc_0328
session_07530,doc_0331
session_07531,doc_0235
session_07531,doc_0262
session_07532,doc_0331
session_07533,doc_0862
session_07533,doc_0818
session_07533,doc_0732
session_07534,doc_0126
session_07534,doc_0156
session_07534,doc_0152
session_07534,doc_0121
session_07535,doc_0648
session_07536,doc_0031
session_07537,doc_0754
session_07538,doc_0054
session_07539,doc_0172
session_07539,doc_0179
session_07539,doc_0276
session_07540,doc_0471
session_07540,doc_0420
session_07540,doc_0458
session_07540,doc_0476
session_07540,doc_0453
session_07541,doc_0732
session_07541,doc_0733
session_07542,doc_0086
session_07543,doc_0623
session_07543,doc_0617
session_07543,doc_0215
session_07544,doc_0852
session_07544,doc_0649
session_07545,doc_0400
session_07545,doc_0334
session_07545,doc_0331
session_07545,doc_0406
session_07546,doc_0367
session_07547,doc_0586
session_07547,doc_0584
session_07547,doc_0492
session_07548,doc_0658
session_07549,doc_0795
session_07549,doc_0722
session_07550,doc_0736
session_07551,doc_0458
session_07551,doc_0322
session_07552,doc_0614
session_07553,doc_0373
session_07553,doc_0337
session_07554,doc_0757
session_07555,doc_0566
session_07556,doc_0530
session_07556,doc_0584
session_07556,doc_0564
session_07557,doc_0331
session_07558,doc_0148
session_07558,doc_0181
session_07558,doc_0121
session_07558,doc_0187
session_07558,doc_0416
session_07558,doc_0469
session_07559,doc_0869
session_07559,doc_0870
session_07559,doc_0852
session_07559,doc_0834
session_07559,doc_0068
session_07560,doc_0892
session_07560,doc_0912
session_07561,doc_0630
session_07562,doc_0518
session_07562,doc_0502
session_07562,doc_0554
session_07563,doc_0518
session_07563,doc_0441
session_07564,doc_0471
session_07564,doc_0476
session_07564,doc_0459
session_07564,doc_0463
session_07564,doc_0615
session_07564,doc_0630
session_07565,doc_0360
session_07565,doc_0331
session_07565,doc_0278
session_07566,doc_0752
session_07567,doc_0817
session_07567,doc_0821
session_07567,doc_0840
session_07568,doc_0518
session_07568,doc_0577
session_07568,doc_0016
session_07569,doc_0207
session_07569,doc_0253
session_07569,doc_0240
session_07569,doc_0203
session_07569,doc_0235
session_07569,doc_0618
session_07570,doc_0852
session_07570,doc_0817
session_07571,doc_0602
session_07572,doc_0884
session_07573,doc_0654
session_07573,doc_0656
session_07573,doc_0689
session_07573,doc_0683
session_07574,doc_0638
session_07574,doc_0618
session_07575,doc_0862
session_07575,doc_0846
session_07576,doc_0331
session_07576,doc_0372
session_07576,doc_0381
session_07576,doc_0914
session_07577,doc_0517
session_07577,doc_0794
session_07578,doc_0331
session_07578,doc_0333
session_07578,doc_0346
session_07578,doc_0914
session_07579,doc_0278
session_07580,doc_0214
session_07581,doc_0754
session_07581,doc_0802
session_07582,doc_0437
session_07582,doc_0446
session_07582,doc_0445
session_07582,doc_0467
session_07582,doc_0621
session_07583,doc_0235
session_07583,doc_0195
session_07583,doc_0246
session_07583,doc_0286
session_07584,doc_0099
session_07584,doc_0011
session_07584,doc_0091
session_07584,doc_0031
session_07585,doc_0922
session_07585,doc_0914
session_07585,doc_0652
session_07586,doc_0019
session_07586,doc_0673
session_07587,doc_0905
session_07588,doc_0331
session_07588,doc_0337
session_07588,doc_0399
session_07589,doc_0775
session_07589,doc_0754
session_07589,doc_0773
session_07589,doc_0617
session_07590,doc_0025
session_07590,doc_0032
session_07591,doc_0291
session_07591,doc_0316
session_07591,doc_0369
session_07592,doc_0857
session_07593,doc_0617
session_07593,doc_0614
session_07593,doc_0615
session_07593,doc_0043
session_07593,doc_0074
session_07594,doc_0290
session_07595,doc_0080
session_07595,doc_0031
session_07595,doc_0091
session_07595,doc_0594
session_07595,doc_0621
session_07596,doc_0804
session_07596,doc_0834
session_07597,doc_0845
session_07598,doc_0754
session_07598,doc_0750
session_07598,doc_0757
session_07598,doc_0617
session_07599,doc_0208
session_07599,doc_0195
session_07599,doc_0617
session_07599,doc_0618
session_07600,doc_0689
session_07600,doc_0683
session_07600,doc_0664
session_07600,doc_0354
session_07601,doc_0518
session_07602,doc_0365
session_07602,doc_0381
session_07603,doc_0443
session_07603,doc_0463
session_07603,doc_0411
session_07603,doc_0437
session_07603,doc_0248
session_07604,doc_0305
session_07605,doc_0031
session_07605,doc_0518
session_07606,doc_0754
session_07606,doc_0757
session_07606,doc_0858
session_07607,doc_0673
session_07608,doc_0328
session_07609,doc_0152
session_07609,doc_0148
session_07609,doc_0179
session_07609,doc_0291
session_07610,doc_0469
session_07611,doc_0360
session_07611,doc_0373
session_07612,doc_0492
session_07612,doc_0553
session_07613,doc_0871
session_07613,doc_0820
session_07613,doc_0748
session_07614,doc_0493
session_07615,doc_0337
session_07616,doc_0884
session_07617,doc_0165
session_07617,doc_0120
session_07617,doc_0127
session_07617,doc_0243
session_07618,doc_0235
session_07618,doc_0212
session_07618,doc_0247
session_07618,doc_0229
session_07618,doc_0224
session_07618,doc_0148
session_07619,doc_0754
session_07620,doc_0031
session_07620,doc_0048
session_07620,doc_0065
session_07620,doc_0078
session_07621,doc_0364
session_07621,doc_0331
session_07621,doc_0246
session_07621,doc_0235
session_07622,doc_0543
session_07622,doc_0490
session_07622,doc_0577
session_07622,doc_0518
session_07622,doc_0148
session_07623,doc_0238
session_07624,doc_0393
session_07624,doc_0344
session_07624,doc_0757
session_07625,doc_0757
session_07625,doc_0754
session_07625,doc_0753
session_07626,doc_0331
session_07626,doc_0404
session_07626,doc_0471
session_07627,doc_0316
session_07628,doc_0666
session_07628,doc_0656
session_07628,doc_0702
session_07628,doc_0689
session_07628,doc_0879
session_07628,doc_0914
session_07629,doc_0152
session_07629,doc_0184
session_07629,doc_0412
session_07630,doc_0322
session_07631,doc_0501
session_07631,doc_0528
session_07632,doc_0388
session_07632,doc_0331
session_07633,doc_0641
session_07633,doc_0631
session_07633,doc_0617
session_07633,doc_0757
session_07634,doc_0156
session_07635,doc_0732
session_07636,doc_0550
session_07637,doc_0235
session_07638,doc_0865
session_07638,doc_0840
session_07638,doc_0792
session_07639,doc_0364
session_07639,doc_0337
session_07639,doc_0373
session_07639,doc_0413
session_07640,doc_0843
session_07641,doc_0238
session_07642,doc_0493
session_07642,doc_0585
session_07642,doc_0518
session_07642,doc_0476
session_07643,doc_0152
session_07643,doc_0148
session_07643,doc_0118
session_07644,doc_0531
session_07645,doc_0592
session_07645,doc_0517
session_07645,doc_0754
session_07646,doc_0322
session_07646,doc_0323
session_07646,doc_0316
session_07647,doc_0932
session_07647,doc_0914
session_07648,doc_0126
session_07649,doc_0748
session_07649,doc_0774
session_07649,doc_0732
session_07650,doc_0803
session_07650,doc_0733
session_07650,doc_0793
session_07650,doc_0518
session_07651,doc_0373
session_07651,doc_0409
session_07652,doc_0517
session_07652,doc_0518
session_07652,doc_0532
session_07652,doc_0031
session_07652,doc_0099
session_07653,doc_0689
session_07653,doc_0673
session_07654,doc_0058
session_07654,doc_0590
session_07655,doc_0013
session_07655,doc_0502
session_07656,doc_0565
session_07657,doc_0458
session_07658,doc_0001
session_07658,doc_0056
session_07658,doc_0645
session_07658,doc_0641
session_07659,doc_0235
session_07660,doc_0754
session_07660,doc_0732
session_07661,doc_0119
session_07661,doc_0126
session_07662,doc_0201
session_07662,doc_0852
session_07663,doc_0852
session_07664,doc_0732
session_07664,doc_0653
session_07665,doc_0616
session_07665,doc_0640
session_07666,doc_0689
session_07667,doc_0207
session_07667,doc_0238
session_07667,doc_0218
session_07668,doc_0564
session_07669,doc_0030
session_07670,doc_0099
session_07670,doc_0068
session_07670,doc_0079
session_07671,doc_0048
session_07672,doc_0902
session_07672,doc_0884
session_07672,doc_0613
session_07673,doc_0331
session_07673,doc_0398
session_07673,doc_0402
session_07674,doc_0806
session_07674,doc_0871
session_07674,doc_0844
session_07674,doc_0787
session_07674,doc_0738
session_07675,doc_0412
session_07676,doc_0907
session_07676,doc_0906
session_07676,doc_0914
session_07676,doc_0900
session_07677,doc_0762
session_07677,doc_0802
session_07678,doc_0476
session_07678,doc_0487
session_07679,doc_0515
session_07679,doc_0493
session_07680,doc_0683
session_07681,doc_0804
session_07681,doc_0843
session_07681,doc_0868
session_07681,doc_0852
session_07681,doc_0863
session_07682,doc_0754
session_07682,doc_0520
session_07683,doc_0633
session_07683,doc_0641
session_07684,doc_0309
session_07684,doc_0322
session_07684,doc_0276
session_07684,doc_0286
session_07684,doc_0291
session_07684,doc_0147
session_07685,doc_0148
session_07685,doc_0186
session_07685,doc_0152
session_07685,doc_0276
session_07686,doc_0543
session_07686,doc_0488
session_07686,doc_0586
session_07686,doc_0514
session_07686,doc_0564
session_07686,doc_0852
session_07687,doc_0322
session_07688,doc_0839
session_07688,doc_0732
session_07689,doc_0148
session_07689,doc_0112
session_07690,doc_0476
session_07690,doc_0469
session_07690,doc_0434
session_07691,doc_0469
session_07691,doc_0450
session_07691,doc_0369
session_07692,doc_0852
session_07692,doc_0861
session_07692,doc_0608
session_07693,doc_0518
session_07693,doc_0547
session_07693,doc_0512
session_07693,doc_0557
session_07693,doc_0734
session_07694,doc_0518
session_07694,doc_0507
session_07694,doc_0843
session_07695,doc_0471
session_07696,doc_0656
session_07697,doc_0031
session_07697,doc_0001
session_07697,doc_0098
session_07698,doc_0612
session_07698,doc_0601
session_07698,doc_0595
session_07698,doc_0096
session_07699,doc_0293
session_07699,doc_0317
session_07700,doc_0326
session_07700,doc_0297
session_07701,doc_0565
session_07701,doc_0031
session_07702,doc_0148
session_07702,doc_0182
session_07702,doc_0156
session_07703,doc_0565
session_07704,doc_0617
session_07704,doc_0644
session_07704,doc_0673
session_07705,doc_0169
session_07705,doc_0148
session_07705,doc_0182
session_07705,doc_0118
session_07705,doc_0159
session_07705,doc_0121
session_07706,doc_0843
session_07706,doc_0870
session_07706,doc_0810
session_07706,doc_0852
session_07707,doc_0900
session_07707,doc_0884
session_07707,doc_0887
session_07707,doc_0905
session_07708,doc_0518
session_07709,doc_0736
session_07709,doc_0801
session_07710,doc_0213
session_07710,doc_0231
session_07710,doc_0235
session_07710,doc_0458
session_07711,doc_0461
session_07712,doc_0485
session_07713,doc_0857
session_07713,doc_0824
session_07713,doc_0852
session_07713,doc_0783
session_07714,doc_0034
session_07714,doc_0509
session_07715,doc_0381
session_07715,doc_0340
session_07715,doc_0373
session_07715,doc_0335
session_07715,doc_0914
session_07715,doc_0924
session_07716,doc_0519
session_07716,doc_0535
session_07716,doc_0769
session_07717,doc_0803
session_07717,doc_0783
session_07717,doc_0776
session_07718,doc_0754
session_07719,doc_0569
session_07719,doc_0492
session_07720,doc_0202
session_07720,doc_0217
session_07720,doc_0229
session_07720,doc_0469
session_07721,doc_0514
session_07721,doc_0577
session_07721,doc_0518
session_07721,doc_0516
session_07721,doc_0148
session_07722,doc_0031
session_07722,doc_0026
session_07723,doc_0871
session_07723,doc_0870
session_07724,doc_0152
session_07724,doc_0179
session_07725,doc_0810
session_07725,doc_0852
session_07725,doc_0322
session_07726,doc_0689
session_07726,doc_0654
session_07726,doc_0708
session_07726,doc_0401
session_07727,doc_0152
session_07728,doc_0656
session_07728,doc_0755
session_07729,doc_0310
session_07729,doc_0322
session_07730,doc_0559
session_07730,doc_0542
session_07730,doc_0754
session_07731,doc_0401
session_07731,doc_0917
session_07732,doc_0581
session_07732,doc_0585
session_07732,doc_0512
session_07732,doc_0564
session_07732,doc_0307
session_07733,doc_0689
session_07734,doc_0392
session_07734,doc_0331
session_07734,doc_0384
session_07734,doc_0152
session_07735,doc_0572
session_07735,doc_0515
session_07735,doc_0757
session_07736,doc_0752
session_07736,doc_0732
session_07736,doc_0751
session_07736,doc_0644
session_07737,doc_0412
session_07737,doc_0469
session_07738,doc_0498
session_07738,doc_0518
session_07739,doc_0791
session_07740,doc_0148
session_07741,doc_0914
session_07741,doc_0913
session_07742,doc_0182
session_07743,doc_0186
session_07743,doc_0120
session_07743,doc_0293
session_07744,doc_0207
session_07745,doc_0627
session_07745,doc_0642
session_07745,doc_0023
session_07746,doc_0284
session_07746,doc_0276
session_07747,doc_0481
session_07747,doc_0421
session_07747,doc_0475
session_07747,doc_0394
session_07748,doc_0408
session_07749,doc_0618
session_07749,doc_0617
session_07749,doc_0647
session_07749,doc_0614
session_07749,doc_0412
session_07749,doc_0460
session_07750,doc_0373
session_07751,doc_0331
session_07751,doc_0373
session_07752,doc_0165
session_07753,doc_0305
session_07754,doc_0235
session_07755,doc_0673
session_07755,doc_0698
session_07755,doc_0123
session_07756,doc_0148
session_07756,doc_0163
session_07756,doc_0287
session_07757,doc_0293
session_07757,doc_0305
session_07757,doc_0276
session_07757,doc_0122
session_07758,doc_0101
session_07758,doc_0789
session_07759,doc_0621
session_07759,doc_0617
session_07759,doc_0615
session_07759,doc_0626
session_07760,doc_0179
session_07760,doc_0120
session_07761,doc_0152
session_07762,doc_0227
session_07762,doc_0235
session_07763,doc_0235
session_07763,doc_0243
session_07763,doc_0240
session_07763,doc_0218
session_07763,doc_0239
session_07763,doc_0229
session_07764,doc_0031
session_07765,doc_0122
session_07765,doc_0148
session_07765,doc_0164
session_07765,doc_0179
session_07765,doc_0905
session_07766,doc_0148
session_07767,doc_0331
session_07767,doc_0702
session_07768,doc_0099
session_07768,doc_0559
session_07769,doc_0404
session_07770,doc_0082
session_07770,doc_0004
session_07770,doc_0068
session_07771,doc_0902
session_07771,doc_0920
session_07771,doc_0910
session_07772,doc_0653
session_07772,doc_0660
session_07772,doc_0656
session_07773,doc_0148
session_07774,doc_0169
session_07774,doc_0152
session_07774,doc_0300
session_07774,doc_0287
session_07775,doc_0471
session_07775,doc_0413
session_07775,doc_0469
session_07776,doc_0661
session_07776,doc_0676
session_07777,doc_0456
session_07777,doc_0420
session_07778,doc_0132
session_07779,doc_0214
session_07780,doc_0673
session_07780,doc_0699
session_07780,doc_0373
session_07780,doc_0339
session_07781,doc_0680
session_07781,doc_0712
session_07782,doc_0291
session_07782,doc_0305
session_07782,doc_0297
session_07782,doc_0322
session_07782,doc_0271
session_07783,doc_0525
session_07783,doc_0496
session_07783,doc_0133
session_07784,doc_0617
session_07784,doc_0619
session_07784,doc_0031
session_07784,doc_0036
session_07785,doc_0325
session_07785,doc_0322
session_07785,doc_0740
session_07786,doc_0517
session_07787,doc_0158
session_07787,doc_0148
session_07788,doc_0901
session_07789,doc_0325
session_07790,doc_0357
session_07790,doc_0331
session_07790,doc_0401
session_07790,doc_0653
session_07790,doc_0707
session_07791,doc_0373
session_07792,doc_0179
session_07793,doc_0331
session_07793,doc_0879
session_07794,doc_0386
session_07794,doc_0367
session_07795,doc_0727
session_07796,doc_0170
session_07796,doc_0120
session_07796,doc_0112
session_07797,doc_0631
session_07797,doc_0615
session_07797,doc_0621
session_07797,doc_0169
session_07798,doc_0229
session_07798,doc_0434
session_07799,doc_0904
session_07799,doc_0884
session_07799,doc_0914
session_07799,doc_0891
session_07799,doc_0331
session_07800,doc_0331
session_07800,doc_0912
session_07801,doc_0091
session_07801,doc_0068
session_07801,doc_0043
session_07801,doc_0031
session_07802,doc_0658
session_07802,doc_0673
session_07802,doc_0678
session_07802,doc_0707
session_07802,doc_0220
session_07803,doc_0458
session_07803,doc_0476
session_07803,doc_0412
session_07803,doc_0933
session_07803,doc_0884
session_07804,doc_0903
session_07805,doc_0286
session_07805,doc_0186
session_07806,doc_0276
session_07806,doc_0322
session_07806,doc_0152
session_07807,doc_0885
session_07807,doc_0900
session_07808,doc_0692
session_07808,doc_0656
session_07808,doc_0913
session_07809,doc_0815
session_07810,doc_0689
session_07810,doc_0676
session_07811,doc_0914
session_07811,doc_0892
session_07811,doc_0921
session_07811,doc_0904
session_07812,doc_0732
session_07812,doc_0754
session_07813,doc_0162
session_07813,doc_0118
session_07813,doc_0156
session_07813,doc_0920
session_07814,doc_0673
session_07814,doc_0401
session_07815,doc_0389
session_07815,doc_0392
session_07815,doc_0408
session_07815,doc_0169
session_07816,doc_0005
session_07817,doc_0148
session_07818,doc_0086
session_07818,doc_0068
session_07819,doc_0907
session_07820,doc_0305
session_07820,doc_0269
session_07821,doc_0243
session_07821,doc_0235
session_07821,doc_0337
session_07822,doc_0402
session_07823,doc_0824
session_07824,doc_0586
session_07825,doc_0651
session_07826,doc_0762
session_07826,doc_0843
session_07827,doc_0148
session_07827,doc_0131
session_07827,doc_0120
session_07828,doc_0518
session_07828,doc_0565
session_07828,doc_0030
session_07829,doc_0313
session_07829,doc_0290
session_07829,doc_0120
session_07830,doc_0011
session_07830,doc_0017
session_07830,doc_0285
session_07830,doc_0297
session_07831,doc_0757
session_07832,doc_0029
session_07832,doc_0887
session_07833,doc_0384
session_07833,doc_0360
session_07833,doc_0884
session_07834,doc_0322
session_07834,doc_0302
session_07835,doc_0343
session_07835,doc_0373
session_07835,doc_0889
session_07836,doc_0231
session_07837,doc_0565
session_07837,doc_0592
session_07837,doc_0493
session_07837,doc_0754
session_07838,doc_0518
session_07838,doc_0493
session_07838,doc_0590
session_07838,doc_0584
session_07839,doc_0331
session_07839,doc_0341
session_07839,doc_0381
session_07839,doc_0332
session_07840,doc_0154
session_07840,doc_0192
session_07840,doc_0120
session_07840,doc_0291
session_07841,doc_0287
session_07841,doc_0291
session_07841,doc_0276
session_07841,doc_0388
session_07842,doc_0234
session_07843,doc_0331
session_07844,doc_0816
session_07845,doc_0204
session_07845,doc_0246
session_07845,doc_0253
session_07845,doc_0229
session_07845,doc_0437
session_07846,doc_0634
session_07846,doc_0639
session_07846,doc_0031
session_07847,doc_0618
session_07848,doc_0493
session_07849,doc_0181
session_07849,doc_0152
session_07850,doc_0656
session_07851,doc_0235
session_07851,doc_0476
session_07852,doc_0327
session_07852,doc_0331
session_07853,doc_0043
session_07853,doc_0031
session_07853,doc_0546
session_07854,doc_0555
session_07855,doc_0768
session_07856,doc_0182
session_07856,doc_0148
session_07856,doc_0133
session_07857,doc_0327
session_07858,doc_0615
session_07859,doc_0656
session_07859,doc_0689
session_07859,doc_0703
session_07860,doc_0068
session_07860,doc_0561
session_07861,doc_0243
session_07862,doc_0933
session_07862,doc_0914
session_07862,doc_0182
session_07863,doc_0614
session_07863,doc_0637
session_07863,doc_0615
session_07863,doc_0596
session_07863,doc_0756
session_07864,doc_0323
session_07865,doc_0649
session_07865,doc_0617
session_07865,doc_0615
session_07865,doc_0625
session_07865,doc_0306
session_07866,doc_0425
session_07866,doc_0453
session_07867,doc_0007
session_07867,doc_0032
session_07867,doc_0014
session_07867,doc_0068
session_07868,doc_0304
session_07869,doc_0837
session_07869,doc_0857
session_07869,doc_0809
session_07869,doc_0732
session_07869,doc_0754
session_07870,doc_0260
session_07870,doc_0195
session_07870,doc_0218
session_07870,doc_0234
session_07871,doc_0583
session_07871,doc_0555
session_07871,doc_0517
session_07871,doc_0565
session_07871,doc_0744
session_07872,doc_0912
session_07873,doc_0062
session_07873,doc_0063
session_07874,doc_0752
session_07874,doc_0792
session_07874,doc_0864
session_07875,doc_0188
session_07875,doc_0156
session_07875,doc_0142
session_07875,doc_0469
session_07876,doc_0305
session_07876,doc_0322
session_07876,doc_0155
session_07877,doc_0227
session_07877,doc_0222
session_07877,doc_0229
session_07878,doc_0046
session_07878,doc_0068
session_07878,doc_0031
session_07878,doc_0054
session_07878,doc_0232
session_07878,doc_0261
session_07879,doc_0412
session_07879,doc_0437
session_07879,doc_0476
session_07880,doc_0701
session_07880,doc_0365
session_07881,doc_0553
session_07881,doc_0031
session_07882,doc_0331
session_07882,doc_0341
session_07882,doc_0359
session_07882,doc_0337
session_07882,doc_0373
session_07882,doc_0152
session_07883,doc_0683
session_07883,doc_0656
session_07883,doc_0692
session_07883,doc_0689
session_07883,doc_0884
session_07883,doc_0891
session_07884,doc_0679
session_07884,doc_0660
session_07885,doc_0581
session_07885,doc_0565
session_07885,doc_0757
session_07886,doc_0615
session_07886,doc_0641
session_07887,doc_0592
session_07887,doc_0590
session_07887,doc_0048
session_07888,doc_0091
session_07888,doc_0031
session_07889,doc_0912
session_07890,doc_0479
session_07891,doc_0518
session_07892,doc_0700
session_07893,doc_0120
session_07894,doc_0102
session_07894,doc_0013
session_07895,doc_0235
session_07896,doc_0651
session_07896,doc_0687
session_07896,doc_0683
session_07897,doc_0471
session_07897,doc_0441
session_07898,doc_0234
session_07898,doc_0615
session_07899,doc_0547
session_07899,doc_0518
session_07899,doc_0068
session_07899,doc_0031
session_07900,doc_0516
session_07900,doc_0518
session_07900,doc_0331
session_07901,doc_0884
session_07902,doc_0441
session_07902,doc_0471
session_07902,doc_0469
session_07902,doc_0373
session_07903,doc_0795
session_07904,doc_0779
session_07904,doc_0790
session_07904,doc_0744
session_07904,doc_0754
session_07904,doc_0518
session_07905,doc_0120
session_07905,doc_0113
session_07905,doc_0243
session_07906,doc_0867
session_07906,doc_0852
session_07906,doc_0870
session_07907,doc_0419
session_07907,doc_0473
session_07907,doc_0469
session_07907,doc_0471
session_07907,doc_0395
session_07907,doc_0400
session_07908,doc_0107
session_07909,doc_0166
session_07910,doc_0458
session_07910,doc_0469
session_07910,doc_0420
session_07911,doc_0754
session_07911,doc_0736
session_07911,doc_0322
session_07912,doc_0664
session_07912,doc_0658
session_07912,doc_0879
session_07913,doc_0014
session_07914,doc_0518
session_07914,doc_0547
session_07915,doc_0617
session_07915,doc_0636
session_07915,doc_0642
session_07916,doc_0322
session_07917,doc_0804
session_07918,doc_0795
session_07918,doc_0510
session_07919,doc_0839
session_07920,doc_0884
session_07921,doc_0731
session_07922,doc_0316
session_07922,doc_0322
session_07922,doc_0540
session_07923,doc_0396
session_07923,doc_0469
session_07924,doc_0843
session_07924,doc_0852
session_07924,doc_0824
session_07924,doc_0810
session_07924,doc_0870
session_07924,doc_0757
session_07925,doc_0565
session_07925,doc_0502
session_07926,doc_0584
session_07926,doc_0852
session_07927,doc_0933
session_07927,doc_0921
session_07928,doc_0518
session_07928,doc_0565
session_07929,doc_0555
session_07929,doc_0381
session_07930,doc_0013
session_07931,doc_0245
session_07931,doc_0229
session_07932,doc_0102
session_07932,doc_0031
session_07933,doc_0884
session_07934,doc_0690
session_07934,doc_0699
session_07935,doc_0235
session_07935,doc_0248
session_07935,doc_0233
session_07936,doc_0097
session_07936,doc_0001
session_07937,doc_0243
session_07937,doc_0229
session_07938,doc_0201
session_07938,doc_0210
session_07938,doc_0447
session_07939,doc_0331
session_07939,doc_0348
session_07940,doc_0757
session_07940,doc_0736
session_07941,doc_0031
session_07941,doc_0081
session_07941,doc_0068
session_07941,doc_0631
session_07942,doc_0644
session_07943,doc_0862
session_07944,doc_0331
session_07944,doc_0369
session_07944,doc_0373
session_07945,doc_0238
session_07945,doc_0641
session_07946,doc_0148
session_07946,doc_0179
session_07946,doc_0152
session_07946,doc_0166
session_07947,doc_0482
session_07947,doc_0635
session_07948,doc_0389
session_07949,doc_0927
session_07950,doc_0169
session_07950,doc_0148
session_07950,doc_0147
session_07950,doc_0852
session_07950,doc_0870
session_07951,doc_0795
session_07951,doc_0621
session_07952,doc_0795
session_07952,doc_0727
session_07952,doc_0757
session_07952,doc_0852
session_07953,doc_0476
session_07953,doc_0439
session_07954,doc_0434
session_07955,doc_0615
session_07956,doc_0501
session_07957,doc_0843
session_07957,doc_0870
session_07957,doc_0808
session_07957,doc_0852
session_07958,doc_0586
session_07958,doc_0518
session_07958,doc_0564
session_07958,doc_0322
session_07959,doc_0870
session_07959,doc_0815
session_07959,doc_0754
session_07960,doc_0060
session_07961,doc_0853
session_07961,doc_0817
session_07961,doc_0689
session_07962,doc_0439
session_07962,doc_0469
session_07962,doc_0450
session_07963,doc_0518
session_07964,doc_0381
session_07964,doc_0401
session_07964,doc_0760
session_07965,doc_0301
session_07965,doc_0280
session_07965,doc_0319
session_07965,doc_0331
session_07966,doc_0171
session_07966,doc_0173
session_07966,doc_0291
session_07967,doc_0868
session_07967,doc_0857
session_07967,doc_0757
session_07968,doc_0160
session_07968,doc_0148
session_07968,doc_0168
session_07969,doc_0518
session_07969,doc_0501
session_07970,doc_0222
session_07970,doc_0194
session_07970,doc_0487
session_07971,doc_0260
session_07971,doc_0235
session_07971,doc_0244
session_07972,doc_0911
session_07972,doc_0901
session_07972,doc_0905
session_07972,doc_0869
session_07973,doc_0757
session_07973,doc_0754
session_07973,doc_0714
session_07973,doc_0783
session_07974,doc_0246
session_07974,doc_0202
session_07975,doc_0870
session_07976,doc_0469
session_07977,doc_0857
session_07977,doc_0871
session_07978,doc_0226
session_07978,doc_0232
session_07978,doc_0223
session_07978,doc_0235
session_07979,doc_0041
session_07979,doc_0061
session_07980,doc_0617
session_07980,doc_0644
session_07980,doc_0754
session_07981,doc_0243
session_07981,doc_0197
session_07982,doc_0235
session_07982,doc_0229
session_07982,doc_0260
session_07982,doc_0729
session_07983,doc_0493
session_07983,doc_0510
session_07984,doc_0546
session_07985,doc_0900
session_07985,doc_0884
session_07985,doc_0043
session_07985,doc_0033
session_07986,doc_0902
session_07986,doc_0884
session_07986,doc_0927
session_07986,doc_0914
session_07986,doc_0905
session_07986,doc_0673
session_07987,doc_0428
session_07987,doc_0473
session_07987,doc_0412
session_07987,doc_0476
session_07987,doc_0458
session_07988,doc_0235
session_07989,doc_0223
session_07989,doc_0205
session_07989,doc_0235
session_07990,doc_0521
session_07990,doc_0546
session_07991,doc_0507
session_07992,doc_0152
session_07992,doc_0148
session_07992,doc_0175
session_07993,doc_0273
session_07993,doc_0319
session_07994,doc_0700
session_07994,doc_0689
session_07994,doc_0699
session_07994,doc_0346
session_07995,doc_0322
session_07995,doc_0305
session_07995,doc_0291
session_07995,doc_0280
session_07995,doc_0423
session_07996,doc_0617
session_07997,doc_0795
session_07998,doc_0934
session_07998,doc_0907
session_07998,doc_0912
session_07998,doc_0698
session_07999,doc_0469
session_07999,doc_0689
session_08000,doc_0689
session_08000,doc_0673
session_08000,doc_0331
session_08001,doc_0803
session_08002,doc_0802
session_08002,doc_0757
session_08002,doc_0599
session_08003,doc_0518
session_08004,doc_0458
session_08004,doc_0437
session_08004,doc_0469
session_08005,doc_0243
session_08006,doc_0291
session_08007,doc_0644
session_08007,doc_0631
session_08007,doc_0148
session_08007,doc_0146
session_08008,doc_0151
session_08008,doc_0158
session_08008,doc_0131
session_08009,doc_0322
session_08010,doc_0113
session_08010,doc_0152
session_08010,doc_0116
session_08011,doc_0148
session_08012,doc_0284
session_08012,doc_0273
session_08012,doc_0306
session_08012,doc_0379
session_08013,doc_0322
session_08013,doc_0291
session_08013,doc_0303
session_08014,doc_0191
session_08015,doc_0323
session_08016,doc_0689
session_08016,doc_0690
session_08016,doc_0654
session_08017,doc_0331
session_08018,doc_0331
session_08018,doc_0340
session_08018,doc_0373
session_08019,doc_0565
session_08019,doc_0590
session_08019,doc_0547
session_08019,doc_0857
session_08020,doc_0857
session_08020,doc_0852
session_08020,doc_0840
session_08020,doc_0870
session_08021,doc_0732
session_08021,doc_0754
session_08021,doc_0790
session_08021,doc_0401
session_08022,doc_0273
session_08022,doc_0293
session_08022,doc_0148
session_08023,doc_0754
session_08023,doc_0756
session_08023,doc_0763
session_08024,doc_0894
session_08024,doc_0905
session_08024,doc_0889
session_08024,doc_0369
session_08025,doc_0641
session_08026,doc_0492
session_08026,doc_0568
session_08026,doc_0565
session_08026,doc_0501
session_08026,doc_0518
session_08026,doc_0791
session_08027,doc_0476
session_08027,doc_0884
session_08028,doc_0469
session_08028,doc_0434
session_08028,doc_0619
session_08029,doc_0689
session_08029,doc_0666
session_08029,doc_0917
session_08030,doc_0412
session_08030,doc_0443
session_08030,doc_0428
session_08030,doc_0469
session_08030,doc_0434
session_08030,doc_0858
session_08031,doc_0824
session_08032,doc_0850
session_08032,doc_0748
session_08033,doc_0373
session_08034,doc_0438
session_08034,doc_0459
session_08034,doc_0434
session_08034,doc_0476
session_08035,doc_0518
session_08036,doc_0046
session_08037,doc_0278
session_08037,doc_0322
session_08037,doc_0291
session_08037,doc_0284
session_08037,doc_0313
session_08037,doc_0156
session_08038,doc_0681
session_08038,doc_0656
session_08038,doc_0654
session_08038,doc_0689
session_08038,doc_0695
session_08038,doc_0498
session_08039,doc_0914
session_08039,doc_0653
session_08040,doc_0912
session_08040,doc_0402
session_08041,doc_0870
session_08042,doc_0665
session_08043,doc_0381
session_08043,doc_0331
session_08043,doc_0476
session_08044,doc_0795
session_08044,doc_0782
session_08044,doc_0615
session_08045,doc_0732
session_08045,doc_0803
session_08045,doc_0719
session_08045,doc_0756
session_08045,doc_0565
session_08046,doc_0757
session_08046,doc_0763
session_08046,doc_0316
session_08047,doc_0476
session_08047,doc_0438
session_08047,doc_0618
session_08048,doc_0031
session_08048,doc_0043
session_08048,doc_0509
session_08049,doc_0040
session_08049,doc_0617
session_08050,doc_0194
session_08050,doc_0253
session_08050,doc_0243
session_08050,doc_0658
session_08050,doc_0673
session_08051,doc_0884
session_08051,doc_0904
session_08051,doc_0524
session_08052,doc_0728
session_08052,doc_0754
session_08052,doc_0752
session_08052,doc_0193
session_08052,doc_0152
session_08053,doc_0857
session_08053,doc_0752
session_08054,doc_0862
session_08054,doc_0838
session_08055,doc_0653
session_08055,doc_0673
session_08056,doc_0504
session_08057,doc_0453
session_08057,doc_0754
session_08058,doc_0179
session_08059,doc_0148
session_08059,doc_0187
session_08059,doc_0272
session_08060,doc_0714
session_08060,doc_0752
session_08061,doc_0349
session_08061,doc_0927
session_08062,doc_0385
session_08062,doc_0392
session_08063,doc_0043
session_08063,doc_0019
session_08063,doc_0031
session_08064,doc_0031
session_08064,doc_0032
session_08065,doc_0549
session_08065,doc_0563
session_08065,doc_0786
session_08066,doc_0822
session_08066,doc_0838
session_08066,doc_0852
session_08066,doc_0031
session_08067,doc_0189
session_08068,doc_0327
session_08068,doc_0381
session_08069,doc_0404
session_08070,doc_0801
session_08070,doc_0754
session_08070,doc_0564
session_08071,doc_0197
session_08071,doc_0207
session_08071,doc_0450
session_08072,doc_0046
session_08072,doc_0057
session_08073,doc_0055
session_08074,doc_0618
session_08075,doc_0754
session_08076,doc_0280
session_08076,doc_0291
session_08076,doc_0322
session_08076,doc_0304
session_08076,doc_0268
session_08077,doc_0914
session_08077,doc_0879
session_08077,doc_0882
session_08077,doc_0910
session_08078,doc_0305
session_08078,doc_0322
session_08078,doc_0338
session_08079,doc_0528
session_08079,doc_0568
session_08079,doc_0656
session_08080,doc_0673
session_08080,doc_0656
session_08080,doc_0685
session_08080,doc_0689
session_08080,doc_0331
session_08081,doc_0702
session_08081,doc_0676
session_08081,doc_0673
session_08081,doc_0699
session_08082,doc_0373
session_08082,doc_0351
session_08082,doc_0118
session_08083,doc_0043
session_08083,doc_0639
session_08084,doc_0363
session_08085,doc_0206
session_08086,doc_0283
session_08087,doc_0732
session_08088,doc_0879
session_08088,doc_0914
session_08088,doc_0852
session_08089,doc_0091
session_08090,doc_0517
session_08090,doc_0019
session_08091,doc_0331
session_08091,doc_0408
session_08091,doc_0360
session_08091,doc_0334
session_08091,doc_0913
session_08092,doc_0466
session_08092,doc_0446
session_08092,doc_0631
session_08093,doc_0017
session_08093,doc_0518
session_08094,doc_0797
session_08095,doc_0804
session_08095,doc_0862
session_08096,doc_0870
session_08097,doc_0862
session_08097,doc_0851
session_08098,doc_0502
session_08098,doc_0068
session_08099,doc_0080
session_08099,doc_0031
session_08100,doc_0286
session_08100,doc_0322
session_08100,doc_0291
session_08101,doc_0493
session_08102,doc_0148
session_08103,doc_0493
session_08104,doc_0469
session_08104,doc_0419
session_08104,doc_0476
session_08104,doc_0584
session_08105,doc_0301
session_08105,doc_0322
session_08105,doc_0302
session_08106,doc_0900
session_08107,doc_0774
session_08107,doc_0786
session_08107,doc_0857
session_08107,doc_0852
session_08108,doc_0447
session_08108,doc_0469
session_08109,doc_0331
session_08110,doc_0817
session_08111,doc_0447
session_08112,doc_0176
session_08113,doc_0689
session_08114,doc_0525
session_08114,doc_0518
session_08114,doc_0764
session_08115,doc_0360
session_08116,doc_0752
session_08116,doc_0783
session_08117,doc_0844
session_08117,doc_0469
session_08118,doc_0068
session_08118,doc_0034
session_08118,doc_0615
session_08119,doc_0031
session_08119,doc_0042
session_08119,doc_0617
session_08120,doc_0148
session_08120,doc_0156
session_08121,doc_0246
session_08122,doc_0656
session_08122,doc_0662
session_08122,doc_0679
session_08123,doc_0868
session_08123,doc_0810
session_08123,doc_0865
session_08123,doc_0793
session_08124,doc_0046
session_08124,doc_0031
session_08125,doc_0476
session_08125,doc_0477
session_08125,doc_0458
session_08125,doc_0617
session_08126,doc_0597
session_08126,doc_0630
session_08127,doc_0267
session_08128,doc_0852
session_08129,doc_0882
session_08129,doc_0676
session_08130,doc_0077
session_08131,doc_0302
session_08131,doc_0284
session_08131,doc_0369
session_08132,doc_0046
session_08132,doc_0616
session_08133,doc_0618
session_08134,doc_0699
session_08134,doc_0760
session_08135,doc_0930
session_08136,doc_0584
session_08136,doc_0542
session_08136,doc_0575
session_08137,doc_0518
session_08137,doc_0502
session_08137,doc_0542
session_08138,doc_0914
session_08138,doc_0900
session_08138,doc_0884
session_08138,doc_0890
session_08139,doc_0069
session_08139,doc_0031
session_08139,doc_0493
session_08140,doc_0297
session_08141,doc_0257
session_08141,doc_0342
session_08142,doc_0754
session_08142,doc_0783
session_08142,doc_0757
session_08143,doc_0068
session_08144,doc_0421
session_08144,doc_0424
session_08145,doc_0757
session_08145,doc_0752
session_08145,doc_0796
session_08145,doc_0783
session_08146,doc_0080
session_08146,doc_0617
session_08147,doc_0658
session_08147,doc_0692
session_08147,doc_0884
session_08148,doc_0706
session_08148,doc_0695
session_08148,doc_0676
session_08148,doc_0689
session_08148,doc_0651
session_08148,doc_0331
session_08149,doc_0584
session_08150,doc_0445
session_08151,doc_0732
session_08151,doc_0776
session_08151,doc_0757
session_08151,doc_0782
session_08151,doc_0127
session_08152,doc_0493
session_08152,doc_0732
session_08153,doc_0119
session_08153,doc_0152
session_08153,doc_0913
session_08154,doc_0871
session_08154,doc_0809
session_08154,doc_0857
session_08155,doc_0032
session_08155,doc_0054
session_08155,doc_0617
session_08156,doc_0182
session_08156,doc_0123
session_08156,doc_0322
session_08157,doc_0185
session_08157,doc_0120
session_08157,doc_0295
session_08158,doc_0321
session_08158,doc_0689
session_08159,doc_0909
session_08160,doc_0412
session_08160,doc_0485
session_08160,doc_0458
session_08160,doc_0852
session_08160,doc_0844
session_08161,doc_0764
session_08161,doc_0625
session_08162,doc_0392
session_08163,doc_0307
session_08163,doc_0291
session_08163,doc_0305
session_08163,doc_0373
session_08164,doc_0658
session_08164,doc_0704
session_08164,doc_0673
session_08164,doc_0400
session_08165,doc_0235
session_08166,doc_0276
session_08166,doc_0270
session_08166,doc_0269
session_08166,doc_0283
session_08166,doc_0469
session_08166,doc_0459
session_08167,doc_0334
session_08168,doc_0172
session_08168,doc_0187
session_08168,doc_0180
session_08169,doc_0476
session_08169,doc_0621
session_08170,doc_0325
session_08170,doc_0397
session_08171,doc_0324
session_08171,doc_0284
session_08171,doc_0322
session_08171,doc_0269
session_08171,doc_0305
session_08172,doc_0322
session_08172,doc_0302
session_08172,doc_0293
session_08173,doc_0811
session_08173,doc_0870
session_08173,doc_0815
session_08173,doc_0843
session_08173,doc_0774
session_08173,doc_0776
session_08174,doc_0656
session_08175,doc_0882
session_08176,doc_0754
session_08176,doc_0736
session_08176,doc_0870
session_08177,doc_0910
session_08178,doc_0229
session_08178,doc_0240
session_08178,doc_0235
session_08178,doc_0909
session_08179,doc_0869
session_08179,doc_0031
session_08180,doc_0148
session_08180,doc_0179
session_08181,doc_0535
session_08181,doc_0513
session_08181,doc_0501
session_08181,doc_0248
session_08182,doc_0011
session_08183,doc_0330
session_08183,doc_0461
session_08184,doc_0394
session_08184,doc_0378
session_08184,doc_0905
session_08185,doc_0229
session_08185,doc_0258
session_08185,doc_0261
session_08185,doc_0248
session_08186,doc_0914
session_08186,doc_0894
session_08186,doc_0933
session_08186,doc_0476
session_08187,doc_0203
session_08187,doc_0261
session_08188,doc_0518
session_08189,doc_0902
session_08189,doc_0905
session_08189,doc_0656
session_08190,doc_0045
session_08190,doc_0031
session_08190,doc_0372
session_08191,doc_0031
session_08191,doc_0011
session_08191,doc_0027
session_08191,doc_0013
session_08191,doc_0503
session_08192,doc_0337
session_08192,doc_0362
session_08192,doc_0401
session_08193,doc_0277
session_08193,doc_0278
session_08193,doc_0297
session_08193,doc_0284
session_08194,doc_0852
session_08195,doc_0565
session_08196,doc_0475
session_08196,doc_0439
session_08196,doc_0618
session_08197,doc_0194
session_08198,doc_0877
session_08198,doc_0876
session_08199,doc_0291
session_08200,doc_0063
session_08201,doc_0868
session_08201,doc_0809
session_08202,doc_0783
session_08203,doc_0865
session_08203,doc_0852
session_08203,doc_0840
session_08203,doc_0844
session_08204,doc_0063
session_08204,doc_0001
session_08205,doc_0502
session_08205,doc_0518
session_08205,doc_0589
session_08206,doc_0843
session_08206,doc_0818
session_08207,doc_0091
session_08208,doc_0900
session_08208,doc_0884
session_08208,doc_0914
session_08209,doc_0384
session_08209,doc_0389
session_08209,doc_0673
session_08210,doc_0766
session_08211,doc_0206
session_08212,doc_0148
session_08212,doc_0182
session_08212,doc_0121
session_08212,doc_0126
session_08212,doc_0305
session_08212,doc_0291
session_08213,doc_0637
session_08213,doc_0617
session_08214,doc_0564
session_08214,doc_0063
session_08215,doc_0373
session_08216,doc_0914
session_08217,doc_0589
session_08217,doc_0549
session_08218,doc_0752
session_08218,doc_0769
session_08219,doc_0830
session_08219,doc_0843
session_08219,doc_0852
session_08219,doc_0820
session_08220,doc_0243
session_08220,doc_0246
session_08220,doc_0322
session_08221,doc_0314
session_08221,doc_0322
session_08221,doc_0290
session_08221,doc_0316
session_08222,doc_0857
session_08222,doc_0845
session_08222,doc_0865
session_08222,doc_0774
session_08223,doc_0626
session_08224,doc_0469
session_08224,doc_0487
session_08224,doc_0417
session_08224,doc_0435
session_08224,doc_0434
session_08224,doc_0436
session_08225,doc_0817
session_08225,doc_0754
session_08226,doc_0028
session_08226,doc_0917
session_08227,doc_0518
session_08228,doc_0535
session_08228,doc_0584
session_08229,doc_0392
session_08229,doc_0341
session_08230,doc_0093
session_08231,doc_0910
session_08232,doc_0123
session_08232,doc_0112
session_08232,doc_0322
session_08233,doc_0322
session_08234,doc_0795
session_08234,doc_0754
session_08234,doc_0818
session_08235,doc_0012
session_08235,doc_0466
session_08236,doc_0029
session_08236,doc_0518
session_08237,doc_0617
session_08237,doc_0647
session_08238,doc_0679
session_08238,doc_0683
session_08239,doc_0063
session_08240,doc_0340
session_08241,doc_0126
session_08241,doc_0120
session_08241,doc_0156
session_08241,doc_0152
session_08241,doc_0305
session_08242,doc_0389
session_08242,doc_0889
session_08243,doc_0331
session_08243,doc_0339
session_08243,doc_0330
session_08243,doc_0360
session_08243,doc_0112
session_08244,doc_0108
session_08244,doc_0384
session_08245,doc_0803
session_08245,doc_0766
session_08246,doc_0699
session_08247,doc_0914
session_08248,doc_0673
session_08248,doc_0656
session_08249,doc_0152
session_08250,doc_0540
session_08250,doc_0517
session_08250,doc_0493
session_08250,doc_0581
session_08250,doc_0043
session_08251,doc_0673
session_08252,doc_0322
session_08253,doc_0472
session_08253,doc_0454
session_08254,doc_0031
session_08254,doc_0073
session_08254,doc_0069
session_08254,doc_0614
session_08254,doc_0618
session_08255,doc_0068
session_08255,doc_0031
session_08256,doc_0152
session_08256,doc_0376
session_08257,doc_0699
session_08257,doc_0662
session_08257,doc_0679
session_08258,doc_0362
session_08258,doc_0403
session_08258,doc_0387
session_08258,doc_0381
session_08258,doc_0366
session_08258,doc_0673
session_08259,doc_0584
session_08260,doc_0754
session_08260,doc_0727
session_08260,doc_0767
session_08261,doc_0821
session_08261,doc_0852
session_08261,doc_0857
session_08261,doc_0912
session_08262,doc_0434
session_08263,doc_0777
session_08264,doc_0592
session_08264,doc_0560
session_08264,doc_0518
session_08264,doc_0526
session_08264,doc_0508
session_08265,doc_0068
session_08265,doc_0031
session_08266,doc_0401
session_08266,doc_0331
session_08267,doc_0201
session_08267,doc_0237
session_08267,doc_0235
session_08267,doc_0229
session_08267,doc_0457
session_08268,doc_0750
session_08269,doc_0469
session_08269,doc_0476
session_08270,doc_0843
session_08271,doc_0148
session_08271,doc_0176
session_08271,doc_0152
session_08271,doc_0656
session_08271,doc_0673
session_08272,doc_0557
session_08272,doc_0501
session_08272,doc_0031
session_08273,doc_0654
session_08273,doc_0653
session_08273,doc_0686
session_08273,doc_0676
session_08274,doc_0188
session_08274,doc_0156
session_08275,doc_0431
session_08275,doc_0448
session_08275,doc_0464
session_08275,doc_0458
session_08276,doc_0810
session_08277,doc_0844
session_08278,doc_0538
session_08278,doc_0518
session_08278,doc_0546
session_08278,doc_0322
session_08278,doc_0278
session_08278,doc_0310
session_08279,doc_0763
session_08279,doc_0754
session_08279,doc_0555
session_08280,doc_0666
session_08281,doc_0158
session_08281,doc_0148
session_08281,doc_0179
session_08281,doc_0068
session_08282,doc_0852
session_08283,doc_0673
session_08284,doc_0366
session_08284,doc_0362
session_08284,doc_0331
session_08284,doc_0182
session_08285,doc_0276
session_08285,doc_0295
session_08286,doc_0844
session_08286,doc_0822
session_08286,doc_0843
session_08286,doc_0852
session_08286,doc_0853
session_08286,doc_0858
session_08287,doc_0693
session_08288,doc_0795
session_08288,doc_0778
session_08288,doc_0757
session_08289,doc_0852
session_08289,doc_0844
session_08289,doc_0870
session_08290,doc_0152
session_08290,doc_0160
session_08291,doc_0476
session_08292,doc_0617
session_08292,doc_0625
session_08292,doc_0629
session_08292,doc_0291
session_08293,doc_0757
session_08294,doc_0555
session_08294,doc_0502
session_08295,doc_0618
session_08295,doc_0291
session_08296,doc_0476
session_08296,doc_0458
session_08296,doc_0439
session_08297,doc_0441
session_08297,doc_0448
session_08297,doc_0235
session_08298,doc_0276
session_08299,doc_0373
session_08300,doc_0138
session_08300,doc_0156
session_08301,doc_0757
session_08301,doc_0764
session_08301,doc_0809
session_08302,doc_0119
session_08303,doc_0206
session_08303,doc_0260
session_08304,doc_0722
session_08304,doc_0785
session_08304,doc_0780
session_08304,doc_0793
session_08304,doc_0756
session_08304,doc_0862
session_08305,doc_0018
session_08306,doc_0817
session_08307,doc_0870
session_08308,doc_0717
session_08309,doc_0580
session_08309,doc_0518
session_08309,doc_0565
session_08309,doc_0515
session_08309,doc_0496
session_08309,doc_0068
session_08310,doc_0471
session_08311,doc_0562
session_08311,doc_0532
session_08312,doc_0622
session_08312,doc_0626
session_08312,doc_0618
session_08312,doc_0210
session_08313,doc_0294
session_08313,doc_0293
session_08313,doc_0385
session_08314,doc_0043
session_08314,doc_0032
session_08314,doc_0031
session_08315,doc_0148
session_08315,doc_0168
session_08316,doc_0469
session_08316,doc_0428
session_08316,doc_0435
session_08316,doc_0203
session_08317,doc_0883
session_08317,doc_0912
session_08317,doc_0933
session_08317,doc_0068
session_08318,doc_0435
session_08319,doc_0676
session_08319,doc_0656
session_08319,doc_0703
session_08319,doc_0699
session_08320,doc_0152
session_08321,doc_0273
session_08322,doc_0884
session_08322,doc_0921
session_08322,doc_0689
session_08322,doc_0673
session_08323,doc_0870
session_08323,doc_0852
session_08323,doc_0830
session_08324,doc_0402
session_08324,doc_0152
session_08325,doc_0179
session_08326,doc_0392
session_08326,doc_0402
session_08327,doc_0673
session_08328,doc_0803
session_08328,doc_0755
session_08328,doc_0783
session_08328,doc_0723
session_08328,doc_0752
session_08329,doc_0327
session_08329,doc_0341
session_08329,doc_0401
session_08329,doc_0437
session_08329,doc_0434
session_08329,doc_0469
session_08330,doc_0705
session_08330,doc_0744
session_08331,doc_0844
session_08331,doc_0863
session_08331,doc_0019
session_08332,doc_0118
session_08332,doc_0104
session_08332,doc_0148
session_08332,doc_0119
session_08332,doc_0322
session_08333,doc_0848
session_08333,doc_0757
session_08334,doc_0206
session_08335,doc_0476
session_08335,doc_0469
session_08335,doc_0772
session_08336,doc_0322
session_08336,doc_0269
session_08336,doc_0299
session_08336,doc_0373
session_08337,doc_0291
session_08337,doc_0282
session_08337,doc_0299
session_08337,doc_0322
session_08337,doc_0293
session_08337,doc_0360
session_08338,doc_0565
session_08339,doc_0801
session_08339,doc_0757
session_08340,doc_0689
session_08340,doc_0673
session_08340,doc_0651
session_08340,doc_0708
session_08340,doc_0905
session_08341,doc_0317
session_08341,doc_0264
session_08342,doc_0852
session_08342,doc_0818
session_08342,doc_0764
session_08342,doc_0732
session_08343,doc_0469
session_08344,doc_0322
session_08344,doc_0326
session_08344,doc_0287
session_08344,doc_0331
session_08345,doc_0427
session_08346,doc_0493
session_08346,doc_0518
session_08346,doc_0235
session_08347,doc_0208
session_08347,doc_0220
session_08347,doc_0613
session_08347,doc_0608
session_08348,doc_0857
session_08349,doc_0401
session_08349,doc_0396
session_08349,doc_0331
session_08350,doc_0754
session_08350,doc_0855
session_08351,doc_0914
session_08352,doc_0249
session_08352,doc_0235
session_08353,doc_0068
session_08353,doc_0046
session_08354,doc_0182
session_08354,doc_0313
session_08355,doc_0656
session_08355,doc_0679
session_08355,doc_0673
session_08355,doc_0884
session_08356,doc_0121
session_08356,doc_0148
session_08356,doc_0142
session_08356,doc_0112
session_08357,doc_0412
session_08357,doc_0420
session_08357,doc_0469
session_08358,doc_0514
session_08358,doc_0565
session_08358,doc_0526
session_08359,doc_0509
session_08360,doc_0730
session_08361,doc_0549
session_08361,doc_0552
session_08362,doc_0476
session_08362,doc_0369
session_08363,doc_0577
session_08364,doc_0032
session_08364,doc_0054
session_08365,doc_0330
session_08365,doc_0360
session_08365,doc_0697
session_08366,doc_0235
session_08367,doc_0881
session_08368,doc_0518
session_08369,doc_0771
session_08370,doc_0483
session_08370,doc_0458
session_08370,doc_0469
session_08370,doc_0434
session_08370,doc_0615
session_08371,doc_0874
session_08371,doc_0917
session_08372,doc_0492
session_08373,doc_0322
session_08373,doc_0291
session_08373,doc_0293
session_08373,doc_0156
session_08373,doc_0148
session_08374,doc_0412
session_08375,doc_0189
session_08376,doc_0889
session_08376,doc_0903
session_08376,doc_0902
session_08376,doc_0597
session_08377,doc_0565
session_08378,doc_0625
session_08378,doc_0617
session_08379,doc_0243
session_08379,doc_0214
session_08380,doc_0518
session_08381,doc_0235
session_08381,doc_0241
session_08381,doc_0216
session_08382,doc_0017
session_08382,doc_0031
session_08382,doc_0147
session_08383,doc_0658
session_08383,doc_0682
session_08383,doc_0689
session_08384,doc_0377
session_08385,doc_0561
session_08386,doc_0428
session_08386,doc_0434
session_08386,doc_0467
session_08387,doc_0469
session_08387,doc_0235
session_08388,doc_0689
session_08389,doc_0434
session_08390,doc_0031
session_08390,doc_0101
session_08391,doc_0852
session_08391,doc_0863
session_08391,doc_0840
session_08391,doc_0912
session_08392,doc_0331
session_08393,doc_0564
session_08394,doc_0852
session_08395,doc_0703
session_08396,doc_0808
session_08397,doc_0902
session_08397,doc_0879
session_08397,doc_0914
session_08397,doc_0894
session_08397,doc_0703
session_08398,doc_0752
session_08398,doc_0769
session_08398,doc_0720
session_08399,doc_0471
session_08399,doc_0476
session_08400,doc_0364
session_08400,doc_0899
session_08401,doc_0702
session_08401,doc_0687
session_08402,doc_0229
session_08403,doc_0331
session_08403,doc_0406
session_08404,doc_0106
session_08404,doc_0148
session_08404,doc_0341
session_08405,doc_0373
session_08405,doc_0679
session_08406,doc_0581
session_08406,doc_0565
session_08406,doc_0728
session_08406,doc_0802
session_08407,doc_0905
session_08407,doc_0890
session_08407,doc_0689
session_08408,doc_0852
session_08408,doc_0829
session_08408,doc_0673
session_08409,doc_0685
session_08410,doc_0728
session_08410,doc_0783
session_08411,doc_0163
session_08411,doc_0322
session_08412,doc_0852
session_08412,doc_0870
session_08413,doc_0518
session_08413,doc_0544
session_08414,doc_0409
session_08414,doc_0343
session_08415,doc_0235
session_08415,doc_0258
session_08416,doc_0786
session_08416,doc_0795
session_08416,doc_0836
session_08416,doc_0852
session_08417,doc_0373
session_08417,doc_0360
session_08418,doc_0518
session_08418,doc_0569
session_08419,doc_0568
session_08419,doc_0526
session_08419,doc_0515
session_08419,doc_0563
session_08419,doc_0564
session_08419,doc_0523
session_08420,doc_0220
session_08420,doc_0260
session_08421,doc_0510
session_08422,doc_0681
session_08422,doc_0683
session_08422,doc_0673
session_08423,doc_0877
session_08423,doc_0346
session_08424,doc_0152
session_08424,doc_0109
session_08425,doc_0843
session_08425,doc_0852
session_08425,doc_0752
session_08426,doc_0031
session_08427,doc_0179
session_08428,doc_0211
session_08428,doc_0412
session_08429,doc_0652
session_08430,doc_0518
session_08431,doc_0265
session_08431,doc_0322
session_08432,doc_0469
session_08432,doc_0634
session_08433,doc_0518
session_08433,doc_0565
session_08433,doc_0584
session_08434,doc_0159
session_08434,doc_0118
session_08435,doc_0852
session_08435,doc_0826
session_08436,doc_0221
session_08437,doc_0465
session_08437,doc_0434
session_08437,doc_0412
session_08437,doc_0914
session_08438,doc_0389
session_08438,doc_0392
session_08438,doc_0328
session_08438,doc_0331
session_08438,doc_0235
session_08438,doc_0238
session_08439,doc_0112
session_08439,doc_0156
session_08440,doc_0905
session_08440,doc_0879
session_08440,doc_0331
session_08441,doc_0148
session_08441,doc_0179
session_08441,doc_0163
session_08441,doc_0152
session_08441,doc_0184
session_08441,doc_0129
session_08442,doc_0468
session_08442,doc_0434
session_08442,doc_0430
session_08442,doc_0384
session_08443,doc_0001
session_08443,doc_0061
session_08443,doc_0054
session_08443,doc_0544
session_08443,doc_0525
session_08444,doc_0778
session_08444,doc_0732
session_08444,doc_0724
session_08445,doc_0063
session_08446,doc_0428
session_08446,doc_0443
session_08446,doc_0401
session_08447,doc_0917
session_08447,doc_0914
session_08447,doc_0927
session_08447,doc_0381
session_08447,doc_0402
session_08448,doc_0048
session_08448,doc_0017
session_08448,doc_0031
session_08448,doc_0179
session_08448,doc_0150
session_08449,doc_0902
session_08450,doc_0310
session_08450,doc_0373
session_08451,doc_0005
session_08452,doc_0844
session_08452,doc_0754
session_08453,doc_0732
session_08454,doc_0625
session_08454,doc_0617
session_08454,doc_0618
session_08454,doc_0645
session_08454,doc_0621
session_08454,doc_0646
session_08455,doc_0663
session_08455,doc_0677
session_08455,doc_0673
session_08456,doc_0229
session_08456,doc_0223
session_08456,doc_0260
session_08456,doc_0430
session_08457,doc_0703
session_08457,doc_0697
session_08457,doc_0564
session_08458,doc_0322
session_08458,doc_0268
session_08459,doc_0738
session_08460,doc_0262
session_08461,doc_0857
session_08461,doc_0852
session_08462,doc_0751
session_08462,doc_0754
session_08462,doc_0555
session_08462,doc_0590
session_08463,doc_0641
session_08463,doc_0621
session_08463,doc_0617
session_08463,doc_0032
session_08464,doc_0753
session_08465,doc_0586
session_08465,doc_0587
session_08466,doc_0469
session_08466,doc_0456
session_08467,doc_0168
session_08467,doc_0133
session_08467,doc_0322
session_08468,doc_0558
session_08469,doc_0246
session_08470,doc_0870
session_08471,doc_0202
session_08472,doc_0260
session_08472,doc_0218
session_08473,doc_0340
session_08473,doc_0378
session_08473,doc_0362
session_08474,doc_0110
session_08474,doc_0144
session_08474,doc_0291
session_08475,doc_0456
session_08475,doc_0469
session_08475,doc_0373
session_08476,doc_0402
session_08476,doc_0373
session_08476,doc_0331
session_08476,doc_0366
session_08476,doc_0369
session_08477,doc_0118
session_08477,doc_0184
session_08477,doc_0124
session_08478,doc_0617
session_08478,doc_0643
session_08478,doc_0644
session_08478,doc_0646
session_08478,doc_0428
session_08479,doc_0749
session_08480,doc_0061
session_08481,doc_0440
session_08481,doc_0482
session_08481,doc_0412
session_08481,doc_0203
session_08482,doc_0695
session_08482,doc_0673
session_08482,doc_0668
session_08482,doc_0651
session_08483,doc_0441
session_08483,doc_0373
session_08484,doc_0667
session_08484,doc_0679
session_08484,doc_0658
session_08485,doc_0161
session_08485,doc_0171
session_08485,doc_0121
session_08485,doc_0401
session_08486,doc_0148
session_08486,doc_0119
session_08486,doc_0142
session_08486,doc_0123
session_08487,doc_0439
session_08487,doc_0469
session_08487,doc_0476
session_08487,doc_0434
session_08487,doc_0325
session_08488,doc_0174
session_08488,doc_0264
session_08489,doc_0658
session_08490,doc_0253
session_08490,doc_0215
session_08490,doc_0207
session_08490,doc_0229
session_08490,doc_0235
session_08490,doc_0476
session_08491,doc_0914
session_08491,doc_0884
session_08491,doc_0882
session_08492,doc_0569
session_08492,doc_0518
session_08493,doc_0098
session_08493,doc_0068
session_08494,doc_0043
session_08494,doc_0031
session_08494,doc_0229
session_08494,doc_0235
session_08495,doc_0544
session_08495,doc_0502
session_08495,doc_0517
session_08496,doc_0754
session_08496,doc_0737
session_08496,doc_0266
session_08497,doc_0298
session_08498,doc_0784
session_08499,doc_0686
session_08500,doc_0120
session_08500,doc_0148
session_08500,doc_0152
session_08501,doc_0031
session_08502,doc_0428
session_08502,doc_0441
session_08502,doc_0458
session_08502,doc_0437
session_08503,doc_0565
session_08504,doc_0469
session_08505,doc_0491
session_08505,doc_0743
session_08506,doc_0373
session_08507,doc_0686
session_08507,doc_0689
session_08507,doc_0683
session_08507,doc_0710
session_08508,doc_0207
session_08509,doc_0434
session_08510,doc_0481
session_08510,doc_0469
session_08510,doc_0444
session_08510,doc_0476
session_08510,doc_0081
session_08511,doc_0830
session_08511,doc_0815
session_08511,doc_0795
session_08512,doc_0043
session_08513,doc_0031
session_08513,doc_0005
session_08513,doc_0101
session_08513,doc_0081
session_08513,doc_0048
session_08514,doc_0618
session_08515,doc_0203
session_08515,doc_0222
session_08515,doc_0254
session_08515,doc_0235
session_08515,doc_0852
session_08516,doc_0596
session_08517,doc_0902
session_08518,doc_0631
session_08519,doc_0435
session_08519,doc_0430
session_08519,doc_0475
session_08519,doc_0342
session_08520,doc_0373
session_08520,doc_0362
session_08520,doc_0133
session_08520,doc_0170
session_08521,doc_0120
session_08521,doc_0177
session_08521,doc_0148
session_08521,doc_0123
session_08521,doc_0229
session_08522,doc_0218
session_08523,doc_0871
session_08524,doc_0078
session_08524,doc_0091
session_08524,doc_0022
session_08525,doc_0673
session_08526,doc_0673
session_08526,doc_0656
session_08527,doc_0081
session_08528,doc_0068
session_08528,doc_0048
session_08528,doc_0565
session_08529,doc_0617
session_08529,doc_0402
session_08530,doc_0885
session_08530,doc_0904
session_08530,doc_0905
session_08531,doc_0675
session_08531,doc_0689
session_08531,doc_0878
session_08532,doc_0763
session_08533,doc_0112
session_08534,doc_0844
session_08534,doc_0862
session_08534,doc_0757
session_08535,doc_0490
session_08535,doc_0031
session_08536,doc_0133
session_08536,doc_0148
session_08536,doc_0346
session_08537,doc_0182
session_08537,doc_0118
session_08537,doc_0179
session_08537,doc_0300
session_08537,doc_0322
session_08538,doc_0181
session_08539,doc_0870
session_08539,doc_0853
session_08540,doc_0120
session_08540,doc_0243
session_08541,doc_0914
session_08541,doc_0884
session_08542,doc_0305
session_08542,doc_0322
session_08543,doc_0243
session_08543,doc_0205
session_08544,doc_0466
session_08545,doc_0784
session_08546,doc_0297
session_08547,doc_0843
session_08548,doc_0601
session_08548,doc_0440
session_08549,doc_0721
session_08549,doc_0757
session_08549,doc_0732
session_08549,doc_0766
session_08549,doc_0714
session_08549,doc_0805
session_08550,doc_0753
session_08551,doc_0884
session_08551,doc_0912
session_08551,doc_0911
session_08551,doc_0904
session_08551,doc_0928
session_08551,doc_0689
session_08552,doc_0754
session_08553,doc_0417
session_08554,doc_0126
session_08555,doc_0235
session_08556,doc_0476
session_08556,doc_0305
session_08557,doc_0736
session_08557,doc_0754
session_08557,doc_0714
session_08557,doc_0785
session_08557,doc_0731
session_08558,doc_0913
session_08558,doc_0884
session_08558,doc_0235
session_08559,doc_0246
session_08560,doc_0396
session_08560,doc_0331
session_08561,doc_0518
session_08561,doc_0567
session_08562,doc_0904
session_08562,doc_0905
session_08563,doc_0662
session_08563,doc_0654
session_08563,doc_0479
session_08564,doc_0246
session_08564,doc_0227
session_08564,doc_0235
session_08565,doc_0114
session_08565,doc_0148
session_08565,doc_0152
session_08565,doc_0391
session_08565,doc_0331
session_08565,doc_0362
session_08566,doc_0322
session_08566,doc_0195
session_08567,doc_0701
session_08567,doc_0683
session_08567,doc_0673
session_08567,doc_0362
session_08568,doc_0904
session_08568,doc_0931
session_08568,doc_0917
session_08568,doc_0181
session_08569,doc_0641
session_08569,doc_0605
session_08569,doc_0644
session_08569,doc_0441
session_08570,doc_0469
session_08570,doc_0476
session_08570,doc_0446
session_08570,doc_0229
session_08571,doc_0068
session_08571,doc_0617
session_08572,doc_0471
session_08573,doc_0032
session_08573,doc_0006
session_08573,doc_0572
session_08574,doc_0469
session_08574,doc_0471
session_08574,doc_0385
session_08575,doc_0515
session_08575,doc_0584
session_08576,doc_0884
session_08576,doc_0031
session_08577,doc_0634
session_08578,doc_0804
session_08578,doc_0871
session_08578,doc_0858
session_08578,doc_0815
session_08578,doc_0848
session_08578,doc_0857
session_08579,doc_0884
session_08580,doc_0483
session_08580,doc_0434
session_08580,doc_0439
session_08580,doc_0476
session_08580,doc_0689
session_08580,doc_0708
session_08581,doc_0858
session_08582,doc_0053
session_08582,doc_0096
session_08582,doc_0097
session_08582,doc_0493
session_08583,doc_0180
session_08583,doc_0179
session_08584,doc_0891
session_08584,doc_0878
session_08584,doc_0332
session_08585,doc_0617
session_08585,doc_0641
session_08585,doc_0621
session_08585,doc_0618
session_08585,doc_0090
session_08586,doc_0476
session_08587,doc_0890
session_08587,doc_0889
session_08587,doc_0879
session_08588,doc_0013
session_08588,doc_0043
session_08588,doc_0063
session_08588,doc_0077
session_08588,doc_0027
session_08589,doc_0434
session_08590,doc_0267
session_08590,doc_0293
session_08590,doc_0280
session_08591,doc_0919
session_08591,doc_0885
session_08591,doc_0695
session_08592,doc_0385
session_08593,doc_0778
session_08593,doc_0732
session_08593,doc_0754
session_08593,doc_0779
session_08593,doc_0760
session_08593,doc_0802
session_08594,doc_0493
session_08594,doc_0502
session_08595,doc_0754
session_08595,doc_0782
session_08595,doc_0758
session_08595,doc_0802
session_08595,doc_0752
session_08595,doc_0757
session_08596,doc_0337
session_08596,doc_0367
session_08597,doc_0565
session_08598,doc_0673
session_08598,doc_0654
session_08598,doc_0656
session_08598,doc_0373
session_08599,doc_0011
session_08599,doc_0194
session_08600,doc_0911
session_08600,doc_0889
session_08600,doc_0927
session_08600,doc_0928
session_08600,doc_0917
session_08600,doc_0235
session_08601,doc_0086
session_08602,doc_0843
session_08602,doc_0762
session_08603,doc_0757
session_08603,doc_0750
session_08603,doc_0518
session_08604,doc_0656
session_08604,doc_0658
session_08604,doc_0689
session_08604,doc_0902
session_08605,doc_0565
session_08605,doc_0517
session_08605,doc_0235
session_08606,doc_0179
session_08606,doc_0146
session_08606,doc_0121
session_08606,doc_0011
session_08607,doc_0563
session_08608,doc_0641
session_08608,doc_0617
session_08608,doc_0181
session_08609,doc_0036
session_08610,doc_0543
session_08611,doc_0305
session_08611,doc_0322
session_08611,doc_0308
session_08611,doc_0148
session_08612,doc_0430
session_08612,doc_0416
session_08612,doc_0896
session_08613,doc_0732
session_08614,doc_0235
session_08614,doc_0238
session_08614,doc_0439
session_08615,doc_0852
session_08615,doc_0870
session_08616,doc_0931
session_08616,doc_0909
session_08616,doc_0673
session_08617,doc_0306
session_08617,doc_0903
session_08618,doc_0840
session_08618,doc_0804
session_08619,doc_0914
session_08619,doc_0917
session_08619,doc_0915
session_08619,doc_0928
session_08620,doc_0331
session_08620,doc_0404
session_08621,doc_0904
session_08621,doc_0905
session_08621,doc_0903
session_08621,doc_0518
session_08622,doc_0592
session_08623,doc_0381
session_08623,doc_0339
session_08623,doc_0332
session_08623,doc_0487
session_08623,doc_0471
session_08624,doc_0239
session_08625,doc_0318
session_08626,doc_0644
session_08626,doc_0627
session_08627,doc_0843
session_08628,doc_0098
session_08628,doc_0068
session_08629,doc_0542
session_08629,doc_0489
session_08629,doc_0754
session_08629,doc_0757
session_08630,doc_0222
session_08631,doc_0564
session_08632,doc_0392
session_08632,doc_0369
session_08633,doc_0350
session_08633,doc_0400
session_08633,doc_0368
session_08633,doc_0331
session_08634,doc_0502
session_08635,doc_0068
session_08636,doc_0752
session_08636,doc_0763
session_08636,doc_0750
session_08636,doc_0757
session_08637,doc_0871
session_08638,doc_0769
session_08638,doc_0775
session_08638,doc_0648
session_08639,doc_0757
session_08639,doc_0617
session_08640,doc_0912
session_08640,doc_0914
session_08640,doc_0926
session_08640,doc_0335
session_08640,doc_0373
session_08641,doc_0443
session_08641,doc_0469
session_08641,doc_0617
session_08642,doc_0120
session_08643,doc_0063
session_08643,doc_0019
session_08644,doc_0502
session_08644,doc_0518
session_08644,doc_0068
session_08645,doc_0102
session_08646,doc_0683
session_08646,doc_0917
session_08647,doc_0754
session_08647,doc_0762
session_08648,doc_0041
session_08648,doc_0031
session_08648,doc_0087
session_08648,doc_0018
session_08648,doc_0653
session_08649,doc_0633
session_08649,doc_0601
session_08650,doc_0382
session_08651,doc_0246
session_08651,doc_0258
session_08652,doc_0679
session_08652,doc_0689
session_08653,doc_0870
session_08653,doc_0864
session_08653,doc_0821
session_08653,doc_0914
session_08654,doc_0795
session_08654,doc_0755
session_08654,doc_0626
session_08654,doc_0594
session_08655,doc_0589
session_08655,doc_0584
session_08656,doc_0754
session_08657,doc_0664
session_08658,doc_0810
session_08659,doc_0569
session_08659,doc_0590
session_08659,doc_0565
session_08659,doc_0234
session_08659,doc_0261
session_08660,doc_0362
session_08660,doc_0916
session_08661,doc_0852
session_08661,doc_0870
session_08662,doc_0041
session_08662,doc_0031
session_08662,doc_0038
session_08662,doc_0069
session_08663,doc_0868
session_08663,doc_0317
session_08664,doc_0314
session_08664,doc_0268
session_08664,doc_0148
session_08665,doc_0900
session_08665,doc_0890
session_08665,doc_0331
session_08666,doc_0331
session_08667,doc_0331
session_08667,doc_0333
session_08667,doc_0138
session_08668,doc_0148
session_08668,doc_0291
session_08669,doc_0730
session_08669,doc_0752
session_08670,doc_0891
session_08670,doc_0884
session_08670,doc_0905
session_08670,doc_0904
session_08670,doc_0676
session_08670,doc_0663
session_08671,doc_0182
session_08671,doc_0120
session_08672,doc_0672
session_08672,doc_0398
session_08673,doc_0453
session_08673,doc_0413
session_08673,doc_0469
session_08674,doc_0373
session_08675,doc_0068
session_08676,doc_0093
session_08676,doc_0027
session_08676,doc_0037
session_08677,doc_0553
session_08677,doc_0845
session_08678,doc_0169
session_08679,doc_0243
session_08679,doc_0201
session_08679,doc_0430
session_08679,doc_0437
session_08680,doc_0493
session_08680,doc_0517
session_08680,doc_0518
session_08680,doc_0504
session_08681,doc_0518
session_08681,doc_0675
session_08682,doc_0337
session_08682,doc_0047
session_08683,doc_0412
session_08684,doc_0148
session_08685,doc_0229
session_08685,doc_0235
session_08686,doc_0654
session_08686,doc_0651
session_08687,doc_0201
session_08687,doc_0439
session_08688,doc_0870
session_08689,doc_0786
session_08689,doc_0728
session_08689,doc_0121
session_08689,doc_0120
session_08690,doc_0179
session_08690,doc_0286
session_08691,doc_0206
session_08691,doc_0229
session_08691,doc_0437
session_08692,doc_0763
session_08692,doc_0732
session_08693,doc_0857
session_08693,doc_0586
session_08694,doc_0420
session_08694,doc_0444
session_08695,doc_0795
session_08696,doc_0618
session_08696,doc_0613
session_08697,doc_0229
session_08698,doc_0852
session_08698,doc_0824
session_08699,doc_0673
session_08699,doc_0705
session_08700,doc_0870
session_08700,doc_0852
session_08700,doc_0783
session_08701,doc_0409
session_08702,doc_0121
session_08703,doc_0305
session_08704,doc_0914
session_08705,doc_0156
session_08706,doc_0843
session_08707,doc_0139
session_08707,doc_0148
session_08707,doc_0181
session_08707,doc_0542
session_08707,doc_0586
session_08708,doc_0852
session_08708,doc_0836
session_08709,doc_0914
session_08710,doc_0275
session_08710,doc_0305
session_08711,doc_0217
session_08712,doc_0229
session_08712,doc_0413
session_08713,doc_0544
session_08713,doc_0590
session_08713,doc_0495
session_08713,doc_0246
session_08714,doc_0461
session_08714,doc_0439
session_08715,doc_0269
session_08715,doc_0305
session_08715,doc_0166
session_08716,doc_0331
session_08717,doc_0027
session_08718,doc_0031
session_08719,doc_0884
session_08719,doc_0888
session_08719,doc_0905
session_08719,doc_0902
session_08719,doc_0900
session_08719,doc_0918
session_08720,doc_0748
session_08720,doc_0792
session_08720,doc_0757
session_08720,doc_0794
session_08720,doc_0870
session_08720,doc_0857
session_08721,doc_0373
session_08721,doc_0475
session_08722,doc_0617
session_08722,doc_0598
session_08723,doc_0852
session_08724,doc_0862
session_08724,doc_0176
session_08725,doc_0063
session_08725,doc_0039
session_08726,doc_0502
session_08726,doc_0518
session_08726,doc_0492
session_08727,doc_0152
session_08727,doc_0120
session_08728,doc_0703
session_08728,doc_0673
session_08729,doc_0152
session_08729,doc_0148
session_08729,doc_0291
session_08730,doc_0111
session_08730,doc_0149
session_08731,doc_0809
session_08731,doc_0870
session_08731,doc_0852
session_08731,doc_0829
session_08732,doc_0666
session_08732,doc_0884
session_08733,doc_0471
session_08734,doc_0411
session_08734,doc_0474
session_08735,doc_0471
session_08735,doc_0412
session_08736,doc_0363
session_08736,doc_0331
session_08737,doc_0325
session_08737,doc_0342
session_08738,doc_0231
session_08738,doc_0235
session_08738,doc_0238
session_08738,doc_0200
session_08739,doc_0752
session_08740,doc_0152
session_08740,doc_0169
session_08740,doc_0156
session_08741,doc_0044
session_08741,doc_0031
session_08742,doc_0243
session_08742,doc_0229
session_08742,doc_0235
session_08742,doc_0411
session_08743,doc_0331
session_08744,doc_0235
session_08744,doc_0246
session_08744,doc_0215
session_08744,doc_0211
session_08744,doc_0476
session_08745,doc_0412
session_08745,doc_0476
session_08745,doc_0448
session_08745,doc_0208
session_08746,doc_0598
session_08746,doc_0647
session_08746,doc_0627
session_08746,doc_0617
session_08747,doc_0127
session_08747,doc_0148
session_08748,doc_0754
session_08748,doc_0732
session_08748,doc_0871
session_08749,doc_0235
session_08750,doc_0802
session_08750,doc_0795
session_08750,doc_0754
session_08750,doc_0736
session_08750,doc_0621
session_08750,doc_0596
session_08751,doc_0122
session_08752,doc_0443
session_08752,doc_0475
session_08753,doc_0617
session_08753,doc_0608
session_08753,doc_0627
session_08753,doc_0641
session_08753,doc_0611
session_08754,doc_0821
session_08754,doc_0852
session_08755,doc_0518
session_08756,doc_0752
session_08756,doc_0643
session_08757,doc_0229
session_08758,doc_0856
session_08758,doc_0871
session_08759,doc_0779
session_08760,doc_0673
session_08761,doc_0659
session_08762,doc_0656
session_08762,doc_0673
session_08762,doc_0683
session_08762,doc_0689
session_08763,doc_0914
session_08763,doc_0935
session_08763,doc_0331
session_08764,doc_0031
session_08764,doc_0331
session_08765,doc_0322
session_08765,doc_0273
session_08765,doc_0757
session_08766,doc_0305
session_08766,doc_0322
session_08766,doc_0269
session_08767,doc_0466
session_08768,doc_0754
session_08768,doc_0782
session_08768,doc_0752
session_08768,doc_0714
session_08768,doc_0785
session_08769,doc_0148
session_08770,doc_0392
session_08771,doc_0337
session_08771,doc_0460
session_08772,doc_0802
session_08772,doc_0754
session_08772,doc_0803
session_08772,doc_0752
session_08772,doc_0490
session_08773,doc_0724
session_08774,doc_0817
session_08774,doc_0860
session_08774,doc_0869
session_08774,doc_0870
session_08775,doc_0565
session_08775,doc_0564
session_08775,doc_0557
session_08776,doc_0592
session_08776,doc_0518
session_08777,doc_0031
session_08777,doc_0046
session_08777,doc_0606
session_08778,doc_0564
session_08778,doc_0510
session_08778,doc_0590
session_08778,doc_0031
session_08778,doc_0041
session_08779,doc_0412
session_08779,doc_0469
session_08779,doc_0442
session_08779,doc_0413
session_08779,doc_0797
session_08779,doc_0757
session_08780,doc_0689
session_08781,doc_0757
session_08781,doc_0590
session_08782,doc_0764
session_08782,doc_0779
session_08783,doc_0100
session_08783,doc_0092
session_08783,doc_0640
session_08784,doc_0153
session_08784,doc_0127
session_08784,doc_0157
session_08784,doc_0179
session_08784,doc_0276
session_08784,doc_0322
session_08785,doc_0870
session_08786,doc_0894
session_08787,doc_0385
session_08787,doc_0348
session_08788,doc_0898
session_08788,doc_0905
session_08788,doc_0911
session_08788,doc_0913
session_08788,doc_0352
session_08788,doc_0331
session_08789,doc_0086
session_08790,doc_0309
session_08791,doc_0057
session_08792,doc_0522
session_08793,doc_0382
session_08793,doc_0338
session_08794,doc_0401
session_08794,doc_0364
session_08794,doc_0369
session_08794,doc_0362
session_08795,doc_0843
session_08795,doc_0824
session_08795,doc_0844
session_08795,doc_0752
session_08796,doc_0884
session_08797,doc_0839
session_08798,doc_0439
session_08798,doc_0458
session_08798,doc_0615
session_08799,doc_0570
session_08799,doc_0518
session_08800,doc_0420
session_08800,doc_0424
session_08800,doc_0862
session_08801,doc_0206
session_08801,doc_0246
session_08801,doc_0262
session_08802,doc_0362
session_08802,doc_0923
session_08803,doc_0063
session_08803,doc_0032
session_08803,doc_0433
session_08804,doc_0203
session_08804,doc_0235
session_08804,doc_0228
session_08804,doc_0221
session_08805,doc_0469
session_08805,doc_0471
session_08805,doc_0373
session_08805,doc_0381
session_08806,doc_0368
session_08806,doc_0369
session_08806,doc_0341
session_08806,doc_0331
session_08806,doc_0413
session_08807,doc_0673
session_08808,doc_0816
session_08808,doc_0862
session_08809,doc_0235
session_08809,doc_0515
session_08810,doc_0119
session_08811,doc_0229
session_08811,doc_0248
session_08811,doc_0235
session_08811,doc_0238
session_08811,doc_0208
session_08811,doc_0617
session_08812,doc_0412
session_08812,doc_0459
session_08812,doc_0456
session_08812,doc_0469
session_08813,doc_0658
session_08814,doc_0441
session_08814,doc_0451
session_08814,doc_0413
session_08814,doc_0471
session_08814,doc_0434
session_08814,doc_0381
session_08815,doc_0412
session_08815,doc_0476
session_08815,doc_0836
session_08816,doc_0618
session_08816,doc_0617
session_08816,doc_0645
session_08816,doc_0644
session_08817,doc_0120
session_08817,doc_0103
session_08818,doc_0262
session_08819,doc_0748
session_08820,doc_0640
session_08820,doc_0235
session_08821,doc_0625
session_08821,doc_0616
session_08821,doc_0443
session_08822,doc_0041
session_08822,doc_0068
session_08822,doc_0615
session_08823,doc_0469
session_08824,doc_0799
session_08824,doc_0802
session_08824,doc_0859
session_08825,doc_0297
session_08826,doc_0885
session_08826,doc_0931
session_08827,doc_0391
session_08827,doc_0396
session_08827,doc_0917
session_08828,doc_0754
session_08828,doc_0764
session_08828,doc_0868
session_08829,doc_0345
session_08830,doc_0565
session_08831,doc_0124
session_08832,doc_0518
session_08833,doc_0870
session_08833,doc_0852
session_08833,doc_0858
session_08833,doc_0095
session_08834,doc_0028
session_08835,doc_0848
session_08835,doc_0852
session_08835,doc_0868
session_08836,doc_0858
session_08836,doc_0843
session_08836,doc_0905
session_08837,doc_0857
session_08837,doc_0812
session_08837,doc_0721
session_08837,doc_0732
session_08838,doc_0586
session_08838,doc_0564
session_08839,doc_0322
session_08840,doc_0469
session_08840,doc_0419
session_08840,doc_0599
session_08841,doc_0376
session_08841,doc_0914
session_08842,doc_0905
session_08842,doc_0914
session_08842,doc_0884
session_08842,doc_0936
session_08843,doc_0590
session_08843,doc_0545
session_08843,doc_0496
session_08843,doc_0544
session_08843,doc_0757
session_08844,doc_0754
session_08845,doc_0829
session_08845,doc_0870
session_08845,doc_0821
session_08845,doc_0869
session_08845,doc_0841
session_08845,doc_0802
session_08846,doc_0670
session_08846,doc_0664
session_08847,doc_0631
session_08847,doc_0640
session_08847,doc_0634
session_08847,doc_0099
session_08848,doc_0695
session_08849,doc_0291
session_08849,doc_0285
session_08849,doc_0313
session_08849,doc_0276
session_08849,doc_0322
session_08849,doc_0339
session_08850,doc_0286
session_08851,doc_0337
session_08851,doc_0331
session_08852,doc_0296
session_08852,doc_0291
session_08852,doc_0340
session_08853,doc_0555
session_08853,doc_0592
session_08854,doc_0029
session_08855,doc_0458
session_08856,doc_0844
session_08857,doc_0728
session_08858,doc_0565
session_08859,doc_0068
session_08859,doc_0031
session_08860,doc_0077
session_08861,doc_0689
session_08862,doc_0673
session_08862,doc_0699
session_08862,doc_0701
session_08862,doc_0654
session_08862,doc_0615
session_08862,doc_0641
session_08863,doc_0757
session_08863,doc_0673
session_08864,doc_0009
session_08865,doc_0502
session_08866,doc_0914
session_08867,doc_0832
session_08868,doc_0535
session_08868,doc_0542
session_08869,doc_0914
session_08870,doc_0205
session_08870,doc_0235
session_08871,doc_0752
session_08872,doc_0385
session_08873,doc_0757
session_08873,doc_0755
session_08873,doc_0518
session_08873,doc_0559
session_08874,doc_0482
session_08874,doc_0476
session_08874,doc_0441
session_08874,doc_0443
session_08874,doc_0469
session_08874,doc_0628
session_08875,doc_0305
session_08875,doc_0297
session_08875,doc_0322
session_08875,doc_0673
session_08876,doc_0621
session_08876,doc_0597
session_08877,doc_0458
session_08877,doc_0641
session_08878,doc_0293
session_08878,doc_0316
session_08878,doc_0273
session_08878,doc_0659
session_08879,doc_0802
session_08880,doc_0152
session_08880,doc_0118
session_08880,doc_0148
session_08880,doc_0121
session_08880,doc_0160
session_08881,doc_0579
session_08881,doc_0524
session_08881,doc_0031
session_08882,doc_0276
session_08882,doc_0309
session_08882,doc_0267
session_08882,doc_0133
session_08883,doc_0529
session_08883,doc_0689
session_08884,doc_0238
session_08885,doc_0562
session_08886,doc_0565
session_08887,doc_0543
session_08888,doc_0565
session_08888,doc_0518
session_08888,doc_0501
session_08888,doc_0785
session_08888,doc_0783
session_08889,doc_0164
session_08890,doc_0689
session_08891,doc_0291
session_08892,doc_0530
session_08892,doc_0518
session_08892,doc_0581
session_08892,doc_0724
session_08893,doc_0752
session_08893,doc_0743
session_08893,doc_0789
session_08893,doc_0757
session_08894,doc_0031
session_08894,doc_0063
session_08894,doc_0068
session_08894,doc_0617
session_08895,doc_0156
session_08895,doc_0322
session_08896,doc_0412
session_08896,doc_0476
session_08896,doc_0439
session_08897,doc_0637
session_08897,doc_0625
session_08897,doc_0628
session_08897,doc_0642
session_08897,doc_0621
session_08898,doc_0618
session_08899,doc_0313
session_08899,doc_0023
session_08900,doc_0031
session_08900,doc_0039
session_08901,doc_0843
session_08901,doc_0826
session_08901,doc_0852
session_08902,doc_0615
session_08902,doc_0412
session_08903,doc_0243
session_08903,doc_0246
session_08904,doc_0409
session_08904,doc_0381
session_08904,doc_0401
session_08904,doc_0229
session_08905,doc_0043
session_08905,doc_0068
session_08905,doc_0069
session_08905,doc_0034
session_08905,doc_0047
session_08905,doc_0852
session_08906,doc_0235
session_08907,doc_0123
session_08907,doc_0469
session_08908,doc_0847
session_08908,doc_0803
session_08909,doc_0031
session_08909,doc_0518
session_08910,doc_0220
session_08911,doc_0469
session_08911,doc_0460
session_08912,doc_0148
session_08912,doc_0121
session_08912,doc_0174
session_08912,doc_0171
session_08913,doc_0456
session_08913,doc_0469
session_08914,doc_0841
session_08914,doc_0810
session_08915,doc_0121
session_08915,doc_0148
session_08915,doc_0689
session_08916,doc_0305
session_08916,doc_0296
session_08916,doc_0401
session_08917,doc_0695
session_08917,doc_0068
session_08918,doc_0754
session_08918,doc_0772
session_08918,doc_0610
session_08919,doc_0759
session_08919,doc_0754
session_08920,doc_0555
session_08920,doc_0517
session_08920,doc_0493
session_08921,doc_0736
session_08921,doc_0754
session_08921,doc_0752
session_08921,doc_0586
session_08922,doc_0211
session_08923,doc_0673
session_08923,doc_0656
session_08923,doc_0235
session_08923,doc_0214
session_08924,doc_0080
session_08924,doc_0099
session_08924,doc_0043
session_08924,doc_0617
session_08925,doc_0752
session_08926,doc_0243
session_08926,doc_0207
session_08926,doc_0206
session_08926,doc_0641
session_08926,doc_0635
session_08927,doc_0618
session_08928,doc_0502
session_08928,doc_0535
session_08928,doc_0518
session_08928,doc_0505
session_08928,doc_0783
session_08929,doc_0229
session_08929,doc_0248
session_08930,doc_0654
session_08931,doc_0518
session_08931,doc_0243
session_08932,doc_0109
session_08932,doc_0120
session_08932,doc_0148
session_08932,doc_0151
session_08932,doc_0126
session_08932,doc_0168
session_08933,doc_0401
session_08934,doc_0915
session_08934,doc_0884
session_08934,doc_0668
session_08935,doc_0303
session_08935,doc_0265
session_08935,doc_0291
session_08935,doc_0804
session_08935,doc_0836
session_08935,doc_0852
session_08936,doc_0276
session_08937,doc_0518
session_08937,doc_0565
session_08937,doc_0027
session_08938,doc_0148
session_08938,doc_0184
session_08938,doc_0152
session_08938,doc_0264
session_08939,doc_0914
session_08940,doc_0305
session_08940,doc_0293
session_08941,doc_0728
session_08941,doc_0779
session_08941,doc_0732
session_08941,doc_0802
session_08941,doc_0043
session_08942,doc_0137
session_08942,doc_0148
session_08943,doc_0489
session_08943,doc_0510
session_08943,doc_0731
session_08943,doc_0800
session_08944,doc_0914
session_08944,doc_0917
session_08944,doc_0811
session_08945,doc_0179
session_08945,doc_0852
session_08946,doc_0469
session_08947,doc_0852
session_08947,doc_0229
session_08948,doc_0754
session_08949,doc_0097
session_08949,doc_0043
session_08949,doc_0031
session_08949,doc_0764
session_08950,doc_0412
session_08951,doc_0868
session_08951,doc_0850
session_08951,doc_0858
session_08951,doc_0545
session_08952,doc_0410
session_08952,doc_0401
session_08952,doc_0633
session_08952,doc_0631
session_08953,doc_0618
session_08953,doc_0615
session_08953,doc_0633
session_08953,doc_0476
session_08954,doc_0290
session_08954,doc_0322
session_08954,doc_0316
session_08954,doc_0305
session_08955,doc_0792
session_08955,doc_0793
session_08955,doc_0724
session_08955,doc_0207
session_08956,doc_0754
session_08956,doc_0714
session_08956,doc_0755
session_08956,doc_0858
session_08956,doc_0810
session_08957,doc_0208
session_08957,doc_0243
session_08957,doc_0229
session_08957,doc_0238
session_08958,doc_0040
session_08959,doc_0810
session_08959,doc_0695
session_08960,doc_0031
session_08960,doc_0043
session_08960,doc_0011
session_08960,doc_0048
session_08960,doc_0618
session_08961,doc_0401
session_08962,doc_0757
session_08962,doc_0769
session_08962,doc_0732
session_08963,doc_0914
session_08964,doc_0580
session_08964,doc_0518
session_08964,doc_0565
session_08965,doc_0518
session_08966,doc_0754
session_08966,doc_0769
session_08967,doc_0852
session_08968,doc_0401
session_08969,doc_0068
session_08970,doc_0246
session_08970,doc_0220
session_08970,doc_0428
session_08971,doc_0138
session_08972,doc_0804
session_08972,doc_0870
session_08972,doc_0728
session_08973,doc_0600
session_08974,doc_0757
session_08974,doc_0518
session_08975,doc_0070
session_08975,doc_0006
session_08975,doc_0518
session_08976,doc_0544
session_08976,doc_0564
session_08976,doc_0590
session_08977,doc_0381
session_08977,doc_0373
session_08978,doc_0373
session_08978,doc_0331
session_08978,doc_0755
session_08979,doc_0858
session_08979,doc_0857
session_08979,doc_0822
session_08979,doc_0362
session_08980,doc_0143
session_08980,doc_0171
session_08980,doc_0179
session_08980,doc_0085
session_08981,doc_0682
session_08981,doc_0617
session_08982,doc_0123
session_08983,doc_0914
session_08984,doc_0148
session_08984,doc_0179
session_08984,doc_0126
session_08984,doc_0180
session_08984,doc_0160
session_08984,doc_0331
session_08985,doc_0031
session_08985,doc_0085
session_08985,doc_0609
session_08986,doc_0559
session_08986,doc_0518
session_08986,doc_0578
session_08987,doc_0757
session_08987,doc_0801
session_08988,doc_0839
session_08989,doc_0933
session_08990,doc_0617
session_08991,doc_0439
session_08991,doc_0437
session_08991,doc_0476
session_08991,doc_0011
session_08992,doc_0493
session_08992,doc_0012
session_08993,doc_0364
session_08994,doc_0541
session_08994,doc_0518
session_08994,doc_0609
session_08995,doc_0260
session_08995,doc_0508
session_08996,doc_0381
session_08996,doc_0404
session_08996,doc_0331
session_08997,doc_0023
session_08997,doc_0048
session_08998,doc_0819
session_08998,doc_0818
session_08998,doc_0642
session_08999,doc_0469
session_08999,doc_0487
session_08999,doc_0476
session_08999,doc_0754
session_08999,doc_0774
session_09000,doc_0434
session_09001,doc_0331
session_09002,doc_0469
session_09002,doc_0447
session_09002,doc_0434
session_09002,doc_0429
session_09002,doc_0237
session_09003,doc_0757
session_09003,doc_0857
session_09004,doc_0068
session_09004,doc_0063
session_09005,doc_0063
session_09006,doc_0200
session_09006,doc_0212
session_09006,doc_0223
session_09006,doc_0476
session_09007,doc_0754
session_09007,doc_0783
session_09007,doc_0785
session_09007,doc_0518
session_09008,doc_0934
session_09008,doc_0919
session_09008,doc_0914
session_09008,doc_0478
session_09009,doc_0331
session_09009,doc_0381
session_09009,doc_0390
session_09009,doc_0770
session_09010,doc_0757
session_09010,doc_0715
session_09011,doc_0152
session_09011,doc_0124
session_09011,doc_0133
session_09012,doc_0307
session_09012,doc_0273
session_09012,doc_0321
session_09013,doc_0207
session_09013,doc_0263
session_09013,doc_0603
session_09014,doc_0656
session_09014,doc_0878
session_09015,doc_0331
session_09015,doc_0381
session_09015,doc_0373
session_09015,doc_0337
session_09016,doc_0031
session_09016,doc_0016
session_09016,doc_0063
session_09016,doc_0048
session_09016,doc_0331
session_09017,doc_0936
session_09017,doc_0902
session_09018,doc_0342
session_09018,doc_0362
session_09018,doc_0331
session_09018,doc_0184
session_09018,doc_0118
session_09019,doc_0726
session_09019,doc_0713
session_09020,doc_0914
session_09020,doc_0903
session_09020,doc_0334
session_09021,doc_0630
session_09021,doc_0617
session_09021,doc_0647
session_09022,doc_0091
session_09023,doc_0633
session_09023,doc_0618
session_09024,doc_0031
session_09024,doc_0017
session_09024,doc_0048
session_09025,doc_0048
session_09025,doc_0031
session_09025,doc_0063
session_09025,doc_0565
session_09026,doc_0498
session_09027,doc_0806
session_09028,doc_0648
session_09029,doc_0868
session_09029,doc_0852
session_09029,doc_0862
session_09030,doc_0644
session_09031,doc_0857
session_09031,doc_0847
session_09031,doc_0831
session_09031,doc_0736
session_09031,doc_0732
session_09032,doc_0238
session_09032,doc_0229
session_09033,doc_0564
session_09033,doc_0935
session_09034,doc_0618
session_09035,doc_0801
session_09035,doc_0724
session_09036,doc_0322
session_09037,doc_0518
session_09038,doc_0518
session_09038,doc_0502
session_09038,doc_0530
session_09038,doc_0543
session_09038,doc_0547
session_09038,doc_0769
session_09039,doc_0865
session_09040,doc_0884
session_09040,doc_0783
session_09041,doc_0673
session_09042,doc_0564
session_09043,doc_0620
session_09043,doc_0621
session_09043,doc_0623
session_09043,doc_0031
session_09044,doc_0699
session_09044,doc_0691
session_09044,doc_0914
session_09045,doc_0148
session_09045,doc_0186
session_09045,doc_0119
session_09045,doc_0581
session_09045,doc_0565
session_09046,doc_0790
session_09047,doc_0584
session_09047,doc_0561
session_09048,doc_0156
session_09048,doc_0181
session_09049,doc_0322
session_09049,doc_0276
session_09049,doc_0267
session_09049,doc_0305
session_09050,doc_0782
session_09050,doc_0553
session_09051,doc_0604
session_09052,doc_0676
session_09052,doc_0680
session_09052,doc_0551
session_09053,doc_0043
session_09053,doc_0053
session_09053,doc_0048
session_09054,doc_0754
session_09055,doc_0736
session_09055,doc_0647
session_09056,doc_0469
session_09057,doc_0686
session_09057,doc_0278
session_09058,doc_0356
session_09059,doc_0547
session_09059,doc_0531
session_09060,doc_0286
session_09061,doc_0179
session_09061,doc_0166
session_09061,doc_0156
session_09062,doc_0306
session_09062,doc_0270
session_09062,doc_0322
session_09063,doc_0045
session_09063,doc_0640
session_09064,doc_0852
session_09064,doc_0856
session_09064,doc_0815
session_09064,doc_0870
session_09064,doc_0843
session_09065,doc_0040
session_09066,doc_0229
session_09066,doc_0754
session_09067,doc_0063
session_09067,doc_0057
session_09067,doc_0054
session_09067,doc_0359
session_09068,doc_0714
session_09068,doc_0728
session_09068,doc_0765
session_09068,doc_0751
session_09068,doc_0322
session_09069,doc_0617
session_09069,doc_0469
session_09070,doc_0104
session_09070,doc_0190
session_09070,doc_0121
session_09070,doc_0383
session_09071,doc_0060
session_09071,doc_0493
session_09072,doc_0458
session_09072,doc_0618
session_09073,doc_0728
session_09074,doc_0398
session_09074,doc_0371
session_09074,doc_0476
session_09074,doc_0472
session_09075,doc_0227
session_09076,doc_0235
session_09076,doc_0208
session_09076,doc_0471
session_09077,doc_0409
session_09077,doc_0894
session_09078,doc_0401
session_09078,doc_0331
session_09078,doc_0382
session_09079,doc_0843
session_09079,doc_0856
session_09080,doc_0254
session_09080,doc_0235
session_09081,doc_0059
session_09081,doc_0043
session_09082,doc_0618
session_09082,doc_0647
session_09082,doc_0870
session_09083,doc_0031
session_09084,doc_0148
session_09084,doc_0113
session_09085,doc_0112
session_09086,doc_0476
session_09086,doc_0419
session_09087,doc_0852
session_09088,doc_0203
session_09088,doc_0261
session_09088,doc_0201
session_09088,doc_0434
session_09089,doc_0480
session_09089,doc_0451
session_09089,doc_0470
session_09090,doc_0689
session_09090,doc_0653
session_09091,doc_0458
session_09091,doc_0476
session_09091,doc_0475
session_09091,doc_0400
session_09092,doc_0111
session_09093,doc_0902
session_09094,doc_0220
session_09095,doc_0098
session_09095,doc_0063
session_09096,doc_0695
session_09096,doc_0926
session_09097,doc_0921
session_09098,doc_0229
session_09098,doc_0765
session_09099,doc_0565
session_09100,doc_0448
session_09101,doc_0422
session_09102,doc_0884
session_09102,doc_0913
session_09102,doc_0902
session_09102,doc_0369
session_09103,doc_0439
session_09104,doc_0182
session_09104,doc_0803
session_09105,doc_0877
session_09105,doc_0914
session_09105,doc_0893
session_09105,doc_0919
session_09105,doc_0916
session_09105,doc_0360
session_09106,doc_0437
session_09107,doc_0884
session_09107,doc_0893
session_09107,doc_0935
session_09107,doc_0322
session_09108,doc_0565
session_09108,doc_0508
session_09108,doc_0091
session_09109,doc_0518
session_09110,doc_0564
session_09110,doc_0083
session_09111,doc_0755
session_09111,doc_0752
session_09111,doc_0754
session_09112,doc_0322
session_09112,doc_0276
session_09112,doc_0305
session_09112,doc_0645
session_09112,doc_0618
session_09113,doc_0655
session_09113,doc_0598
session_09114,doc_0135
session_09115,doc_0708
session_09115,doc_0673
session_09115,doc_0930
session_09116,doc_0562
session_09116,doc_0564
session_09117,doc_0166
session_09117,doc_0193
session_09117,doc_0089
session_09118,doc_0644
session_09118,doc_0645
session_09118,doc_0322
session_09119,doc_0783
session_09120,doc_0229
session_09120,doc_0223
session_09121,doc_0756
session_09121,doc_0764
session_09121,doc_0647
session_09122,doc_0369
session_09122,doc_0402
session_09123,doc_0340
session_09123,doc_0331
session_09123,doc_0361
session_09123,doc_0381
session_09123,doc_0675
session_09123,doc_0673
session_09124,doc_0569
session_09124,doc_0564
session_09124,doc_0094
session_09124,doc_0049
session_09125,doc_0031
session_09126,doc_0569
session_09126,doc_0514
session_09126,doc_0535
session_09126,doc_0559
session_09126,doc_0101
session_09127,doc_0101
session_09127,doc_0261
session_09128,doc_0305
session_09129,doc_0870
session_09129,doc_0754
session_09130,doc_0518
session_09130,doc_0544
session_09130,doc_0917
session_09131,doc_0063
session_09131,doc_0048
session_09131,doc_0870
session_09132,doc_0547
session_09132,doc_0564
session_09132,doc_0501
session_09133,doc_0852
session_09134,doc_0493
session_09135,doc_0180
session_09136,doc_0752
session_09137,doc_0872
session_09138,doc_0230
session_09138,doc_0207
session_09138,doc_0220
session_09139,doc_0621
session_09139,doc_0744
session_09140,doc_0448
session_09140,doc_0430
session_09141,doc_0481
session_09141,doc_0471
session_09141,doc_0424
session_09142,doc_0207
session_09143,doc_0215
session_09144,doc_0207
session_09144,doc_0435
session_09145,doc_0614
session_09146,doc_0076
session_09146,doc_0010
session_09147,doc_0546
session_09147,doc_0579
session_09147,doc_0870
session_09148,doc_0063
session_09148,doc_0586
session_09149,doc_0752
session_09150,doc_0757
session_09150,doc_0621
session_09151,doc_0079
session_09151,doc_0043
session_09151,doc_0059
session_09151,doc_0063
session_09152,doc_0108
session_09153,doc_0815
session_09153,doc_0754
session_09154,doc_0043
session_09155,doc_0469
session_09155,doc_0451
session_09155,doc_0461
session_09156,doc_0293
session_09156,doc_0148
session_09157,doc_0235
session_09158,doc_0590
session_09158,doc_0542
session_09159,doc_0828
session_09159,doc_0871
session_09160,doc_0836
session_09160,doc_0748
session_09161,doc_0762
session_09162,doc_0628
session_09163,doc_0673
session_09163,doc_0394
session_09164,doc_0518
session_09164,doc_0502
session_09164,doc_0803
session_09165,doc_0564
session_09165,doc_0553
session_09166,doc_0203
session_09166,doc_0235
session_09166,doc_0229
session_09166,doc_0252
session_09167,doc_0617
session_09167,doc_0644
session_09167,doc_0148
session_09168,doc_0493
session_09168,doc_0498
session_09168,doc_0592
session_09168,doc_0590
session_09168,doc_0775
session_09169,doc_0434
session_09169,doc_0617
session_09170,doc_0362
session_09171,doc_0461
session_09171,doc_0476
session_09171,doc_0617
session_09172,doc_0331
session_09172,doc_0358
session_09173,doc_0641
session_09173,doc_0622
session_09174,doc_0170
session_09174,doc_0156
session_09175,doc_0811
session_09175,doc_0817
session_09175,doc_0763
session_09176,doc_0243
session_09176,doc_0235
session_09176,doc_0448
session_09177,doc_0630
session_09178,doc_0670
session_09178,doc_0695
session_09179,doc_0476
session_09180,doc_0754
session_09180,doc_0802
session_09180,doc_0243
session_09181,doc_0518
session_09181,doc_0507
session_09181,doc_0752
session_09182,doc_0276
session_09182,doc_0322
session_09182,doc_0152
session_09183,doc_0369
session_09183,doc_0439
session_09184,doc_0373
session_09184,doc_0384
session_09184,doc_0316
session_09185,doc_0803
session_09186,doc_0469
session_09186,doc_0487
session_09186,doc_0426
session_09187,doc_0331
session_09188,doc_0700
session_09189,doc_0617
session_09189,doc_0331
session_09190,doc_0843
session_09190,doc_0812
session_09190,doc_0031
session_09191,doc_0166
session_09191,doc_0148
session_09191,doc_0180
session_09191,doc_0615
session_09192,doc_0412
session_09192,doc_0443
session_09192,doc_0469
session_09193,doc_0373
session_09193,doc_0673
session_09194,doc_0152
session_09195,doc_0179
session_09195,doc_0148
session_09195,doc_0152
session_09195,doc_0658
session_09196,doc_0493
session_09196,doc_0518
session_09196,doc_0490
session_09197,doc_0310
session_09197,doc_0430
session_09198,doc_0072
session_09198,doc_0617
session_09199,doc_0384
session_09199,doc_0235
session_09200,doc_0031
session_09201,doc_0436
session_09202,doc_0564
session_09202,doc_0754
session_09203,doc_0914
session_09203,doc_0933
session_09203,doc_0886
session_09203,doc_0899
session_09203,doc_0912
session_09203,doc_0673
session_09204,doc_0281
session_09204,doc_0321
session_09204,doc_0315
session_09204,doc_0617
session_09204,doc_0618
session_09205,doc_0187
session_09205,doc_0168
session_09205,doc_0179
session_09205,doc_0331
session_09205,doc_0355
session_09206,doc_0280
session_09206,doc_0305
session_09207,doc_0610
session_09208,doc_0031
session_09208,doc_0070
session_09208,doc_0502
session_09209,doc_0373
session_09209,doc_0369
session_09209,doc_0025
session_09210,doc_0109
session_09210,doc_0179
session_09210,doc_0148
session_09211,doc_0401
session_09212,doc_0621
session_09212,doc_0617
session_09213,doc_0448
session_09213,doc_0229
session_09214,doc_0028
session_09215,doc_0235
session_09215,doc_0261
session_09215,doc_0229
session_09215,doc_0243
session_09216,doc_0544
session_09216,doc_0546
session_09217,doc_0801
session_09217,doc_0800
session_09217,doc_0617
session_09218,doc_0019
session_09219,doc_0009
session_09219,doc_0058
session_09220,doc_0119
session_09220,doc_0179
session_09221,doc_0794
session_09221,doc_0828
session_09222,doc_0754
session_09222,doc_0728
session_09223,doc_0152
session_09223,doc_0131
session_09223,doc_0148
session_09223,doc_0119
session_09224,doc_0041
session_09224,doc_0031
session_09224,doc_0093
session_09224,doc_0034
session_09224,doc_0617
session_09225,doc_0235
session_09225,doc_0198
session_09226,doc_0622
session_09226,doc_0641
session_09226,doc_0617
session_09226,doc_0615
session_09227,doc_0656
session_09228,doc_0005
session_09228,doc_0031
session_09228,doc_0609
session_09229,doc_0659
session_09229,doc_0689
session_09230,doc_0669
session_09230,doc_0469
session_09231,doc_0892
session_09232,doc_0311
session_09232,doc_0281
session_09232,doc_0126
session_09233,doc_0870
session_09233,doc_0868
session_09233,doc_0293
session_09234,doc_0148
session_09234,doc_0184
session_09234,doc_0113
session_09235,doc_0180
session_09235,doc_0182
session_09235,doc_0152
session_09236,doc_0091
session_09236,doc_0531
session_09237,doc_0652
session_09238,doc_0592
session_09238,doc_0569
session_09238,doc_0542
session_09238,doc_0054
session_09239,doc_0801
session_09240,doc_0565
session_09240,doc_0502
session_09240,doc_0518
session_09240,doc_0510
session_09240,doc_0673
session_09241,doc_0493
session_09241,doc_0803
session_09242,doc_0331
session_09242,doc_0392
session_09242,doc_0381
session_09242,doc_0156
session_09243,doc_0817
session_09243,doc_0870
session_09244,doc_0299
session_09245,doc_0148
session_09246,doc_0229
session_09246,doc_0243
session_09247,doc_0866
session_09248,doc_0872
session_09248,doc_0843
session_09248,doc_0868
session_09249,doc_0628
session_09249,doc_0045
session_09250,doc_0164
session_09251,doc_0673
session_09251,doc_0658
session_09252,doc_0398
session_09252,doc_0373
session_09252,doc_0409
session_09252,doc_0641
session_09253,doc_0120
session_09253,doc_0364
session_09254,doc_0790
session_09255,doc_0493
session_09255,doc_0553
session_09255,doc_0570
session_09256,doc_0830
session_09256,doc_0829
session_09256,doc_0870
session_09257,doc_0152
session_09257,doc_0148
session_09257,doc_0903
session_09258,doc_0919
session_09258,doc_0902
session_09258,doc_0884
session_09258,doc_0803
session_09259,doc_0137
session_09259,doc_0369
session_09260,doc_0322
session_09260,doc_0293
session_09260,doc_0273
session_09260,doc_0156
session_09261,doc_0331
session_09261,doc_0381
session_09261,doc_0385
session_09261,doc_0364
session_09261,doc_0360
session_09261,doc_0673
session_09262,doc_0322
session_09263,doc_0068
session_09263,doc_0489
session_09264,doc_0812
session_09264,doc_0870
session_09264,doc_0754
session_09265,doc_0641
session_09265,doc_0617
session_09265,doc_0615
session_09265,doc_0170
session_09266,doc_0805
session_09267,doc_0752
session_09267,doc_0739
session_09268,doc_0406
session_09268,doc_0342
session_09268,doc_0404
session_09268,doc_0340
session_09268,doc_0398
session_09268,doc_0887
session_09269,doc_0742
session_09269,doc_0797
session_09270,doc_0206
session_09270,doc_0196
session_09270,doc_0248
session_09270,doc_0235
session_09270,doc_0617
session_09270,doc_0603
session_09271,doc_0526
session_09271,doc_0759
session_09272,doc_0626
session_09272,doc_0617
session_09272,doc_0618
session_09272,doc_0621
session_09272,doc_0641
session_09272,doc_0400
session_09273,doc_0518
session_09273,doc_0555
session_09273,doc_0068
session_09274,doc_0689
session_09275,doc_0658
session_09276,doc_0783
session_09276,doc_0738
session_09277,doc_0041
session_09278,doc_0564
session_09278,doc_0592
session_09278,doc_0493
session_09278,doc_0732
session_09279,doc_0031
session_09279,doc_0238
session_09280,doc_0148
session_09281,doc_0394
session_09281,doc_0331
session_09281,doc_0695
session_09281,doc_0678
session_09282,doc_0469
session_09283,doc_0013
session_09284,doc_0583
session_09284,doc_0565
session_09284,doc_0098
session_09285,doc_0757
session_09286,doc_0469
session_09286,doc_0412
session_09287,doc_0652
session_09288,doc_0493
session_09288,doc_0535
session_09288,doc_0046
session_09289,doc_0031
session_09289,doc_0068
session_09289,doc_0617
session_09290,doc_0473
session_09290,doc_0471
session_09290,doc_0424
session_09290,doc_0331
session_09291,doc_0584
session_09291,doc_0518
session_09292,doc_0392
session_09292,doc_0337
session_09293,doc_0917
session_09293,doc_0906
session_09294,doc_0779
session_09295,doc_0499
session_09295,doc_0565
session_09296,doc_0120
session_09297,doc_0031
session_09297,doc_0023
session_09297,doc_0229
session_09298,doc_0443
session_09298,doc_0458
session_09299,doc_0331
session_09299,doc_0401
session_09299,doc_0335
session_09299,doc_0381
session_09300,doc_0373
session_09301,doc_0754
session_09301,doc_0726
session_09302,doc_0845
session_09302,doc_0858
session_09302,doc_0843
session_09302,doc_0317
session_09303,doc_0412
session_09303,doc_0481
session_09304,doc_0753
session_09304,doc_0752
session_09304,doc_0757
session_09304,doc_0869
session_09305,doc_0914
session_09306,doc_0673
session_09307,doc_0179
session_09307,doc_0156
session_09307,doc_0291
session_09308,doc_0623
session_09308,doc_0617
session_09308,doc_0642
session_09308,doc_0868
session_09309,doc_0845
session_09309,doc_0870
session_09309,doc_0852
session_09309,doc_0810
session_09309,doc_0843
session_09310,doc_0202
session_09310,doc_0261
session_09310,doc_0208
session_09310,doc_0229
session_09310,doc_0230
session_09310,doc_0243
session_09311,doc_0243
session_09311,doc_0206
session_09311,doc_0235
session_09311,doc_0261
session_09311,doc_0214
session_09311,doc_0207
session_09312,doc_0458
session_09312,doc_0447
session_09312,doc_0469
session_09312,doc_0477
session_09312,doc_0331
session_09313,doc_0118
session_09314,doc_0305
session_09315,doc_0322
session_09315,doc_0276
session_09316,doc_0369
session_09317,doc_0675
session_09317,doc_0699
session_09317,doc_0694
session_09317,doc_0331
session_09318,doc_0261
session_09318,doc_0229
session_09318,doc_0218
session_09319,doc_0857
session_09320,doc_0041
session_09321,doc_0633
session_09322,doc_0148
session_09322,doc_0169
session_09323,doc_0740
session_09324,doc_0852
session_09324,doc_0825
session_09325,doc_0874
session_09325,doc_0910
session_09325,doc_0920
session_09325,doc_0902
session_09325,doc_0148
session_09326,doc_0391
session_09327,doc_0434
session_09327,doc_0914
session_09328,doc_0793
session_09328,doc_0732
session_09329,doc_0750
session_09329,doc_0610
session_09330,doc_0322
session_09330,doc_0310
session_09330,doc_0273
session_09330,doc_0184
session_09331,doc_0322
session_09331,doc_0276
session_09331,doc_0469
session_09332,doc_0068
session_09333,doc_0133
session_09333,doc_0673
session_09334,doc_0011
session_09334,doc_0075
session_09334,doc_0373
session_09335,doc_0331
session_09335,doc_0337
session_09335,doc_0369
session_09335,doc_0710
session_09336,doc_0156
session_09336,doc_0107
session_09336,doc_0183
session_09336,doc_0405
session_09337,doc_0834
session_09337,doc_0902
session_09338,doc_0564
session_09338,doc_0565
session_09339,doc_0261
session_09339,doc_0219
session_09340,doc_0342
session_09341,doc_0327
session_09342,doc_0492
session_09342,doc_0574
session_09343,doc_0575
session_09344,doc_0254
session_09345,doc_0176
session_09345,doc_0148
session_09345,doc_0112
session_09345,doc_0118
session_09346,doc_0148
session_09346,doc_0112
session_09346,doc_0911
session_09346,doc_0886
session_09347,doc_0243
session_09348,doc_0012
session_09348,doc_0618
session_09349,doc_0363
session_09350,doc_0565
session_09351,doc_0373
session_09351,doc_0401
session_09351,doc_0152
session_09352,doc_0172
session_09352,doc_0188
session_09352,doc_0331
session_09352,doc_0373
session_09353,doc_0485
session_09353,doc_0465
session_09353,doc_0238
session_09354,doc_0342
session_09355,doc_0028
session_09356,doc_0471
session_09356,doc_0618
session_09357,doc_0476
session_09358,doc_0043
session_09358,doc_0031
session_09358,doc_0001
session_09358,doc_0022
session_09358,doc_0518
session_09358,doc_0542
session_09359,doc_0179
session_09359,doc_0152
session_09359,doc_0617
session_09360,doc_0168
session_09361,doc_0496
session_09361,doc_0509
session_09362,doc_0802
session_09362,doc_0803
session_09363,doc_0750
session_09364,doc_0229
session_09364,doc_0240
session_09364,doc_0261
session_09364,doc_0246
session_09364,doc_0235
session_09364,doc_0121
session_09365,doc_0184
session_09365,doc_0182
session_09366,doc_0152
session_09367,doc_0443
session_09368,doc_0911
session_09368,doc_0914
session_09368,doc_0889
session_09368,doc_0689
session_09368,doc_0654
session_09369,doc_0229
session_09370,doc_0764
session_09370,doc_0774
session_09370,doc_0752
session_09370,doc_0756
session_09370,doc_0754
session_09370,doc_0815
session_09371,doc_0656
session_09372,doc_0469
session_09373,doc_0644
session_09374,doc_0774
session_09375,doc_0392
session_09375,doc_0331
session_09375,doc_0373
session_09376,doc_0814
session_09376,doc_0652
session_09377,doc_0148
session_09378,doc_0311
session_09379,doc_0891
session_09379,doc_0914
session_09379,doc_0929
session_09379,doc_0926
session_09379,doc_0700
session_09380,doc_0728
session_09381,doc_0487
session_09382,doc_0388
session_09382,doc_0360
session_09382,doc_0331
session_09382,doc_0664
session_09382,doc_0689
session_09383,doc_0732
session_09383,doc_0734
session_09383,doc_0722
session_09383,doc_0752
session_09383,doc_0783
session_09383,doc_0830
session_09384,doc_0518
session_09384,doc_0056
session_09385,doc_0469
session_09385,doc_0617
session_09386,doc_0630
session_09386,doc_0617
session_09386,doc_0631
session_09386,doc_0565
session_09386,doc_0518
session_09387,doc_0696
session_09387,doc_0672
session_09388,doc_0900
session_09388,doc_0360
session_09389,doc_0331
session_09390,doc_0291
session_09390,doc_0328
session_09391,doc_0509
session_09392,doc_0118
session_09392,doc_0134
session_09393,doc_0454
session_09394,doc_0322
session_09394,doc_0325
session_09394,doc_0369
session_09394,doc_0373
session_09395,doc_0911
session_09395,doc_0902
session_09396,doc_0565
session_09397,doc_0915
session_09398,doc_0238
session_09399,doc_0001
session_09399,doc_0757
session_09400,doc_0469
session_09400,doc_0420
session_09400,doc_0441
session_09400,doc_0476
session_09400,doc_0068
session_09401,doc_0518
session_09401,doc_0048
session_09402,doc_0802
session_09403,doc_0199
session_09403,doc_0235
session_09404,doc_0406
session_09405,doc_0363
session_09405,doc_0331
session_09406,doc_0364
session_09406,doc_0399
session_09407,doc_0112
session_09407,doc_0148
session_09407,doc_0297
session_09408,doc_0031
session_09408,doc_0648
session_09409,doc_0496
session_09410,doc_0063
session_09411,doc_0754
session_09412,doc_0331
session_09412,doc_0402
session_09412,doc_0914
session_09413,doc_0913
session_09414,doc_0651
session_09414,doc_0712
session_09414,doc_0703
session_09415,doc_0148
session_09415,doc_0790
session_09416,doc_0653
session_09417,doc_0276
session_09418,doc_0618
session_09418,doc_0621
session_09418,doc_0613
session_09419,doc_0291
session_09419,doc_0280
session_09419,doc_0310
session_09420,doc_0732
session_09420,doc_0869
session_09421,doc_0031
session_09421,doc_0091
session_09422,doc_0689
session_09422,doc_0907
session_09423,doc_0148
session_09423,doc_0156
session_09423,doc_0654
session_09424,doc_0148
session_09424,doc_0128
session_09424,doc_0132
session_09425,doc_0617
session_09426,doc_0565
session_09426,doc_0493
session_09427,doc_0852
session_09427,doc_0870
session_09427,doc_0857
session_09428,doc_0852
session_09428,doc_0810
session_09429,doc_0852
session_09429,doc_0870
session_09429,doc_0101
session_09430,doc_0152
session_09430,doc_0148
session_09430,doc_0323
session_09431,doc_0754
session_09431,doc_0764
session_09431,doc_0152
session_09432,doc_0214
session_09432,doc_0618
session_09433,doc_0691
session_09434,doc_0048
session_09434,doc_0068
session_09435,doc_0727
session_09435,doc_0063
session_09436,doc_0434
session_09436,doc_0331
session_09437,doc_0297
session_09437,doc_0305
session_09438,doc_0367
session_09438,doc_0360
session_09438,doc_0331
session_09438,doc_0373
session_09438,doc_0469
session_09439,doc_0565
session_09439,doc_0576
session_09439,doc_0493
session_09439,doc_0518
session_09440,doc_0297
session_09440,doc_0322
session_09440,doc_0148
session_09441,doc_0211
session_09442,doc_0107
session_09443,doc_0651
session_09443,doc_0673
session_09444,doc_0871
session_09444,doc_0852
session_09445,doc_0894
session_09446,doc_0697
session_09446,doc_0676
session_09446,doc_0656
session_09446,doc_0673
session_09446,doc_0666
session_09446,doc_0679
session_09447,doc_0753
session_09448,doc_0229
session_09449,doc_0231
session_09449,doc_0206
session_09449,doc_0235
session_09449,doc_0211
session_09449,doc_0215
session_09450,doc_0317
session_09451,doc_0769
session_09451,doc_0617
session_09452,doc_0152
session_09452,doc_0112
session_09453,doc_0641
session_09453,doc_0607
session_09453,doc_0327
session_09454,doc_0068
session_09454,doc_0074
session_09454,doc_0046
session_09454,doc_0031
session_09454,doc_0641
session_09455,doc_0754
session_09455,doc_0858
session_09456,doc_0041
session_09456,doc_0063
session_09456,doc_0056
session_09456,doc_0617
session_09457,doc_0906
session_09457,doc_0912
session_09457,doc_0910
session_09457,doc_0905
session_09457,doc_0402
session_09457,doc_0335
session_09458,doc_0126
session_09458,doc_0169
session_09458,doc_0185
session_09458,doc_0173
session_09458,doc_0401
session_09459,doc_0902
session_09460,doc_0617
session_09460,doc_0642
session_09460,doc_0615
session_09460,doc_0641
session_09461,doc_0443
session_09461,doc_0275
session_09462,doc_0364
session_09462,doc_0774
session_09463,doc_0401
session_09463,doc_0565
session_09464,doc_0101
session_09464,doc_0091
session_09464,doc_0569
session_09464,doc_0555
session_09465,doc_0239
session_09465,doc_0223
session_09465,doc_0220
session_09466,doc_0339
session_09466,doc_0370
session_09466,doc_0641
session_09467,doc_0297
session_09467,doc_0275
session_09467,doc_0270
session_09467,doc_0291
session_09467,doc_0220
session_09467,doc_0246
session_09468,doc_0680
session_09468,doc_0673
session_09468,doc_0668
session_09468,doc_0373
session_09469,doc_0586
session_09469,doc_0063
session_09470,doc_0754
session_09470,doc_0774
session_09470,doc_0889
session_09471,doc_0502
session_09471,doc_0518
session_09472,doc_0322
session_09473,doc_0458
session_09473,doc_0384
session_09474,doc_0043
session_09474,doc_0254
session_09475,doc_0518
session_09476,doc_0581
session_09477,doc_0001
session_09478,doc_0607
session_09478,doc_0641
session_09479,doc_0122
session_09479,doc_0322
session_09480,doc_0654
session_09480,doc_0675
session_09480,doc_0373
session_09481,doc_0398
session_09481,doc_0331
session_09482,doc_0561
session_09482,doc_0507
session_09483,doc_0261
session_09483,doc_0218
session_09483,doc_0331
session_09484,doc_0565
session_09484,doc_0536
session_09485,doc_0421
session_09485,doc_0469
session_09485,doc_0365
session_09486,doc_0752
session_09487,doc_0928
session_09487,doc_0689
session_09488,doc_0815
session_09488,doc_0862
session_09489,doc_0757
session_09489,doc_0795
session_09489,doc_0736
session_09490,doc_0502
session_09491,doc_0469
session_09491,doc_0484
session_09491,doc_0412
session_09491,doc_0617
session_09492,doc_0137
session_09493,doc_0207
session_09493,doc_0235
session_09494,doc_0869
session_09494,doc_0862
session_09494,doc_0845
session_09495,doc_0659
session_09495,doc_0699
session_09495,doc_0673
session_09496,doc_0063
session_09496,doc_0048
session_09496,doc_0509
session_09497,doc_0484
session_09497,doc_0639
session_09498,doc_0754
session_09499,doc_0331
session_09499,doc_0681
session_09500,doc_0327
session_09500,doc_0148
session_09501,doc_0779
session_09501,doc_0769
session_09502,doc_0752
session_09503,doc_0563
session_09503,doc_0520
session_09503,doc_0501
session_09503,doc_0529
session_09503,doc_0234
session_09504,doc_0754
session_09504,doc_0815
session_09505,doc_0031
session_09505,doc_0048
session_09506,doc_0673
session_09507,doc_0852
session_09507,doc_0843
session_09508,doc_0122
session_09509,doc_0800
session_09510,doc_0771
session_09510,doc_0723
session_09510,doc_0544
session_09511,doc_0894
session_09512,doc_0017
session_09512,doc_0043
session_09513,doc_0689
session_09514,doc_0031
session_09515,doc_0748
session_09515,doc_0731
session_09515,doc_0869
session_09515,doc_0852
session_09516,doc_0179
session_09516,doc_0118
session_09517,doc_0063
session_09518,doc_0169
session_09518,doc_0152
session_09518,doc_0119
session_09518,doc_0192
session_09519,doc_0487
session_09519,doc_0248
session_09520,doc_0417
session_09520,doc_0476
session_09521,doc_0774
session_09521,doc_0748
session_09522,doc_0565
session_09523,doc_0148
session_09523,doc_0112
session_09523,doc_0120
session_09524,doc_0625
session_09525,doc_0366
session_09525,doc_0341
session_09525,doc_0331
session_09526,doc_0319
session_09526,doc_0277
session_09526,doc_0373
session_09527,doc_0152
session_09528,doc_0322
session_09528,doc_0276
session_09528,doc_0305
session_09529,doc_0844
session_09530,doc_0156
session_09530,doc_0152
session_09530,doc_0384
session_09531,doc_0031
session_09531,doc_0019
session_09531,doc_0091
session_09531,doc_0073
session_09531,doc_0633
session_09532,doc_0054
session_09532,doc_0068
session_09532,doc_0099
session_09532,doc_0213
session_09533,doc_0451
session_09533,doc_0412
session_09533,doc_0499
session_09534,doc_0501
session_09535,doc_0268
session_09536,doc_0106
session_09536,doc_0171
session_09536,doc_0169
session_09536,doc_0152
session_09537,doc_0235
session_09537,doc_0210
session_09537,doc_0233
session_09537,doc_0741
session_09538,doc_0348
session_09538,doc_0373
session_09539,doc_0900
session_09539,doc_0382
session_09540,doc_0565
session_09540,doc_0583
session_09541,doc_0524
session_09542,doc_0434
session_09542,doc_0458
session_09543,doc_0476
session_09544,doc_0845
session_09544,doc_0844
session_09544,doc_0770
session_09545,doc_0501
session_09545,doc_0552
session_09545,doc_0701
session_09546,doc_0045
session_09546,doc_0063
session_09547,doc_0006
session_09547,doc_0078
session_09547,doc_0005
session_09547,doc_0613
session_09548,doc_0803
session_09548,doc_0732
session_09548,doc_0756
session_09548,doc_0813
session_09549,doc_0116
session_09550,doc_0852
session_09551,doc_0593
session_09552,doc_0402
session_09552,doc_0384
session_09552,doc_0336
session_09552,doc_0331
session_09552,doc_0852
session_09553,doc_0384
session_09553,doc_0338
session_09553,doc_0329
session_09553,doc_0434
session_09554,doc_0559
session_09555,doc_0621
session_09556,doc_0586
session_09556,doc_0498
session_09557,doc_0356
session_09557,doc_0361
session_09557,doc_0374
session_09557,doc_0373
session_09558,doc_0031
session_09558,doc_0059
session_09559,doc_0559
session_09559,doc_0517
session_09559,doc_0434
session_09560,doc_0377
session_09561,doc_0581
session_09562,doc_0431
session_09563,doc_0571
session_09563,doc_0235
session_09564,doc_0854
session_09565,doc_0819
session_09566,doc_0469
session_09566,doc_0412
session_09566,doc_0454
session_09566,doc_0420
session_09566,doc_0437
session_09566,doc_0783
session_09567,doc_0614
session_09567,doc_0617
session_09567,doc_0636
session_09567,doc_0615
session_09567,doc_0613
session_09567,doc_0848
session_09568,doc_0362
session_09568,doc_0400
session_09568,doc_0401
session_09568,doc_0331
session_09568,doc_0381
session_09568,doc_0338
session_09569,doc_0031
session_09569,doc_0048
session_09569,doc_0046
session_09569,doc_0091
session_09570,doc_0278
session_09571,doc_0706
session_09571,doc_0689
session_09571,doc_0615
session_09572,doc_0156
session_09572,doc_0121
session_09573,doc_0564
session_09573,doc_0560
session_09573,doc_0565
session_09573,doc_0732
session_09574,doc_0207
session_09575,doc_0853
session_09576,doc_0618
session_09576,doc_0617
session_09576,doc_0795
session_09577,doc_0043
session_09578,doc_0326
session_09578,doc_0322
session_09579,doc_0836
session_09579,doc_0774
session_09580,doc_0792
session_09580,doc_0802
session_09581,doc_0461
session_09582,doc_0914
session_09583,doc_0680
session_09584,doc_0316
session_09584,doc_0322
session_09584,doc_0280
session_09584,doc_0269
session_09585,doc_0736
session_09585,doc_0730
session_09586,doc_0469
session_09587,doc_0701
session_09587,doc_0658
session_09588,doc_0476
session_09589,doc_0843
session_09589,doc_0842
session_09590,doc_0870
session_09590,doc_0818
session_09590,doc_0754
session_09591,doc_0617
session_09591,doc_0642
session_09591,doc_0597
session_09591,doc_0673
session_09592,doc_0445
session_09593,doc_0673
session_09593,doc_0693
session_09594,doc_0917
session_09594,doc_0930
session_09594,doc_0392
session_09595,doc_0914
session_09595,doc_0924
session_09595,doc_0907
session_09596,doc_0795
session_09597,doc_0472
session_09598,doc_0337
session_09599,doc_0050
session_09600,doc_0852
session_09600,doc_0864
session_09601,doc_0346
session_09601,doc_0373
session_09601,doc_0889
session_09602,doc_0905
session_09603,doc_0294
session_09603,doc_0291
session_09603,doc_0336
session_09604,doc_0127
session_09604,doc_0171
session_09604,doc_0148
session_09604,doc_0118
session_09605,doc_0152
session_09605,doc_0123
session_09605,doc_0162
session_09605,doc_0393
session_09606,doc_0291
session_09606,doc_0413
session_09607,doc_0362
session_09607,doc_0360
session_09607,doc_0350
session_09608,doc_0469
session_09608,doc_0412
session_09609,doc_0760
session_09610,doc_0475
session_09610,doc_0430
session_09610,doc_0469
session_09611,doc_0182
session_09612,doc_0120
session_09613,doc_0434
session_09613,doc_0466
session_09613,doc_0448
session_09613,doc_0441
session_09613,doc_0469
session_09614,doc_0571
session_09614,doc_0724
session_09615,doc_0068
session_09615,doc_0053
session_09615,doc_0032
session_09615,doc_0156
session_09615,doc_0118
session_09615,doc_0169
session_09616,doc_0555
session_09616,doc_0502
session_09616,doc_0526
session_09616,doc_0493
session_09616,doc_0169
session_09617,doc_0482
session_09617,doc_0704
session_09618,doc_0914
session_09619,doc_0888
session_09619,doc_0917
session_09620,doc_0843
session_09620,doc_0829
session_09620,doc_0757
session_09621,doc_0420
session_09621,doc_0421
session_09621,doc_0349
session_09622,doc_0229
session_09622,doc_0238
session_09622,doc_0633
session_09623,doc_0173
session_09623,doc_0156
session_09623,doc_0182
session_09623,doc_0138
session_09623,doc_0148
session_09624,doc_0044
session_09624,doc_0056
session_09625,doc_0038
session_09626,doc_0156
session_09626,doc_0148
session_09626,doc_0112
session_09627,doc_0192
session_09627,doc_0148
session_09627,doc_0322
session_09628,doc_0870
session_09629,doc_0466
session_09629,doc_0434
session_09629,doc_0484
session_09629,doc_0476
session_09629,doc_0421
session_09629,doc_0238
session_09630,doc_0331
session_09630,doc_0360
session_09630,doc_0373
session_09630,doc_0406
session_09630,doc_0340
session_09630,doc_0359
session_09631,doc_0474
session_09632,doc_0046
session_09632,doc_0031
session_09632,doc_0043
session_09633,doc_0732
session_09633,doc_0721
session_09634,doc_0795
session_09634,doc_0235
session_09635,doc_0456
session_09635,doc_0476
session_09636,doc_0469
session_09637,doc_0586
session_09637,doc_0518
session_09637,doc_0544
session_09638,doc_0871
session_09638,doc_0836
session_09638,doc_0852
session_09638,doc_0839
session_09638,doc_0844
session_09638,doc_0720
session_09639,doc_0148
session_09639,doc_0290
session_09640,doc_0226
session_09640,doc_0240
session_09640,doc_0229
session_09641,doc_0734
session_09642,doc_0612
session_09642,doc_0602
session_09642,doc_0643
session_09642,doc_0608
session_09642,doc_0517
session_09643,doc_0843
session_09643,doc_0871
session_09643,doc_0373
session_09643,doc_0331
session_09644,doc_0679
session_09644,doc_0712
session_09645,doc_0148
session_09645,doc_0139
session_09645,doc_0564
session_09646,doc_0641
session_09646,doc_0619
session_09646,doc_0617
session_09646,doc_0618
session_09647,doc_0369
session_09648,doc_0644
session_09648,doc_0617
session_09648,doc_0443
session_09649,doc_0594
session_09649,doc_0617
session_09649,doc_0641
session_09650,doc_0817
session_09651,doc_0218
session_09652,doc_0229
session_09652,doc_0757
session_09653,doc_0322
session_09653,doc_0293
session_09653,doc_0112
session_09653,doc_0132
session_09654,doc_0063
session_09654,doc_0046
session_09655,doc_0207
session_09655,doc_0218
session_09655,doc_0469
session_09656,doc_0189
session_09656,doc_0179
session_09656,doc_0331
session_09657,doc_0592
session_09657,doc_0098
session_09658,doc_0123
session_09658,doc_0148
session_09658,doc_0132
session_09658,doc_0398
session_09658,doc_0342
session_09659,doc_0783
session_09659,doc_0754
session_09659,doc_0769
session_09659,doc_0757
session_09659,doc_0779
session_09659,doc_0613
session_09660,doc_0633
session_09660,doc_0644
session_09660,doc_0599
session_09661,doc_0291
session_09661,doc_0754
session_09662,doc_0182
session_09662,doc_0118
session_09662,doc_0121
session_09662,doc_0128
session_09663,doc_0412
session_09663,doc_0469
session_09663,doc_0422
session_09663,doc_0871
session_09664,doc_0817
session_09664,doc_0852
session_09664,doc_0824
session_09664,doc_0836
session_09664,doc_0867
session_09665,doc_0639
session_09665,doc_0852
session_09666,doc_0261
session_09666,doc_0235
session_09666,doc_0258
session_09667,doc_0424
session_09667,doc_0466
session_09667,doc_0431
session_09667,doc_0456
session_09667,doc_0331
session_09667,doc_0332
session_09668,doc_0207
session_09668,doc_0246
session_09669,doc_0198
session_09669,doc_0656
session_09670,doc_0869
session_09670,doc_0847
session_09670,doc_0732
session_09670,doc_0757
session_09671,doc_0752
session_09671,doc_0754
session_09671,doc_0732
session_09671,doc_0860
session_09671,doc_0841
session_09672,doc_0469
session_09672,doc_0412
session_09672,doc_0476
session_09672,doc_0618
session_09672,doc_0630
session_09673,doc_0171
session_09673,doc_0181
session_09673,doc_0148
session_09673,doc_0140
session_09674,doc_0122
session_09674,doc_0120
session_09674,doc_0123
session_09674,doc_0388
session_09674,doc_0401
session_09675,doc_0803
session_09675,doc_0727
session_09676,doc_0852
session_09676,doc_0818
session_09677,doc_0028
session_09677,doc_0043
session_09678,doc_0179
session_09679,doc_0856
session_09679,doc_0859
session_09679,doc_0868
session_09679,doc_0853
session_09679,doc_0843
session_09679,doc_0734
session_09680,doc_0239
session_09680,doc_0235
session_09680,doc_0200
session_09680,doc_0518
session_09681,doc_0673
session_09681,doc_0689
session_09682,doc_0878
session_09682,doc_0905
session_09682,doc_0900
session_09682,doc_0852
session_09682,doc_0823
session_09683,doc_0803
session_09683,doc_0719
session_09684,doc_0161
session_09684,doc_0152
session_09684,doc_0098
session_09685,doc_0401
session_09685,doc_0369
session_09686,doc_0373
session_09686,doc_0340
session_09686,doc_0437
session_09687,doc_0402
session_09688,doc_0156
session_09689,doc_0673
session_09689,doc_0699
session_09689,doc_0676
session_09690,doc_0434
session_09690,doc_0476
session_09690,doc_0466
session_09690,doc_0425
session_09691,doc_0914
session_09691,doc_0902
session_09691,doc_0933
session_09692,doc_0471
session_09692,doc_0291
session_09693,doc_0276
session_09693,doc_0322
session_09693,doc_0309
session_09694,doc_0565
session_09695,doc_0754
session_09695,doc_0752
session_09696,doc_0659
session_09696,doc_0695
session_09696,doc_0700
session_09697,doc_0077
session_09697,doc_0101
session_09697,doc_0617
session_09698,doc_0331
session_09698,doc_0369
session_09698,doc_0373
session_09698,doc_0360
session_09698,doc_0928
session_09698,doc_0892
session_09699,doc_0617
session_09699,doc_0615
session_09700,doc_0914
session_09700,doc_0880
session_09701,doc_0689
session_09702,doc_0158
session_09702,doc_0148
session_09702,doc_0120
session_09702,doc_0182
session_09703,doc_0131
session_09703,doc_0193
session_09704,doc_0561
session_09705,doc_0904
session_09705,doc_0894
session_09705,doc_0884
session_09706,doc_0243
session_09706,doc_0250
session_09707,doc_0776
session_09708,doc_0544
session_09708,doc_0001
session_09709,doc_0028
session_09709,doc_0048
session_09710,doc_0402
session_09710,doc_0406
session_09710,doc_0401
session_09710,doc_0373
session_09710,doc_0706
session_09711,doc_0610
session_09711,doc_0627
session_09711,doc_0643
session_09711,doc_0466
session_09712,doc_0163
session_09712,doc_0171
session_09713,doc_0585
session_09714,doc_0782
session_09715,doc_0400
session_09715,doc_0401
session_09716,doc_0331
session_09717,doc_0852
session_09717,doc_0843
session_09717,doc_0870
session_09717,doc_0754
session_09718,doc_0431
session_09718,doc_0434
session_09718,doc_0441
session_09719,doc_0618
session_09719,doc_0610
session_09719,doc_0754
session_09719,doc_0732
session_09720,doc_0096
session_09720,doc_0074
session_09720,doc_0471
session_09721,doc_0689
session_09721,doc_0683
session_09721,doc_0673
session_09721,doc_0495
session_09722,doc_0469
session_09722,doc_0428
session_09722,doc_0456
session_09722,doc_0476
session_09722,doc_0419
session_09723,doc_0710
session_09723,doc_0678
session_09723,doc_0401
session_09724,doc_0031
session_09725,doc_0508
session_09725,doc_0546
session_09726,doc_0493
session_09726,doc_0585
session_09727,doc_0564
session_09728,doc_0291
session_09728,doc_0322
session_09729,doc_0878
session_09730,doc_0211
session_09730,doc_0246
session_09730,doc_0447
session_09731,doc_0584
session_09731,doc_0493
session_09732,doc_0687
session_09732,doc_0673
session_09732,doc_0877
session_09733,doc_0604
session_09733,doc_0617
session_09733,doc_0026
session_09733,doc_0054
session_09734,doc_0754
session_09734,doc_0732
session_09734,doc_0914
session_09735,doc_0305
session_09736,doc_0207
session_09736,doc_0234
session_09736,doc_0220
session_09736,doc_0627
session_09737,doc_0521
session_09737,doc_0490
session_09737,doc_0510
session_09737,doc_0593
session_09738,doc_0401
session_09738,doc_0330
session_09738,doc_0156
session_09739,doc_0284
session_09740,doc_0727
session_09740,doc_0731
session_09741,doc_0148
session_09741,doc_0182
session_09741,doc_0179
session_09741,doc_0322
session_09742,doc_0305
session_09743,doc_0331
session_09743,doc_0098
session_09744,doc_0063
session_09745,doc_0121
session_09746,doc_0031
session_09747,doc_0458
session_09747,doc_0469
session_09748,doc_0250
session_09749,doc_0644
session_09750,doc_0708
session_09751,doc_0331
session_09751,doc_0373
session_09751,doc_0328
session_09751,doc_0398
session_09751,doc_0121
session_09751,doc_0182
session_09752,doc_0360
session_09752,doc_0369
session_09752,doc_0341
session_09752,doc_0373
session_09753,doc_0273
session_09754,doc_0068
session_09754,doc_0031
session_09755,doc_0310
session_09755,doc_0322
session_09755,doc_0270
session_09755,doc_0184
session_09755,doc_0113
session_09756,doc_0852
session_09756,doc_0770
session_09757,doc_0848
session_09757,doc_0817
session_09757,doc_0779
session_09758,doc_0152
session_09758,doc_0148
session_09758,doc_0307
session_09759,doc_0752
session_09759,doc_0800
session_09759,doc_0802
session_09759,doc_0782
session_09759,doc_0870
session_09760,doc_0679
session_09761,doc_0679
session_09761,doc_0695
session_09761,doc_0689
session_09761,doc_0670
session_09761,doc_0331
session_09762,doc_0666
session_09763,doc_0621
session_09763,doc_0641
session_09763,doc_0746
session_09763,doc_0752
session_09764,doc_0618
session_09764,doc_0595
session_09764,doc_0627
session_09764,doc_0916
session_09765,doc_0235
session_09766,doc_0001
session_09766,doc_0031
session_09767,doc_0331
session_09768,doc_0769
session_09769,doc_0741
session_09770,doc_0618
session_09770,doc_0074
session_09771,doc_0182
session_09771,doc_0114
session_09771,doc_0331
session_09772,doc_0512
session_09772,doc_0518
session_09772,doc_0495
session_09772,doc_0493
session_09772,doc_0032
session_09772,doc_0048
session_09773,doc_0917
session_09773,doc_0889
session_09773,doc_0656
session_09773,doc_0683
session_09774,doc_0498
session_09774,doc_0043
session_09775,doc_0116
session_09775,doc_0179
session_09776,doc_0079
session_09776,doc_0068
session_09776,doc_0100
session_09776,doc_0493
session_09776,doc_0555
session_09777,doc_0757
session_09778,doc_0401
session_09778,doc_0908
session_09779,doc_0031
session_09779,doc_0085
session_09779,doc_0098
session_09779,doc_0081
session_09779,doc_0063
session_09780,doc_0673
session_09780,doc_0669
session_09780,doc_0671
session_09781,doc_0679
session_09781,doc_0688
session_09781,doc_0388
session_09782,doc_0673
session_09783,doc_0203
session_09783,doc_0914
session_09784,doc_0172
session_09785,doc_0091
session_09785,doc_0056
session_09785,doc_0067
session_09786,doc_0757
session_09787,doc_0280
session_09788,doc_0579
session_09788,doc_0518
session_09788,doc_0031
session_09788,doc_0063
session_09789,doc_0752
session_09790,doc_0564
session_09790,doc_0044
session_09791,doc_0181
session_09792,doc_0243
session_09793,doc_0618
session_09793,doc_0645
session_09793,doc_0420
session_09794,doc_0412
session_09794,doc_0229
session_09795,doc_0789
session_09795,doc_0625
session_09796,doc_0769
session_09796,doc_0774
session_09796,doc_0756
session_09796,doc_0543
session_09797,doc_0148
session_09797,doc_0152
session_09797,doc_0133
session_09797,doc_0162
session_09798,doc_0914
session_09798,doc_0912
session_09798,doc_0852
session_09798,doc_0831
session_09799,doc_0402
session_09799,doc_0361
session_09800,doc_0535
session_09800,doc_0517
session_09800,doc_0518
session_09800,doc_0565
session_09800,doc_0752
session_09801,doc_0673
session_09801,doc_0656
session_09801,doc_0685
session_09801,doc_0689
session_09802,doc_0642
session_09802,doc_0617
session_09803,doc_0276
session_09803,doc_0322
session_09803,doc_0281
session_09804,doc_0553
session_09805,doc_0436
session_09805,doc_0476
session_09805,doc_0434
session_09806,doc_0617
session_09806,doc_0614
session_09806,doc_0601
session_09806,doc_0644
session_09806,doc_0633
session_09807,doc_0843
session_09807,doc_0818
session_09807,doc_0795
session_09808,doc_0469
session_09808,doc_0419
session_09809,doc_0275
session_09809,doc_0276
session_09809,doc_0303
session_09810,doc_0493
session_09811,doc_0874
session_09812,doc_0305
session_09813,doc_0860
session_09813,doc_0870
session_09814,doc_0156
session_09814,doc_0148
session_09815,doc_0673
session_09815,doc_0656
session_09815,doc_0328
session_09816,doc_0389
session_09817,doc_0291
session_09817,doc_0322
session_09817,doc_0181
session_09818,doc_0728
session_09818,doc_0754
session_09819,doc_0372
session_09819,doc_0373
session_09819,doc_0389
session_09819,doc_0335
session_09819,doc_0331
session_09819,doc_0384
session_09820,doc_0757
session_09820,doc_0673
session_09821,doc_0471
session_09822,doc_0412
session_09822,doc_0469
session_09823,doc_0148
session_09823,doc_0123
session_09824,doc_0757
session_09824,doc_0762
session_09825,doc_0565
session_09825,doc_0518
session_09825,doc_0555
session_09825,doc_0496
session_09826,doc_0086
session_09826,doc_0063
session_09827,doc_0618
session_09828,doc_0331
session_09828,doc_0369
session_09828,doc_0401
session_09828,doc_0701
session_09829,doc_0798
session_09829,doc_0781
session_09830,doc_0797
session_09830,doc_0752
session_09830,doc_0732
session_09830,doc_0564
session_09830,doc_0543
session_09831,doc_0271
session_09831,doc_0270
session_09831,doc_0291
session_09832,doc_0184
session_09832,doc_0156
session_09832,doc_0373
session_09833,doc_0069
session_09833,doc_0559
session_09834,doc_0261
session_09834,doc_0223
session_09834,doc_0214
session_09834,doc_0148
session_09835,doc_0091
session_09835,doc_0062
session_09835,doc_0068
session_09835,doc_0063
session_09836,doc_0394
session_09836,doc_0392
session_09836,doc_0413
session_09837,doc_0469
session_09837,doc_0458
session_09838,doc_0364
session_09838,doc_0337
session_09838,doc_0476
session_09839,doc_0120
session_09840,doc_0156
session_09840,doc_0673
session_09841,doc_0235
session_09842,doc_0512
session_09842,doc_0493
session_09843,doc_0068
session_09844,doc_0302
session_09845,doc_0498
session_09845,doc_0565
session_09846,doc_0617
session_09846,doc_0613
session_09847,doc_0656
session_09847,doc_0673
session_09847,doc_0925
session_09848,doc_0469
session_09848,doc_0430
session_09849,doc_0572
session_09849,doc_0564
session_09849,doc_0754
session_09850,doc_0754
session_09850,doc_0714
session_09850,doc_0790
session_09850,doc_0027
session_09851,doc_0148
session_09851,doc_0175
session_09852,doc_0373
session_09853,doc_0617
session_09853,doc_0604
session_09853,doc_0618
session_09853,doc_0420
session_09854,doc_0034
session_09854,doc_0046
session_09854,doc_0560
session_09855,doc_0336
session_09856,doc_0168
session_09856,doc_0148
session_09856,doc_0116
session_09856,doc_0119
session_09856,doc_0179
session_09856,doc_0183
session_09857,doc_0032
session_09857,doc_0031
session_09857,doc_0014
session_09857,doc_0859
session_09857,doc_0852
session_09858,doc_0765
session_09859,doc_0120
session_09860,doc_0736
session_09860,doc_0754
session_09860,doc_0068
session_09861,doc_0322
session_09861,doc_0305
session_09861,doc_0310
session_09861,doc_0312
session_09861,doc_0288
session_09862,doc_0401
session_09863,doc_0676
session_09864,doc_0291
session_09864,doc_0310
session_09864,doc_0331
session_09864,doc_0371
session_09865,doc_0308
session_09866,doc_0627
session_09866,doc_0618
session_09866,doc_0642
session_09866,doc_0639
session_09866,doc_0542
session_09866,doc_0534
session_09867,doc_0914
session_09867,doc_0883
session_09867,doc_0771
session_09868,doc_0246
session_09869,doc_0617
session_09869,doc_0615
session_09870,doc_0023
session_09870,doc_0039
session_09871,doc_0730
session_09872,doc_0810
session_09872,doc_0814
session_09872,doc_0857
session_09873,doc_0360
session_09873,doc_0404
session_09873,doc_0161
session_09874,doc_0048
session_09874,doc_0120
session_09875,doc_0046
session_09876,doc_0626
session_09877,doc_0569
session_09877,doc_0586
session_09877,doc_0590
session_09877,doc_0518
session_09877,doc_0235
session_09878,doc_0276
session_09878,doc_0315
session_09879,doc_0031
session_09880,doc_0922
session_09881,doc_0148
session_09881,doc_0193
session_09881,doc_0122
session_09882,doc_0168
session_09882,doc_0191
session_09882,doc_0162
session_09883,doc_0547
session_09883,doc_0510
session_09884,doc_0618
session_09885,doc_0235
session_09885,doc_0203
session_09886,doc_0027
session_09887,doc_0148
session_09887,doc_0165
session_09887,doc_0381
session_09888,doc_0101
session_09888,doc_0019
session_09888,doc_0063
session_09888,doc_0103
session_09889,doc_0077
session_09890,doc_0617
session_09890,doc_0618
session_09891,doc_0305
session_09891,doc_0299
session_09891,doc_0297
session_09891,doc_0402
session_09892,doc_0673
session_09893,doc_0293
session_09893,doc_0272
session_09893,doc_0291
session_09893,doc_0373
session_09893,doc_0333
session_09893,doc_0331
session_09894,doc_0031
session_09895,doc_0720
session_09896,doc_0754
session_09896,doc_0752
session_09896,doc_0565
session_09896,doc_0490
session_09897,doc_0852
session_09897,doc_0841
session_09897,doc_0810
session_09897,doc_0873
session_09898,doc_0716
session_09898,doc_0555
session_09899,doc_0883
session_09899,doc_0902
session_09899,doc_0656
session_09900,doc_0857
session_09900,doc_0815
session_09901,doc_0179
session_09901,doc_0125
session_09901,doc_0148
session_09902,doc_0555
session_09902,doc_0494
session_09902,doc_0541
session_09902,doc_0791
session_09903,doc_0872
session_09903,doc_0817
session_09903,doc_0754
session_09904,doc_0803
session_09905,doc_0331
session_09905,doc_0338
session_09906,doc_0506
session_09906,doc_0068
session_09907,doc_0031
session_09907,doc_0043
session_09907,doc_0032
session_09907,doc_0621
session_09908,doc_0753
session_09908,doc_0757
session_09908,doc_0754
session_09908,doc_0803
session_09908,doc_0782
session_09909,doc_0470
session_09910,doc_0757
session_09910,doc_0764
session_09910,doc_0754
session_09910,doc_0752
session_09910,doc_0382
session_09910,doc_0331
session_09911,doc_0091
session_09911,doc_0061
session_09911,doc_0068
session_09912,doc_0732
session_09912,doc_0586
session_09913,doc_0889
session_09913,doc_0401
session_09914,doc_0656
session_09915,doc_0894
session_09916,doc_0514
session_09917,doc_0392
session_09918,doc_0438
session_09919,doc_0068
session_09920,doc_0179
session_09920,doc_0148
session_09921,doc_0322
session_09921,doc_0305
session_09921,doc_0313
session_09921,doc_0291
session_09922,doc_0542
session_09923,doc_0207
session_09924,doc_0373
session_09924,doc_0340
session_09925,doc_0762
session_09925,doc_0752
session_09926,doc_0786
session_09926,doc_0735
session_09926,doc_0754
session_09927,doc_0148
session_09928,doc_0843
session_09928,doc_0858
session_09929,doc_0052
session_09929,doc_0546
session_09930,doc_0518
session_09931,doc_0843
session_09931,doc_0852
session_09931,doc_0836
session_09931,doc_0844
session_09931,doc_0862
session_09931,doc_0618
session_09932,doc_0758
session_09932,doc_0720
session_09932,doc_0858
session_09933,doc_0884
session_09933,doc_0934
session_09934,doc_0273
session_09934,doc_0119
session_09935,doc_0235
session_09935,doc_0469
session_09936,doc_0565
session_09936,doc_0091
session_09937,doc_0232
session_09938,doc_0031
session_09938,doc_0048
session_09938,doc_0017
session_09938,doc_0618
session_09939,doc_0096
session_09939,doc_0031
session_09939,doc_0617
session_09940,doc_0428
session_09940,doc_0472
session_09940,doc_0430
session_09941,doc_0017
session_09941,doc_0063
session_09942,doc_0148
session_09942,doc_0152
session_09942,doc_0123
session_09942,doc_0120
session_09943,doc_0518
session_09944,doc_0471
session_09945,doc_0928
session_09945,doc_0581
session_09946,doc_0148
session_09947,doc_0518
session_09947,doc_0041
session_09948,doc_0629
session_09949,doc_0829
session_09949,doc_0815
session_09949,doc_0754
session_09950,doc_0912
session_09950,doc_0884
session_09950,doc_0689
session_09950,doc_0695
session_09951,doc_0905
session_09951,doc_0914
session_09951,doc_0402
session_09952,doc_0555
session_09953,doc_0852
session_09953,doc_0857
session_09954,doc_0630
session_09955,doc_0405
session_09955,doc_0362
session_09955,doc_0404
session_09955,doc_0341
session_09955,doc_0377
session_09956,doc_0080
session_09957,doc_0843
session_09957,doc_0852
session_09958,doc_0843
session_09959,doc_0730
session_09959,doc_0780
session_09959,doc_0762
session_09959,doc_0750
session_09959,doc_0565
session_09960,doc_0673
session_09961,doc_0673
session_09962,doc_0126
session_09962,doc_0150
session_09963,doc_0140
session_09963,doc_0169
session_09964,doc_0706
session_09965,doc_0673
session_09965,doc_0658
session_09965,doc_0706
session_09966,doc_0044
session_09966,doc_0086
session_09966,doc_0617
session_09967,doc_0412
session_09967,doc_0434
session_09967,doc_0331
session_09968,doc_0068
session_09968,doc_0096
session_09968,doc_0041
session_09969,doc_0322
session_09969,doc_0309
session_09969,doc_0290
session_09969,doc_0276
session_09970,doc_0048
session_09970,doc_0031
session_09970,doc_0063
session_09970,doc_0068
session_09971,doc_0719
session_09972,doc_0430
session_09972,doc_0449
session_09972,doc_0434
session_09972,doc_0492
session_09973,doc_0858
session_09974,doc_0402
session_09975,doc_0632
session_09975,doc_0617
session_09975,doc_0757
session_09976,doc_0235
session_09976,doc_0218
session_09976,doc_0255
session_09976,doc_0852
session_09977,doc_0476
session_09978,doc_0903
session_09978,doc_0900
session_09979,doc_0207
session_09979,doc_0401
session_09980,doc_0148
session_09980,doc_0128
session_09980,doc_0542
session_09981,doc_0751
session_09981,doc_0754
session_09981,doc_0699
session_09982,doc_0668
session_09982,doc_0695
session_09982,doc_0148
session_09983,doc_0331
session_09984,doc_0362
session_09985,doc_0656
session_09985,doc_0670
session_09985,doc_0673
session_09985,doc_0658
session_09985,doc_0685
session_09985,doc_0545
session_09986,doc_0776
session_09986,doc_0748
session_09986,doc_0774
session_09986,doc_0757
session_09986,doc_0754
session_09986,doc_0870
session_09987,doc_0651
session_09987,doc_0699
session_09987,doc_0695
session_09988,doc_0270
session_09989,doc_0031
session_09989,doc_0091
session_09989,doc_0641
session_09990,doc_0342
session_09990,doc_0331
session_09991,doc_0091
session_09991,doc_0068
session_09992,doc_0535
session_09992,doc_0504
session_09992,doc_0564
session_09992,doc_0795
session_09993,doc_0031
session_09994,doc_0032
session_09995,doc_0931
session_09995,doc_0884
session_09995,doc_0878
session_09995,doc_0656
session_09996,doc_0852
session_09997,doc_0204
session_09998,doc_0663
session_09999,doc_0364
session_09999,doc_0402
session_09999,doc_0148
session_10000,doc_0148
session_10000,doc_0173
session_10001,doc_0902
session_10001,doc_0889
session_10001,doc_0927
session_10001,doc_0355
session_10002,doc_0757
session_10002,doc_0754
session_10002,doc_0769
session_10002,doc_0741
session_10002,doc_0747
session_10002,doc_0614
session_10003,doc_0565
session_10003,doc_0577
session_10004,doc_0229
session_10004,doc_0235
session_10004,doc_0476
session_10005,doc_0235
session_10005,doc_0243
session_10005,doc_0469
session_10006,doc_0769
session_10007,doc_0518
session_10007,doc_0754
session_10008,doc_0010
session_10009,doc_0783
session_10009,doc_0748
session_10009,doc_0754
session_10009,doc_0795
session_10010,doc_0754
session_10011,doc_0041
session_10012,doc_0844
session_10012,doc_0852
session_10012,doc_0865
session_10013,doc_0288
session_10013,doc_0298
session_10013,doc_0268
session_10014,doc_0748
session_10015,doc_0317
session_10015,doc_0273
session_10015,doc_0269
session_10016,doc_0783
session_10016,doc_0765
session_10016,doc_0565
session_10017,doc_0392
session_10017,doc_0331
session_10017,doc_0450
session_10018,doc_0689
session_10018,doc_0672
session_10019,doc_0091
session_10020,doc_0884
session_10021,doc_0031
session_10022,doc_0243
session_10022,doc_0203
session_10022,doc_0239
session_10022,doc_0303
session_10023,doc_0118
session_10023,doc_0122
session_10023,doc_0276
session_10024,doc_0902
session_10024,doc_0917
session_10024,doc_0661
session_10025,doc_0852
session_10025,doc_0862
session_10025,doc_0762
session_10026,doc_0830
session_10026,doc_0836
session_10026,doc_0812
session_10026,doc_0216
session_10027,doc_0291
session_10028,doc_0714
session_10028,doc_0732
session_10028,doc_0790
session_10028,doc_0852
session_10029,doc_0922
session_10029,doc_0884
session_10029,doc_0905
session_10029,doc_0592
session_10030,doc_0148
session_10030,doc_0444
session_10031,doc_0858
session_10031,doc_0855
session_10031,doc_0852
session_10032,doc_0802
session_10032,doc_0779
session_10032,doc_0754
session_10032,doc_0736
session_10032,doc_0722
session_10032,doc_0750
session_10033,doc_0284
session_10034,doc_0019
session_10034,doc_0631
session_10035,doc_0322
session_10035,doc_0273
session_10035,doc_0408
session_10036,doc_0617
session_10037,doc_0843
session_10037,doc_0870
session_10037,doc_0862
session_10038,doc_0691
session_10038,doc_0671
session_10038,doc_0679
session_10038,doc_0917
session_10039,doc_0121
session_10040,doc_0179
session_10041,doc_0769
session_10042,doc_0514
session_10043,doc_0229
session_10043,doc_0223
session_10043,doc_0199
session_10044,doc_0852
session_10044,doc_0870
session_10044,doc_0752
session_10045,doc_0617
session_10045,doc_0783
session_10046,doc_0728
session_10047,doc_0331
session_10047,doc_0376
session_10047,doc_0401
session_10048,doc_0113
session_10048,doc_0156
session_10048,doc_0322
session_10048,doc_0297
session_10049,doc_0198
session_10049,doc_0235
session_10049,doc_0229
session_10049,doc_0041
session_10049,doc_0046
session_10050,doc_0563
session_10051,doc_0043
session_10052,doc_0542
session_10053,doc_0469
session_10053,doc_0481
session_10054,doc_0434
session_10054,doc_0471
session_10054,doc_0625
session_10054,doc_0641
session_10055,doc_0204
session_10055,doc_0242
session_10056,doc_0754
session_10056,doc_0853
session_10057,doc_0031
session_10058,doc_0430
session_10058,doc_0852
session_10059,doc_0856
session_10060,doc_0557
session_10060,doc_0554
session_10060,doc_0565
session_10060,doc_0518
session_10060,doc_0547
session_10061,doc_0493
session_10061,doc_0437
session_10062,doc_0322
session_10062,doc_0284
session_10062,doc_0273
session_10063,doc_0921
session_10063,doc_0884
session_10063,doc_0068
session_10064,doc_0735
session_10065,doc_0323
session_10066,doc_0392
session_10066,doc_0355
session_10066,doc_0914
session_10067,doc_0187
session_10067,doc_0121
session_10068,doc_0373
session_10068,doc_0398
session_10068,doc_0331
session_10068,doc_0171
session_10069,doc_0852
session_10070,doc_0360
session_10071,doc_0623
session_10071,doc_0641
session_10071,doc_0608
session_10071,doc_0615
session_10071,doc_0645
session_10072,doc_0852
session_10073,doc_0400
session_10073,doc_0168
session_10074,doc_0225
session_10074,doc_0693
session_10075,doc_0474
session_10075,doc_0431
session_10075,doc_0471
session_10075,doc_0459
session_10075,doc_0617
session_10076,doc_0365
session_10076,doc_0381
session_10076,doc_0364
session_10076,doc_0351
session_10076,doc_0392
session_10076,doc_0699
session_10077,doc_0045
session_10078,doc_0276
session_10078,doc_0322
session_10078,doc_0308
session_10078,doc_0143
session_10079,doc_0286
session_10080,doc_0689
session_10080,doc_0675
session_10081,doc_0169
session_10081,doc_0291
session_10082,doc_0611
session_10083,doc_0385
session_10083,doc_0363
session_10084,doc_0043
session_10084,doc_0031
session_10084,doc_0068
session_10085,doc_0148
session_10085,doc_0182
session_10085,doc_0172
session_10085,doc_0331
session_10085,doc_0373
session_10086,doc_0319
session_10086,doc_0148
session_10087,doc_0004
session_10087,doc_0031
session_10088,doc_0459
session_10088,doc_0423
session_10088,doc_0091
session_10089,doc_0645
session_10089,doc_0641
session_10090,doc_0152
session_10090,doc_0123
session_10090,doc_0031
session_10091,doc_0569
session_10091,doc_0013
session_10092,doc_0858
session_10092,doc_0839
session_10092,doc_0857
session_10092,doc_0452
session_10093,doc_0640
session_10093,doc_0597
session_10094,doc_0625
session_10094,doc_0615
session_10094,doc_0617
session_10094,doc_0045
session_10095,doc_0269
session_10096,doc_0795
session_10097,doc_0420
session_10097,doc_0476
session_10097,doc_0412
session_10098,doc_0015
session_10099,doc_0436
session_10099,doc_0469
session_10099,doc_0471
session_10099,doc_0476
session_10100,doc_0120
session_10101,doc_0363
session_10101,doc_0337
session_10102,doc_0518
session_10102,doc_0496
session_10103,doc_0565
session_10103,doc_0584
session_10104,doc_0258
session_10105,doc_0771
session_10105,doc_0752
session_10105,doc_0784
session_10105,doc_0732
session_10106,doc_0371
session_10106,doc_0523
session_10107,doc_0448
session_10107,doc_0434
session_10108,doc_0618
session_10108,doc_0625
session_10108,doc_0600
session_10108,doc_0617
session_10109,doc_0045
session_10109,doc_0019
session_10109,doc_0048
session_10110,doc_0871
session_10110,doc_0802
session_10111,doc_0754
session_10111,doc_0802
session_10111,doc_0148
session_10111,doc_0119
session_10112,doc_0148
session_10112,doc_0124
session_10112,doc_0473
session_10113,doc_0423
session_10113,doc_0428
session_10114,doc_0171
session_10114,doc_0168
session_10115,doc_0206
session_10115,doc_0246
session_10115,doc_0218
session_10115,doc_0238
session_10116,doc_0054
session_10117,doc_0148
session_10118,doc_0322
session_10118,doc_0308
session_10118,doc_0339
session_10118,doc_0363
session_10119,doc_0673
session_10120,doc_0757
session_10120,doc_0494
session_10121,doc_0786
session_10122,doc_0148
session_10122,doc_0156
session_10122,doc_0179
session_10122,doc_0804
session_10123,doc_0229
session_10123,doc_0240
session_10123,doc_0207
session_10123,doc_0238
session_10123,doc_0413
session_10124,doc_0673
session_10124,doc_0331
session_10125,doc_0518
session_10125,doc_0558
session_10126,doc_0168
session_10126,doc_0152
session_10126,doc_0120
session_10126,doc_0160
session_10127,doc_0031
session_10127,doc_0018
session_10127,doc_0027
session_10127,doc_0644
session_10128,doc_0802
session_10129,doc_0156
session_10129,doc_0179
session_10129,doc_0291
session_10130,doc_0359
session_10130,doc_0331
session_10130,doc_0381
session_10131,doc_0617
session_10131,doc_0634
session_10132,doc_0690
session_10132,doc_0689
session_10132,doc_0666
session_10132,doc_0656
session_10133,doc_0803
session_10134,doc_0844
session_10134,doc_0756
session_10135,doc_0656
session_10135,doc_0695
session_10135,doc_0555
session_10136,doc_0045
session_10136,doc_0031
session_10137,doc_0182
session_10138,doc_0031
session_10138,doc_0068
session_10139,doc_0683
session_10139,doc_0680
session_10139,doc_0673
session_10139,doc_0914
session_10140,doc_0119
session_10140,doc_0179
session_10140,doc_0302
session_10141,doc_0565
session_10141,doc_0526
session_10141,doc_0518
session_10142,doc_0280
session_10143,doc_0068
session_10143,doc_0031
session_10143,doc_0001
session_10143,doc_0043
session_10144,doc_0360
session_10144,doc_0400
session_10144,doc_0118
session_10145,doc_0328
session_10145,doc_0357
session_10145,doc_0337
session_10145,doc_0152
session_10145,doc_0141
session_10146,doc_0870
session_10146,doc_0845
session_10146,doc_0871
session_10146,doc_0858
session_10146,doc_0844
session_10147,doc_0068
session_10147,doc_0019
session_10147,doc_0618
session_10148,doc_0894
session_10148,doc_0925
session_10149,doc_0172
session_10149,doc_0148
session_10149,doc_0118
session_10149,doc_0330
session_10149,doc_0352
session_10150,doc_0689
session_10150,doc_0674
session_10151,doc_0927
session_10151,doc_0889
session_10151,doc_0689
session_10152,doc_0534
session_10152,doc_0518
session_10152,doc_0502
session_10152,doc_0127
session_10152,doc_0148
session_10153,doc_0843
session_10154,doc_0802
session_10154,doc_0752
session_10155,doc_0487
session_10156,doc_0823
session_10156,doc_0871
session_10156,doc_0870
session_10156,doc_0850
session_10157,doc_0617
session_10157,doc_0608
session_10157,doc_0641
session_10157,doc_0618
session_10157,doc_0803
session_10157,doc_0757
session_10158,doc_0068
session_10158,doc_0004
session_10159,doc_0373
session_10160,doc_0914
session_10160,doc_0902
session_10160,doc_0678
session_10161,doc_0573
session_10161,doc_0560
session_10161,doc_0099
session_10162,doc_0755
session_10163,doc_0844
session_10163,doc_0857
session_10163,doc_0847
session_10163,doc_0818
session_10163,doc_0870
session_10164,doc_0806
session_10164,doc_0865
session_10165,doc_0428
session_10166,doc_0146
session_10166,doc_0120
session_10166,doc_0401
session_10167,doc_0889
session_10168,doc_0502
session_10169,doc_0322
session_10169,doc_0316
session_10169,doc_0317
session_10169,doc_0297
session_10169,doc_0291
session_10170,doc_0606
session_10170,doc_0615
session_10170,doc_0644
session_10171,doc_0293
session_10172,doc_0281
session_10173,doc_0625
session_10174,doc_0079
session_10175,doc_0719
session_10175,doc_0752
session_10175,doc_0565
session_10176,doc_0152
session_10176,doc_0168
session_10176,doc_0310
session_10176,doc_0293
session_10177,doc_0322
session_10177,doc_0269
session_10177,doc_0844
session_10178,doc_0331
session_10178,doc_0401
session_10179,doc_0565
session_10179,doc_0505
session_10179,doc_0501
session_10179,doc_0574
session_10179,doc_0538
session_10180,doc_0043
session_10180,doc_0031
session_10180,doc_0046
session_10180,doc_0071
session_10180,doc_0498
session_10181,doc_0395
session_10181,doc_0471
session_10182,doc_0358
session_10182,doc_0373
session_10182,doc_0408
session_10183,doc_0565
session_10183,doc_0501
session_10183,doc_0502
session_10183,doc_0536
session_10183,doc_0545
session_10183,doc_0641
session_10184,doc_0260
session_10184,doc_0205
session_10184,doc_0252
session_10184,doc_0617
session_10185,doc_0032
session_10185,doc_0057
session_10185,doc_0048
session_10185,doc_0031
session_10185,doc_0627
session_10186,doc_0092
session_10187,doc_0884
session_10187,doc_0360
session_10188,doc_0818
session_10189,doc_0815
session_10189,doc_0820
session_10190,doc_0824
session_10190,doc_0792
session_10191,doc_0757
session_10192,doc_0223
session_10192,doc_0617
session_10193,doc_0518
session_10193,doc_0498
session_10194,doc_0914
session_10195,doc_0013
session_10195,doc_0031
session_10195,doc_0625
session_10196,doc_0276
session_10196,doc_0280
session_10197,doc_0656
session_10198,doc_0206
session_10199,doc_0322
session_10200,doc_0071
session_10200,doc_0014
session_10200,doc_0269
session_10200,doc_0270
session_10201,doc_0553
session_10201,doc_0540
session_10201,doc_0502
session_10202,doc_0803
session_10202,doc_0845
session_10203,doc_0235
session_10203,doc_0241
session_10203,doc_0229
session_10203,doc_0476
session_10204,doc_0836
session_10204,doc_0852
session_10205,doc_0933
session_10205,doc_0900
session_10205,doc_0702
session_10206,doc_0148
session_10206,doc_0156
session_10207,doc_0322
session_10207,doc_0276
session_10207,doc_0273
session_10207,doc_0294
session_10207,doc_0068
session_10208,doc_0152
session_10208,doc_0166
session_10208,doc_0148
session_10209,doc_0661
session_10210,doc_0871
session_10210,doc_0810
session_10211,doc_0487
session_10211,doc_0486
session_10212,doc_0243
session_10213,doc_0870
session_10213,doc_0812
session_10213,doc_0762
session_10214,doc_0692
session_10215,doc_0889
session_10215,doc_0899
session_10215,doc_0905
session_10215,doc_0884
session_10216,doc_0914
session_10217,doc_0270
session_10217,doc_0126
session_10218,doc_0471
session_10218,doc_0412
session_10218,doc_0884
session_10219,doc_0664
session_10219,doc_0663
session_10219,doc_0729
session_10219,doc_0733
session_10220,doc_0086
session_10220,doc_0023
session_10220,doc_0068
session_10221,doc_0565
session_10221,doc_0572
session_10221,doc_0555
session_10221,doc_0518
session_10221,doc_0031
session_10222,doc_0815
session_10222,doc_0870
session_10222,doc_0900
session_10223,doc_0305
session_10223,doc_0285
session_10223,doc_0403
session_10224,doc_0900
session_10225,doc_0084
session_10225,doc_0046
session_10225,doc_0075
session_10225,doc_0065
session_10226,doc_0434
session_10226,doc_0469
session_10227,doc_0105
session_10228,doc_0582
session_10228,doc_0564
session_10228,doc_0565
session_10228,doc_0518
session_10228,doc_0031
session_10228,doc_0011
session_10229,doc_0633
session_10230,doc_0185
session_10231,doc_0116
session_10231,doc_0331
session_10232,doc_0615
session_10232,doc_0641
session_10232,doc_0769
session_10233,doc_0321
session_10234,doc_0673
session_10235,doc_0224
session_10236,doc_0914
session_10236,doc_0893
session_10236,doc_0874
session_10237,doc_0031
session_10237,doc_0213
session_10238,doc_0052
session_10238,doc_0016
session_10238,doc_0068
session_10238,doc_0031
session_10239,doc_0148
session_10239,doc_0179
session_10239,doc_0269
session_10239,doc_0302
session_10240,doc_0193
session_10240,doc_0148
session_10240,doc_0119
session_10241,doc_0322
session_10241,doc_0284
session_10241,doc_0309
session_10241,doc_0276
session_10242,doc_0565
session_10242,doc_0518
session_10243,doc_0856
session_10243,doc_0839
session_10243,doc_0871
session_10243,doc_0618
session_10244,doc_0871
session_10245,doc_0746
session_10245,doc_0754
session_10245,doc_0731
session_10245,doc_0207
session_10245,doc_0224
session_10246,doc_0897
session_10246,doc_0933
session_10246,doc_0382
session_10247,doc_0858
session_10247,doc_0836
session_10247,doc_0872
session_10247,doc_0518
session_10247,doc_0562
session_10248,doc_0757
session_10249,doc_0328
session_10250,doc_0870
session_10251,doc_0567
session_10251,doc_0534
session_10251,doc_0518
session_10252,doc_0152
session_10252,doc_0144
session_10253,doc_0565
session_10253,doc_0543
session_10254,doc_0922
session_10254,doc_0235
session_10255,doc_0518
session_10255,doc_0929
session_10256,doc_0246
session_10257,doc_0518
session_10258,doc_0565
session_10258,doc_0518
session_10258,doc_0063
session_10259,doc_0752
session_10259,doc_0754
session_10259,doc_0757
session_10259,doc_0792
session_10260,doc_0803
session_10260,doc_0754
session_10260,doc_0783
session_10261,doc_0803
session_10261,doc_0754
session_10261,doc_0742
session_10261,doc_0852
session_10261,doc_0870
session_10262,doc_0723
session_10262,doc_0755
session_10263,doc_0471
session_10264,doc_0275
session_10264,doc_0322
session_10264,doc_0631
session_10265,doc_0331
session_10265,doc_0406
session_10265,doc_0068
session_10266,doc_0716
session_10267,doc_0565
session_10268,doc_0331
session_10268,doc_0649
session_10269,doc_0900
session_10270,doc_0402
session_10271,doc_0699
session_10271,doc_0689
session_10271,doc_0679
session_10271,doc_0658
session_10271,doc_0373
session_10272,doc_0460
session_10272,doc_0412
session_10272,doc_0434
session_10272,doc_0476
session_10272,doc_0261
session_10272,doc_0242
session_10273,doc_0043
session_10274,doc_0929
session_10274,doc_0914
session_10274,doc_0917
session_10274,doc_0673
session_10275,doc_0031
session_10275,doc_0068
session_10275,doc_0063
session_10275,doc_0025
session_10275,doc_0507
session_10276,doc_0269
session_10276,doc_0293
session_10276,doc_0314
session_10277,doc_0148
session_10278,doc_0322
session_10278,doc_0265
session_10278,doc_0584
session_10279,doc_0398
session_10279,doc_0373
session_10279,doc_0331
session_10280,doc_0129
session_10280,doc_0152
session_10280,doc_0148
session_10280,doc_0147
session_10281,doc_0763
session_10281,doc_0754
session_10281,doc_0615
session_10282,doc_0469
session_10282,doc_0483
session_10282,doc_0329
session_10282,doc_0410
session_10283,doc_0617
session_10283,doc_0618
session_10283,doc_0634
session_10283,doc_0471
session_10284,doc_0313
session_10284,doc_0322
session_10285,doc_0476
session_10285,doc_0469
session_10286,doc_0381
session_10287,doc_0373
session_10288,doc_0298
session_10288,doc_0317
session_10289,doc_0232
session_10290,doc_0097
session_10290,doc_0063
session_10290,doc_0518
session_10291,doc_0127
session_10292,doc_0322
session_10293,doc_0811
session_10293,doc_0862
session_10293,doc_0726
session_10294,doc_0148
session_10294,doc_0120
session_10295,doc_0148
session_10295,doc_0127
session_10295,doc_0111
session_10295,doc_0373
session_10296,doc_0235
session_10296,doc_0246
session_10296,doc_0218
session_10297,doc_0469
session_10297,doc_0484
session_10297,doc_0476
session_10297,doc_0434
session_10297,doc_0465
session_10297,doc_0239
session_10298,doc_0551
session_10298,doc_0535
session_10298,doc_0518
session_10299,doc_0080
session_10299,doc_0050
session_10299,doc_0031
session_10299,doc_0596
session_10300,doc_0031
session_10301,doc_0162
session_10302,doc_0904
session_10303,doc_0900
session_10303,doc_0898
session_10303,doc_0889
session_10303,doc_0884
session_10303,doc_0362
session_10304,doc_0285
session_10304,doc_0318
session_10304,doc_0338
session_10305,doc_0562
session_10305,doc_0502
session_10305,doc_0671
session_10306,doc_0203
session_10306,doc_0235
session_10307,doc_0063
session_10307,doc_0518
session_10308,doc_0319
session_10308,doc_0287
session_10308,doc_0291
session_10309,doc_0615
session_10309,doc_0626
session_10309,doc_0641
session_10309,doc_0618
session_10309,doc_0617
session_10309,doc_0627
session_10310,doc_0031
session_10310,doc_0022
session_10311,doc_0673
session_10311,doc_0654
session_10311,doc_0689
session_10311,doc_0676
session_10311,doc_0692
session_10312,doc_0825
session_10313,doc_0322
session_10313,doc_0182
session_10314,doc_0857
session_10315,doc_0331
session_10315,doc_0396
session_10315,doc_0381
session_10315,doc_0393
session_10315,doc_0341
session_10316,doc_0852
session_10316,doc_0864
session_10316,doc_0754
session_10317,doc_0169
session_10317,doc_0121
session_10318,doc_0222
session_10318,doc_0210
session_10318,doc_0253
session_10319,doc_0148
session_10319,doc_0143
session_10320,doc_0844
session_10320,doc_0852
session_10320,doc_0808
session_10321,doc_0857
session_10322,doc_0736
session_10322,doc_0757
session_10322,doc_0728
session_10322,doc_0862
session_10323,doc_0469
session_10324,doc_0297
session_10325,doc_0229
session_10325,doc_0235
session_10325,doc_0261
session_10325,doc_0218
session_10325,doc_0424
session_10326,doc_0889
session_10326,doc_0900
session_10326,doc_0927
session_10326,doc_0369
session_10327,doc_0565
session_10327,doc_0586
session_10327,doc_0322
session_10328,doc_0878
session_10328,doc_0884
session_10328,doc_0921
session_10328,doc_0652
session_10329,doc_0754
session_10329,doc_0741
session_10329,doc_0724
session_10329,doc_0779
session_10330,doc_0031
session_10330,doc_0068
session_10330,doc_0010
session_10330,doc_0046
session_10330,doc_0002
session_10331,doc_0595
session_10331,doc_0617
session_10331,doc_0628
session_10331,doc_0641
session_10331,doc_0123
session_10332,doc_0031
session_10333,doc_0041
session_10333,doc_0043
session_10334,doc_0105
session_10334,doc_0132
session_10335,doc_0392
session_10336,doc_0148
session_10336,doc_0156
session_10336,doc_0112
session_10337,doc_0037
session_10337,doc_0040
session_10338,doc_0644
session_10339,doc_0182
session_10340,doc_0005
session_10340,doc_0019
session_10340,doc_0031
session_10340,doc_0041
session_10340,doc_0046
session_10340,doc_0656
session_10341,doc_0031
session_10342,doc_0858
session_10342,doc_0828
session_10343,doc_0070
session_10343,doc_0086
session_10344,doc_0498
session_10345,doc_0641
session_10346,doc_0543
session_10346,doc_0565
session_10346,doc_0518
session_10346,doc_0532
session_10347,doc_0046
session_10347,doc_0068
session_10347,doc_0564
session_10348,doc_0584
session_10349,doc_0043
session_10349,doc_0069
session_10349,doc_0063
session_10350,doc_0336
session_10350,doc_0381
session_10350,doc_0658
session_10351,doc_0670
session_10352,doc_0769
session_10352,doc_0795
session_10352,doc_0734
session_10352,doc_0840
session_10353,doc_0291
session_10353,doc_0316
session_10354,doc_0235
session_10355,doc_0114
session_10355,doc_0184
session_10356,doc_0304
session_10356,doc_0284
session_10356,doc_0741
session_10356,doc_0769
session_10357,doc_0884
session_10358,doc_0392
session_10358,doc_0364
session_10359,doc_0031
session_10359,doc_0063
session_10359,doc_0010
session_10359,doc_0001
session_10359,doc_0012
session_10360,doc_0884
session_10360,doc_0914
session_10360,doc_0683
session_10360,doc_0650
session_10361,doc_0331
session_10361,doc_0398
session_10361,doc_0914
session_10362,doc_0002
session_10362,doc_0085
session_10362,doc_0031
session_10362,doc_0564
session_10363,doc_0754
session_10364,doc_0437
session_10364,doc_0487
session_10364,doc_0382
session_10365,doc_0234
session_10365,doc_0247
session_10365,doc_0229
session_10366,doc_0192
session_10367,doc_0366
session_10368,doc_0308
session_10369,doc_0032
session_10369,doc_0046
session_10370,doc_0273
session_10370,doc_0352
session_10371,doc_0229
session_10371,doc_0235
session_10372,doc_0504
session_10372,doc_0545
session_10373,doc_0881
session_10374,doc_0228
session_10374,doc_0246
session_10375,doc_0480
session_10376,doc_0133
session_10377,doc_0031
session_10377,doc_0068
session_10377,doc_0633
session_10378,doc_0235
session_10378,doc_0476
session_10379,doc_0083
session_10379,doc_0031
session_10380,doc_0148
session_10380,doc_0179
session_10381,doc_0518
session_10381,doc_0068
session_10382,doc_0673
session_10383,doc_0754
session_10383,doc_0732
session_10384,doc_0300
session_10384,doc_0297
session_10384,doc_0658
session_10384,doc_0653
session_10385,doc_0035
session_10385,doc_0031
session_10386,doc_0914
session_10386,doc_0331
session_10387,doc_0194
session_10387,doc_0108
session_10388,doc_0152
session_10389,doc_0617
session_10389,doc_0783
session_10390,doc_0182
session_10390,doc_0130
session_10390,doc_0273
session_10391,doc_0893
session_10392,doc_0487
session_10393,doc_0048
session_10393,doc_0043
session_10394,doc_0579
session_10394,doc_0518
session_10394,doc_0542
session_10394,doc_0488
session_10394,doc_0501
session_10394,doc_0769
session_10395,doc_0229
session_10395,doc_0260
session_10395,doc_0235
session_10396,doc_0803
session_10396,doc_0774
session_10396,doc_0242
session_10397,doc_0225
session_10397,doc_0198
session_10398,doc_0673
session_10399,doc_0272
session_10400,doc_0305
session_10401,doc_0098
session_10401,doc_0031
session_10401,doc_0015
session_10401,doc_0088
session_10401,doc_0621
session_10402,doc_0584
session_10402,doc_0567
session_10402,doc_0565
session_10402,doc_0081
session_10403,doc_0871
session_10403,doc_0857
session_10404,doc_0379
session_10404,doc_0348
session_10405,doc_0793
session_10406,doc_0322
session_10407,doc_0226
session_10407,doc_0260
session_10407,doc_0216
session_10407,doc_0601
session_10408,doc_0931
session_10409,doc_0754
session_10410,doc_0031
session_10410,doc_0052
session_10411,doc_0900
session_10412,doc_0564
session_10413,doc_0373
session_10413,doc_0349
session_10413,doc_0381
session_10413,doc_0394
session_10413,doc_0695
session_10414,doc_0235
session_10414,doc_0444
session_10415,doc_0267
session_10415,doc_0291
session_10415,doc_0331
session_10416,doc_0170
session_10417,doc_0900
session_10417,doc_0475
session_10418,doc_0031
session_10419,doc_0476
session_10419,doc_0465
session_10419,doc_0458
session_10419,doc_0431
session_10420,doc_0444
session_10420,doc_0431
session_10420,doc_0441
session_10420,doc_0461
session_10420,doc_0235
session_10421,doc_0373
session_10421,doc_0400
session_10421,doc_0401
session_10422,doc_0241
session_10422,doc_0208
session_10422,doc_0476
session_10423,doc_0121
session_10423,doc_0168
session_10423,doc_0120
session_10423,doc_0617
session_10424,doc_0192
session_10425,doc_0157
session_10425,doc_0118
session_10426,doc_0156
session_10427,doc_0871
session_10427,doc_0852
session_10427,doc_0836
session_10427,doc_0754
session_10428,doc_0394
session_10429,doc_0035
session_10429,doc_0001
session_10429,doc_0031
session_10430,doc_0373
session_10430,doc_0369
session_10430,doc_0331
session_10430,doc_0357
session_10430,doc_0810
session_10430,doc_0858
session_10431,doc_0162
session_10431,doc_0148
session_10431,doc_0156
session_10432,doc_0757
session_10433,doc_0658
session_10433,doc_0224
session_10434,doc_0884
session_10434,doc_0883
session_10435,doc_0148
session_10436,doc_0401
session_10436,doc_0364
session_10436,doc_0362
session_10436,doc_0373
session_10437,doc_0121
session_10438,doc_0211
session_10438,doc_0207
session_10438,doc_0642
session_10439,doc_0605
session_10439,doc_0398
session_10440,doc_0156
session_10440,doc_0148
session_10440,doc_0322
session_10441,doc_0048
session_10441,doc_0054
session_10441,doc_0101
session_10441,doc_0546
session_10442,doc_0782
session_10443,doc_0797
session_10443,doc_0747
session_10443,doc_0754
session_10443,doc_0795
session_10443,doc_0235
session_10443,doc_0204
session_10444,doc_0388
session_10444,doc_0362
session_10444,doc_0412
session_10445,doc_0618
session_10445,doc_0642
session_10445,doc_0617
session_10445,doc_0641
session_10445,doc_0779
session_10446,doc_0898
session_10446,doc_0924
session_10446,doc_0914
session_10446,doc_0884
session_10447,doc_0068
session_10447,doc_0056
session_10448,doc_0518
session_10449,doc_0192
session_10449,doc_0641
session_10450,doc_0302
session_10450,doc_0276
session_10450,doc_0192
session_10451,doc_0373
session_10451,doc_0428
session_10452,doc_0229
session_10453,doc_0165
session_10453,doc_0181
session_10453,doc_0179
session_10453,doc_0564
session_10453,doc_0515
session_10454,doc_0501
session_10455,doc_0613
session_10455,doc_0617
session_10455,doc_0812
session_10456,doc_0689
session_10456,doc_0699
session_10456,doc_0673
session_10456,doc_0731
session_10456,doc_0773
session_10456,doc_0752
session_10457,doc_0401
session_10457,doc_0365
session_10457,doc_0186
session_10458,doc_0535
session_10459,doc_0858
session_10459,doc_0676
session_10460,doc_0508
session_10461,doc_0322
session_10461,doc_0394
session_10462,doc_0148
session_10462,doc_0305
session_10463,doc_0642
session_10464,doc_0914
session_10465,doc_0096
session_10466,doc_0689
session_10466,doc_0699
session_10467,doc_0865
session_10468,doc_0754
session_10468,doc_0732
session_10468,doc_0515
session_10469,doc_0472
session_10469,doc_0458
session_10469,doc_0471
session_10469,doc_0243
session_10470,doc_0518
session_10471,doc_0118
session_10472,doc_0754
session_10473,doc_0914
session_10473,doc_0893
session_10473,doc_0235
session_10473,doc_0240
session_10474,doc_0407
session_10474,doc_0440
session_10475,doc_0235
session_10475,doc_0273
session_10476,doc_0754
session_10476,doc_0763
session_10477,doc_0736
session_10477,doc_0754
session_10477,doc_0790
session_10477,doc_0762
session_10477,doc_0870
session_10477,doc_0871
session_10478,doc_0518
session_10479,doc_0001
session_10479,doc_0049
session_10479,doc_0016
session_10479,doc_0804
session_10480,doc_0203
session_10480,doc_0308
session_10481,doc_0641
session_10481,doc_0620
session_10481,doc_0634
session_10481,doc_0617
session_10481,doc_0621
session_10481,doc_0034
session_10482,doc_0291
session_10482,doc_0322
session_10482,doc_0276
session_10483,doc_0329
session_10483,doc_0402
session_10483,doc_0401
session_10483,doc_0148
session_10484,doc_0618
session_10484,doc_0606
session_10484,doc_0641
session_10484,doc_0610
session_10484,doc_0617
session_10484,doc_0614
session_10485,doc_0689
session_10485,doc_0889
session_10486,doc_0336
session_10486,doc_0438
session_10487,doc_0305
session_10487,doc_0297
session_10487,doc_0302
session_10487,doc_0649
session_10487,doc_0626
session_10488,doc_0673
session_10488,doc_0884
session_10489,doc_0631
session_10489,doc_0615
session_10490,doc_0331
session_10490,doc_0362
session_10491,doc_0518
session_10491,doc_0531
session_10491,doc_0048
session_10492,doc_0447
session_10493,doc_0243
session_10493,doc_0235
session_10494,doc_0200
session_10495,doc_0334
session_10495,doc_0386
session_10496,doc_0373
session_10496,doc_0401
session_10496,doc_0329
session_10497,doc_0031
session_10497,doc_0101
session_10497,doc_0023
session_10498,doc_0518
session_10499,doc_0852
session_10500,doc_0286
session_10500,doc_0276
session_10501,doc_0063
session_10501,doc_0068
session_10501,doc_0011
session_10501,doc_0001
session_10501,doc_0052
session_10502,doc_0355
session_10502,doc_0331
session_10503,doc_0673
session_10504,doc_0633
session_10505,doc_0852
session_10506,doc_0377
session_10507,doc_0565
session_10507,doc_0518
session_10507,doc_0063
session_10508,doc_0706
session_10509,doc_0321
session_10509,doc_0302
session_10509,doc_0331
session_10510,doc_0235
session_10511,doc_0224
session_10511,doc_0194
session_10512,doc_0388
session_10512,doc_0331
session_10512,doc_0434
session_10513,doc_0914
session_10514,doc_0469
session_10515,doc_0914
session_10515,doc_0905
session_10515,doc_0898
session_10515,doc_0347
session_10516,doc_0331
session_10516,doc_0352
session_10516,doc_0362
session_10516,doc_0673
session_10516,doc_0651
session_10517,doc_0243
session_10517,doc_0469
session_10518,doc_0373
session_10518,doc_0335
session_10518,doc_0331
session_10519,doc_0736
session_10519,doc_0752
session_10520,doc_0799
session_10520,doc_0754
session_10520,doc_0599
session_10521,doc_0673
session_10522,doc_0179
session_10522,doc_0305
session_10523,doc_0156
session_10523,doc_0180
session_10523,doc_0400
session_10524,doc_0008
session_10524,doc_0024
session_10524,doc_0016
session_10524,doc_0615
session_10525,doc_0768
session_10525,doc_0795
session_10525,doc_0845
session_10526,doc_0080
session_10526,doc_0099
session_10526,doc_0754
session_10527,doc_0732
session_10527,doc_0759
session_10527,doc_0736
session_10527,doc_0754
session_10528,doc_0852
session_10528,doc_0863
session_10528,doc_0822
session_10528,doc_0829
session_10529,doc_0253
session_10529,doc_0235
session_10529,doc_0644
session_10530,doc_0683
session_10530,doc_0917
session_10531,doc_0031
session_10532,doc_0844
session_10532,doc_0870
session_10532,doc_0852
session_10532,doc_0754
session_10532,doc_0783
session_10533,doc_0492
session_10533,doc_0715
session_10534,doc_0565
session_10535,doc_0564
session_10535,doc_0872
session_10536,doc_0246
session_10536,doc_0198
session_10537,doc_0235
session_10537,doc_0604
session_10538,doc_0360
session_10538,doc_0381
session_10539,doc_0754
session_10539,doc_0316
session_10540,doc_0526
session_10540,doc_0544
session_10540,doc_0501
session_10540,doc_0179
session_10541,doc_0362
session_10541,doc_0327
session_10541,doc_0148
session_10542,doc_0148
session_10542,doc_0126
session_10543,doc_0169
session_10543,doc_0137
session_10543,doc_0148
session_10544,doc_0435
session_10544,doc_0428
session_10545,doc_0848
session_10545,doc_0857
session_10545,doc_0852
session_10545,doc_0204
session_10546,doc_0769
session_10547,doc_0525
session_10547,doc_0564
session_10547,doc_0493
session_10548,doc_0068
session_10548,doc_0073
session_10548,doc_0041
session_10549,doc_0565
session_10550,doc_0756
session_10550,doc_0754
session_10550,doc_0783
session_10550,doc_0858
session_10550,doc_0870
session_10551,doc_0604
session_10551,doc_0627
session_10551,doc_0632
session_10551,doc_0555
session_10552,doc_0023
session_10552,doc_0021
session_10552,doc_0422
session_10553,doc_0420
session_10554,doc_0223
session_10555,doc_0590
session_10555,doc_0501
session_10555,doc_0322
session_10556,doc_0346
session_10556,doc_0331
session_10557,doc_0476
session_10557,doc_0481
session_10557,doc_0471
session_10557,doc_0757
session_10558,doc_0469
session_10558,doc_0424
session_10558,doc_0441
session_10558,doc_0373
session_10559,doc_0870
session_10559,doc_0818
session_10559,doc_0715
session_10560,doc_0333
session_10560,doc_0380
session_10560,doc_0148
session_10560,doc_0169
session_10561,doc_0133
session_10562,doc_0565
session_10563,doc_0402
session_10563,doc_0373
session_10563,doc_0334
session_10564,doc_0752
session_10565,doc_0373
session_10566,doc_0518
session_10566,doc_0514
session_10567,doc_0235
session_10567,doc_0218
session_10568,doc_0914
session_10569,doc_0041
session_10569,doc_0048
session_10569,doc_0615
session_10570,doc_0386
session_10570,doc_0334
session_10570,doc_0441
session_10571,doc_0019
session_10572,doc_0303
session_10572,doc_0322
session_10572,doc_0321
session_10573,doc_0586
session_10573,doc_0544
session_10574,doc_0412
session_10574,doc_0469
session_10574,doc_0420
session_10574,doc_0475
session_10575,doc_0763
session_10575,doc_0565
session_10576,doc_0452
session_10576,doc_0476
session_10576,doc_0469
session_10576,doc_0451
session_10576,doc_0594
session_10577,doc_0294
session_10577,doc_0293
session_10577,doc_0300
session_10577,doc_0291
session_10578,doc_0476
session_10578,doc_0469
session_10579,doc_0746
session_10579,doc_0787
session_10579,doc_0728
session_10580,doc_0466
session_10581,doc_0322
session_10581,doc_0316
session_10581,doc_0347
session_10582,doc_0518
session_10582,doc_0501
session_10582,doc_0818
session_10582,doc_0852
session_10583,doc_0673
session_10583,doc_0689
session_10583,doc_0914
session_10584,doc_0518
session_10585,doc_0322
session_10585,doc_0286
session_10585,doc_0331
session_10585,doc_0387
session_10586,doc_0331
session_10587,doc_0031
session_10587,doc_0063
session_10588,doc_0889
session_10589,doc_0316
session_10589,doc_0291
session_10590,doc_0068
session_10590,doc_0031
session_10590,doc_0019
session_10591,doc_0518
session_10592,doc_0781
session_10593,doc_0618
session_10594,doc_0502
session_10595,doc_0524
session_10595,doc_0493
session_10595,doc_0091
session_10596,doc_0686
session_10596,doc_0673
session_10596,doc_0710
session_10597,doc_0148
session_10597,doc_0180
session_10597,doc_0317
session_10598,doc_0584
session_10598,doc_0493
session_10598,doc_0506
session_10598,doc_0563
session_10598,doc_0795
session_10599,doc_0373
session_10600,doc_0148
session_10600,doc_0152
session_10601,doc_0878
session_10601,doc_0913
session_10602,doc_0297
session_10602,doc_0319
session_10602,doc_0794
session_10603,doc_0331
session_10603,doc_0373
session_10603,doc_0337
session_10603,doc_0360
session_10603,doc_0381
session_10603,doc_0328
session_10604,doc_0446
session_10604,doc_0412
session_10604,doc_0469
session_10605,doc_0564
session_10605,doc_0509
session_10606,doc_0617
session_10607,doc_0046
session_10607,doc_0098
session_10607,doc_0091
session_10607,doc_0593
session_10608,doc_0035
session_10608,doc_0046
session_10608,doc_0031
session_10609,doc_0098
session_10609,doc_0046
session_10609,doc_0518
session_10610,doc_0927
session_10610,doc_0917
session_10611,doc_0564
session_10611,doc_0555
session_10611,doc_0502
session_10612,doc_0689
session_10613,doc_0565
session_10614,doc_0331
session_10614,doc_0148
session_10615,doc_0133
session_10616,doc_0046
session_10616,doc_0048
session_10617,doc_0412
session_10617,doc_0469
session_10617,doc_0476
session_10617,doc_0269
session_10618,doc_0428
session_10618,doc_0434
session_10618,doc_0471
session_10619,doc_0565
session_10619,doc_0469
session_10620,doc_0314
session_10620,doc_0754
session_10621,doc_0518
session_10622,doc_0322
session_10622,doc_0305
session_10622,doc_0269
session_10622,doc_0373
session_10622,doc_0342
session_10623,doc_0493
session_10623,doc_0549
session_10623,doc_0543
session_10623,doc_0744
session_10624,doc_0633
session_10624,doc_0656
session_10625,doc_0469
session_10625,doc_0439
session_10625,doc_0417
session_10625,doc_0481
session_10625,doc_0331
session_10625,doc_0409
session_10626,doc_0148
session_10627,doc_0483
session_10627,doc_0441
session_10627,doc_0412
session_10627,doc_0373
session_10628,doc_0658
session_10628,doc_0895
session_10629,doc_0631
session_10629,doc_0615
session_10630,doc_0754
session_10631,doc_0518
session_10631,doc_0586
session_10631,doc_0065
session_10632,doc_0239
session_10632,doc_0243
session_10632,doc_0258
session_10633,doc_0695
session_10633,doc_0689
session_10634,doc_0584
session_10634,doc_0534
session_10635,doc_0565
session_10635,doc_0148
session_10636,doc_0769
session_10637,doc_0465
session_10637,doc_0421
session_10637,doc_0526
session_10638,doc_0894
session_10638,doc_0931
session_10638,doc_0914
session_10639,doc_0361
session_10639,doc_0331
session_10639,doc_0392
session_10640,doc_0162
session_10640,doc_0322
session_10641,doc_0055
session_10641,doc_0777
session_10642,doc_0852
session_10643,doc_0023
session_10643,doc_0086
session_10643,doc_0024
session_10643,doc_0068
session_10644,doc_0307
session_10644,doc_0281
session_10645,doc_0265
session_10646,doc_0240
session_10646,doc_0243
session_10647,doc_0068
session_10648,doc_0444
session_10649,doc_0243
session_10650,doc_0322
session_10650,doc_0316
session_10650,doc_0291
session_10650,doc_0290
session_10650,doc_0852
session_10651,doc_0331
session_10651,doc_0381
session_10651,doc_0373
session_10651,doc_0392
session_10651,doc_0676
session_10652,doc_0493
session_10652,doc_0496
session_10652,doc_0518
session_10652,doc_0525
session_10652,doc_0507
session_10652,doc_0492
session_10653,doc_0783
session_10653,doc_0754
session_10654,doc_0683
session_10654,doc_0351
session_10655,doc_0074
session_10655,doc_0031
session_10655,doc_0097
session_10655,doc_0048
session_10655,doc_0631
session_10656,doc_0293
session_10656,doc_0297
session_10657,doc_0182
session_10658,doc_0385
session_10659,doc_0322
session_10660,doc_0870
session_10661,doc_0852
session_10661,doc_0833
session_10661,doc_0818
session_10662,doc_0564
session_10662,doc_0504
session_10662,doc_0518
session_10662,doc_0541
session_10663,doc_0551
session_10664,doc_0666
session_10665,doc_0229
session_10665,doc_0235
session_10665,doc_0241
session_10665,doc_0617
session_10665,doc_0607
session_10666,doc_0617
session_10666,doc_0597
session_10666,doc_0373
session_10667,doc_0689
session_10668,doc_0906
session_10669,doc_0689
session_10670,doc_0839
session_10670,doc_0862
session_10670,doc_0847
session_10670,doc_0840
session_10671,doc_0148
session_10671,doc_0179
session_10671,doc_0121
session_10671,doc_0171
session_10671,doc_0276
session_10672,doc_0011
session_10672,doc_0041
session_10672,doc_0081
session_10672,doc_0070
session_10672,doc_0043
session_10672,doc_0469
session_10673,doc_0518
session_10674,doc_0290
session_10674,doc_0838
session_10675,doc_0365
session_10675,doc_0121
session_10676,doc_0752
session_10676,doc_0732
session_10676,doc_0772
session_10676,doc_0182
session_10677,doc_0030
session_10678,doc_0631
session_10678,doc_0621
session_10678,doc_0627
session_10678,doc_0616
session_10678,doc_0617
session_10678,doc_0613
session_10679,doc_0243
session_10679,doc_0235
session_10679,doc_0600
session_10680,doc_0031
session_10681,doc_0381
session_10682,doc_0678
session_10682,doc_0656
session_10683,doc_0373
session_10683,doc_0331
session_10683,doc_0396
session_10683,doc_0316
session_10684,doc_0426
session_10684,doc_0468
session_10684,doc_0622
session_10685,doc_0844
session_10686,doc_0916
session_10687,doc_0031
session_10688,doc_0754
session_10689,doc_0149
session_10690,doc_0293
session_10691,doc_0673
session_10692,doc_0246
session_10692,doc_0870
session_10693,doc_0238
session_10693,doc_0246
session_10693,doc_0255
session_10694,doc_0483
session_10694,doc_0459
session_10694,doc_0466
session_10694,doc_0469
session_10694,doc_0443
session_10694,doc_0626
session_10695,doc_0476
session_10696,doc_0914
session_10697,doc_0367
session_10697,doc_0369
session_10697,doc_0400
session_10698,doc_0627
session_10698,doc_0098
session_10699,doc_0080
session_10699,doc_0858
session_10700,doc_0918
session_10701,doc_0757
session_10701,doc_0724
session_10701,doc_0305
session_10701,doc_0293
session_10702,doc_0547
session_10702,doc_0518
session_10702,doc_0052
session_10703,doc_0034
session_10704,doc_0676
session_10704,doc_0699
session_10704,doc_0884
session_10704,doc_0933
session_10705,doc_0811
session_10705,doc_0852
session_10705,doc_0736
session_10706,doc_0526
session_10707,doc_0219
session_10708,doc_0031
session_10708,doc_0063
session_10708,doc_0008
session_10709,doc_0322
session_10709,doc_0293
session_10710,doc_0472
session_10710,doc_0476
session_10710,doc_0367
session_10711,doc_0120
session_10711,doc_0148
session_10711,doc_0373
session_10712,doc_0658
session_10712,doc_0709
session_10712,doc_0884
session_10713,doc_0088
session_10713,doc_0048
session_10713,doc_0621
session_10714,doc_0563
session_10715,doc_0331
session_10715,doc_0340
session_10715,doc_0368
session_10715,doc_0364
session_10715,doc_0617
session_10716,doc_0322
session_10717,doc_0467
session_10717,doc_0469
session_10718,doc_0669
session_10718,doc_0676
session_10718,doc_0335
session_10719,doc_0493
session_10719,doc_0565
session_10720,doc_0223
session_10720,doc_0263
session_10720,doc_0235
session_10720,doc_0200
session_10720,doc_0203
session_10721,doc_0031
session_10722,doc_0296
session_10723,doc_0331
session_10723,doc_0401
session_10723,doc_0461
session_10724,doc_0543
session_10725,doc_0401
session_10725,doc_0373
session_10725,doc_0387
session_10725,doc_0328
session_10725,doc_0316
session_10726,doc_0105
session_10726,doc_0148
session_10726,doc_0369
session_10727,doc_0303
session_10727,doc_0322
session_10727,doc_0229
session_10728,doc_0666
session_10728,doc_0689
session_10728,doc_0673
session_10728,doc_0884
session_10729,doc_0031
session_10729,doc_0008
session_10729,doc_0043
session_10730,doc_0331
session_10730,doc_0369
session_10730,doc_0675
session_10731,doc_0793
session_10731,doc_0748
session_10731,doc_0235
session_10732,doc_0647
session_10732,doc_0618
session_10732,doc_0443
session_10733,doc_0720
session_10734,doc_0445
session_10735,doc_0914
session_10735,doc_0890
session_10736,doc_0305
session_10737,doc_0238
session_10737,doc_0231
session_10737,doc_0199
session_10738,doc_0075
session_10738,doc_0051
session_10739,doc_0331
session_10739,doc_0348
session_10739,doc_0372
session_10739,doc_0672
session_10740,doc_0879
session_10740,doc_0331
session_10741,doc_0590
session_10741,doc_0052
session_10742,doc_0608
session_10743,doc_0546
session_10743,doc_0518
session_10743,doc_0544
session_10743,doc_0524
session_10744,doc_0152
session_10744,doc_0148
session_10744,doc_0305
session_10745,doc_0235
session_10745,doc_0217
session_10746,doc_0699
session_10746,doc_0784
session_10747,doc_0469
session_10748,doc_0331
session_10748,doc_0373
session_10748,doc_0754
session_10749,doc_0294
session_10749,doc_0316
session_10749,doc_0309
session_10749,doc_0276
session_10749,doc_0319
session_10749,doc_0291
session_10750,doc_0754
session_10750,doc_0779
session_10750,doc_0910
session_10751,doc_0634
session_10752,doc_0276
session_10752,doc_0291
session_10752,doc_0311
session_10753,doc_0238
session_10753,doc_0248
session_10753,doc_0229
session_10753,doc_0597
session_10754,doc_0518
session_10754,doc_0563
session_10755,doc_0691
session_10756,doc_0437
session_10756,doc_0449
session_10757,doc_0673
session_10757,doc_0689
session_10757,doc_0337
session_10758,doc_0776
session_10758,doc_0754
session_10758,doc_0616
session_10759,doc_0342
session_10759,doc_0331
session_10760,doc_0700
session_10761,doc_0192
session_10761,doc_0148
session_10761,doc_0179
session_10761,doc_0118
session_10761,doc_0184
session_10761,doc_0111
session_10762,doc_0118
session_10762,doc_0121
session_10762,doc_0184
session_10763,doc_0905
session_10763,doc_0924
session_10763,doc_0331
session_10763,doc_0402
session_10764,doc_0374
session_10764,doc_0403
session_10764,doc_0400
session_10764,doc_0401
session_10765,doc_0632
session_10765,doc_0614
session_10765,doc_0625
session_10765,doc_0733
session_10766,doc_0871
session_10767,doc_0402
session_10768,doc_0068
session_10768,doc_0031
session_10769,doc_0586
session_10769,doc_0496
session_10769,doc_0734
session_10770,doc_0448
session_10770,doc_0437
session_10771,doc_0502
session_10771,doc_0510
session_10771,doc_0914
session_10771,doc_0879
session_10772,doc_0617
session_10772,doc_0618
session_10773,doc_0757
session_10773,doc_0727
session_10773,doc_0770
session_10773,doc_0722
session_10773,doc_0739
session_10774,doc_0156
session_10775,doc_0852
session_10775,doc_0845
session_10775,doc_0857
session_10776,doc_0373
session_10777,doc_0331
session_10778,doc_0229
session_10778,doc_0109
session_10779,doc_0261
session_10780,doc_0313
session_10781,doc_0208
session_10781,doc_0647
session_10782,doc_0914
session_10782,doc_0902
session_10782,doc_0706
session_10783,doc_0331
session_10784,doc_0218
session_10784,doc_0559
session_10785,doc_0371
session_10785,doc_0373
session_10785,doc_0370
session_10785,doc_0581
session_10786,doc_0064
session_10787,doc_0754
session_10787,doc_0752
session_10788,doc_0226
session_10788,doc_0235
session_10788,doc_0243
session_10788,doc_0199
session_10788,doc_0331
session_10789,doc_0288
session_10789,doc_0264
session_10789,doc_0291
session_10790,doc_0031
session_10791,doc_0134
session_10791,doc_0156
session_10791,doc_0152
session_10792,doc_0832
session_10793,doc_0829
session_10793,doc_0817
session_10793,doc_0785
session_10793,doc_0736
session_10794,doc_0834
session_10794,doc_0869
session_10794,doc_0848
session_10794,doc_0862
session_10794,doc_0846
session_10794,doc_0812
session_10795,doc_0703
session_10796,doc_0333
session_10797,doc_0870
session_10797,doc_0825
session_10798,doc_0412
session_10798,doc_0437
session_10798,doc_0476
session_10798,doc_0152
session_10799,doc_0676
session_10799,doc_0699
session_10799,doc_0685
session_10799,doc_0914
session_10800,doc_0174
session_10800,doc_0133
session_10800,doc_0152
session_10800,doc_0673
session_10800,doc_0689
session_10801,doc_0932
session_10802,doc_0043
session_10802,doc_0031
session_10803,doc_0518
session_10803,doc_0493
session_10803,doc_0469
session_10803,doc_0481
session_10804,doc_0148
session_10804,doc_0131
session_10804,doc_0186
session_10804,doc_0172
session_10804,doc_0322
session_10805,doc_0373
session_10805,doc_0331
session_10805,doc_0321
session_10806,doc_0872
session_10806,doc_0849
session_10807,doc_0428
session_10807,doc_0476
session_10807,doc_0565
session_10808,doc_0870
session_10808,doc_0856
session_10808,doc_0755
session_10809,doc_0852
session_10809,doc_0825
session_10810,doc_0886
session_10811,doc_0031
session_10811,doc_0068
session_10812,doc_0280
session_10812,doc_0284
session_10812,doc_0322
session_10813,doc_0403
session_10814,doc_0148
session_10815,doc_0077
session_10816,doc_0180
session_10817,doc_0469
session_10818,doc_0049
session_10818,doc_0096
session_10819,doc_0276
session_10819,doc_0294
session_10819,doc_0127
session_10820,doc_0485
session_10820,doc_0870
session_10821,doc_0542
session_10822,doc_0754
session_10823,doc_0013
session_10824,doc_0884
session_10825,doc_0914
session_10825,doc_0673
session_10826,doc_0518
session_10827,doc_0518
session_10827,doc_0779
session_10828,doc_0428
session_10828,doc_0476
session_10828,doc_0617
session_10829,doc_0476
session_10829,doc_0430
session_10830,doc_0653
session_10831,doc_0734
session_10832,doc_0505
session_10832,doc_0500
session_10832,doc_0493
session_10832,doc_0878
session_10833,doc_0118
session_10833,doc_0152
session_10833,doc_0182
session_10833,doc_0156
session_10833,doc_0112
session_10834,doc_0518
session_10834,doc_0517
session_10834,doc_0532
session_10834,doc_0505
session_10834,doc_0068
session_10835,doc_0630
session_10835,doc_0606
session_10836,doc_0683
session_10836,doc_0654
session_10836,doc_0373
session_10837,doc_0439
session_10837,doc_0327
session_10838,doc_0360
session_10838,doc_0373
session_10839,doc_0301
session_10840,doc_0581
session_10840,doc_0565
session_10841,doc_0037
session_10841,doc_0348
session_10842,doc_0914
session_10842,doc_0933
session_10843,doc_0148
session_10844,doc_0101
session_10845,doc_0914
session_10845,doc_0884
session_10845,doc_0305
session_10846,doc_0148
session_10846,doc_0308
session_10847,doc_0054
session_10848,doc_0612
session_10848,doc_0641
session_10849,doc_0020
session_10849,doc_0063
session_10849,doc_0764
session_10850,doc_0717
session_10850,doc_0565
session_10851,doc_0471
session_10851,doc_0458
session_10851,doc_0487
session_10851,doc_0456
session_10852,doc_0675
session_10852,doc_0679
session_10852,doc_0695
session_10853,doc_0560
session_10853,doc_0493
session_10854,doc_0148
session_10855,doc_0871
session_10855,doc_0810
session_10855,doc_0857
session_10856,doc_0322
session_10857,doc_0148
session_10858,doc_0752
session_10858,doc_0736
session_10858,doc_0817
session_10859,doc_0182
session_10859,doc_0187
session_10859,doc_0179
session_10859,doc_0322
session_10860,doc_0783
session_10860,doc_0754
session_10860,doc_0757
session_10860,doc_0769
session_10860,doc_0544
session_10861,doc_0656
session_10861,doc_0671
session_10861,doc_0401
session_10862,doc_0571
session_10862,doc_0517
session_10863,doc_0401
session_10864,doc_0703
session_10864,doc_0401
session_10865,doc_0689
session_10865,doc_0683
session_10865,doc_0673
session_10865,doc_0518
session_10866,doc_0019
session_10866,doc_0036
session_10866,doc_0031
session_10866,doc_0519
session_10867,doc_0323
session_10867,doc_0322
session_10867,doc_0309
session_10867,doc_0291
session_10868,doc_0584
session_10869,doc_0175
session_10869,doc_0152
session_10869,doc_0273
session_10870,doc_0505
session_10870,doc_0565
session_10870,doc_0082
session_10871,doc_0878
session_10871,doc_0902
session_10872,doc_0644
session_10872,doc_0641
session_10872,doc_0626
session_10872,doc_0063
session_10873,doc_0086
session_10873,doc_0564
session_10874,doc_0434
session_10875,doc_0494
session_10875,doc_0502
session_10875,doc_0559
session_10875,doc_0518
session_10876,doc_0148
session_10877,doc_0536
session_10877,doc_0564
session_10877,doc_0504
session_10877,doc_0067
session_10877,doc_0063
session_10878,doc_0214
session_10878,doc_0235
session_10878,doc_0238
session_10879,doc_0705
session_10879,doc_0695
session_10879,doc_0700
session_10879,doc_0651
session_10879,doc_0349
session_10880,doc_0032
session_10881,doc_0852
session_10881,doc_0844
session_10882,doc_0518
session_10882,doc_0586
session_10882,doc_0747
session_10882,doc_0795
session_10883,doc_0101
session_10883,doc_0054
session_10884,doc_0518
session_10884,doc_0493
session_10884,doc_0890
session_10885,doc_0179
session_10885,doc_0148
session_10885,doc_0121
session_10885,doc_0280
session_10885,doc_0322
session_10886,doc_0317
session_10887,doc_0892
session_10887,doc_0443
session_10888,doc_0641
session_10888,doc_0634
session_10888,doc_0373
session_10889,doc_0469
session_10889,doc_0432
session_10889,doc_0459
session_10890,doc_0229
session_10890,doc_0246
session_10890,doc_0243
session_10890,doc_0433
session_10891,doc_0754
session_10892,doc_0179
session_10892,doc_0321
session_10893,doc_0077
session_10893,doc_0625
session_10894,doc_0048
session_10894,doc_0658
session_10895,doc_0615
session_10895,doc_0618
session_10895,doc_0637
session_10896,doc_0381
session_10897,doc_0091
session_10897,doc_0098
session_10897,doc_0041
session_10897,doc_0057
session_10898,doc_0809
session_10899,doc_0368
session_10899,doc_0369
session_10899,doc_0380
session_10899,doc_0912
session_10900,doc_0063
session_10900,doc_0068
session_10901,doc_0523
session_10901,doc_0535
session_10901,doc_0565
session_10901,doc_0074
session_10901,doc_0063
session_10902,doc_0108
session_10902,doc_0145
session_10903,doc_0546
session_10903,doc_0493
session_10903,doc_0517
session_10903,doc_0757
session_10904,doc_0708
session_10904,doc_0701
session_10904,doc_0673
session_10904,doc_0689
session_10905,doc_0202
session_10906,doc_0246
session_10907,doc_0477
session_10907,doc_0487
session_10907,doc_0469
session_10907,doc_0441
session_10908,doc_0584
session_10908,doc_0586
session_10908,doc_0068
session_10908,doc_0047
session_10909,doc_0905
session_10909,doc_0914
session_10909,doc_0915
session_10909,doc_0673
session_10909,doc_0697
session_10910,doc_0148
session_10910,doc_0159
session_10911,doc_0181
session_10912,doc_0322
session_10912,doc_0293
session_10913,doc_0774
session_10913,doc_0152
session_10914,doc_0901
session_10914,doc_0934
session_10915,doc_0672
session_10915,doc_0676
session_10915,doc_0897
session_10916,doc_0262
session_10916,doc_0215
session_10917,doc_0243
session_10918,doc_0476
session_10918,doc_0226
session_10919,doc_0331
session_10920,doc_0152
session_10920,doc_0103
session_10921,doc_0133
session_10922,doc_0192
session_10923,doc_0565
session_10923,doc_0561
session_10923,doc_0381
session_10924,doc_0642
session_10924,doc_0615
session_10924,doc_0031
session_10925,doc_0041
session_10925,doc_0087
session_10925,doc_0036
session_10925,doc_0043
session_10926,doc_0518
session_10926,doc_0555
session_10926,doc_0508
session_10927,doc_0582
session_10927,doc_0584
session_10928,doc_0476
session_10929,doc_0002
session_10929,doc_0031
session_10930,doc_0642
session_10930,doc_0762
session_10931,doc_0597
session_10931,doc_0774
session_10932,doc_0673
session_10932,doc_0676
session_10933,doc_0689
session_10933,doc_0701
session_10933,doc_0683
session_10934,doc_0055
session_10934,doc_0011
session_10934,doc_0617
session_10935,doc_0641
session_10935,doc_0608
session_10935,doc_0621
session_10936,doc_0504
session_10936,doc_0507
session_10937,doc_0120
session_10937,doc_0137
session_10937,doc_0283
session_10937,doc_0316
session_10938,doc_0148
session_10939,doc_0321
session_10939,doc_0267
session_10940,doc_0085
session_10941,doc_0177
session_10941,doc_0148
session_10941,doc_0169
session_10941,doc_0303
session_10941,doc_0305
session_10941,doc_0316
session_10942,doc_0068
session_10942,doc_0031
session_10942,doc_0646
session_10943,doc_0157
session_10943,doc_0156
session_10943,doc_0179
session_10943,doc_0394
session_10943,doc_0346
session_10944,doc_0673
session_10945,doc_0879
session_10946,doc_0518
session_10946,doc_0546
session_10947,doc_0533
session_10947,doc_0101
session_10948,doc_0884
session_10948,doc_0900
session_10948,doc_0700
session_10949,doc_0365
session_10949,doc_0400
session_10949,doc_0331
session_10949,doc_0451
session_10949,doc_0469
session_10950,doc_0825
session_10950,doc_0870
session_10950,doc_0852
session_10951,doc_0162
session_10951,doc_0362
session_10952,doc_0852
session_10952,doc_0831
session_10953,doc_0434
session_10954,doc_0277
session_10955,doc_0331
session_10956,doc_0902
session_10956,doc_0337
session_10957,doc_0448
session_10957,doc_0445
session_10957,doc_0469
session_10958,doc_0884
session_10958,doc_0914
session_10958,doc_0804
session_10958,doc_0852
session_10959,doc_0469
session_10959,doc_0243
session_10960,doc_0689
session_10961,doc_0754
session_10962,doc_0769
session_10962,doc_0754
session_10963,doc_0894
session_10963,doc_0902
session_10963,doc_0884
session_10963,doc_0906
session_10963,doc_0692
session_10964,doc_0716
session_10964,doc_0779
session_10964,doc_0754
session_10964,doc_0430
session_10965,doc_0451
session_10965,doc_0486
session_10965,doc_0469
session_10965,doc_0618
session_10966,doc_0307
session_10967,doc_0539
session_10967,doc_0569
session_10968,doc_0316
session_10968,doc_0660
session_10969,doc_0810
session_10969,doc_0870
session_10969,doc_0795
session_10970,doc_0803
session_10970,doc_0608
session_10971,doc_0518
session_10972,doc_0861
session_10972,doc_0844
session_10972,doc_0870
session_10972,doc_0754
session_10973,doc_0031
session_10973,doc_0024
session_10973,doc_0091
session_10974,doc_0621
session_10974,doc_0600
session_10974,doc_0596
session_10974,doc_0641
session_10974,doc_0412
session_10975,doc_0564
session_10976,doc_0317
session_10977,doc_0322
session_10977,doc_0316
session_10978,doc_0401
session_10978,doc_0373
session_10978,doc_0381
session_10979,doc_0843
session_10979,doc_0871
session_10979,doc_0809
session_10979,doc_0834
session_10980,doc_0434
session_10980,doc_0469
session_10980,doc_0471
session_10980,doc_0594
session_10981,doc_0434
session_10981,doc_0910
session_10982,doc_0164
session_10982,doc_0179
session_10983,doc_0563
session_10984,doc_0852
session_10984,doc_0871
session_10985,doc_0625
session_10985,doc_0615
session_10985,doc_0617
session_10985,doc_0469
session_10986,doc_0412
session_10986,doc_0476
session_10987,doc_0857
session_10987,doc_0736
session_10988,doc_0469
session_10988,doc_0457
session_10989,doc_0412
session_10990,doc_0842
session_10991,doc_0469
session_10991,doc_0456
session_10992,doc_0207
session_10993,doc_0418
session_10993,doc_0469
session_10993,doc_0471
session_10993,doc_0223
session_10994,doc_0629
session_10994,doc_0641
session_10994,doc_0148
session_10995,doc_0203
session_10995,doc_0229
session_10996,doc_0850
session_10996,doc_0840
session_10997,doc_0246
session_10998,doc_0882
session_10998,doc_0689
session_10999,doc_0852
session_10999,doc_0805
session_10999,doc_0857
session_10999,doc_0859
session_10999,doc_0564
session_11000,doc_0555
session_11000,doc_0500
session_11000,doc_0584
session_11001,doc_0518
session_11001,doc_0584
session_11001,doc_0754
session_11002,doc_0642
session_11002,doc_0625
session_11002,doc_0614
session_11002,doc_0644
session_11002,doc_0647
session_11003,doc_0048
session_11003,doc_0493
session_11004,doc_0186
session_11004,doc_0809
session_11005,doc_0870
session_11005,doc_0844
session_11005,doc_0754
session_11005,doc_0801
session_11006,doc_0518
session_11007,doc_0469
session_11007,doc_0415
session_11007,doc_0476
session_11007,doc_0466
session_11007,doc_0479
session_11008,doc_0457
session_11008,doc_0421
session_11008,doc_0617
session_11009,doc_0063
session_11009,doc_0516
session_11010,doc_0465
session_11010,doc_0211
session_11011,doc_0518
session_11011,doc_0757
session_11012,doc_0182
session_11012,doc_0156
session_11012,doc_0147
session_11012,doc_0152
session_11012,doc_0357
session_11013,doc_0283
session_11014,doc_0617
session_11014,doc_0608
session_11014,doc_0595
session_11014,doc_0615
session_11015,doc_0313
session_11016,doc_0627
session_11016,doc_0614
session_11016,doc_0631
session_11016,doc_0884
session_11016,doc_0911
session_11017,doc_0042
session_11018,doc_0031
session_11018,doc_0068
session_11019,doc_0322
session_11019,doc_0280
session_11020,doc_0803
session_11020,doc_0754
session_11020,doc_0774
session_11020,doc_0599
session_11021,doc_0068
session_11021,doc_0018
session_11022,doc_0625
session_11023,doc_0434
session_11024,doc_0235
session_11025,doc_0917
session_11025,doc_0934
session_11025,doc_0676
session_11026,doc_0239
session_11026,doc_0261
session_11026,doc_0236
session_11026,doc_0243
session_11026,doc_0253
session_11027,doc_0673
session_11027,doc_0917
session_11028,doc_0754
session_11028,doc_0555
session_11029,doc_0031
session_11030,doc_0852
session_11030,doc_0394
session_11031,doc_0261
session_11032,doc_0696
session_11033,doc_0752
session_11033,doc_0754
session_11033,doc_0769
session_11033,doc_0444
session_11034,doc_0051
session_11035,doc_0386
session_11036,doc_0381
session_11036,doc_0904
session_11037,doc_0651
session_11038,doc_0518
session_11038,doc_0564
session_11038,doc_0502
session_11038,doc_0493
session_11038,doc_0584
session_11038,doc_0754
session_11039,doc_0213
session_11039,doc_0218
session_11039,doc_0419
session_11040,doc_0935
session_11041,doc_0181
session_11042,doc_0535
session_11042,doc_0517
session_11043,doc_0603
session_11043,doc_0642
session_11043,doc_0754
session_11044,doc_0179
session_11044,doc_0148
session_11045,doc_0558
session_11045,doc_0563
session_11045,doc_0517
session_11045,doc_0914
session_11045,doc_0902
session_11046,doc_0843
session_11047,doc_0023
session_11047,doc_0077
session_11048,doc_0817
session_11048,doc_0843
session_11048,doc_0589
session_11049,doc_0148
session_11049,doc_0326
session_11050,doc_0316
session_11051,doc_0276
session_11051,doc_0303
session_11051,doc_0291
session_11052,doc_0590
session_11052,doc_0565
session_11052,doc_0536
session_11052,doc_0493
session_11053,doc_0617
session_11054,doc_0673
session_11054,doc_0691
session_11054,doc_0704
session_11055,doc_0518
session_11055,doc_0590
session_11055,doc_0752
session_11056,doc_0857
session_11056,doc_0864
session_11056,doc_0852
session_11056,doc_0870
session_11056,doc_0774
session_11057,doc_0305
session_11058,doc_0783
session_11058,doc_0747
session_11058,doc_0754
session_11058,doc_0235
session_11059,doc_0627
session_11059,doc_0469
session_11060,doc_0548
session_11060,doc_0502
session_11060,doc_0578
session_11061,doc_0211
session_11061,doc_0238
session_11061,doc_0476
session_11062,doc_0005
session_11062,doc_0001
session_11062,doc_0078
session_11062,doc_0564
session_11062,doc_0497
session_11062,doc_0586
session_11063,doc_0641
session_11064,doc_0475
session_11065,doc_0701
session_11065,doc_0699
session_11065,doc_0663
session_11066,doc_0849
session_11066,doc_0803
session_11067,doc_0763
session_11067,doc_0757
session_11068,doc_0179
session_11068,doc_0172
session_11068,doc_0235
session_11068,doc_0216
session_11069,doc_0806
session_11069,doc_0871
session_11070,doc_0805
session_11070,doc_0835
session_11070,doc_0456
session_11071,doc_0565
session_11071,doc_0542
session_11071,doc_0559
session_11072,doc_0801
session_11072,doc_0789
session_11072,doc_0736
session_11073,doc_0935
session_11074,doc_0673
session_11074,doc_0656
session_11074,doc_0884
session_11075,doc_0852
session_11075,doc_0476
session_11076,doc_0235
session_11076,doc_0215
session_11076,doc_0785
session_11077,doc_0618
session_11078,doc_0754
session_11079,doc_0776
session_11079,doc_0753
session_11079,doc_0755
session_11079,doc_0631
session_11080,doc_0166
session_11080,doc_0179
session_11080,doc_0119
session_11081,doc_0316
session_11081,doc_0317
session_11082,doc_0238
session_11083,doc_0852
session_11083,doc_0871
session_11083,doc_0850
session_11083,doc_0756
session_11084,doc_0048
session_11084,doc_0032
session_11084,doc_0007
session_11084,doc_0031
session_11084,doc_0001
session_11085,doc_0276
session_11085,doc_0305
session_11085,doc_0280
session_11085,doc_0322
session_11085,doc_0152
session_11086,doc_0172
session_11086,doc_0184
session_11086,doc_0103
session_11086,doc_0297
session_11087,doc_0917
session_11087,doc_0914
session_11087,doc_0916
session_11087,doc_0331
session_11088,doc_0653
session_11088,doc_0672
session_11088,doc_0673
session_11088,doc_0699
session_11089,doc_0780
session_11089,doc_0754
session_11089,doc_0870
session_11090,doc_0218
session_11090,doc_0201
session_11090,doc_0031
session_11091,doc_0460
session_11091,doc_0428
session_11091,doc_0487
session_11091,doc_0222
session_11092,doc_0909
session_11092,doc_0884
session_11092,doc_0914
session_11092,doc_0917
session_11092,doc_0673
session_11093,doc_0235
session_11093,doc_0213
session_11093,doc_0261
session_11093,doc_0644
session_11094,doc_0373
session_11095,doc_0322
session_11096,doc_0914
session_11096,doc_0880
session_11097,doc_0331
session_11098,doc_0519
session_11098,doc_0535
session_11098,doc_0518
session_11098,doc_0914
session_11099,doc_0331
session_11100,doc_0117
session_11100,doc_0177
session_11101,doc_0852
session_11102,doc_0493
session_11102,doc_0562
session_11102,doc_0518
session_11102,doc_0531
session_11102,doc_0510
session_11102,doc_0614
session_11103,doc_0223
session_11104,doc_0618
session_11104,doc_0594
session_11104,doc_0420
session_11105,doc_0795
session_11106,doc_0870
session_11107,doc_0572
session_11107,doc_0518
session_11107,doc_0565
session_11108,doc_0626
session_11108,doc_0603
session_11108,doc_0617
session_11109,doc_0905
session_11110,doc_0331
session_11111,doc_0322
session_11111,doc_0303
session_11112,doc_0641
session_11112,doc_0063
session_11113,doc_0073
session_11113,doc_0068
session_11114,doc_0871
session_11115,doc_0301
session_11116,doc_0181
session_11116,doc_0182
session_11116,doc_0152
session_11117,doc_0544
session_11117,doc_0585
session_11117,doc_0584
session_11117,doc_0518
session_11117,doc_0328
session_11117,doc_0362
session_11118,doc_0852
session_11118,doc_0823
session_11118,doc_0817
session_11118,doc_0871
session_11119,doc_0401
session_11119,doc_0373
session_11119,doc_0360
session_11120,doc_0683
session_11120,doc_0878
session_11121,doc_0801
session_11121,doc_0754
session_11121,doc_0757
session_11121,doc_0751
session_11121,doc_0752
session_11121,doc_0297
session_11122,doc_0673
session_11123,doc_0493
session_11124,doc_0555
session_11124,doc_0518
session_11124,doc_0515
session_11125,doc_0211
session_11126,doc_0722
session_11127,doc_0148
session_11127,doc_0122
session_11128,doc_0182
session_11128,doc_0171
session_11128,doc_0133
session_11128,doc_0148
session_11128,doc_0373
session_11129,doc_0311
session_11129,doc_0303
session_11130,doc_0389
session_11130,doc_0382
session_11131,doc_0692
session_11131,doc_0933
session_11132,doc_0634
session_11132,doc_0621
session_11133,doc_0859
session_11133,doc_0853
session_11133,doc_0416
session_11134,doc_0455
session_11135,doc_0650
session_11135,doc_0351
session_11136,doc_0068
session_11136,doc_0005
session_11136,doc_0596
session_11136,doc_0641
session_11137,doc_0174
session_11137,doc_0148
session_11137,doc_0305
session_11138,doc_0227
session_11138,doc_0215
session_11138,doc_0235
session_11138,doc_0212
session_11138,doc_0238
session_11139,doc_0412
session_11140,doc_0148
session_11141,doc_0732
session_11142,doc_0322
session_11142,doc_0182
session_11143,doc_0331
session_11144,doc_0316
session_11144,doc_0281
session_11144,doc_0322
session_11144,doc_0313
session_11145,doc_0206
session_11146,doc_0401
session_11146,doc_0290
session_11147,doc_0518
session_11147,doc_0562
session_11147,doc_0565
session_11147,doc_0097
session_11148,doc_0769
session_11148,doc_0732
session_11148,doc_0782
session_11148,doc_0644
session_11149,doc_0369
session_11149,doc_0403
session_11150,doc_0069
session_11150,doc_0068
session_11150,doc_0048
session_11151,doc_0836
session_11152,doc_0291
session_11153,doc_0148
session_11153,doc_0162
session_11153,doc_0144
session_11154,doc_0126
session_11155,doc_0152
session_11156,doc_0202
session_11156,doc_0476
session_11157,doc_0148
session_11157,doc_0171
session_11158,doc_0469
session_11158,doc_0412
session_11159,doc_0299
session_11159,doc_0294
session_11159,doc_0276
session_11159,doc_0322
session_11159,doc_0331
session_11159,doc_0369
session_11160,doc_0421
session_11160,doc_0458
session_11160,doc_0430
session_11160,doc_0469
session_11160,doc_0444
session_11160,doc_0156
session_11161,doc_0297
session_11161,doc_0291
session_11162,doc_0565
session_11162,doc_0529
session_11163,doc_0817
session_11164,doc_0358
session_11165,doc_0235
session_11165,doc_0246
session_11165,doc_0610
session_11165,doc_0641
session_11166,doc_0475
session_11167,doc_0476
session_11167,doc_0443
session_11167,doc_0469
session_11168,doc_0229
session_11168,doc_0235
session_11168,doc_0253
session_11168,doc_0246
session_11169,doc_0884
session_11169,doc_0401
session_11170,doc_0469
session_11170,doc_0476
session_11170,doc_0471
session_11170,doc_0608
session_11171,doc_0878
session_11172,doc_0564
session_11172,doc_0518
session_11172,doc_0565
session_11173,doc_0754
session_11173,doc_0757
session_11173,doc_0870
session_11174,doc_0818
session_11175,doc_0041
session_11175,doc_0048
session_11176,doc_0615
session_11176,doc_0617
session_11177,doc_0032
session_11177,doc_0057
session_11177,doc_0031
session_11177,doc_0055
session_11178,doc_0554
session_11179,doc_0166
session_11179,doc_0467
session_11180,doc_0654
session_11181,doc_0035
session_11182,doc_0569
session_11182,doc_0564
session_11182,doc_0523
session_11183,doc_0222
session_11183,doc_0309
session_11184,doc_0723
session_11184,doc_0798
session_11185,doc_0322
session_11185,doc_0293
session_11185,doc_0270
session_11185,doc_0313
session_11185,doc_0280
session_11186,doc_0513
session_11186,doc_0493
session_11186,doc_0518
session_11187,doc_0025
session_11188,doc_0182
session_11189,doc_0543
session_11189,doc_0490
session_11190,doc_0852
session_11190,doc_0799
session_11191,doc_0703
session_11191,doc_0398
session_11192,doc_0933
session_11193,doc_0509
session_11193,doc_0502
session_11193,doc_0728
session_11194,doc_0331
session_11195,doc_0905
session_11195,doc_0914
session_11195,doc_0884
session_11196,doc_0617
session_11196,doc_0618
session_11196,doc_0469
session_11197,doc_0148
session_11197,doc_0161
session_11197,doc_0182
session_11198,doc_0829
session_11198,doc_0857
session_11198,doc_0761
session_11199,doc_0754
session_11199,doc_0762
session_11199,doc_0752
session_11199,doc_0763
session_11200,doc_0385
session_11200,doc_0373
session_11200,doc_0187
session_11201,doc_0689
session_11201,doc_0673
session_11201,doc_0695
session_11201,doc_0702
session_11201,doc_0658
session_11201,doc_0681
session_11202,doc_0591
session_11203,doc_0754
session_11203,doc_0771
session_11204,doc_0031
session_11204,doc_0641
session_11205,doc_0786
session_11205,doc_0795
session_11206,doc_0565
session_11207,doc_0269
session_11207,doc_0302
session_11208,doc_0331
session_11208,doc_0373
session_11208,doc_0691
session_11209,doc_0019
session_11209,doc_0063
session_11209,doc_0520
session_11210,doc_0516
session_11210,doc_0727
session_11211,doc_0871
session_11211,doc_0870
session_11211,doc_0788
session_11212,doc_0584
session_11213,doc_0179
session_11213,doc_0754
session_11214,doc_0192
session_11214,doc_0193
session_11215,doc_0654
session_11215,doc_0669
session_11215,doc_0673
session_11215,doc_0651
session_11216,doc_0369
session_11217,doc_0080
session_11218,doc_0219
session_11219,doc_0757
session_11219,doc_0713
session_11219,doc_0618
session_11220,doc_0235
session_11220,doc_0249
session_11221,doc_0112
session_11221,doc_0148
session_11221,doc_0433
session_11222,doc_0852
session_11223,doc_0148
session_11223,doc_0112
session_11224,doc_0752
session_11224,doc_0757
session_11224,doc_0754
session_11224,doc_0774
session_11225,doc_0699
session_11226,doc_0168
session_11227,doc_0148
session_11228,doc_0754
session_11229,doc_0316
session_11229,doc_0293
session_11230,doc_0754
session_11230,doc_0769
session_11230,doc_0757
session_11231,doc_0857
session_11231,doc_0871
session_11231,doc_0852
session_11231,doc_0653
session_11231,doc_0673
session_11232,doc_0235
session_11232,doc_0226
session_11233,doc_0291
session_11233,doc_0331
session_11234,doc_0783
session_11234,doc_0791
session_11235,doc_0689
session_11235,doc_0658
session_11236,doc_0626
session_11236,doc_0631
session_11237,doc_0510
session_11237,doc_0546
session_11237,doc_0363
session_11238,doc_0341
session_11238,doc_0340
session_11239,doc_0653
session_11239,doc_0008
session_11240,doc_0493
session_11240,doc_0533
session_11240,doc_0571
session_11240,doc_0001
session_11241,doc_0203
session_11241,doc_0235
session_11241,doc_0208
session_11241,doc_0201
session_11241,doc_0232
session_11242,doc_0689
session_11243,doc_0560
session_11243,doc_0506
session_11244,doc_0456
session_11244,doc_0446
session_11245,doc_0685
session_11245,doc_0701
session_11245,doc_0712
session_11246,doc_0565
session_11246,doc_0502
session_11247,doc_0485
session_11247,doc_0486
session_11248,doc_0757
session_11248,doc_0754
session_11249,doc_0775
session_11249,doc_0732
session_11249,doc_0845
session_11250,doc_0518
session_11251,doc_0068
session_11251,doc_0057
session_11251,doc_0031
session_11251,doc_0014
session_11251,doc_0676
session_11252,doc_0732
session_11253,doc_0254
session_11253,doc_0243
session_11253,doc_0463
session_11254,doc_0016
session_11254,doc_0031
session_11254,doc_0896
session_11255,doc_0387
session_11255,doc_0331
session_11256,doc_0754
session_11256,doc_0732
session_11256,doc_0757
session_11256,doc_0783
session_11257,doc_0316
session_11257,doc_0325
session_11257,doc_0322
session_11257,doc_0280
session_11258,doc_0412
session_11259,doc_0708
session_11259,doc_0668
session_11259,doc_0659
session_11259,doc_0305
session_11259,doc_0280
session_11260,doc_0322
session_11260,doc_0298
session_11260,doc_0296
session_11260,doc_0471
session_11261,doc_0198
session_11261,doc_0244
session_11261,doc_0243
session_11261,doc_0673
session_11262,doc_0679
session_11263,doc_0710
session_11263,doc_0658
session_11263,doc_0673
session_11264,doc_0870
session_11264,doc_0754
session_11265,doc_0783
session_11265,doc_0788
session_11265,doc_0748
session_11265,doc_0041
session_11266,doc_0148
session_11267,doc_0917
session_11267,doc_0929
session_11267,doc_0883
session_11268,doc_0155
session_11269,doc_0011
session_11269,doc_0025
session_11269,doc_0032
session_11269,doc_0235
session_11270,doc_0870
session_11270,doc_0817
session_11270,doc_0852
session_11270,doc_0851
session_11270,doc_0732
session_11270,doc_0757
session_11271,doc_0331
session_11271,doc_0406
session_11272,doc_0702
session_11273,doc_0914
session_11273,doc_0902
session_11273,doc_0673
session_11273,doc_0706
session_11274,doc_0757
session_11275,doc_0494
session_11275,doc_0564
session_11275,doc_0518
session_11275,doc_0732
session_11276,doc_0689
session_11276,doc_0331
session_11277,doc_0894
session_11277,doc_0914
session_11277,doc_0884
session_11277,doc_0688
session_11278,doc_0099
session_11278,doc_0019
session_11279,doc_0562
session_11280,doc_0291
session_11280,doc_0280
session_11281,doc_0919
session_11281,doc_0884
session_11281,doc_0889
session_11281,doc_0914
session_11281,doc_0404
session_11282,doc_0565
session_11282,doc_0501
session_11283,doc_0871
session_11283,doc_0821
session_11283,doc_0852
session_11283,doc_0822
session_11283,doc_0541
session_11283,doc_0557
session_11284,doc_0271
session_11284,doc_0322
session_11285,doc_0717
session_11285,doc_0757
session_11285,doc_0736
session_11286,doc_0641
session_11286,doc_0617
session_11286,doc_0200
session_11287,doc_0852
session_11287,doc_0813
session_11287,doc_0848
session_11287,doc_0246
session_11287,doc_0241
session_11288,doc_0019
session_11288,doc_0013
session_11288,doc_0034
session_11289,doc_0042
session_11289,doc_0048
session_11289,doc_0099
session_11289,doc_0476
session_11290,doc_0732
session_11290,doc_0757
session_11291,doc_0417
session_11292,doc_0469
session_11292,doc_0471
session_11292,doc_0364
session_11293,doc_0323
session_11293,doc_0112
session_11294,doc_0496
session_11294,doc_0295
session_11295,doc_0596
session_11295,doc_0621
session_11296,doc_0229
session_11296,doc_0476
session_11297,doc_0033
session_11297,doc_0056
session_11298,doc_0774
session_11298,doc_0740
session_11298,doc_0795
session_11299,doc_0374
session_11300,doc_0588
session_11301,doc_0518
session_11301,doc_0509
session_11302,doc_0912
session_11302,doc_0914
session_11302,doc_0179
session_11303,doc_0627
session_11304,doc_0565
session_11304,doc_0518
session_11304,doc_0501
session_11304,doc_0526
session_11304,doc_0563
session_11304,doc_0029
session_11305,doc_0613
session_11305,doc_0628
session_11305,doc_0601
session_11305,doc_0594
session_11306,doc_0098
session_11306,doc_0068
session_11306,doc_0031
session_11307,doc_0001
session_11307,doc_0068
session_11307,doc_0031
session_11308,doc_0322
session_11308,doc_0289
session_11309,doc_0297
session_11309,doc_0184
session_11310,doc_0235
session_11311,doc_0123
session_11311,doc_0180
session_11312,doc_0322
session_11312,doc_0293
session_11312,doc_0192
session_11313,doc_0641
session_11314,doc_0471
session_11315,doc_0566
session_11315,doc_0518
session_11315,doc_0517
session_11315,doc_0068
session_11316,doc_0504
session_11317,doc_0118
session_11317,doc_0126
session_11317,doc_0152
session_11318,doc_0182
session_11319,doc_0699
session_11319,doc_0666
session_11320,doc_0565
session_11320,doc_0518
session_11321,doc_0243
session_11321,doc_0235
session_11321,doc_0564
session_11322,doc_0373
session_11322,doc_0331
session_11322,doc_0401
session_11322,doc_0917
session_11323,doc_0914
session_11323,doc_0400
session_11324,doc_0031
session_11324,doc_0010
session_11324,doc_0048
session_11324,doc_0008
session_11324,doc_0001
session_11325,doc_0641
session_11325,doc_0617
session_11326,doc_0305
session_11327,doc_0362
session_11327,doc_0397
session_11328,doc_0031
session_11328,doc_0509
session_11329,doc_0235
session_11329,doc_0248
session_11330,doc_0842
session_11330,doc_0865
session_11330,doc_0173
session_11331,doc_0774
session_11332,doc_0774
session_11332,doc_0776
session_11332,doc_0755
session_11333,doc_0795
session_11333,doc_0757
session_11333,doc_0719
session_11333,doc_0001
session_11334,doc_0902
session_11334,doc_0905
session_11335,doc_0243
session_11335,doc_0220
session_11335,doc_0235
session_11336,doc_0577
session_11336,doc_0518
session_11337,doc_0401
session_11337,doc_0369
session_11337,doc_0469
session_11338,doc_0420
session_11339,doc_0152
session_11340,doc_0192
session_11340,doc_0148
session_11340,doc_0140
session_11340,doc_0373
session_11341,doc_0518
session_11341,doc_0310
session_11342,doc_0586
session_11342,doc_0565
session_11342,doc_0617
session_11343,doc_0692
session_11343,doc_0401
session_11344,doc_0233
session_11345,doc_0068
session_11345,doc_0031
session_11345,doc_0043
session_11346,doc_0564
session_11347,doc_0564
session_11347,doc_0563
session_11347,doc_0815
session_11348,doc_0770
session_11348,doc_0752
session_11348,doc_0615
session_11349,doc_0757
session_11349,doc_0756
session_11350,doc_0011
session_11350,doc_0043
session_11351,doc_0861
session_11351,doc_0843
session_11352,doc_0754
session_11352,doc_0627
session_11353,doc_0412
session_11353,doc_0824
session_11354,doc_0736
session_11354,doc_0757
session_11354,doc_0720
session_11354,doc_0752
session_11354,doc_0754
session_11355,doc_0693
session_11356,doc_0156
session_11356,doc_0148
session_11356,doc_0166
session_11357,doc_0203
session_11358,doc_0360
session_11359,doc_0091
session_11360,doc_0771
session_11361,doc_0617
session_11362,doc_0858
session_11362,doc_0852
session_11362,doc_0853
session_11363,doc_0469
session_11363,doc_0412
session_11363,doc_0759
session_11364,doc_0518
session_11365,doc_0861
session_11365,doc_0822
session_11365,doc_0844
session_11365,doc_0737
session_11365,doc_0763
session_11366,doc_0786
session_11366,doc_0732
session_11366,doc_0795
session_11366,doc_0783
session_11367,doc_0469
session_11367,doc_0430
session_11368,doc_0331
session_11368,doc_0410
session_11368,doc_0291
session_11369,doc_0518
session_11369,doc_0665
session_11370,doc_0518
session_11371,doc_0260
session_11372,doc_0705
session_11373,doc_0207
session_11374,doc_0654
session_11374,doc_0652
session_11375,doc_0565
session_11375,doc_0526
session_11375,doc_0063
session_11376,doc_0673
session_11376,doc_0656
session_11376,doc_0914
session_11377,doc_0754
session_11378,doc_0335
session_11379,doc_0229
session_11379,doc_0235
session_11380,doc_0003
session_11380,doc_0031
session_11380,doc_0043
session_11381,doc_0597
session_11381,doc_0618
session_11381,doc_0441
session_11382,doc_0689
session_11383,doc_0590
session_11383,doc_0584
session_11383,doc_0547
session_11383,doc_0086
session_11384,doc_0152
session_11385,doc_0895
session_11385,doc_0914
session_11385,doc_0878
session_11386,doc_0412
session_11387,doc_0235
session_11387,doc_0199
session_11387,doc_0229
session_11388,doc_0699
session_11388,doc_0650
session_11388,doc_0661
session_11388,doc_0331
session_11388,doc_0360
session_11389,doc_0642
session_11390,doc_0757
session_11390,doc_0756
session_11391,doc_0857
session_11392,doc_0156
session_11392,doc_0106
session_11393,doc_0148
session_11394,doc_0517
session_11394,doc_0501
session_11394,doc_0518
session_11394,doc_0502
session_11394,doc_0492
session_11394,doc_0048
session_11395,doc_0817
session_11395,doc_0821
session_11395,doc_0852
session_11395,doc_0350
session_11396,doc_0651
session_11396,doc_0338
session_11397,doc_0862
session_11397,doc_0754
session_11398,doc_0631
session_11399,doc_0737
session_11400,doc_0469
session_11400,doc_0471
session_11400,doc_0150
session_11401,doc_0502
session_11402,doc_0473
session_11402,doc_0469
session_11402,doc_0458
session_11403,doc_0266
session_11403,doc_0305
session_11404,doc_0058
session_11405,doc_0063
session_11405,doc_0068
session_11406,doc_0068
session_11407,doc_0280
session_11407,doc_0305
session_11407,doc_0276
session_11407,doc_0360
session_11408,doc_0857
session_11408,doc_0835
session_11408,doc_0795
session_11409,doc_0492
session_11410,doc_0089
session_11411,doc_0360
session_11412,doc_0331
session_11413,doc_0148
session_11413,doc_0181
session_11413,doc_0297
session_11414,doc_0458
session_11414,doc_0442
session_11414,doc_0469
session_11414,doc_0845
session_11414,doc_0852
session_11415,doc_0475
session_11415,doc_0360
session_11416,doc_0260
session_11416,doc_0769
session_11417,doc_0291
session_11417,doc_0324
session_11417,doc_0280
session_11417,doc_0326
session_11417,doc_0273
session_11417,doc_0164
session_11418,doc_0692
session_11418,doc_0673
session_11418,doc_0654
session_11419,doc_0373
session_11419,doc_0331
session_11419,doc_0336
session_11420,doc_0476
session_11420,doc_0415
session_11420,doc_0475
session_11421,doc_0048
session_11421,doc_0542
session_11422,doc_0518
session_11422,doc_0494
session_11423,doc_0218
session_11423,doc_0246
session_11423,doc_0673
session_11424,doc_0331
session_11424,doc_0406
session_11424,doc_0373
session_11424,doc_0428
session_11425,doc_0152
session_11425,doc_0119
session_11425,doc_0181
session_11425,doc_0362
session_11426,doc_0907
session_11427,doc_0122
session_11427,doc_0843
session_11428,doc_0261
session_11429,doc_0060
session_11429,doc_0626
session_11430,doc_0706
session_11430,doc_0689
session_11430,doc_0697
session_11431,doc_0526
session_11431,doc_0518
session_11431,doc_0528
session_11432,doc_0286
session_11432,doc_0152
session_11433,doc_0834
session_11433,doc_0754
session_11434,doc_0870
session_11434,doc_0843
session_11434,doc_0845
session_11434,doc_0871
session_11434,doc_0291
session_11435,doc_0186
session_11436,doc_0331
session_11436,doc_0386
session_11436,doc_0347
session_11436,doc_0469
session_11436,doc_0451
session_11437,doc_0599
session_11437,doc_0615
session_11437,doc_0625
session_11437,doc_0086
session_11437,doc_0068
session_11437,doc_0043
session_11438,doc_0651
session_11439,doc_0518
session_11439,doc_0544
session_11439,doc_0551
session_11439,doc_0791
session_11440,doc_0472
session_11441,doc_0584
session_11441,doc_0518
session_11441,doc_0755
session_11442,doc_0569
session_11442,doc_0564
session_11443,doc_0666
session_11443,doc_0689
session_11443,doc_0692
session_11443,doc_0699
session_11444,doc_0417
session_11444,doc_0476
session_11445,doc_0501
session_11445,doc_0547
session_11445,doc_0412
session_11446,doc_0829
session_11446,doc_0852
session_11446,doc_0862
session_11446,doc_0864
session_11447,doc_0884
session_11447,doc_0912
session_11448,doc_0751
session_11449,doc_0744
session_11449,doc_0787
session_11449,doc_0732
session_11450,doc_0181
session_11450,doc_0161
session_11451,doc_0381
session_11452,doc_0565
session_11452,doc_0496
session_11452,doc_0564
session_11452,doc_0517
session_11452,doc_0589
session_11452,doc_0716
session_11453,doc_0203
session_11453,doc_0441
session_11454,doc_0456
session_11454,doc_0250
session_11455,doc_0422
session_11455,doc_0435
session_11455,doc_0469
session_11455,doc_0518
session_11455,doc_0584
session_11456,doc_0565
session_11456,doc_0493
session_11457,doc_0502
session_11458,doc_0008
session_11458,doc_0046
session_11458,doc_0031
session_11458,doc_0032
session_11458,doc_0043
session_11459,doc_0476
session_11459,doc_0437
session_11459,doc_0268
session_11460,doc_0850
session_11460,doc_0852
session_11460,doc_0821
session_11460,doc_0843
session_11460,doc_0872
session_11460,doc_0738
session_11461,doc_0346
session_11461,doc_0364
session_11461,doc_0406
session_11462,doc_0412
session_11462,doc_0420
session_11462,doc_0478
session_11462,doc_0421
session_11462,doc_0914
session_11463,doc_0469
session_11463,doc_0479
session_11464,doc_0229
session_11464,doc_0241
session_11464,doc_0207
session_11465,doc_0441
session_11466,doc_0689
session_11467,doc_0443
session_11468,doc_0844
session_11468,doc_0810
session_11468,doc_0818
session_11468,doc_0779
session_11468,doc_0763
session_11468,doc_0752
session_11469,doc_0360
session_11469,doc_0384
session_11469,doc_0339
session_11469,doc_0381
session_11470,doc_0469
session_11470,doc_0455
session_11471,doc_0485
session_11472,doc_0810
session_11472,doc_0278
session_11473,doc_0735
session_11473,doc_0774
session_11473,doc_0757
session_11473,doc_0752
session_11473,doc_0754
session_11474,doc_0615
session_11475,doc_0048
session_11475,doc_0046
session_11475,doc_0065
session_11475,doc_0647
session_11475,doc_0614
session_11476,doc_0181
session_11477,doc_0331
session_11477,doc_0366
session_11477,doc_0360
session_11477,doc_0361
session_11478,doc_0586
session_11478,doc_0518
session_11478,doc_0565
session_11478,doc_0581
session_11479,doc_0153
session_11479,doc_0139
session_11479,doc_0108
session_11480,doc_0213
session_11480,doc_0224
session_11480,doc_0316
session_11481,doc_0359
session_11482,doc_0892
session_11483,doc_0152
session_11484,doc_0902
session_11484,doc_0878
session_11484,doc_0874
session_11485,doc_0720
session_11485,doc_0752
session_11486,doc_0362
session_11486,doc_0391
session_11486,doc_0373
session_11486,doc_0005
session_11487,doc_0893
session_11488,doc_0754
session_11489,doc_0843
session_11489,doc_0852
session_11489,doc_0782
session_11490,doc_0407
session_11490,doc_0404
session_11491,doc_0469
session_11492,doc_0229
session_11492,doc_0241
session_11493,doc_0881
session_11494,doc_0754
session_11494,doc_0796
session_11495,doc_0492
session_11495,doc_0562
session_11495,doc_0673
session_11496,doc_0462
session_11496,doc_0485
session_11496,doc_0322
session_11496,doc_0317
session_11497,doc_0493
session_11497,doc_0492
session_11498,doc_0031
session_11498,doc_0064
session_11498,doc_0050
session_11498,doc_0048
session_11498,doc_0038
session_11499,doc_0852
session_11499,doc_0870
session_11499,doc_0811
session_11499,doc_0817
session_11499,doc_0619
session_11500,doc_0757
session_11500,doc_0105
session_11501,doc_0901
session_11501,doc_0934
session_11501,doc_0331
session_11502,doc_0441
session_11503,doc_0261
session_11503,doc_0233
session_11504,doc_0316
session_11504,doc_0324
session_11504,doc_0369
session_11505,doc_0658
session_11505,doc_0294
session_11506,doc_0381
session_11506,doc_0148
session_11507,doc_0906
session_11507,doc_0911
session_11507,doc_0902
session_11507,doc_0900
session_11507,doc_0934
session_11507,doc_0412
session_11508,doc_0381
session_11509,doc_0148
session_11509,doc_0182
session_11509,doc_0192
session_11509,doc_0565
session_11510,doc_0586
session_11511,doc_0754
session_11512,doc_0019
session_11512,doc_0063
session_11512,doc_0562
session_11513,doc_0322
session_11513,doc_0301
session_11513,doc_0305
session_11513,doc_0276
session_11513,doc_0367
session_11514,doc_0852
session_11514,doc_0871
session_11514,doc_0806
session_11515,doc_0005
session_11515,doc_0031
session_11515,doc_0091
session_11515,doc_0857
session_11516,doc_0617
session_11516,doc_0618
session_11516,doc_0235
session_11517,doc_0291
session_11517,doc_0273
session_11517,doc_0280
session_11517,doc_0360
session_11518,doc_0815
session_11518,doc_0124
session_11519,doc_0493
session_11520,doc_0699
session_11520,doc_0673
session_11520,doc_0914
session_11520,doc_0913
session_11521,doc_0009
session_11521,doc_0603
session_11522,doc_0077
session_11522,doc_0041
session_11522,doc_0031
session_11522,doc_0011
session_11522,doc_0294
session_11522,doc_0305
session_11523,doc_0754
session_11524,doc_0902
session_11525,doc_0246
session_11526,doc_0673
session_11526,doc_0697
session_11527,doc_0086
session_11528,doc_0757
session_11528,doc_0752
session_11528,doc_0643
session_11529,doc_0443
session_11530,doc_0031
session_11531,doc_0128
session_11532,doc_0020
session_11533,doc_0152
session_11533,doc_0341
session_11534,doc_0152
session_11534,doc_0168
session_11534,doc_0161
session_11534,doc_0894
session_11534,doc_0911
session_11535,doc_0562
session_11535,doc_0391
session_11536,doc_0346
session_11537,doc_0148
session_11538,doc_0236
session_11538,doc_0235
session_11538,doc_0196
session_11538,doc_0206
session_11538,doc_0634
session_11539,doc_0394
session_11540,doc_0323
session_11540,doc_0267
session_11541,doc_0654
session_11541,doc_0699
session_11541,doc_0673
session_11541,doc_0710
session_11541,doc_0689
session_11542,doc_0518
session_11542,doc_0517
session_11542,doc_0524
session_11542,doc_0056
session_11543,doc_0754
session_11543,doc_0392
session_11544,doc_0276
session_11544,doc_0313
session_11544,doc_0331
session_11545,doc_0148
session_11545,doc_0152
session_11545,doc_0323
session_11546,doc_0617
session_11546,doc_0625
session_11546,doc_0595
session_11547,doc_0511
session_11548,doc_0518
session_11548,doc_0547
session_11548,doc_0774
session_11549,doc_0001
session_11549,doc_0031
session_11550,doc_0526
session_11551,doc_0861
session_11551,doc_0852
session_11551,doc_0792
session_11552,doc_0152
session_11552,doc_0179
session_11553,doc_0323
session_11554,doc_0039
session_11555,doc_0455
session_11555,doc_0467
session_11555,doc_0430
session_11555,doc_0235
session_11556,doc_0402
session_11557,doc_0087
session_11557,doc_0029
session_11557,doc_0131
session_11558,doc_0385
session_11559,doc_0322
session_11559,doc_0271
session_11559,doc_0278
session_11559,doc_0276
session_11559,doc_0562
session_11559,doc_0491
session_11560,doc_0757
session_11560,doc_0754
session_11561,doc_0148
session_11562,doc_0636
session_11563,doc_0757
session_11564,doc_0392
session_11565,doc_0927
session_11565,doc_0852
session_11566,doc_0514
session_11566,doc_0493
session_11567,doc_0460
session_11567,doc_0627
session_11568,doc_0148
session_11568,doc_0123
session_11569,doc_0815
session_11569,doc_0857
session_11569,doc_0152
session_11570,doc_0552
session_11570,doc_0584
session_11570,doc_0496
session_11570,doc_0490
session_11570,doc_0041
session_11570,doc_0068
session_11571,doc_0754
session_11571,doc_0774
session_11571,doc_0564
session_11571,doc_0518
session_11572,doc_0157
session_11572,doc_0152
session_11572,doc_0331
session_11573,doc_0261
session_11573,doc_0235
session_11573,doc_0248
session_11574,doc_0043
session_11574,doc_0068
session_11574,doc_0001
session_11574,doc_0080
session_11575,doc_0518
session_11576,doc_0148
session_11576,doc_0852
session_11577,doc_0752
session_11577,doc_0732
session_11577,doc_0754
session_11577,doc_0792
session_11577,doc_0235
session_11577,doc_0207
session_11578,doc_0673
session_11578,doc_0706
session_11578,doc_0653
session_11578,doc_0708
session_11578,doc_0914
session_11578,doc_0884
session_11579,doc_0381
session_11579,doc_0395
session_11580,doc_0043
session_11580,doc_0051
session_11580,doc_0534
session_11581,doc_0458
session_11582,doc_0148
session_11583,doc_0011
session_11583,doc_0234
session_11584,doc_0902
session_11585,doc_0619
session_11586,doc_0254
session_11587,doc_0209
session_11587,doc_0224
session_11588,doc_0310
session_11588,doc_0243
session_11589,doc_0473
session_11589,doc_0487
session_11589,doc_0362
session_11590,doc_0914
session_11590,doc_0305
session_11591,doc_0857
session_11591,doc_0852
session_11592,doc_0752
session_11592,doc_0754
session_11592,doc_0728
session_11592,doc_0732
session_11592,doc_0795
session_11592,doc_0541
session_11593,doc_0371
session_11593,doc_0339
session_11593,doc_0128
session_11594,doc_0501
session_11595,doc_0269
session_11595,doc_0322
session_11595,doc_0308
session_11595,doc_0006
session_11596,doc_0569
session_11596,doc_0584
session_11597,doc_0291
session_11597,doc_0278
session_11597,doc_0376
session_11597,doc_0337
session_11598,doc_0471
session_11598,doc_0476
session_11598,doc_0424
session_11598,doc_0305
session_11599,doc_0862
session_11600,doc_0241
session_11600,doc_0260
session_11600,doc_0618
session_11601,doc_0754
session_11602,doc_0458
session_11602,doc_0261
session_11603,doc_0098
session_11604,doc_0413
session_11604,doc_0518
session_11605,doc_0062
session_11606,doc_0752
session_11606,doc_0754
session_11606,doc_0757
session_11606,doc_0493
session_11607,doc_0802
session_11607,doc_0732
session_11608,doc_0126
session_11608,doc_0769
session_11609,doc_0889
session_11610,doc_0235
session_11610,doc_0242
session_11611,doc_0680
session_11611,doc_0569
session_11612,doc_0331
session_11613,doc_0031
session_11613,doc_0884
session_11614,doc_0662
session_11614,doc_0689
session_11615,doc_0647
session_11616,doc_0187
session_11616,doc_0166
session_11616,doc_0853
session_11617,doc_0841
session_11618,doc_0622
session_11618,doc_0645
session_11618,doc_0615
session_11618,doc_0322
session_11619,doc_0871
session_11619,doc_0830
session_11620,doc_0880
session_11620,doc_0906
session_11620,doc_0907
session_11620,doc_0879
session_11620,doc_0653
session_11621,doc_0042
session_11621,doc_0091
session_11622,doc_0266
session_11622,doc_0313
session_11622,doc_0182
session_11623,doc_0373
session_11623,doc_0900
session_11624,doc_0345
session_11625,doc_0621
session_11625,doc_0595
session_11625,doc_0617
session_11625,doc_0644
session_11625,doc_0794
session_11626,doc_0186
session_11626,doc_0148
session_11626,doc_0162
session_11626,doc_0152
session_11626,doc_0119
session_11627,doc_0392
session_11627,doc_0342
session_11627,doc_0369
session_11627,doc_0518
session_11627,doc_0524
session_11628,doc_0736
session_11628,doc_0752
session_11629,doc_0533
session_11629,doc_0553
session_11629,doc_0068
session_11630,doc_0514
session_11630,doc_0584
session_11630,doc_0517
session_11630,doc_0536
session_11630,doc_0520
session_11630,doc_0754
session_11631,doc_0914
session_11632,doc_0803
session_11633,doc_0560
session_11633,doc_0557
session_11633,doc_0518
session_11633,doc_0565
session_11633,doc_0492
session_11634,doc_0518
session_11635,doc_0059
session_11635,doc_0063
session_11635,doc_0077
session_11635,doc_0068
session_11635,doc_0420
session_11636,doc_0510
session_11636,doc_0553
session_11636,doc_0543
session_11636,doc_0518
session_11636,doc_0402
session_11636,doc_0347
session_11637,doc_0068
session_11637,doc_0031
session_11637,doc_0091
session_11637,doc_0046
session_11637,doc_0021
session_11637,doc_0102
session_11638,doc_0774
session_11638,doc_0870
session_11639,doc_0917
session_11639,doc_0902
session_11639,doc_0914
session_11639,doc_0689
session_11640,doc_0857
session_11641,doc_0596
session_11641,doc_0639
session_11641,doc_0617
session_11641,doc_0689
session_11642,doc_0565
session_11642,doc_0588
session_11643,doc_0291
session_11643,doc_0322
session_11643,doc_0295
session_11644,doc_0458
session_11644,doc_0434
session_11644,doc_0648
session_11645,doc_0557
session_11645,doc_0581
session_11645,doc_0504
session_11646,doc_0048
session_11646,doc_0224
session_11647,doc_0634
session_11648,doc_0673
session_11649,doc_0782
session_11649,doc_0754
session_11649,doc_0871
session_11650,doc_0673
session_11651,doc_0641
session_11652,doc_0702
session_11653,doc_0389
session_11653,doc_0373
session_11654,doc_0461
session_11655,doc_0548
session_11655,doc_0552
session_11655,doc_0754
session_11656,doc_0502
session_11657,doc_0493
session_11658,doc_0229
session_11659,doc_0335
session_11660,doc_0068
session_11660,doc_0031
session_11661,doc_0595
session_11662,doc_0428
session_11662,doc_0224
session_11663,doc_0031
session_11663,doc_0068
session_11663,doc_0005
session_11663,doc_0518
session_11664,doc_0197
session_11665,doc_0902
session_11665,doc_0904
session_11665,doc_0906
session_11665,doc_0905
session_11666,doc_0739
session_11666,doc_0732
session_11667,doc_0870
session_11668,doc_0615
session_11668,doc_0754
session_11669,doc_0564
session_11669,doc_0518
session_11669,doc_0565
session_11670,doc_0852
session_11670,doc_0814
session_11670,doc_0812
session_11670,doc_0845
session_11670,doc_0774
session_11671,doc_0476
session_11671,doc_0412
session_11671,doc_0441
session_11672,doc_0091
session_11672,doc_0068
session_11672,doc_0635
session_11672,doc_0641
session_11673,doc_0518
session_11673,doc_0517
session_11673,doc_0549
session_11674,doc_0673
session_11674,doc_0706
session_11675,doc_0476
session_11675,doc_0469
session_11675,doc_0412
session_11675,doc_0437
session_11675,doc_0230
session_11675,doc_0236
session_11676,doc_0373
session_11676,doc_0346
session_11676,doc_0390
session_11676,doc_0340
session_11677,doc_0001
session_11678,doc_0757
session_11678,doc_0763
session_11678,doc_0754
session_11679,doc_0780
session_11679,doc_0634
session_11680,doc_0179
session_11680,doc_0108
session_11681,doc_0201
session_11681,doc_0220
session_11682,doc_0229
session_11683,doc_0757
session_11684,doc_0518
session_11684,doc_0512
session_11684,doc_0583
session_11684,doc_0074
session_11685,doc_0492
session_11686,doc_0120
session_11687,doc_0243
session_11687,doc_0240
session_11688,doc_0068
session_11688,doc_0027
session_11688,doc_0019
session_11688,doc_0012
session_11688,doc_0631
session_11688,doc_0617
session_11689,doc_0066
session_11689,doc_0031
session_11690,doc_0451
session_11691,doc_0364
session_11691,doc_0206
session_11692,doc_0017
session_11693,doc_0229
session_11694,doc_0247
session_11694,doc_0227
session_11694,doc_0235
session_11694,doc_0644
session_11695,doc_0566
session_11695,doc_0586
session_11695,doc_0518
session_11695,doc_0006
session_11696,doc_0046
session_11696,doc_0031
session_11697,doc_0229
session_11697,doc_0235
session_11697,doc_0769
session_11698,doc_0400
session_11699,doc_0074
session_11699,doc_0048
session_11699,doc_0060
session_11699,doc_0031
session_11700,doc_0757
session_11701,doc_0092
session_11701,doc_0066
session_11701,doc_0039
session_11701,doc_0029
session_11701,doc_0043
session_11702,doc_0756
session_11702,doc_0784
session_11702,doc_0148
session_11703,doc_0804
session_11703,doc_0857
session_11704,doc_0852
session_11704,doc_0915
session_11705,doc_0843
session_11705,doc_0852
session_11705,doc_0866
session_11705,doc_0839
session_11705,doc_0820
session_11705,doc_0810
session_11706,doc_0581
session_11706,doc_0512
session_11707,doc_0305
session_11707,doc_0291
session_11707,doc_0322
session_11707,doc_0319
session_11707,doc_0316
session_11707,doc_0331
session_11708,doc_0355
session_11708,doc_0401
session_11708,doc_0331
session_11708,doc_0518
session_11709,doc_0331
session_11709,doc_0327
session_11709,doc_0406
session_11710,doc_0852
session_11710,doc_0870
session_11711,doc_0584
session_11711,doc_0543
session_11711,doc_0518
session_11711,doc_0043
session_11712,doc_0792
session_11712,doc_0754
session_11712,doc_0148
session_11713,doc_0618
session_11714,doc_0182
session_11714,doc_0120
session_11714,doc_0156
session_11714,doc_0169
session_11715,doc_0672
session_11716,doc_0152
session_11716,doc_0189
session_11716,doc_0148
session_11716,doc_0305
session_11716,doc_0322
session_11717,doc_0752
session_11718,doc_0068
session_11718,doc_0011
session_11718,doc_0031
session_11718,doc_0148
session_11719,doc_0590
session_11719,doc_0774
session_11720,doc_0148
session_11721,doc_0291
session_11721,doc_0301
session_11721,doc_0305
session_11721,doc_0290
session_11722,doc_0322
session_11722,doc_0269
session_11722,doc_0152
session_11723,doc_0627
session_11723,doc_0641
session_11723,doc_0602
session_11724,doc_0396
session_11724,doc_0337
session_11724,doc_0373
session_11724,doc_0331
session_11725,doc_0748
session_11725,doc_0757
session_11725,doc_0905
session_11726,doc_0208
session_11726,doc_0235
session_11726,doc_0248
session_11726,doc_0120
session_11727,doc_0565
session_11728,doc_0235
session_11728,doc_0201
session_11728,doc_0428
session_11729,doc_0235
session_11729,doc_0258
session_11729,doc_0201
session_11729,doc_0195
session_11730,doc_0914
session_11730,doc_0927
session_11730,doc_0934
session_11731,doc_0031
session_11732,doc_0757
session_11732,doc_0785
session_11733,doc_0617
session_11734,doc_0031
session_11734,doc_0001
session_11735,doc_0802
session_11735,doc_0752
session_11735,doc_0783
session_11735,doc_0765
session_11735,doc_0779
session_11735,doc_0077
session_11736,doc_0914
session_11737,doc_0673
session_11738,doc_0180
session_11738,doc_0154
session_11738,doc_0152
session_11738,doc_0130
session_11738,doc_0173
session_11739,doc_0079
session_11739,doc_0056
session_11740,doc_0617
session_11741,doc_0617
session_11742,doc_0349
session_11742,doc_0362
session_11743,doc_0504
session_11744,doc_0754
session_11744,doc_0617
session_11745,doc_0152
session_11746,doc_0331
session_11746,doc_0369
session_11747,doc_0331
session_11747,doc_0409
session_11747,doc_0096
session_11747,doc_0048
session_11748,doc_0666
session_11748,doc_0673
session_11748,doc_0656
session_11748,doc_0372
session_11748,doc_0331
session_11749,doc_0870
session_11749,doc_0430
session_11750,doc_0673
session_11750,doc_0701
session_11750,doc_0362
session_11751,doc_0148
session_11751,doc_0126
session_11751,doc_0154
session_11751,doc_0152
session_11751,doc_0156
session_11751,doc_0172
session_11752,doc_0169
session_11752,doc_0373
session_11753,doc_0091
session_11753,doc_0575
session_11754,doc_0621
session_11755,doc_0068
session_11755,doc_0043
session_11755,doc_0001
session_11756,doc_0621
session_11756,doc_0629
session_11756,doc_0605
session_11756,doc_0068
session_11757,doc_0564
session_11757,doc_0762
session_11758,doc_0518
session_11759,doc_0879
session_11759,doc_0924
session_11760,doc_0140
session_11760,doc_0322
session_11761,doc_0373
session_11761,doc_0331
session_11761,doc_0355
session_11762,doc_0392
session_11762,doc_0399
session_11762,doc_0341
session_11762,doc_0342
session_11762,doc_0369
session_11762,doc_0469
session_11763,doc_0699
session_11763,doc_0651
session_11763,doc_0695
session_11763,doc_0683
session_11764,doc_0581
session_11764,doc_0541
session_11764,doc_0502
session_11765,doc_0473
session_11765,doc_0430
session_11765,doc_0469
session_11765,doc_0434
session_11765,doc_0441
session_11766,doc_0412
session_11766,doc_0243
session_11767,doc_0736
session_11767,doc_0666
session_11768,doc_0179
session_11769,doc_0434
session_11770,doc_0905
session_11770,doc_0676
session_11771,doc_0118
session_11771,doc_0162
session_11771,doc_0114
session_11771,doc_0148
session_11771,doc_0181
session_11771,doc_0171
session_11772,doc_0278
session_11772,doc_0402
session_11773,doc_0673
session_11773,doc_0664
session_11774,doc_0754
session_11774,doc_0322
session_11775,doc_0148
session_11776,doc_0235
session_11776,doc_0202
session_11776,doc_0612
session_11777,doc_0120
session_11778,doc_0243
session_11778,doc_0215
session_11779,doc_0626
session_11780,doc_0743
session_11780,doc_0754
session_11780,doc_0177
session_11781,doc_0401
session_11782,doc_0596
session_11782,doc_0617
session_11782,doc_0618
session_11782,doc_0757
session_11783,doc_0160
session_11783,doc_0148
session_11784,doc_0618
session_11784,doc_0331
session_11785,doc_0639
session_11786,doc_0584
session_11786,doc_0502
session_11787,doc_0590
session_11787,doc_0068
session_11788,doc_0664
session_11789,doc_0031
session_11789,doc_0065
session_11789,doc_0322
session_11790,doc_0112
session_11790,doc_0118
session_11790,doc_0179
session_11790,doc_0366
session_11790,doc_0402
session_11791,doc_0434
session_11791,doc_0469
session_11791,doc_0487
session_11791,doc_0443
session_11791,doc_0411
session_11792,doc_0043
session_11792,doc_0046
session_11792,doc_0068
session_11792,doc_0637
session_11793,doc_0457
session_11793,doc_0469
session_11793,doc_0412
session_11793,doc_0421
session_11794,doc_0754
session_11794,doc_0238
session_11795,doc_0565
session_11796,doc_0538
session_11796,doc_0518
session_11796,doc_0489
session_11796,doc_0006
session_11797,doc_0180
session_11797,doc_0148
session_11797,doc_0122
session_11797,doc_0331
session_11797,doc_0337
session_11798,doc_0862
session_11798,doc_0852
session_11799,doc_0492
session_11799,doc_0518
session_11799,doc_0575
session_11800,doc_0463
session_11800,doc_0443
session_11801,doc_0482
session_11802,doc_0031
session_11802,doc_0010
session_11803,doc_0631
session_11803,doc_0617
session_11803,doc_0618
session_11803,doc_0598
session_11803,doc_0601
session_11803,doc_0068
session_11804,doc_0079
session_11805,doc_0893
session_11806,doc_0705
session_11806,doc_0357
session_11807,doc_0048
session_11808,doc_0702
session_11808,doc_0663
session_11808,doc_0914
session_11808,doc_0917
session_11809,doc_0757
session_11809,doc_0618
session_11810,doc_0564
session_11811,doc_0673
session_11812,doc_0374
session_11812,doc_0364
session_11812,doc_0688
session_11813,doc_0218
session_11814,doc_0101
session_11814,doc_0031
session_11814,doc_0182
session_11815,doc_0491
session_11816,doc_0663
session_11816,doc_0673
session_11816,doc_0924
session_11817,doc_0121
session_11817,doc_0148
session_11817,doc_0152
session_11817,doc_0338
session_11818,doc_0222
session_11818,doc_0235
session_11818,doc_0246
session_11819,doc_0763
session_11820,doc_0518
session_11821,doc_0322
session_11821,doc_0870
session_11822,doc_0706
session_11822,doc_0678
session_11823,doc_0428
session_11823,doc_0424
session_11823,doc_0389
session_11823,doc_0401
session_11824,doc_0040
session_11824,doc_0065
session_11824,doc_0501
session_11825,doc_0902
session_11825,doc_0923
session_11825,doc_0904
session_11825,doc_0932
session_11826,doc_0880
session_11827,doc_0273
session_11827,doc_0276
session_11828,doc_0921
session_11828,doc_0934
session_11828,doc_0148
session_11829,doc_0618
session_11830,doc_0206
session_11831,doc_0501
session_11831,doc_0532
session_11831,doc_0564
session_11831,doc_0529
session_11831,doc_0584
session_11832,doc_0148
session_11833,doc_0502
session_11834,doc_0754
session_11835,doc_0905
session_11835,doc_0901
session_11835,doc_0906
session_11836,doc_0687
session_11836,doc_0695
session_11836,doc_0656
session_11836,doc_0651
session_11837,doc_0699
session_11838,doc_0565
session_11838,doc_0555
session_11839,doc_0642
session_11839,doc_0792
session_11840,doc_0322
session_11840,doc_0308
session_11840,doc_0305
session_11840,doc_0376
session_11841,doc_0179
session_11842,doc_0518
session_11843,doc_0302
session_11843,doc_0305
session_11843,doc_0131
session_11843,doc_0175
session_11844,doc_0852
session_11844,doc_0868
session_11844,doc_0828
session_11844,doc_0331
session_11845,doc_0434
session_11846,doc_0576
session_11846,doc_0031
session_11847,doc_0905
session_11847,doc_0884
session_11848,doc_0565
session_11848,doc_0516
session_11848,doc_0518
session_11848,doc_0493
session_11848,doc_0792
session_11848,doc_0754
session_11849,doc_0423
session_11850,doc_0845
session_11851,doc_0673
session_11851,doc_0678
session_11852,doc_0933
session_11852,doc_0914
session_11852,doc_0138
session_11853,doc_0294
session_11853,doc_0291
session_11853,doc_0322
session_11853,doc_0106
session_11854,doc_0565
session_11854,doc_0518
session_11854,doc_0538
session_11855,doc_0049
session_11855,doc_0080
session_11856,doc_0241
session_11856,doc_0238
session_11856,doc_0229
session_11856,doc_0617
session_11857,doc_0673
session_11857,doc_0703
session_11857,doc_0680
session_11857,doc_0699
session_11857,doc_0615
session_11857,doc_0633
session_11858,doc_0779
session_11858,doc_0753
session_11858,doc_0756
session_11858,doc_0752
session_11859,doc_0291
session_11859,doc_0769
session_11860,doc_0627
session_11861,doc_0319
session_11862,doc_0331
session_11862,doc_0373
session_11863,doc_0229
session_11864,doc_0732
session_11865,doc_0031
session_11865,doc_0101
session_11866,doc_0192
session_11866,doc_0112
session_11867,doc_0702
session_11867,doc_0673
session_11868,doc_0261
session_11868,doc_0223
session_11869,doc_0892
session_11869,doc_0914
session_11869,doc_0654
session_11869,doc_0676
session_11870,doc_0364
session_11870,doc_0149
session_11871,doc_0645
session_11871,doc_0633
session_11871,doc_0627
session_11872,doc_0331
session_11873,doc_0469
session_11873,doc_0480
session_11873,doc_0902
session_11874,doc_0518
session_11874,doc_0526
session_11874,doc_0584
session_11874,doc_0542
session_11875,doc_0757
session_11875,doc_0732
session_11875,doc_0783
session_11875,doc_0865
session_11875,doc_0818
session_11876,doc_0569
session_11876,doc_0518
session_11877,doc_0369
session_11877,doc_0402
session_11877,doc_0185
session_11878,doc_0001
session_11879,doc_0364
session_11879,doc_0331
session_11879,doc_0885
session_11880,doc_0158
session_11880,doc_0148
session_11881,doc_0179
session_11881,doc_0140
session_11881,doc_0148
session_11881,doc_0203
session_11882,doc_0229
session_11882,doc_0235
session_11882,doc_0479
session_11883,doc_0673
session_11883,doc_0884
session_11884,doc_0654
session_11885,doc_0059
session_11886,doc_0857
session_11886,doc_0821
session_11886,doc_0842
session_11886,doc_0818
session_11886,doc_0852
session_11886,doc_0870
session_11887,doc_0618
session_11887,doc_0644
session_11887,doc_0630
session_11887,doc_0617
session_11888,doc_0322
session_11889,doc_0156
session_11889,doc_0169
session_11890,doc_0065
session_11891,doc_0485
session_11892,doc_0769
session_11892,doc_0884
session_11893,doc_0914
session_11893,doc_0903
session_11893,doc_0909
session_11893,doc_0889
session_11893,doc_0900
session_11893,doc_0886
session_11894,doc_0757
session_11894,doc_0734
session_11895,doc_0454
session_11895,doc_0469
session_11895,doc_0437
session_11896,doc_0373
session_11897,doc_0671
session_11897,doc_0667
session_11897,doc_0658
session_11898,doc_0026
session_11898,doc_0469
session_11899,doc_0923
session_11900,doc_0613
session_11900,doc_0641
session_11900,doc_0644
session_11901,doc_0748
session_11902,doc_0843
session_11903,doc_0048
session_11903,doc_0098
session_11903,doc_0701
session_11904,doc_0448
session_11904,doc_0421
session_11904,doc_0476
session_11905,doc_0493
session_11905,doc_0063
session_11906,doc_0401
session_11907,doc_0174
session_11907,doc_0179
session_11908,doc_0732
session_11908,doc_0798
session_11908,doc_0715
session_11908,doc_0891
session_11909,doc_0040
session_11909,doc_0031
session_11909,doc_0027
session_11909,doc_0658
session_11909,doc_0683
session_11910,doc_0068
session_11910,doc_0052
session_11910,doc_0566
session_11911,doc_0241
session_11912,doc_0783
session_11912,doc_0754
session_11913,doc_0126
session_11913,doc_0297
session_11914,doc_0180
session_11915,doc_0193
session_11916,doc_0569
session_11916,doc_0535
session_11916,doc_0127
session_11917,doc_0401
session_11917,doc_0337
session_11917,doc_0892
session_11918,doc_0290
session_11918,doc_0322
session_11918,doc_0190
session_11919,doc_0617
session_11919,doc_0637
session_11919,doc_0627
session_11919,doc_0618
session_11919,doc_0043
session_11919,doc_0068
session_11920,doc_0857
session_11920,doc_0840
session_11920,doc_0774
session_11921,doc_0586
session_11922,doc_0463
session_11922,doc_0476
session_11922,doc_0421
session_11922,doc_0757
session_11923,doc_0031
session_11924,doc_0456
session_11924,doc_0469
session_11924,doc_0476
session_11924,doc_0384
session_11925,doc_0005
session_11926,doc_0068
session_11926,doc_0031
session_11927,doc_0373
session_11927,doc_0401
session_11928,doc_0905
session_11928,doc_0914
session_11928,doc_0902
session_11929,doc_0712
session_11929,doc_0008
session_11930,doc_0471
session_11930,doc_0428
session_11931,doc_0373
session_11931,doc_0369
session_11931,doc_0362
session_11932,doc_0699
session_11932,doc_0689
session_11932,doc_0884
session_11933,doc_0518
session_11934,doc_0331
session_11934,doc_0373
session_11934,doc_0404
session_11934,doc_0152
session_11935,doc_0673
session_11935,doc_0701
session_11935,doc_0373
session_11936,doc_0476
session_11936,doc_0412
session_11937,doc_0331
session_11937,doc_0373
session_11937,doc_0360
session_11937,doc_0744
session_11938,doc_0524
session_11938,doc_0502
session_11938,doc_0753
session_11938,doc_0803
session_11939,doc_0192
session_11940,doc_0822
session_11940,doc_0836
session_11940,doc_0826
session_11941,doc_0493
session_11941,doc_0518
session_11942,doc_0852
session_11942,doc_0815
session_11942,doc_0791
session_11942,doc_0757
session_11943,doc_0412
session_11943,doc_0469
session_11943,doc_0471
session_11943,doc_0438
session_11943,doc_0261
session_11944,doc_0243
session_11944,doc_0444
session_11945,doc_0331
session_11946,doc_0843
session_11946,doc_0845
session_11946,doc_0850
session_11946,doc_0857
session_11947,doc_0031
session_11947,doc_0080
session_11947,doc_0041
session_11947,doc_0633
session_11948,doc_0762
session_11948,doc_0757
session_11949,doc_0437
session_11949,doc_0228
session_11950,doc_0586
session_11951,doc_0600
session_11951,doc_0759
session_11952,doc_0011
session_11952,doc_0063
session_11952,doc_0617
session_11953,doc_0608
session_11954,doc_0220
session_11954,doc_0203
session_11955,doc_0305
session_11955,doc_0322
session_11955,doc_0148
session_11956,doc_0293
session_11956,doc_0308
session_11956,doc_0402
session_11957,doc_0471
session_11957,doc_0470
session_11958,doc_0485
session_11959,doc_0406
session_11959,doc_0401
session_11960,doc_0317
session_11960,doc_0342
session_11961,doc_0235
session_11961,doc_0243
session_11961,doc_0240
session_11961,doc_0256
session_11961,doc_0229
session_11961,doc_0169
session_11962,doc_0769
session_11962,doc_0792
session_11962,doc_0731
session_11962,doc_0732
session_11962,doc_0502
session_11963,doc_0120
session_11964,doc_0905
session_11965,doc_0754
session_11966,doc_0185
session_11967,doc_0870
session_11967,doc_0822
session_11967,doc_0861
session_11967,doc_0857
session_11968,doc_0848
session_11969,doc_0312
session_11970,doc_0156
session_11970,doc_0120
session_11971,doc_0243
session_11971,doc_0238
session_11971,doc_0246
session_11971,doc_0197
session_11971,doc_0195
session_11971,doc_0121
session_11972,doc_0420
session_11972,doc_0412
session_11973,doc_0803
session_11973,doc_0750
session_11974,doc_0641
session_11974,doc_0617
session_11974,doc_0615
session_11974,doc_0434
session_11975,doc_0621
session_11975,doc_0412
session_11976,doc_0400
session_11976,doc_0172
session_11977,doc_0331
session_11977,doc_0373
session_11977,doc_0274
session_11978,doc_0673
session_11978,doc_0902
session_11979,doc_0098
session_11979,doc_0526
session_11980,doc_0458
session_11980,doc_0441
session_11980,doc_0421
session_11981,doc_0584
session_11981,doc_0489
session_11981,doc_0412
session_11982,doc_0871
session_11982,doc_0849
session_11982,doc_0754
session_11983,doc_0291
session_11984,doc_0077
session_11984,doc_0341
session_11985,doc_0019
session_11985,doc_0046
session_11985,doc_0068
session_11985,doc_0031
session_11985,doc_0076
session_11985,doc_0619
session_11986,doc_0309
session_11986,doc_0308
session_11986,doc_0302
session_11986,doc_0031
session_11987,doc_0286
session_11988,doc_0206
session_11989,doc_0211
session_11989,doc_0235
session_11989,doc_0302
session_11990,doc_0795
session_11990,doc_0758
session_11990,doc_0412
session_11991,doc_0364
session_11991,doc_0360
session_11991,doc_0376
session_11992,doc_0293
session_11992,doc_0310
session_11992,doc_0324
session_11992,doc_0322
session_11992,doc_0304
session_11993,doc_0851
session_11993,doc_0789
session_11994,doc_0031
session_11994,doc_0067
session_11995,doc_0031
session_11995,doc_0013
session_11995,doc_0709
session_11996,doc_0214
session_11996,doc_0238
session_11997,doc_0754
session_11997,doc_0756
session_11997,doc_0764
session_11997,doc_0852
session_11998,doc_0656
session_11998,doc_0658
session_11998,doc_0689
session_11999,doc_0456
session_11999,doc_0443
session_12000,doc_0555
session_12000,doc_0126
session_12001,doc_0679
session_12001,doc_0673
session_12001,doc_0651
session_12001,doc_0420
session_12002,doc_0068
session_12003,doc_0884
session_12004,doc_0846
session_12004,doc_0871
session_12004,doc_0852
session_12005,doc_0615
session_12005,doc_0618
session_12005,doc_0621
session_12006,doc_0031
session_12006,doc_0011
session_12007,doc_0782
session_12007,doc_0783
session_12008,doc_0241
session_12008,doc_0618
session_12009,doc_0759
session_12009,doc_0634
session_12010,doc_0118
session_12010,doc_0136
session_12010,doc_0509
session_12011,doc_0501
session_12011,doc_0565
session_12011,doc_0021
session_12011,doc_0031
session_12012,doc_0829
session_12013,doc_0229
session_12014,doc_0034
session_12014,doc_0058
session_12015,doc_0852
session_12016,doc_0393
session_12017,doc_0617
session_12018,doc_0321
session_12018,doc_0293
session_12018,doc_0277
session_12018,doc_0291
session_12019,doc_0732
session_12019,doc_0721
session_12020,doc_0319
session_12021,doc_0308
session_12021,doc_0293
session_12021,doc_0307
session_12021,doc_0518
session_12022,doc_0152
session_12022,doc_0104
session_12022,doc_0148
session_12022,doc_0121
session_12022,doc_0134
session_12022,doc_0331
session_12023,doc_0246
session_12023,doc_0229
session_12023,doc_0618
session_12024,doc_0048
session_12025,doc_0754
session_12026,doc_0885
session_12026,doc_0894
session_12026,doc_0705
session_12027,doc_0229
session_12027,doc_0458
session_12028,doc_0218
session_12028,doc_0235
session_12028,doc_0617
session_12029,doc_0261
session_12029,doc_0248
session_12029,doc_0204
session_12030,doc_0469
session_12030,doc_0485
session_12030,doc_0344
session_12031,doc_0788
session_12032,doc_0783
session_12032,doc_0853
session_12033,doc_0501
session_12033,doc_0592
session_12033,doc_0502
session_12033,doc_0043
session_12033,doc_0031
session_12034,doc_0200
session_12034,doc_0260
session_12034,doc_0435
session_12035,doc_0243
session_12035,doc_0238
session_12035,doc_0208
session_12035,doc_0471
session_12036,doc_0375
session_12036,doc_0394
session_12036,doc_0381
session_12036,doc_0373
session_12036,doc_0331
session_12036,doc_0339
session_12037,doc_0305
session_12037,doc_0307
session_12037,doc_0322
session_12038,doc_0492
session_12039,doc_0131
session_12040,doc_0603
session_12041,doc_0914
session_12041,doc_0884
session_12041,doc_0917
session_12041,doc_0908
session_12041,doc_0905
session_12041,doc_0493
session_12042,doc_0892
session_12042,doc_0902
session_12042,doc_0920
session_12042,doc_0673
session_12043,doc_0031
session_12044,doc_0894
session_12044,doc_0874
session_12044,doc_0905
session_12044,doc_0914
session_12044,doc_0668
session_12045,doc_0439
session_12046,doc_0673
session_12046,doc_0565
session_12047,doc_0754
session_12048,doc_0763
session_12048,doc_0291
session_12049,doc_0034
session_12050,doc_0369
session_12050,doc_0373
session_12050,doc_0469
session_12050,doc_0465
session_12051,doc_0754
session_12051,doc_0728
session_12051,doc_0803
session_12051,doc_0852
session_12052,doc_0683
session_12052,doc_0673
session_12052,doc_0710
session_12053,doc_0673
session_12053,doc_0702
session_12053,doc_0914
session_12053,doc_0881
session_12054,doc_0562
session_12054,doc_0048
session_12055,doc_0148
session_12055,doc_0172
session_12056,doc_0469
session_12056,doc_0627
session_12057,doc_0914
session_12057,doc_0658
session_12058,doc_0773
session_12058,doc_0732
session_12058,doc_0803
session_12058,doc_0322
session_12059,doc_0401
session_12059,doc_0366
session_12060,doc_0557
session_12060,doc_0544
session_12060,doc_0518
session_12061,doc_0575
session_12061,doc_0565
session_12061,doc_0518
session_12061,doc_0779
session_12062,doc_0373
session_12062,doc_0340
session_12062,doc_0362
session_12063,doc_0744
session_12063,doc_0754
session_12063,doc_0803
session_12063,doc_0757
session_12063,doc_0639
session_12064,doc_0627
session_12065,doc_0602
session_12065,doc_0617
session_12065,doc_0774
session_12066,doc_0369
session_12066,doc_0327
session_12066,doc_0381
session_12066,doc_0152
session_12066,doc_0148
session_12067,doc_0026
session_12068,doc_0514
session_12068,doc_0564
session_12068,doc_0086
session_12069,doc_0508
session_12069,doc_0493
session_12069,doc_0518
session_12070,doc_0706
session_12070,doc_0683
session_12070,doc_0518
session_12071,doc_0782
session_12072,doc_0331
session_12073,doc_0884
session_12073,doc_0892
session_12073,doc_0351
session_12074,doc_0068
session_12075,doc_0727
session_12075,doc_0792
session_12075,doc_0754
session_12075,doc_0732
session_12075,doc_0803
session_12075,doc_0590
session_12076,doc_0869
session_12077,doc_0617
session_12078,doc_0641
session_12078,doc_0618
session_12078,doc_0627
session_12078,doc_0631
session_12079,doc_0148
session_12079,doc_0118
session_12079,doc_0158
session_12080,doc_0057
session_12080,doc_0101
session_12080,doc_0031
session_12080,doc_0063
session_12080,doc_0802
session_12081,doc_0310
session_12082,doc_0409
session_12083,doc_0654
session_12083,doc_0658
session_12084,doc_0301
session_12084,doc_0268
session_12085,doc_0877
session_12085,doc_0381
session_12086,doc_0064
session_12086,doc_0100
session_12086,doc_0441
session_12087,doc_0118
session_12088,doc_0803
session_12088,doc_0754
session_12088,doc_0392
session_12089,doc_0009
session_12089,doc_0068
session_12089,doc_0031
session_12089,doc_0029
session_12089,doc_0065
session_12090,doc_0843
session_12090,doc_0844
session_12090,doc_0884
session_12091,doc_0793
session_12092,doc_0569
session_12092,doc_0561
session_12092,doc_0518
session_12093,doc_0364
session_12094,doc_0121
session_12094,doc_0179
session_12094,doc_0627
session_12095,doc_0862
session_12096,doc_0873
session_12097,doc_0293
session_12098,doc_0031
session_12098,doc_0046
session_12098,doc_0058
session_12098,doc_0391
session_12099,doc_0207
session_12099,doc_0240
session_12099,doc_0259
session_12100,doc_0048
session_12101,doc_0031
session_12102,doc_0458
session_12103,doc_0586
session_12103,doc_0532
session_12103,doc_0754
session_12104,doc_0261
session_12104,doc_0243
session_12104,doc_0214
session_12105,doc_0818
session_12105,doc_0857
session_12105,doc_0843
session_12106,doc_0414
session_12106,doc_0243
session_12107,doc_0752
session_12108,doc_0331
session_12108,doc_0392
session_12108,doc_0401
session_12108,doc_0371
session_12109,doc_0016
session_12110,doc_0202
session_12110,doc_0224
session_12110,doc_0235
session_12110,doc_0641
session_12111,doc_0235
session_12111,doc_0238
session_12111,doc_0641
session_12112,doc_0068
session_12112,doc_0581
session_12113,doc_0118
session_12113,doc_0179
session_12114,doc_0807
session_12114,doc_0817
session_12115,doc_0569
session_12115,doc_0565
session_12115,doc_0518
session_12115,doc_0590
session_12115,doc_0514
session_12116,doc_0404
session_12116,doc_0335
session_12116,doc_0695
session_12117,doc_0501
session_12117,doc_0564
session_12117,doc_0493
session_12117,doc_0517
session_12117,doc_0518
session_12118,doc_0331
session_12118,doc_0360
session_12118,doc_0404
session_12118,doc_0373
session_12118,doc_0397
session_12118,doc_0392
session_12119,doc_0641
session_12119,doc_0609
session_12119,doc_0618
session_12119,doc_0031
session_12119,doc_0054
session_12120,doc_0322
session_12120,doc_0269
session_12121,doc_0148
session_12121,doc_0147
session_12121,doc_0182
session_12121,doc_0112
session_12121,doc_0349
session_12122,doc_0852
session_12123,doc_0277
session_12123,doc_0305
session_12123,doc_0264
session_12124,doc_0214
session_12125,doc_0858
session_12125,doc_0852
session_12125,doc_0836
session_12125,doc_0841
session_12125,doc_0843
session_12126,doc_0803
session_12127,doc_0754
session_12127,doc_0757
session_12127,doc_0752
session_12127,doc_0803
session_12127,doc_0719
session_12127,doc_0737
session_12128,doc_0276
session_12128,doc_0322
session_12128,doc_0290
session_12128,doc_0293
session_12128,doc_0836
session_12128,doc_0857
session_12129,doc_0770
session_12129,doc_0736
session_12130,doc_0889
session_12131,doc_0293
session_12132,doc_0412
session_12132,doc_0661
session_12133,doc_0754
session_12133,doc_0737
session_12133,doc_0785
session_12133,doc_0644
session_12134,doc_0291
session_12134,doc_0264
session_12134,doc_0305
session_12134,doc_0518
session_12135,doc_0705
session_12135,doc_0673
session_12135,doc_0905
session_12136,doc_0373
session_12137,doc_0803
session_12138,doc_0649
session_12138,doc_0618
session_12138,doc_0601
session_12138,doc_0243
session_12139,doc_0807
session_12140,doc_0182
session_12140,doc_0103
session_12141,doc_0782
session_12141,doc_0728
session_12141,doc_0766
session_12141,doc_0801
session_12142,doc_0179
session_12143,doc_0644
session_12143,doc_0633
session_12143,doc_0617
session_12144,doc_0340
session_12145,doc_0476
session_12146,doc_0068
session_12146,doc_0048
session_12146,doc_0148
session_12147,doc_0858
session_12147,doc_0870
session_12148,doc_0171
session_12148,doc_0155
session_12148,doc_0148
session_12148,doc_0182
session_12148,doc_0112
session_12149,doc_0392
session_12149,doc_0331
session_12149,doc_0008
session_12150,doc_0732
session_12150,doc_0331
session_12151,doc_0641
session_12151,doc_0596
session_12151,doc_0080
session_12152,doc_0813
session_12152,doc_0870
session_12153,doc_0043
session_12153,doc_0074
session_12153,doc_0041
session_12154,doc_0852
session_12154,doc_0868
session_12154,doc_0843
session_12154,doc_0857
session_12154,doc_0817
session_12154,doc_0761
session_12155,doc_0754
session_12156,doc_0469
session_12156,doc_0439
session_12156,doc_0434
session_12156,doc_0627
session_12157,doc_0469
session_12157,doc_0476
session_12157,doc_0419
session_12158,doc_0518
session_12158,doc_0555
session_12159,doc_0417
session_12159,doc_0437
session_12159,doc_0004
session_12160,doc_0680
session_12160,doc_0683
session_12160,doc_0654
session_12160,doc_0368
session_12160,doc_0369
session_12161,doc_0031
session_12161,doc_0068
session_12161,doc_0034
session_12161,doc_0648
session_12162,doc_0261
session_12163,doc_0229
session_12163,doc_0235
session_12163,doc_0469
session_12164,doc_0698
session_12165,doc_0448
session_12165,doc_0486
session_12166,doc_0778
session_12166,doc_0754
session_12167,doc_0844
session_12168,doc_0331
session_12168,doc_0338
session_12168,doc_0166
session_12169,doc_0068
session_12170,doc_0852
session_12170,doc_0816
session_12170,doc_0697
session_12171,doc_0113
session_12171,doc_0163
session_12172,doc_0421
session_12172,doc_0475
session_12172,doc_0460
session_12172,doc_0443
session_12172,doc_0373
session_12173,doc_0751
session_12173,doc_0795
session_12174,doc_0322
session_12174,doc_0316
session_12174,doc_0267
session_12174,doc_0297
session_12174,doc_0302
session_12174,doc_0148
session_12175,doc_0118
session_12175,doc_0143
session_12176,doc_0063
session_12176,doc_0091
session_12176,doc_0617
session_12177,doc_0763
session_12177,doc_0757
session_12177,doc_0777
session_12178,doc_0013
session_12179,doc_0310
session_12179,doc_0316
session_12179,doc_0894
session_12180,doc_0595
session_12181,doc_0683
session_12181,doc_0666
session_12181,doc_0703
session_12182,doc_0871
session_12182,doc_0843
session_12183,doc_0456
session_12183,doc_0457
session_12183,doc_0413
session_12183,doc_0331
session_12183,doc_0373
session_12184,doc_0302
session_12185,doc_0640
session_12185,doc_0618
session_12185,doc_0673
session_12186,doc_0625
session_12187,doc_0340
session_12187,doc_0609
session_12188,doc_0403
session_12188,doc_0402
session_12189,doc_0631
session_12189,doc_0617
session_12189,doc_0621
session_12189,doc_0615
session_12189,doc_0063
session_12190,doc_0048
session_12190,doc_0010
session_12190,doc_0080
session_12190,doc_0579
session_12191,doc_0765
session_12191,doc_0754
session_12191,doc_0501
session_12192,doc_0291
session_12192,doc_0305
session_12193,doc_0241
session_12194,doc_0041
session_12195,doc_0156
session_12195,doc_0148
session_12195,doc_0119
session_12195,doc_0189
session_12195,doc_0152
session_12196,doc_0683
session_12197,doc_0235
session_12198,doc_0260
session_12198,doc_0229
session_12198,doc_0617
session_12199,doc_0152
session_12199,doc_0291
session_12200,doc_0494
session_12200,doc_0564
session_12200,doc_0086
session_12201,doc_0054
session_12201,doc_0066
session_12202,doc_0369
session_12202,doc_0360
session_12202,doc_0381
session_12202,doc_0703
session_12203,doc_0752
session_12203,doc_0732
session_12203,doc_0757
session_12203,doc_0810
session_12203,doc_0856
session_12204,doc_0236
session_12204,doc_0235
session_12205,doc_0243
session_12205,doc_0235
session_12205,doc_0914
session_12205,doc_0902
session_12206,doc_0392
session_12207,doc_0340
session_12207,doc_0392
session_12207,doc_0419
session_12208,doc_0560
session_12208,doc_0564
session_12208,doc_0535
session_12208,doc_0757
session_12209,doc_0068
session_12210,doc_0914
session_12210,doc_0936
session_12211,doc_0732
session_12211,doc_0754
session_12211,doc_0752
session_12212,doc_0757
session_12212,doc_0322
session_12213,doc_0732
session_12213,doc_0718
session_12213,doc_0420
session_12213,doc_0469
session_12214,doc_0382
session_12215,doc_0168
session_12215,doc_0152
session_12215,doc_0192
session_12216,doc_0331
session_12216,doc_0368
session_12217,doc_0803
session_12217,doc_0757
session_12217,doc_0754
session_12217,doc_0732
session_12217,doc_0601
session_12218,doc_0476
session_12219,doc_0723
session_12219,doc_0757
session_12219,doc_0754
session_12220,doc_0632
session_12220,doc_0618
session_12220,doc_0617
session_12220,doc_0458
session_12221,doc_0878
session_12221,doc_0914
session_12221,doc_0884
session_12221,doc_0912
session_12222,doc_0754
session_12222,doc_0752
session_12223,doc_0783
session_12223,doc_0752
session_12223,doc_0634
session_12223,doc_0597
session_12224,doc_0229
session_12224,doc_0420
session_12225,doc_0031
session_12225,doc_0001
session_12225,doc_0041
session_12226,doc_0322
session_12226,doc_0148
session_12227,doc_0884
session_12228,doc_0673
session_12228,doc_0671
session_12228,doc_0634
session_12229,doc_0914
session_12229,doc_0917
session_12229,doc_0935
session_12229,doc_0916
session_12229,doc_0063
session_12229,doc_0031
session_12230,doc_0518
session_12230,doc_0492
session_12230,doc_0590
session_12230,doc_0322
session_12231,doc_0156
session_12232,doc_0590
session_12233,doc_0572
session_12233,doc_0518
session_12233,doc_0757
session_12234,doc_0501
session_12234,doc_0565
session_12234,doc_0544
session_12234,doc_0569
session_12234,doc_0568
session_12234,doc_0106
session_12235,doc_0235
session_12236,doc_0852
session_12237,doc_0853
session_12237,doc_0868
session_12237,doc_0843
session_12237,doc_0752
session_12237,doc_0724
session_12238,doc_0443
session_12238,doc_0420
session_12239,doc_0261
session_12240,doc_0884
session_12241,doc_0870
session_12242,doc_0386
session_12242,doc_0133
session_12243,doc_0100
session_12243,doc_0063
session_12243,doc_0566
session_12243,doc_0586
session_12244,doc_0216
session_12244,doc_0203
session_12245,doc_0656
session_12246,doc_0331
session_12247,doc_0068
session_12247,doc_0079
session_12247,doc_0080
session_12247,doc_0586
session_12248,doc_0152
session_12248,doc_0121
session_12248,doc_0156
session_12248,doc_0148
session_12248,doc_0878
session_12249,doc_0072
session_12249,doc_0031
session_12250,doc_0754
session_12251,doc_0187
session_12251,doc_0148
session_12251,doc_0935
session_12251,doc_0914
session_12252,doc_0074
session_12252,doc_0046
session_12253,doc_0518
session_12253,doc_0492
session_12254,doc_0565
session_12254,doc_0554
session_12254,doc_0518
session_12255,doc_0040
session_12255,doc_0053
session_12255,doc_0031
session_12255,doc_0612
session_12256,doc_0063
session_12256,doc_0057
session_12256,doc_0091
session_12256,doc_0424
session_12257,doc_0148
session_12258,doc_0852
session_12258,doc_0853
session_12258,doc_0870
session_12258,doc_0757
session_12259,doc_0243
session_12259,doc_0235
session_12259,doc_0840
session_12260,doc_0331
session_12260,doc_0297
session_12261,doc_0113
session_12261,doc_0322
session_12262,doc_0200
session_12262,doc_0213
session_12263,doc_0683
session_12264,doc_0068
session_12264,doc_0401
session_12265,doc_0472
session_12265,doc_0437
session_12265,doc_0476
session_12265,doc_0469
session_12266,doc_0028
session_12266,doc_0043
session_12266,doc_0058
session_12266,doc_0063
session_12266,doc_0031
session_12267,doc_0331
session_12268,doc_0754
session_12268,doc_0731
session_12268,doc_0752
session_12269,doc_0754
session_12270,doc_0493
session_12270,doc_0500
session_12270,doc_0591
session_12270,doc_0518
session_12270,doc_0565
session_12270,doc_0068
session_12271,doc_0290
session_12272,doc_0769
session_12272,doc_0754
session_12272,doc_0839
session_12272,doc_0848
session_12273,doc_0843
session_12273,doc_0860
session_12273,doc_0852
session_12273,doc_0048
session_12274,doc_0331
session_12275,doc_0141
session_12276,doc_0118
session_12277,doc_0322
session_12277,doc_0291
session_12278,doc_0069
session_12278,doc_0441
session_12279,doc_0291
session_12279,doc_0322
session_12279,doc_0316
session_12279,doc_0300
session_12279,doc_0127
session_12280,doc_0673
session_12280,doc_0015
session_12281,doc_0297
session_12281,doc_0291
session_12282,doc_0456
session_12282,doc_0459
session_12282,doc_0627
session_12283,doc_0800
session_12283,doc_0754
session_12284,doc_0211
session_12284,doc_0255
session_12284,doc_0443
session_12285,doc_0654
session_12285,doc_0381
session_12286,doc_0754
session_12286,doc_0789
session_12286,doc_0752
session_12286,doc_0739
session_12286,doc_0731
session_12286,doc_0484
session_12287,doc_0235
session_12287,doc_0218
session_12287,doc_0322
session_12288,doc_0433
session_12288,doc_0617
session_12289,doc_0673
session_12289,doc_0656
session_12290,doc_0774
session_12290,doc_0736
session_12290,doc_0754
session_12291,doc_0031
session_12291,doc_0642
session_12292,doc_0905
session_12292,doc_0903
session_12292,doc_0651
session_12293,doc_0763
session_12293,doc_0782
session_12293,doc_0928
session_12294,doc_0406
session_12294,doc_0373
session_12295,doc_0754
session_12296,doc_0401
session_12296,doc_0369
session_12297,doc_0878
session_12297,doc_0884
session_12298,doc_0211
session_12298,doc_0229
session_12298,doc_0243
session_12299,doc_0152
session_12300,doc_0689
session_12300,doc_0705
session_12300,doc_0666
session_12300,doc_0148
session_12300,doc_0179
session_12301,doc_0755
session_12301,doc_0716
session_12301,doc_0752
session_12302,doc_0171
session_12303,doc_0189
session_12303,doc_0148
session_12304,doc_0178
session_12304,doc_0141
session_12304,doc_0138
session_12305,doc_0673
session_12306,doc_0557
session_12306,doc_0572
session_12306,doc_0211
session_12307,doc_0618
session_12308,doc_0493
session_12309,doc_0754
session_12310,doc_0615
session_12311,doc_0401
session_12312,doc_0887
session_12312,doc_0905
session_12313,doc_0011
session_12313,doc_0065
session_12314,doc_0197
session_12314,doc_0463
session_12315,doc_0043
session_12315,doc_0014
session_12315,doc_0031
session_12315,doc_0007
session_12315,doc_0852
session_12316,doc_0147
session_12316,doc_0321
session_12317,doc_0477
session_12317,doc_0482
session_12317,doc_0517
session_12317,doc_0565
session_12318,doc_0476
session_12318,doc_0421
session_12319,doc_0412
session_12319,doc_0476
session_12319,doc_0673
session_12320,doc_0630
session_12320,doc_0641
session_12320,doc_0601
session_12320,doc_0618
session_12320,doc_0757
session_12321,doc_0626
session_12322,doc_0148
session_12323,doc_0564
session_12323,doc_0546
session_12323,doc_0510
session_12323,doc_0502
session_12323,doc_0549
session_12324,doc_0206
session_12324,doc_0229
session_12324,doc_0471
session_12325,doc_0744
session_12325,doc_0802
session_12326,doc_0748
session_12326,doc_0754
session_12326,doc_0727
session_12326,doc_0608
session_12327,doc_0263
session_12327,doc_0231
session_12328,doc_0666
session_12328,doc_0657
session_12328,doc_0665
session_12328,doc_0700
session_12328,doc_0314
session_12329,doc_0434
session_12329,doc_0469
session_12329,doc_0471
session_12329,doc_0428
session_12330,doc_0207
session_12330,doc_0469
session_12331,doc_0577
session_12331,doc_0565
session_12332,doc_0148
session_12332,doc_0176
session_12333,doc_0697
session_12333,doc_0673
session_12334,doc_0732
session_12335,doc_0689
session_12336,doc_0696
session_12336,doc_0674
session_12336,doc_0401
session_12337,doc_0534
session_12337,doc_0584
session_12338,doc_0218
session_12338,doc_0206
session_12338,doc_0481
session_12339,doc_0148
session_12339,doc_0179
session_12339,doc_0171
session_12340,doc_0111
session_12340,doc_0754
session_12341,doc_0695
session_12342,doc_0005
session_12343,doc_0276
session_12343,doc_0102
session_12344,doc_0912
session_12344,doc_0928
session_12345,doc_0779
session_12346,doc_0235
session_12346,doc_0241
session_12347,doc_0179
session_12348,doc_0763
session_12348,doc_0564
session_12349,doc_0458
session_12350,doc_0904
session_12350,doc_0889
session_12350,doc_0922
session_12350,doc_0914
session_12351,doc_0384
session_12352,doc_0305
session_12352,doc_0316
session_12352,doc_0310
session_12353,doc_0031
session_12353,doc_0032
session_12353,doc_0852
session_12354,doc_0628
session_12354,doc_0605
session_12354,doc_0617
session_12355,doc_0310
session_12355,doc_0280
session_12356,doc_0469
session_12356,doc_0476
session_12356,doc_0435
session_12356,doc_0774
session_12357,doc_0031
session_12358,doc_0123
session_12358,doc_0189
session_12359,doc_0782
session_12359,doc_0801
session_12359,doc_0754
session_12359,doc_0752
session_12359,doc_0772
session_12359,doc_0862
session_12360,doc_0459
session_12361,doc_0041
session_12361,doc_0086
session_12361,doc_0091
session_12362,doc_0187
session_12362,doc_0156
session_12362,doc_0179
session_12362,doc_0108
session_12362,doc_0148
session_12362,doc_0182
session_12363,doc_0360
session_12363,doc_0349
session_12363,doc_0402
session_12363,doc_0162
session_12364,doc_0795
session_12364,doc_0631
session_12365,doc_0001
session_12365,doc_0073
session_12365,doc_0031
session_12366,doc_0555
session_12366,doc_0562
session_12366,doc_0584
session_12367,doc_0331
session_12367,doc_0364
session_12368,doc_0148
session_12368,doc_0179
session_12368,doc_0617
session_12369,doc_0278
session_12369,doc_0280
session_12370,doc_0744
session_12370,doc_0720
session_12371,doc_0441
session_12371,doc_0434
session_12371,doc_0229
session_12372,doc_0892
session_12372,doc_0152
session_12373,doc_0757
session_12374,doc_0795
session_12375,doc_0589
session_12375,doc_0732
session_12376,doc_0673
session_12376,doc_0651
session_12376,doc_0676
session_12376,doc_0658
session_12377,doc_0536
session_12377,doc_0555
session_12377,doc_0015
session_12378,doc_0008
session_12378,doc_0031
session_12378,doc_0091
session_12378,doc_0618
session_12379,doc_0617
session_12380,doc_0481
session_12380,doc_0469
session_12380,doc_0331
session_12381,doc_0336
session_12382,doc_0437
session_12382,doc_0261
session_12383,doc_0518
session_12384,doc_0766
session_12384,doc_0754
session_12384,doc_0774
session_12384,doc_0644
session_12385,doc_0179
session_12385,doc_0148
session_12385,doc_0144
session_12385,doc_0372
session_12386,doc_0261
session_12387,doc_0420
session_12387,doc_0458
session_12388,doc_0673
session_12389,doc_0179
session_12389,doc_0131
session_12390,doc_0048
session_12390,doc_0617
session_12391,doc_0617
session_12392,doc_0148
session_12393,doc_0418
session_12394,doc_0615
session_12394,doc_0617
session_12395,doc_0673
session_12396,doc_0391
session_12396,doc_0379
session_12396,doc_0355
session_12396,doc_0914
session_12397,doc_0641
session_12397,doc_0485
session_12398,doc_0302
session_12398,doc_0297
session_12398,doc_0292
session_12398,doc_0843
session_12399,doc_0850
session_12399,doc_0858
session_12399,doc_0689
session_12400,doc_0246
session_12401,doc_0716
session_12401,doc_0757
session_12401,doc_0769
session_12401,doc_0621
session_12401,doc_0629
session_12401,doc_0611
session_12402,doc_0032
session_12403,doc_0273
session_12403,doc_0296
session_12403,doc_0322
session_12403,doc_0149
session_12404,doc_0156
session_12405,doc_0048
session_12405,doc_0065
session_12405,doc_0043
session_12405,doc_0097
session_12405,doc_0063
session_12405,doc_0574
session_12406,doc_0843
session_12407,doc_0249
session_12408,doc_0274
session_12408,doc_0325
session_12409,doc_0775
session_12409,doc_0565
session_12410,doc_0630
session_12411,doc_0541
session_12411,doc_0586
session_12411,doc_0059
session_12412,doc_0518
session_12412,doc_0532
session_12412,doc_0560
session_12412,doc_0889
session_12413,doc_0621
session_12413,doc_0618
session_12413,doc_0617
session_12413,doc_0641
session_12414,doc_0689
session_12414,doc_0148
session_12415,doc_0011
session_12416,doc_0443
session_12416,doc_0464
session_12416,doc_0415
session_12417,doc_0760
session_12418,doc_0369
session_12419,doc_0754
session_12419,doc_0502
session_12420,doc_0543
session_12420,doc_0502
session_12420,doc_0560
session_12420,doc_0412
session_12421,doc_0757
session_12421,doc_0791
session_12421,doc_0728
session_12421,doc_0749
session_12421,doc_0754
session_12422,doc_0754
session_12422,doc_0613
session_12423,doc_0754
session_12424,doc_0210
session_12425,doc_0461
session_12425,doc_0469
session_12426,doc_0815
session_12427,doc_0274
session_12427,doc_0381
session_12428,doc_0518
session_12428,doc_0565
session_12428,doc_0505
session_12429,doc_0370
session_12430,doc_0757
session_12431,doc_0754
session_12431,doc_0872
session_12432,doc_0084
session_12433,doc_0291
session_12433,doc_0322
session_12433,doc_0316
session_12433,doc_0297
session_12434,doc_0500
session_12435,doc_0689
session_12435,doc_0702
session_12435,doc_0700
session_12435,doc_0692
session_12436,doc_0857
session_12437,doc_0702
session_12438,doc_0003
session_12438,doc_0535
session_12439,doc_0386
session_12439,doc_0387
session_12439,doc_0381
session_12440,doc_0069
session_12440,doc_0063
session_12441,doc_0617
session_12442,doc_0884
session_12442,doc_0910
session_12442,doc_0458
session_12442,doc_0453
session_12443,doc_0482
session_12443,doc_0476
session_12443,doc_0469
session_12444,doc_0045
session_12444,doc_0569
session_12445,doc_0843
session_12445,doc_0852
session_12446,doc_0231
session_12446,doc_0262
session_12446,doc_0206
session_12446,doc_0031
session_12446,doc_0045
session_12447,doc_0868
session_12447,doc_0450
session_12448,doc_0754
session_12449,doc_0293
session_12450,doc_0319
session_12450,doc_0291
session_12450,doc_0325
session_12450,doc_0188
session_12451,doc_0847
session_12451,doc_0843
session_12451,doc_0806
session_12452,doc_0624
session_12452,doc_0621
session_12453,doc_0148
session_12453,doc_0152
session_12453,doc_0291
session_12454,doc_0023
session_12454,doc_0048
session_12454,doc_0870
session_12454,doc_0834
session_12455,doc_0331
session_12455,doc_0360
session_12456,doc_0458
session_12457,doc_0063
session_12457,doc_0010
session_12457,doc_0073
session_12457,doc_0031
session_12458,doc_0235
session_12459,doc_0059
session_12460,doc_0902
session_12460,doc_0644
session_12461,doc_0257
session_12462,doc_0627
session_12463,doc_0754
session_12464,doc_0156
session_12464,doc_0118
session_12464,doc_0158
session_12465,doc_0618
session_12466,doc_0584
session_12466,doc_0518
session_12467,doc_0054
session_12467,doc_0101
session_12467,doc_0889
session_12468,doc_0400
session_12468,doc_0360
session_12469,doc_0754
session_12470,doc_0122
session_12470,doc_0148
session_12470,doc_0118
session_12470,doc_0182
session_12470,doc_0156
session_12471,doc_0884
session_12472,doc_0342
session_12472,doc_0381
session_12472,doc_0884
session_12473,doc_0533
session_12473,doc_0679
session_12474,doc_0068
session_12474,doc_0041
session_12474,doc_0048
session_12474,doc_0005
session_12474,doc_0043
session_12475,doc_0392
session_12475,doc_0331
session_12476,doc_0160
session_12476,doc_0331
session_12477,doc_0565
session_12478,doc_0445
session_12478,doc_0475
session_12478,doc_0469
session_12478,doc_0394
session_12479,doc_0754
session_12479,doc_0774
session_12480,doc_0400
session_12481,doc_0373
session_12482,doc_0852
session_12482,doc_0815
session_12482,doc_0857
session_12482,doc_0757
session_12483,doc_0204
session_12483,doc_0229
session_12483,doc_0206
session_12483,doc_0258
session_12483,doc_0653
session_12484,doc_0336
session_12484,doc_0331
session_12484,doc_0369
session_12484,doc_0673
session_12485,doc_0689
session_12486,doc_0914
session_12486,doc_0930
session_12486,doc_0935
session_12486,doc_0912
session_12487,doc_0246
session_12487,doc_0204
session_12487,doc_0260
session_12487,doc_0229
session_12487,doc_0843
session_12488,doc_0303
session_12488,doc_0373
session_12489,doc_0382
session_12489,doc_0327
session_12490,doc_0914
session_12490,doc_0902
session_12490,doc_0404
session_12491,doc_0068
session_12492,doc_0681
session_12493,doc_0547
session_12493,doc_0592
session_12494,doc_0910
session_12494,doc_0898
session_12494,doc_0911
session_12494,doc_0914
session_12494,doc_0897
session_12494,doc_0684
session_12495,doc_0515
session_12495,doc_0564
session_12495,doc_0518
session_12495,doc_0818
session_12495,doc_0843
session_12496,doc_0011
session_12496,doc_0703
session_12497,doc_0086
session_12497,doc_0043
session_12497,doc_0009
session_12497,doc_0373
session_12498,doc_0235
session_12499,doc_0373
session_12499,doc_0394
session_12499,doc_0331
session_12500,doc_0250
session_12500,doc_0246
session_12501,doc_0625
session_12501,doc_0615
session_12502,doc_0518
session_12502,doc_0581
session_12503,doc_0803
session_12504,doc_0261
session_12505,doc_0437
session_12505,doc_0476
session_12505,doc_0394
session_12505,doc_0369
session_12506,doc_0673
session_12506,doc_0689
session_12506,doc_0708
session_12506,doc_0652
session_12506,doc_0360
session_12506,doc_0381
session_12507,doc_0360
session_12508,doc_0843
session_12508,doc_0855
session_12509,doc_0518
session_12509,doc_0011
session_12510,doc_0518
session_12510,doc_0031
session_12511,doc_0235
session_12511,doc_0206
session_12511,doc_0201
session_12511,doc_0217
session_12512,doc_0421
session_12512,doc_0451
session_12512,doc_0412
session_12513,doc_0063
session_12513,doc_0068
session_12513,doc_0029
session_12513,doc_0031
session_12514,doc_0466
session_12514,doc_0468
session_12514,doc_0613
session_12515,doc_0460
session_12515,doc_0430
session_12515,doc_0448
session_12515,doc_0243
session_12516,doc_0186
session_12516,doc_0148
session_12516,doc_0112
session_12517,doc_0615
session_12518,doc_0077
session_12519,doc_0701
session_12519,doc_0689
session_12520,doc_0469
session_12521,doc_0339
session_12521,doc_0327
session_12522,doc_0675
session_12523,doc_0031
session_12523,doc_0060
session_12523,doc_0118
session_12524,doc_0235
session_12525,doc_0120
session_12525,doc_0182
session_12525,doc_0148
session_12526,doc_0148
session_12527,doc_0862
session_12528,doc_0401
session_12528,doc_0410
session_12528,doc_0331
session_12528,doc_0392
session_12529,doc_0063
session_12529,doc_0041
session_12530,doc_0565
session_12530,doc_0518
session_12530,doc_0547
session_12530,doc_0008
session_12530,doc_0041
session_12530,doc_0054
session_12531,doc_0671
session_12531,doc_0701
session_12531,doc_0689
session_12531,doc_0331
session_12531,doc_0353
session_12532,doc_0420
session_12532,doc_0369
session_12533,doc_0179
session_12533,doc_0148
session_12533,doc_0117
session_12533,doc_0152
session_12533,doc_0852
session_12534,doc_0857
session_12535,doc_0501
session_12536,doc_0712
session_12536,doc_0701
session_12537,doc_0502
session_12537,doc_0584
session_12537,doc_0522
session_12538,doc_0490
session_12538,doc_0529
session_12538,doc_0555
session_12538,doc_0502
session_12539,doc_0048
session_12539,doc_0900
session_12540,doc_0852
session_12540,doc_0828
session_12541,doc_0046
session_12541,doc_0633
session_12542,doc_0469
session_12543,doc_0401
session_12544,doc_0562
session_12545,doc_0757
session_12545,doc_0756
session_12545,doc_0860
session_12546,doc_0689
session_12546,doc_0658
session_12547,doc_0091
session_12547,doc_0068
session_12547,doc_0031
session_12547,doc_0613
session_12547,doc_0617
session_12548,doc_0695
session_12548,doc_0689
session_12549,doc_0584
session_12549,doc_0564
session_12549,doc_0507
session_12549,doc_0586
session_12549,doc_0513
session_12550,doc_0331
session_12550,doc_0373
session_12550,doc_0362
session_12550,doc_0683
session_12551,doc_0894
session_12551,doc_0879
session_12551,doc_0933
session_12551,doc_0373
session_12552,doc_0112
session_12552,doc_0123
session_12552,doc_0469
session_12553,doc_0373
session_12553,doc_0400
session_12554,doc_0626
session_12554,doc_0627
session_12555,doc_0732
session_12555,doc_0627
session_12556,doc_0129
session_12556,doc_0148
session_12557,doc_0469
session_12557,doc_0426
session_12557,doc_0476
session_12557,doc_0458
session_12558,doc_0212
session_12558,doc_0617
session_12559,doc_0754
session_12559,doc_0749
session_12559,doc_0617
session_12560,doc_0914
session_12560,doc_0367
session_12561,doc_0012
session_12561,doc_0063
session_12561,doc_0068
session_12561,doc_0057
session_12561,doc_0032
session_12562,doc_0850
session_12562,doc_0852
session_12562,doc_0842
session_12562,doc_0815
session_12562,doc_0752
session_12563,doc_0785
session_12563,doc_0858
session_12564,doc_0373
session_12565,doc_0914
session_12565,doc_0902
session_12565,doc_0121
session_12565,doc_0142
session_12566,doc_0565
session_12566,doc_0518
session_12567,doc_0162
session_12567,doc_0133
session_12567,doc_0191
session_12567,doc_0148
session_12568,doc_0613
session_12568,doc_0641
session_12568,doc_0628
session_12568,doc_0614
session_12568,doc_0063
session_12569,doc_0858
session_12569,doc_0824
session_12569,doc_0829
session_12569,doc_0852
session_12570,doc_0524
session_12570,doc_0518
session_12570,doc_0505
session_12570,doc_0493
session_12570,doc_0331
session_12571,doc_0571
session_12572,doc_0518
session_12572,doc_0547
session_12572,doc_0535
session_12572,doc_0803
session_12573,doc_0757
session_12573,doc_0752
session_12573,doc_0631
session_12574,doc_0914
session_12575,doc_0411
session_12575,doc_0421
session_12575,doc_0005
session_12575,doc_0026
session_12576,doc_0683
session_12577,doc_0808
session_12578,doc_0884
session_12578,doc_0895
session_12578,doc_0406
session_12579,doc_0218
session_12579,doc_0229
session_12579,doc_0250
session_12580,doc_0043
session_12580,doc_0469
session_12581,doc_0031
session_12581,doc_0004
session_12582,doc_0337
session_12582,doc_0373
session_12582,doc_0340
session_12582,doc_0331
session_12582,doc_0143
session_12583,doc_0469
session_12584,doc_0914
session_12585,doc_0019
session_12586,doc_0469
session_12587,doc_0063
session_12587,doc_0031
session_12588,doc_0510
session_12589,doc_0782
session_12589,doc_0748
session_12590,doc_0367
session_12591,doc_0364
session_12592,doc_0043
session_12592,doc_0063
session_12592,doc_0070
session_12592,doc_0493
session_12593,doc_0270
session_12594,doc_0041
session_12594,doc_0010
session_12595,doc_0226
session_12596,doc_0617
session_12596,doc_0634
session_12596,doc_0622
session_12597,doc_0167
session_12598,doc_0879
session_12598,doc_0884
session_12598,doc_0041
session_12599,doc_0689
session_12600,doc_0542
session_12600,doc_0547
session_12600,doc_0837
session_12601,doc_0699
session_12601,doc_0653
session_12601,doc_0683
session_12601,doc_0408
session_12602,doc_0579
session_12603,doc_0233
session_12604,doc_0042
session_12605,doc_0564
session_12605,doc_0569
session_12605,doc_0518
session_12605,doc_0555
session_12605,doc_0239
session_12606,doc_0518
session_12607,doc_0476
session_12608,doc_0426
session_12608,doc_0469
session_12608,doc_0260
session_12609,doc_0229
session_12609,doc_0235
session_12610,doc_0365
session_12610,doc_0331
session_12610,doc_0402
session_12611,doc_0203
session_12611,doc_0476
session_12612,doc_0818
session_12612,doc_0775
session_12613,doc_0258
session_12613,doc_0235
session_12613,doc_0248
session_12614,doc_0217
session_12614,doc_0250
session_12614,doc_0235
session_12614,doc_0246
session_12614,doc_0472
session_12615,doc_0627
session_12616,doc_0063
session_12617,doc_0843
session_12617,doc_0866
session_12617,doc_0871
session_12618,doc_0280
session_12619,doc_0365
session_12620,doc_0708
session_12620,doc_0148
session_12621,doc_0091
session_12621,doc_0013
session_12622,doc_0226
session_12622,doc_0243
session_12622,doc_0231
session_12623,doc_0728
session_12623,doc_0754
session_12624,doc_0309
session_12624,doc_0322
session_12624,doc_0291
session_12624,doc_0627
session_12625,doc_0031
session_12626,doc_0754
session_12626,doc_0792
session_12627,doc_0485
session_12627,doc_0462
session_12627,doc_0634
session_12628,doc_0394
session_12629,doc_0905
session_12629,doc_0902
session_12630,doc_0878
session_12630,doc_0914
session_12630,doc_0903
session_12630,doc_0884
session_12630,doc_0925
session_12631,doc_0091
session_12631,doc_0011
session_12631,doc_0068
session_12631,doc_0618
session_12632,doc_0914
session_12632,doc_0928
session_12632,doc_0884
session_12632,doc_0902
session_12633,doc_0797
session_12634,doc_0673
session_12634,doc_0331
session_12635,doc_0077
session_12635,doc_0046
session_12636,doc_0424
session_12636,doc_0935
session_12637,doc_0068
session_12637,doc_0535
session_12638,doc_0308
session_12638,doc_0291
session_12638,doc_0322
session_12638,doc_0276
session_12638,doc_0297
session_12638,doc_0325
session_12639,doc_0373
session_12640,doc_0914
session_12640,doc_0896
session_12640,doc_0683
session_12641,doc_0836
session_12641,doc_0852
session_12642,doc_0331
session_12642,doc_0673
session_12643,doc_0802
session_12643,doc_0769
session_12644,doc_0378
session_12645,doc_0276
session_12645,doc_0269
session_12645,doc_0283
session_12645,doc_0306
session_12645,doc_0476
session_12646,doc_0120
session_12646,doc_0152
session_12646,doc_0329
session_12647,doc_0493
session_12647,doc_0564
session_12648,doc_0536
session_12648,doc_0564
session_12648,doc_0046
session_12649,doc_0857
session_12649,doc_0870
session_12649,doc_0839
session_12649,doc_0872
session_12649,doc_0752
session_12650,doc_0031
session_12650,doc_0048
session_12650,doc_0098
session_12650,doc_0008
session_12650,doc_0518
session_12650,doc_0549
session_12651,doc_0791
session_12651,doc_0736
session_12651,doc_0518
session_12651,doc_0564
session_12652,doc_0673
session_12652,doc_0702
session_12653,doc_0843
session_12654,doc_0402
session_12654,doc_0373
session_12654,doc_0331
session_12654,doc_0362
session_12654,doc_0406
session_12654,doc_0013
session_12655,doc_0755
session_12656,doc_0776
session_12656,doc_0782
session_12656,doc_0753
session_12657,doc_0331
session_12657,doc_0369
session_12657,doc_0401
session_12657,doc_0180
session_12658,doc_0792
session_12659,doc_0843
session_12659,doc_0852
session_12659,doc_0774
session_12660,doc_0754
session_12660,doc_0068
session_12661,doc_0617
session_12661,doc_0914
session_12662,doc_0048
session_12663,doc_0243
session_12663,doc_0240
session_12663,doc_0641
session_12664,doc_0133
session_12665,doc_0752
session_12665,doc_0611
session_12666,doc_0852
session_12666,doc_0871
session_12666,doc_0870
session_12667,doc_0148
session_12667,doc_0322
session_12668,doc_0156
session_12668,doc_0705
session_12669,doc_0852
session_12669,doc_0870
session_12670,doc_0701
session_12670,doc_0698
session_12670,doc_0651
session_12670,doc_0896
session_12671,doc_0340
session_12671,doc_0341
session_12671,doc_0902
session_12672,doc_0884
session_12672,doc_0327
session_12673,doc_0261
session_12673,doc_0235
session_12673,doc_0245
session_12673,doc_0412
session_12673,doc_0443
session_12674,doc_0630
session_12674,doc_0617
session_12674,doc_0641
session_12674,doc_0764
session_12675,doc_0713
session_12675,doc_0736
session_12676,doc_0852
session_12677,doc_0360
session_12677,doc_0331
session_12678,doc_0113
session_12679,doc_0017
session_12679,doc_0031
session_12679,doc_0063
session_12680,doc_0148
session_12680,doc_0186
session_12680,doc_0123
session_12680,doc_0112
session_12680,doc_0373
session_12681,doc_0297
session_12682,doc_0754
session_12683,doc_0331
session_12683,doc_0369
session_12683,doc_0364
session_12684,doc_0884
session_12684,doc_0905
session_12684,doc_0914
session_12685,doc_0518
session_12685,doc_0492
session_12686,doc_0668
session_12686,doc_0683
session_12686,doc_0673
session_12687,doc_0246
session_12687,doc_0235
session_12687,doc_0243
session_12688,doc_0373
session_12689,doc_0229
session_12689,doc_0238
session_12689,doc_0618
session_12690,doc_0727
session_12690,doc_0752
session_12690,doc_0788
session_12690,doc_0518
session_12691,doc_0469
session_12692,doc_0213
session_12692,doc_0229
session_12692,doc_0605
session_12692,doc_0621
session_12693,doc_0877
session_12694,doc_0406
session_12694,doc_0331
session_12694,doc_0914
session_12695,doc_0331
session_12696,doc_0843
session_12696,doc_0870
session_12696,doc_0817
session_12696,doc_0754
session_12697,doc_0618
session_12697,doc_0637
session_12697,doc_0642
session_12697,doc_0594
session_12697,doc_0617
session_12697,doc_0014
session_12698,doc_0731
session_12698,doc_0754
session_12699,doc_0471
session_12699,doc_0415
session_12699,doc_0458
session_12700,doc_0156
session_12700,doc_0166
session_12700,doc_0118
session_12701,doc_0469
session_12701,doc_0476
session_12701,doc_0430
session_12701,doc_0338
session_12702,doc_0434
session_12702,doc_0229
session_12703,doc_0608
session_12703,doc_0647
session_12703,doc_0619
session_12704,doc_0421
session_12704,doc_0467
session_12704,doc_0472
session_12704,doc_0446
session_12704,doc_0469
session_12704,doc_0401
session_12705,doc_0229
session_12706,doc_0333
session_12707,doc_0840
session_12707,doc_0799
session_12708,doc_0774
session_12708,doc_0852
session_12709,doc_0615
session_12709,doc_0752
session_12710,doc_0035
session_12710,doc_0001
session_12711,doc_0754
session_12711,doc_0802
session_12711,doc_0870
session_12712,doc_0069
session_12712,doc_0028
session_12712,doc_0019
session_12713,doc_0261
session_12714,doc_0779
session_12715,doc_0148
session_12715,doc_0139
session_12716,doc_0289
session_12716,doc_0322
session_12716,doc_0493
session_12717,doc_0493
session_12717,doc_0555
session_12717,doc_0534
session_12717,doc_0031
session_12718,doc_0031
session_12718,doc_0068
session_12718,doc_0644
session_12719,doc_0322
session_12719,doc_0274
session_12719,doc_0304
session_12720,doc_0031
session_12720,doc_0063
session_12720,doc_0077
session_12720,doc_0518
session_12721,doc_0641
session_12721,doc_0627
session_12721,doc_0644
session_12721,doc_0624
session_12721,doc_0476
session_12722,doc_0754
session_12722,doc_0594
session_12723,doc_0048
session_12723,doc_0068
session_12723,doc_0586
session_12724,doc_0469
session_12725,doc_0046
session_12725,doc_0067
session_12725,doc_0900
session_12726,doc_0159
session_12727,doc_0439
session_12727,doc_0246
session_12728,doc_0914
session_12728,doc_0502
session_12729,doc_0683
session_12729,doc_0334
session_12730,doc_0795
session_12731,doc_0048
session_12732,doc_0833
session_12732,doc_0574
session_12733,doc_0543
session_12734,doc_0630
session_12734,doc_0641
session_12734,doc_0639
session_12735,doc_0565
session_12736,doc_0914
session_12736,doc_0905
session_12737,doc_0852
session_12737,doc_0721
session_12738,doc_0871
session_12739,doc_0148
session_12740,doc_0617
session_12740,doc_0618
session_12741,doc_0900
session_12741,doc_0914
session_12741,doc_0883
session_12741,doc_0903
session_12741,doc_0565
session_12741,doc_0507
session_12742,doc_0401
session_12743,doc_0858
session_12744,doc_0366
session_12744,doc_0364
session_12744,doc_0921
session_12745,doc_0608
session_12746,doc_0914
session_12747,doc_0471
session_12748,doc_0812
session_12749,doc_0765
session_12749,doc_0754
session_12750,doc_0371
session_12751,doc_0152
session_12751,doc_0179
session_12751,doc_0322
session_12752,doc_0843
session_12752,doc_0844
session_12752,doc_0852
session_12753,doc_0712
session_12754,doc_0152
session_12754,doc_0113
session_12754,doc_0193
session_12755,doc_0887
session_12755,doc_0884
session_12756,doc_0043
session_12756,doc_0037
session_12756,doc_0535
session_12757,doc_0852
session_12758,doc_0689
session_12758,doc_0676
session_12758,doc_0691
session_12758,doc_0712
session_12758,doc_0792
session_12758,doc_0729
session_12759,doc_0562
session_12759,doc_0518
session_12759,doc_0617
session_12759,doc_0624
session_12760,doc_0394
session_12760,doc_0341
session_12761,doc_0623
session_12761,doc_0618
session_12761,doc_0597
session_12761,doc_0377
session_12762,doc_0914
session_12762,doc_0905
session_12762,doc_0031
session_12762,doc_0063
session_12763,doc_0148
session_12763,doc_0126
session_12763,doc_0152
session_12763,doc_0238
session_12764,doc_0308
session_12764,doc_0291
session_12764,doc_0341
session_12765,doc_0857
session_12766,doc_0369
session_12766,doc_0331
session_12766,doc_0191
session_12767,doc_0039
session_12768,doc_0912
session_12769,doc_0564
session_12769,doc_0531
session_12770,doc_0585
session_12771,doc_0180
session_12771,doc_0118
session_12771,doc_0492
session_12772,doc_0317
session_12772,doc_0322
session_12772,doc_0293
session_12772,doc_0648
session_12773,doc_0346
session_12773,doc_0331
session_12773,doc_0343
session_12773,doc_0428
session_12774,doc_0120
session_12774,doc_0149
session_12775,doc_0097
session_12775,doc_0031
session_12776,doc_0173
session_12776,doc_0754
session_12777,doc_0337
session_12777,doc_0364
session_12777,doc_0331
session_12777,doc_0658
session_12778,doc_0246
session_12778,doc_0617
session_12779,doc_0341
session_12779,doc_0360
session_12780,doc_0852
session_12781,doc_0852
session_12781,doc_0757
session_12782,doc_0283
session_12783,doc_0046
session_12783,doc_0068
session_12783,doc_0518
session_12784,doc_0732
session_12784,doc_0618
session_12785,doc_0905
session_12785,doc_0904
session_12786,doc_0450
session_12787,doc_0421
session_12787,doc_0469
session_12787,doc_0439
session_12788,doc_0524
session_12788,doc_0518
session_12788,doc_0179
session_12789,doc_0922
session_12790,doc_0584
session_12790,doc_0794
session_12791,doc_0246
session_12791,doc_0235
session_12792,doc_0283
session_12792,doc_0307
session_12792,doc_0294
session_12792,doc_0297
session_12792,doc_0119
session_12792,doc_0134
session_12793,doc_0162
session_12793,doc_0173
session_12793,doc_0120
session_12794,doc_0900
session_12795,doc_0658
session_12796,doc_0853
session_12796,doc_0870
session_12797,doc_0884
session_12798,doc_0679
session_12799,doc_0557
session_12799,doc_0571
session_12800,doc_0229
session_12800,doc_0198
session_12801,doc_0565
session_12801,doc_0515
session_12801,doc_0564
session_12801,doc_0518
session_12801,doc_0321
session_12801,doc_0322
session_12802,doc_0291
session_12803,doc_0225
session_12803,doc_0200
session_12803,doc_0235
session_12804,doc_0844
session_12804,doc_0826
session_12805,doc_0409
session_12805,doc_0331
session_12806,doc_0247
session_12807,doc_0380
session_12807,doc_0401
session_12807,doc_0331
session_12807,doc_0214
session_12808,doc_0689
session_12808,doc_0679
session_12808,doc_0704
session_12809,doc_0847
session_12810,doc_0412
session_12810,doc_0618
session_12811,doc_0916
session_12812,doc_0148
session_12812,doc_0181
session_12813,doc_0914
session_12813,doc_0911
session_12814,doc_0068
session_12815,doc_0406
session_12815,doc_0883
session_12816,doc_0229
session_12816,doc_0235
session_12816,doc_0201
session_12816,doc_0322
session_12817,doc_0121
session_12818,doc_0434
session_12818,doc_0421
session_12818,doc_0448
session_12818,doc_0406
session_12819,doc_0063
session_12819,doc_0068
session_12820,doc_0673
session_12821,doc_0011
session_12821,doc_0008
session_12821,doc_0031
session_12822,doc_0875
session_12822,doc_0894
session_12822,doc_0716
session_12823,doc_0321
session_12823,doc_0322
session_12823,doc_0401
session_12824,doc_0381
session_12824,doc_0369
session_12824,doc_0402
session_12824,doc_0931
session_12825,doc_0831
session_12826,doc_0862
session_12826,doc_0857
session_12827,doc_0754
session_12828,doc_0769
session_12828,doc_0774
session_12829,doc_0166
session_12830,doc_0091
session_12830,doc_0048
session_12831,doc_0852
session_12831,doc_0752
session_12832,doc_0122
session_12832,doc_0123
session_12832,doc_0179
session_12832,doc_0176
session_12832,doc_0190
session_12832,doc_0118
session_12833,doc_0049
session_12833,doc_0201
session_12834,doc_0156
session_12834,doc_0118
session_12834,doc_0182
session_12835,doc_0260
session_12835,doc_0235
session_12835,doc_0229
session_12835,doc_0223
session_12836,doc_0757
session_12837,doc_0590
session_12838,doc_0754
session_12839,doc_0337
session_12839,doc_0410
session_12839,doc_0885
session_12839,doc_0889
session_12840,doc_0641
session_12841,doc_0179
session_12841,doc_0148
session_12841,doc_0152
session_12841,doc_0192
session_12841,doc_0108
session_12841,doc_0845
session_12842,doc_0902
session_12842,doc_0914
session_12843,doc_0870
session_12844,doc_0290
session_12844,doc_0273
session_12844,doc_0322
session_12844,doc_0297
session_12845,doc_0373
session_12845,doc_0892
session_12846,doc_0200
session_12846,doc_0235
session_12847,doc_0754
session_12847,doc_0757
session_12847,doc_0719
session_12848,doc_0843
session_12848,doc_0226
session_12849,doc_0615
session_12849,doc_0617
session_12849,doc_0627
session_12850,doc_0287
session_12850,doc_0331
session_12851,doc_0331
session_12851,doc_0384
session_12851,doc_0469
session_12852,doc_0476
session_12852,doc_0469
session_12852,doc_0435
session_12852,doc_0478
session_12852,doc_0923
session_12852,doc_0914
session_12853,doc_0133
session_12853,doc_0123
session_12853,doc_0170
session_12854,doc_0884
session_12855,doc_0239
session_12855,doc_0238
session_12855,doc_0235
session_12855,doc_0216
session_12855,doc_0423
session_12855,doc_0471
session_12856,doc_0469
session_12857,doc_0212
session_12857,doc_0243
session_12858,doc_0321
session_12858,doc_0626
session_12859,doc_0401
session_12860,doc_0092
session_12860,doc_0031
session_12860,doc_0727
session_12861,doc_0235
session_12861,doc_0906
session_12862,doc_0673
session_12862,doc_0689
session_12862,doc_0656
session_12862,doc_0657
session_12862,doc_0914
session_12863,doc_0843
session_12863,doc_0836
session_12863,doc_0752
session_12863,doc_0728
session_12864,doc_0104
session_12865,doc_0056
session_12865,doc_0092
session_12865,doc_0034
session_12866,doc_0423
session_12867,doc_0633
session_12868,doc_0689
session_12868,doc_0673
session_12868,doc_0376
session_12869,doc_0510
session_12870,doc_0401
session_12871,doc_0232
session_12872,doc_0752
session_12872,doc_0541
session_12873,doc_0565
session_12873,doc_0564
session_12873,doc_0490
session_12874,doc_0031
session_12874,doc_0068
session_12874,doc_0048
session_12874,doc_0043
session_12874,doc_0276
session_12874,doc_0273
session_12875,doc_0673
session_12876,doc_0699
session_12876,doc_0673
session_12876,doc_0703
session_12876,doc_0689
session_12876,doc_0401
session_12877,doc_0040
session_12878,doc_0791
session_12878,doc_0751
session_12879,doc_0059
session_12879,doc_0041
session_12879,doc_0077
session_12880,doc_0783
session_12880,doc_0754
session_12881,doc_0518
session_12882,doc_0421
session_12882,doc_0235
session_12883,doc_0427
session_12884,doc_0031
session_12885,doc_0125
session_12885,doc_0117
session_12885,doc_0148
session_12885,doc_0123
session_12885,doc_0115
session_12886,doc_0654
session_12886,doc_0905
session_12887,doc_0031
session_12887,doc_0565
session_12888,doc_0656
session_12888,doc_0676
session_12888,doc_0651
session_12888,doc_0394
session_12889,doc_0342
session_12890,doc_0276
session_12890,doc_0305
session_12890,doc_0173
session_12891,doc_0650
session_12891,doc_0673
session_12891,doc_0653
session_12891,doc_0699
session_12891,doc_0914
session_12892,doc_0584
session_12892,doc_0667
session_12893,doc_0272
session_12893,doc_0322
session_12893,doc_0317
session_12893,doc_0273
session_12893,doc_0323
session_12894,doc_0012
session_12894,doc_0810
session_12895,doc_0905
session_12895,doc_0884
session_12895,doc_0303
session_12896,doc_0308
session_12897,doc_0754
session_12897,doc_0763
session_12898,doc_0179
session_12898,doc_0152
session_12898,doc_0615
session_12898,doc_0618
session_12899,doc_0148
session_12899,doc_0184
session_12900,doc_0754
session_12900,doc_0732
session_12900,doc_0565
session_12901,doc_0752
session_12902,doc_0783
session_12902,doc_0767
session_12902,doc_0795
session_12902,doc_0752
session_12902,doc_0714
session_12902,doc_0754
session_12903,doc_0879
session_12903,doc_0905
session_12903,doc_0882
session_12903,doc_0694
session_12904,doc_0331
session_12904,doc_0381
session_12904,doc_0360
session_12904,doc_0668
session_12904,doc_0675
session_12905,doc_0469
session_12905,doc_0412
session_12906,doc_0493
session_12906,doc_0559
session_12906,doc_0068
session_12907,doc_0769
session_12908,doc_0757
session_12908,doc_0221
session_12909,doc_0276
session_12909,doc_0148
session_12910,doc_0299
session_12911,doc_0763
session_12912,doc_0261
session_12913,doc_0625
session_12914,doc_0133
session_12914,doc_0177
session_12914,doc_0124
session_12914,doc_0305
session_12915,doc_0814
session_12916,doc_0564
session_12917,doc_0564
session_12917,doc_0218
session_12918,doc_0858
session_12918,doc_0839
session_12919,doc_0672
session_12920,doc_0041
session_12920,doc_0229
session_12921,doc_0914
session_12922,doc_0430
session_12922,doc_0625
session_12923,doc_0322
session_12923,doc_0284
session_12923,doc_0276
session_12923,doc_0754
session_12924,doc_0483
session_12924,doc_0389
session_12925,doc_0895
session_12925,doc_0360
session_12926,doc_0581
session_12926,doc_0523
session_12926,doc_0031
session_12927,doc_0305
session_12927,doc_0299
session_12927,doc_0126
session_12928,doc_0820
session_12928,doc_0844
session_12928,doc_0852
session_12928,doc_0754
session_12929,doc_0331
session_12929,doc_0364
session_12929,doc_0337
session_12930,doc_0027
session_12930,doc_0517
session_12931,doc_0469
session_12931,doc_0435
session_12931,doc_0443
session_12931,doc_0447
session_12931,doc_0613
session_12931,doc_0614
session_12932,doc_0157
session_12932,doc_0373
session_12933,doc_0934
session_12934,doc_0478
session_12935,doc_0431
session_12935,doc_0617
session_12936,doc_0934
session_12936,doc_0342
session_12937,doc_0229
session_12938,doc_0218
session_12938,doc_0246
session_12938,doc_0698
session_12939,doc_0322
session_12939,doc_0305
session_12939,doc_0350
session_12940,doc_0437
session_12940,doc_0441
session_12940,doc_0424
session_12940,doc_0446
session_12941,doc_0031
session_12941,doc_0011
session_12942,doc_0518
session_12942,doc_0515
session_12942,doc_0575
session_12942,doc_0553
session_12943,doc_0121
session_12943,doc_0115
session_12943,doc_0337
session_12944,doc_0148
session_12944,doc_0166
session_12944,doc_0534
session_12945,doc_0362
session_12945,doc_0331
session_12946,doc_0617
session_12946,doc_0597
session_12946,doc_0641
session_12946,doc_0643
session_12946,doc_0637
session_12946,doc_0604
session_12947,doc_0851
session_12948,doc_0469
session_12948,doc_0471
session_12948,doc_0476
session_12948,doc_0235
session_12949,doc_0754
session_12950,doc_0097
session_12950,doc_0012
session_12950,doc_0046
session_12950,doc_0031
session_12950,doc_0048
session_12951,doc_0152
session_12952,doc_0031
session_12952,doc_0074
session_12952,doc_0682
session_12953,doc_0667
session_12954,doc_0900
session_12954,doc_0920
session_12955,doc_0031
session_12955,doc_0026
session_12956,doc_0068
session_12956,doc_0094
session_12957,doc_0565
session_12957,doc_0532
session_12958,doc_0392
session_12959,doc_0472
session_12959,doc_0449
session_12959,doc_0469
session_12959,doc_0456
session_12959,doc_0413
session_12959,doc_0461
session_12960,doc_0852
session_12960,doc_0844
session_12960,doc_0804
session_12960,doc_0843
session_12961,doc_0914
session_12961,doc_0904
session_12961,doc_0900
session_12962,doc_0445
session_12962,doc_0476
session_12962,doc_0469
session_12962,doc_0597
session_12963,doc_0179
session_12963,doc_0112
session_12964,doc_0286
session_12964,doc_0323
session_12964,doc_0300
session_12964,doc_0402
session_12965,doc_0349
session_12965,doc_0401
session_12966,doc_0297
session_12966,doc_0322
session_12966,doc_0277
session_12967,doc_0373
session_12968,doc_0397
session_12969,doc_0360
session_12969,doc_0673
session_12970,doc_0031
session_12970,doc_0068
session_12970,doc_0727
session_12970,doc_0756
session_12971,doc_0829
session_12971,doc_0732
session_12972,doc_0871
session_12973,doc_0235
session_12973,doc_0600
session_12974,doc_0565
session_12974,doc_0535
session_12974,doc_0564
session_12975,doc_0120
session_12975,doc_0166
session_12976,doc_0565
session_12976,doc_0518
session_12976,doc_0754
session_12977,doc_0568
session_12978,doc_0326
session_12978,doc_0297
session_12978,doc_0126
session_12979,doc_0243
session_12980,doc_0316
session_12981,doc_0293
session_12981,doc_0291
session_12981,doc_0365
session_12982,doc_0273
session_12982,doc_0269
session_12982,doc_0293
session_12982,doc_0121
session_12983,doc_0666
session_12983,doc_0673
session_12984,doc_0235
session_12985,doc_0843
session_12985,doc_0861
session_12986,doc_0041
session_12986,doc_0052
session_12987,doc_0152
session_12987,doc_0151
session_12988,doc_0518
session_12988,doc_0493
session_12988,doc_0724
session_12989,doc_0858
session_12989,doc_0870
session_12989,doc_0068
session_12990,doc_0666
session_12990,doc_0706
session_12990,doc_0676
session_12991,doc_0246
session_12992,doc_0233
session_12993,doc_0780
session_12993,doc_0566
session_12994,doc_0857
session_12994,doc_0839
session_12994,doc_0331
session_12995,doc_0524
session_12996,doc_0080
session_12997,doc_0617
session_12997,doc_0618
session_12997,doc_0754
session_12998,doc_0517
session_12999,doc_0475
session_12999,doc_0565
session_13000,doc_0323
session_13000,doc_0322
session_13001,doc_0204
session_13002,doc_0618
session_13002,doc_0633
session_13003,doc_0751
session_13003,doc_0784
session_13004,doc_0331
session_13004,doc_0401
session_13004,doc_0365
session_13004,doc_0027
session_13005,doc_0518
session_13005,doc_0502
session_13005,doc_0544
session_13005,doc_0569
session_13006,doc_0113
session_13007,doc_0233
session_13008,doc_0684
session_13008,doc_0672
session_13008,doc_0689
session_13009,doc_0526
session_13009,doc_0504
session_13009,doc_0555
session_13009,doc_0023
session_13010,doc_0914
session_13010,doc_0884
session_13010,doc_0902
session_13011,doc_0627
session_13012,doc_0743
session_13013,doc_0838
session_13014,doc_0409
session_13014,doc_0351
session_13014,doc_0705
session_13015,doc_0331
session_13015,doc_0363
session_13015,doc_0401
session_13016,doc_0303
session_13017,doc_0476
session_13018,doc_0592
session_13018,doc_0501
session_13019,doc_0752
session_13020,doc_0469
session_13020,doc_0412
session_13020,doc_0843
session_13021,doc_0627
session_13021,doc_0617
session_13021,doc_0618
session_13021,doc_0625
session_13022,doc_0148
session_13022,doc_0162
session_13023,doc_0617
session_13023,doc_0618
session_13023,doc_0613
session_13023,doc_0597
session_13023,doc_0608
session_13023,doc_0632
session_13024,doc_0523
session_13024,doc_0526
session_13024,doc_0502
session_13024,doc_0565
session_13025,doc_0031
session_13025,doc_0633
session_13026,doc_0612
session_13026,doc_0627
session_13026,doc_0594
session_13027,doc_0316
session_13028,doc_0203
session_13029,doc_0476
session_13030,doc_0063
session_13031,doc_0815
session_13031,doc_0843
session_13031,doc_0852
session_13031,doc_0808
session_13032,doc_0546
session_13032,doc_0584
session_13033,doc_0233
session_13033,doc_0234
session_13033,doc_0625
session_13034,doc_0914
session_13034,doc_0904
session_13034,doc_0902
session_13034,doc_0884
session_13035,doc_0557
session_13035,doc_0505
session_13036,doc_0658
session_13036,doc_0673
session_13036,doc_0689
session_13037,doc_0804
session_13038,doc_0171
session_13038,doc_0154
session_13038,doc_0120
session_13038,doc_0148
session_13038,doc_0165
session_13038,doc_0322
session_13039,doc_0331
session_13039,doc_0356
session_13039,doc_0401
session_13039,doc_0687
session_13039,doc_0695
session_13039,doc_0702
session_13040,doc_0469
session_13041,doc_0534
session_13041,doc_0565
session_13041,doc_0181
session_13042,doc_0680
session_13042,doc_0673
session_13042,doc_0708
session_13043,doc_0618
session_13043,doc_0626
session_13043,doc_0633
session_13043,doc_0455
session_13044,doc_0360
session_13045,doc_0249
session_13045,doc_0261
session_13046,doc_0518
session_13047,doc_0509
session_13047,doc_0513
session_13048,doc_0434
session_13049,doc_0810
session_13049,doc_0843
session_13049,doc_0757
session_13050,doc_0032
session_13050,doc_0034
session_13050,doc_0031
session_13051,doc_0322
session_13051,doc_0305
session_13051,doc_0373
session_13051,doc_0337
session_13052,doc_0601
session_13052,doc_0617
session_13052,doc_0613
session_13052,doc_0637
session_13052,doc_0757
session_13053,doc_0870
session_13054,doc_0025
session_13055,doc_0148
session_13056,doc_0757
session_13056,doc_0734
session_13056,doc_0728
session_13056,doc_0366
session_13057,doc_0757
session_13057,doc_0724
session_13057,doc_0518
session_13058,doc_0490
session_13058,doc_0507
session_13058,doc_0586
session_13059,doc_0437
session_13059,doc_0469
session_13059,doc_0441
session_13060,doc_0297
session_13060,doc_0148
session_13061,doc_0229
session_13061,doc_0214
session_13061,doc_0632
session_13062,doc_0676
session_13062,doc_0670
session_13062,doc_0918
session_13062,doc_0894
session_13063,doc_0624
session_13064,doc_0754
session_13064,doc_0803
session_13065,doc_0091
session_13065,doc_0625
session_13066,doc_0518
session_13066,doc_0493
session_13066,doc_0617
session_13067,doc_0293
session_13067,doc_0303
session_13068,doc_0148
session_13069,doc_0469
session_13069,doc_0437
session_13070,doc_0125
session_13070,doc_0187
session_13070,doc_0192
session_13070,doc_0162
session_13071,doc_0476
session_13071,doc_0469
session_13071,doc_0418
session_13071,doc_0594
session_13072,doc_0123
session_13073,doc_0469
session_13073,doc_0430
session_13074,doc_0043
session_13074,doc_0063
session_13074,doc_0673
session_13075,doc_0687
session_13075,doc_0652
session_13075,doc_0699
session_13076,doc_0384
session_13077,doc_0471
session_13078,doc_0384
session_13078,doc_0331
session_13078,doc_0469
session_13079,doc_0331
session_13079,doc_0373
session_13080,doc_0754
session_13080,doc_0734
session_13080,doc_0716
session_13080,doc_0795
session_13080,doc_0736
session_13080,doc_0364
session_13081,doc_0518
session_13082,doc_0852
session_13083,doc_0141
session_13083,doc_0129
session_13083,doc_0276
session_13084,doc_0036
session_13084,doc_0068
session_13084,doc_0091
session_13084,doc_0031
session_13084,doc_0080
session_13084,doc_0629
session_13085,doc_0498
session_13085,doc_0518
session_13085,doc_0501
session_13085,doc_0584
session_13086,doc_0016
session_13086,doc_0063
session_13086,doc_0091
session_13086,doc_0031
session_13086,doc_0079
session_13086,doc_0100
session_13087,doc_0031
session_13087,doc_0068
session_13087,doc_0073
session_13088,doc_0373
session_13089,doc_0754
session_13089,doc_0752
session_13089,doc_0732
session_13089,doc_0779
session_13089,doc_0618
session_13090,doc_0594
session_13091,doc_0902
session_13091,doc_0904
session_13091,doc_0091
session_13091,doc_0031
session_13092,doc_0790
session_13093,doc_0564
session_13093,doc_0493
session_13094,doc_0155
session_13094,doc_0120
session_13095,doc_0373
session_13096,doc_0828
session_13097,doc_0564
session_13097,doc_0031
session_13098,doc_0518
session_13098,doc_0068
session_13099,doc_0757
session_13099,doc_0736
session_13100,doc_0736
session_13101,doc_0914
session_13101,doc_0915
session_13102,doc_0617
session_13102,doc_0091
session_13103,doc_0163
session_13103,doc_0152
session_13103,doc_0899
session_13103,doc_0884
session_13104,doc_0469
session_13104,doc_0487
session_13104,doc_0405
session_13104,doc_0360
session_13105,doc_0179
session_13105,doc_0297
session_13106,doc_0311
session_13106,doc_0322
session_13106,doc_0305
session_13107,doc_0919
session_13108,doc_0401
session_13108,doc_0373
session_13108,doc_0381
session_13108,doc_0481
session_13109,doc_0401
session_13109,doc_0376
session_13110,doc_0858
session_13110,doc_0805
session_13110,doc_0754
session_13111,doc_0754
session_13111,doc_0801
session_13112,doc_0525
session_13113,doc_0469
session_13113,doc_0461
session_13113,doc_0451
session_13113,doc_0476
session_13113,doc_0235
session_13113,doc_0229
session_13114,doc_0481
session_13115,doc_0658
session_13115,doc_0673
session_13116,doc_0476
session_13116,doc_0485
session_13117,doc_0388
session_13118,doc_0428
session_13119,doc_0322
session_13120,doc_0331
session_13121,doc_0316
session_13121,doc_0291
session_13122,doc_0917
session_13122,doc_0899
session_13122,doc_0902
session_13123,doc_0517
session_13123,doc_0409
session_13124,doc_0792
session_13125,doc_0518
session_13126,doc_0029
session_13127,doc_0422
session_13127,doc_0617
session_13128,doc_0278
session_13128,doc_0307
session_13129,doc_0086
session_13129,doc_0038
session_13130,doc_0469
session_13131,doc_0902
session_13132,doc_0586
session_13133,doc_0441
session_13134,doc_0380
session_13134,doc_0346
session_13135,doc_0322
session_13135,doc_0291
session_13136,doc_0031
session_13136,doc_0641
session_13137,doc_0485
session_13138,doc_0235
session_13138,doc_0229
session_13138,doc_0641
session_13139,doc_0441
session_13139,doc_0435
session_13140,doc_0331
session_13141,doc_0502
session_13141,doc_0732
session_13142,doc_0148
session_13142,doc_0123
session_13143,doc_0656
session_13144,doc_0884
session_13144,doc_0701
session_13145,doc_0207
session_13145,doc_0246
session_13145,doc_0211
session_13145,doc_0260
session_13145,doc_0544
session_13146,doc_0148
session_13146,doc_0168
session_13146,doc_0156
session_13146,doc_0316
session_13147,doc_0305
session_13147,doc_0273
session_13147,doc_0272
session_13147,doc_0318
session_13147,doc_0476
session_13148,doc_0662
session_13149,doc_0518
session_13150,doc_0518
session_13151,doc_0376
session_13151,doc_0172
session_13152,doc_0641
session_13153,doc_0589
session_13153,doc_0524
session_13153,doc_0584
session_13153,doc_0031
session_13153,doc_0010
session_13154,doc_0484
session_13154,doc_0461
session_13154,doc_0631
session_13155,doc_0824
session_13155,doc_0784
session_13156,doc_0559
session_13156,doc_0493
session_13156,doc_0502
session_13157,doc_0322
session_13158,doc_0518
session_13159,doc_0493
session_13160,doc_0401
session_13160,doc_0364
session_13161,doc_0434
session_13161,doc_0437
session_13161,doc_0103
session_13162,doc_0063
session_13163,doc_0235
session_13164,doc_0633
session_13165,doc_0590
session_13165,doc_0001
session_13166,doc_0518
session_13167,doc_0148
session_13167,doc_0192
session_13167,doc_0312
session_13168,doc_0843
session_13169,doc_0331
session_13169,doc_0402
session_13169,doc_0401
session_13169,doc_0369
session_13170,doc_0577
session_13170,doc_0584
session_13170,doc_0546
session_13170,doc_0586
session_13170,doc_0689
session_13170,doc_0696
session_13171,doc_0685
session_13171,doc_0689
session_13171,doc_0673
session_13171,doc_0914
session_13172,doc_0235
session_13172,doc_0255
session_13172,doc_0238
session_13173,doc_0575
session_13173,doc_0493
session_13174,doc_0828
session_13174,doc_0870
session_13174,doc_0754
session_13175,doc_0186
session_13175,doc_0321
session_13176,doc_0814
session_13177,doc_0564
session_13177,doc_0048
session_13178,doc_0364
session_13179,doc_0182
session_13179,doc_0176
session_13179,doc_0121
session_13179,doc_0120
session_13179,doc_0152
session_13180,doc_0701
session_13180,doc_0658
session_13180,doc_0712
session_13180,doc_0697
session_13180,doc_0913
session_13181,doc_0641
session_13181,doc_0625
session_13181,doc_0611
session_13182,doc_0853
session_13182,doc_0871
session_13182,doc_0834
session_13182,doc_0868
session_13182,doc_0736
session_13182,doc_0756
session_13183,doc_0627
session_13183,doc_0617
session_13183,doc_0803
session_13184,doc_0080
session_13184,doc_0085
session_13184,doc_0068
session_13185,doc_0518
session_13185,doc_0565
session_13186,doc_0689
session_13186,doc_0046
session_13187,doc_0080
session_13187,doc_0031
session_13187,doc_0565
session_13187,doc_0534
session_13188,doc_0118
session_13188,doc_0565
session_13189,doc_0126
session_13190,doc_0235
session_13190,doc_0207
session_13190,doc_0469
session_13191,doc_0331
session_13191,doc_0381
session_13192,doc_0362
session_13192,doc_0331
session_13192,doc_0381
session_13193,doc_0508
session_13193,doc_0554
session_13194,doc_0202
session_13194,doc_0471
session_13195,doc_0080
session_13195,doc_0098
session_13195,doc_0087
session_13195,doc_0483
session_13196,doc_0850
session_13197,doc_0046
session_13197,doc_0091
session_13198,doc_0913
session_13199,doc_0465
session_13199,doc_0476
session_13200,doc_0843
session_13201,doc_0683
session_13201,doc_0712
session_13201,doc_0673
session_13202,doc_0469
session_13202,doc_0423
session_13202,doc_0434
session_13202,doc_0443
session_13202,doc_0448
session_13202,doc_0235
session_13203,doc_0837
session_13204,doc_0187
session_13204,doc_0181
session_13204,doc_0381
session_13205,doc_0079
session_13205,doc_0063
session_13206,doc_0205
session_13206,doc_0235
session_13207,doc_0852
session_13208,doc_0203
session_13208,doc_0235
session_13208,doc_0220
session_13208,doc_0251
session_13208,doc_0420
session_13208,doc_0451
session_13209,doc_0148
session_13209,doc_0123
session_13209,doc_0166
session_13209,doc_0322
session_13210,doc_0469
session_13210,doc_0463
session_13211,doc_0215
session_13211,doc_0229
session_13211,doc_0224
session_13211,doc_0795
session_13211,doc_0783
session_13212,doc_0767
session_13213,doc_0235
session_13213,doc_0229
session_13213,doc_0243
session_13213,doc_0240
session_13213,doc_0225
session_13213,doc_0246
session_13214,doc_0817
session_13215,doc_0617
session_13215,doc_0615
session_13216,doc_0533
session_13216,doc_0588
session_13217,doc_0656
session_13217,doc_0673
session_13217,doc_0708
session_13217,doc_0690
session_13218,doc_0031
session_13218,doc_0618
session_13219,doc_0148
session_13220,doc_0297
session_13220,doc_0291
session_13220,doc_0235
session_13221,doc_0023
session_13221,doc_0031
session_13221,doc_0617
session_13222,doc_0439
session_13222,doc_0436
session_13222,doc_0425
session_13222,doc_0444
session_13222,doc_0280
session_13223,doc_0113
session_13223,doc_0163
session_13223,doc_0126
session_13223,doc_0106
session_13224,doc_0754
session_13224,doc_0728
session_13224,doc_0734
session_13225,doc_0933
session_13225,doc_0900
session_13226,doc_0565
session_13227,doc_0032
session_13227,doc_0048
session_13227,doc_0621
session_13228,doc_0676
session_13229,doc_0367
session_13230,doc_0893
session_13230,doc_0921
session_13230,doc_0889
session_13230,doc_0373
session_13230,doc_0401
session_13231,doc_0469
session_13231,doc_0426
session_13232,doc_0112
session_13232,doc_0176
session_13232,doc_0339
session_13232,doc_0365
session_13233,doc_0581
session_13233,doc_0565
session_13233,doc_0544
session_13234,doc_0331
session_13234,doc_0133
session_13235,doc_0331
session_13235,doc_0369
session_13236,doc_0043
session_13237,doc_0233
session_13238,doc_0421
session_13238,doc_0469
session_13238,doc_0439
session_13238,doc_0207
session_13238,doc_0229
session_13239,doc_0386
session_13239,doc_0394
session_13240,doc_0148
session_13241,doc_0326
session_13241,doc_0279
session_13241,doc_0322
session_13241,doc_0152
session_13242,doc_0606
session_13243,doc_0589
session_13243,doc_0563
session_13243,doc_0518
session_13244,doc_0884
session_13244,doc_0373
session_13245,doc_0233
session_13245,doc_0208
session_13245,doc_0207
session_13245,doc_0236
session_13245,doc_0617
session_13246,doc_0332
session_13246,doc_0331
session_13246,doc_0559
session_13247,doc_0030
session_13247,doc_0041
session_13247,doc_0031
session_13247,doc_0432
session_13247,doc_0476
session_13248,doc_0517
session_13248,doc_0509
session_13249,doc_0517
session_13249,doc_0518
session_13249,doc_0914
session_13250,doc_0673
session_13251,doc_0824
session_13251,doc_0845
session_13251,doc_0803
session_13252,doc_0493
session_13252,doc_0568
session_13252,doc_0548
session_13253,doc_0118
session_13253,doc_0172
session_13254,doc_0673
session_13254,doc_0653
session_13255,doc_0331
session_13256,doc_0905
session_13257,doc_0852
session_13257,doc_0736
session_13258,doc_0291
session_13258,doc_0878
session_13259,doc_0331
session_13259,doc_0329
session_13259,doc_0379
session_13259,doc_0394
session_13260,doc_0059
session_13260,doc_0046
session_13260,doc_0031
session_13260,doc_0097
session_13261,doc_0852
session_13261,doc_0831
session_13261,doc_0095
session_13262,doc_0695
session_13262,doc_0887
session_13263,doc_0235
session_13263,doc_0207
session_13263,doc_0226
session_13263,doc_0238
session_13264,doc_0235
session_13264,doc_0261
session_13265,doc_0261
session_13265,doc_0428
session_13266,doc_0784
session_13267,doc_0425
session_13267,doc_0469
session_13267,doc_0413
session_13267,doc_0434
session_13267,doc_0229
session_13267,doc_0240
session_13268,doc_0046
session_13268,doc_0028
session_13268,doc_0615
session_13269,doc_0050
session_13269,doc_0235
session_13270,doc_0914
session_13271,doc_0703
session_13272,doc_0848
session_13272,doc_0865
session_13273,doc_0412
session_13273,doc_0434
session_13273,doc_0416
session_13273,doc_0456
session_13274,doc_0756
session_13274,doc_0754
session_13275,doc_0048
session_13275,doc_0091
session_13275,doc_0617
session_13276,doc_0331
session_13276,doc_0336
session_13276,doc_0365
session_13276,doc_0369
session_13276,doc_0348
session_13276,doc_0928
session_13277,doc_0672
session_13278,doc_0852
session_13278,doc_0732
session_13279,doc_0237
session_13279,doc_0842
session_13280,doc_0914
session_13281,doc_0401
session_13281,doc_0331
session_13281,doc_0366
session_13281,doc_0381
session_13282,doc_0754
session_13282,doc_0508
session_13283,doc_0276
session_13283,doc_0291
session_13284,doc_0840
session_13284,doc_0845
session_13285,doc_0886
session_13285,doc_0914
session_13285,doc_0933
session_13286,doc_0852
session_13287,doc_0656
session_13287,doc_0673
session_13287,doc_0679
session_13287,doc_0852
session_13287,doc_0844
session_13287,doc_0871
session_13288,doc_0754
session_13288,doc_0791
session_13288,doc_0656
session_13289,doc_0152
session_13289,doc_0121
session_13289,doc_0184
session_13289,doc_0188
session_13289,doc_0322
session_13290,doc_0229
session_13291,doc_0586
session_13291,doc_0584
session_13291,doc_0493
session_13291,doc_0565
session_13291,doc_0081
session_13291,doc_0031
session_13292,doc_0206
session_13292,doc_0260
session_13292,doc_0613
session_13293,doc_0485
session_13293,doc_0471
session_13293,doc_0476
session_13293,doc_0482
session_13293,doc_0091
session_13293,doc_0057
session_13294,doc_0673
session_13294,doc_0700
session_13294,doc_0858
session_13295,doc_0852
session_13296,doc_0307
session_13296,doc_0322
session_13297,doc_0091
session_13298,doc_0900
session_13299,doc_0063
session_13299,doc_0048
session_13300,doc_0565
session_13301,doc_0801
session_13301,doc_0774
session_13301,doc_0202
session_13301,doc_0198
session_13302,doc_0673
session_13303,doc_0148
session_13303,doc_0113
session_13303,doc_0184
session_13303,doc_0152
session_13303,doc_0331
session_13303,doc_0394
session_13304,doc_0152
session_13304,doc_0122
session_13304,doc_0169
session_13304,doc_0148
session_13305,doc_0617
session_13305,doc_0649
session_13305,doc_0621
session_13305,doc_0543
session_13306,doc_0302
session_13306,doc_0288
session_13307,doc_0211
session_13307,doc_0235
session_13307,doc_0469
session_13308,doc_0148
session_13308,doc_0192
session_13308,doc_0406
session_13309,doc_0797
session_13309,doc_0410
session_13310,doc_0412
session_13310,doc_0465
session_13310,doc_0373
session_13311,doc_0322
session_13312,doc_0373
session_13312,doc_0369
session_13312,doc_0331
session_13313,doc_0565
session_13313,doc_0740
session_13314,doc_0319
session_13314,doc_0317
session_13315,doc_0284
session_13315,doc_0322
session_13316,doc_0182
session_13316,doc_0192
session_13316,doc_0179
session_13316,doc_0433
session_13317,doc_0331
session_13318,doc_0046
session_13318,doc_0091
session_13318,doc_0042
session_13319,doc_0639
session_13319,doc_0642
session_13320,doc_0331
session_13321,doc_0694
session_13321,doc_0384
session_13322,doc_0689
session_13322,doc_0684
session_13322,doc_0651
session_13322,doc_0369
session_13323,doc_0557
session_13323,doc_0544
session_13323,doc_0540
session_13323,doc_0496
session_13323,doc_0518
session_13323,doc_0501
session_13324,doc_0063
session_13324,doc_0576
session_13325,doc_0723
session_13326,doc_0351
session_13326,doc_0371
session_13327,doc_0048
session_13327,doc_0041
session_13328,doc_0613
session_13329,doc_0285
session_13330,doc_0066
session_13330,doc_0031
session_13331,doc_0063
session_13331,doc_0148
session_13332,doc_0275
session_13332,doc_0310
session_13333,doc_0673
session_13333,doc_0699
session_13333,doc_0402
session_13334,doc_0316
session_13335,doc_0703
session_13335,doc_0331
session_13336,doc_0412
session_13337,doc_0048
session_13337,doc_0001
session_13338,doc_0615
session_13338,doc_0595
session_13339,doc_0156
session_13339,doc_0121
session_13339,doc_0182
session_13340,doc_0331
session_13340,doc_0364
session_13340,doc_0369
session_13341,doc_0754
session_13341,doc_0752
session_13341,doc_0803
session_13342,doc_0291
session_13343,doc_0316
session_13344,doc_0592
session_13344,doc_0559
session_13345,doc_0676
session_13345,doc_0330
session_13346,doc_0732
session_13346,doc_0779
session_13346,doc_0757
session_13346,doc_0752
session_13346,doc_0795
session_13347,doc_0084
session_13348,doc_0469
session_13348,doc_0422
session_13348,doc_0747
session_13349,doc_0908
session_13350,doc_0322
session_13350,doc_0276
session_13350,doc_0621
session_13350,doc_0637
session_13351,doc_0749
session_13351,doc_0617
session_13352,doc_0676
session_13352,doc_0658
session_13352,doc_0653
session_13352,doc_0704
session_13352,doc_0905
session_13352,doc_0914
session_13353,doc_0617
session_13353,doc_0642
session_13353,doc_0626
session_13353,doc_0331
session_13354,doc_0192
session_13355,doc_0203
session_13355,doc_0211
session_13355,doc_0248
session_13355,doc_0255
session_13356,doc_0152
session_13357,doc_0031
session_13357,doc_0043
session_13357,doc_0016
session_13357,doc_0005
session_13357,doc_0524
session_13358,doc_0173
session_13358,doc_0112
session_13358,doc_0153
session_13359,doc_0802
session_13359,doc_0206
session_13360,doc_0326
session_13361,doc_0322
session_13361,doc_0870
session_13362,doc_0914
session_13362,doc_0900
session_13363,doc_0565
session_13363,doc_0673
session_13364,doc_0852
session_13365,doc_0492
session_13366,doc_0182
session_13366,doc_0120
session_13366,doc_0148
session_13366,doc_0145
session_13366,doc_0181
session_13366,doc_0106
session_13367,doc_0621
session_13368,doc_0852
session_13368,doc_0871
session_13368,doc_0774
session_13369,doc_0243
session_13369,doc_0596
session_13370,doc_0006
session_13370,doc_0063
session_13370,doc_0031
session_13370,doc_0867
session_13371,doc_0731
session_13371,doc_0754
session_13371,doc_0757
session_13371,doc_0795
session_13371,doc_0752
session_13372,doc_0043
session_13373,doc_0602
session_13373,doc_0633
session_13373,doc_0626
session_13374,doc_0387
session_13374,doc_0337
session_13375,doc_0925
session_13376,doc_0656
session_13376,doc_0703
session_13376,doc_0894
session_13377,doc_0666
session_13377,doc_0702
session_13377,doc_0683
session_13377,doc_0689
session_13378,doc_0850
session_13378,doc_0914
session_13379,doc_0504
session_13380,doc_0068
session_13381,doc_0041
session_13381,doc_0091
session_13382,doc_0293
session_13382,doc_0274
session_13382,doc_0297
session_13382,doc_0331
session_13383,doc_0564
session_13383,doc_0504
session_13384,doc_0564
session_13385,doc_0322
session_13385,doc_0300
session_13385,doc_0829
session_13386,doc_0857
session_13386,doc_0843
session_13387,doc_0276
session_13387,doc_0322
session_13387,doc_0673
session_13388,doc_0068
session_13388,doc_0079
session_13389,doc_0536
session_13390,doc_0754
session_13390,doc_0757
session_13391,doc_0831
session_13391,doc_0815
session_13391,doc_0731
session_13392,doc_0914
session_13392,doc_0905
session_13392,doc_0884
session_13392,doc_0683
session_13393,doc_0752
session_13394,doc_0171
session_13395,doc_0322
session_13395,doc_0316
session_13395,doc_0152
session_13396,doc_0302
session_13397,doc_0041
session_13397,doc_0080
session_13397,doc_0066
session_13397,doc_0078
session_13397,doc_0791
session_13398,doc_0031
session_13398,doc_0101
session_13398,doc_0565
session_13399,doc_0031
session_13399,doc_0037
session_13399,doc_0055
session_13399,doc_0642
session_13399,doc_0618
session_13400,doc_0291
session_13401,doc_0152
session_13401,doc_0171
session_13401,doc_0331
session_13402,doc_0369
session_13403,doc_0439
session_13403,doc_0469
session_13404,doc_0467
session_13405,doc_0508
session_13406,doc_0218
session_13407,doc_0252
session_13408,doc_0289
session_13408,doc_0322
session_13409,doc_0565
session_13409,doc_0518
session_13409,doc_0482
session_13410,doc_0120
session_13410,doc_0173
session_13411,doc_0119
session_13411,doc_0148
session_13412,doc_0270
session_13412,doc_0311
session_13412,doc_0316
session_13412,doc_0181
session_13412,doc_0180
session_13413,doc_0893
session_13414,doc_0350
session_13414,doc_0774
session_13415,doc_0068
session_13416,doc_0818
session_13416,doc_0870
session_13416,doc_0852
session_13417,doc_0676
session_13418,doc_0297
session_13418,doc_0321
session_13418,doc_0306
session_13418,doc_0273
session_13418,doc_0369
session_13418,doc_0381
session_13419,doc_0309
session_13419,doc_0269
session_13419,doc_0316
session_13419,doc_0322
session_13420,doc_0621
session_13420,doc_0614
session_13421,doc_0492
session_13421,doc_0754
session_13422,doc_0132
session_13422,doc_0322
session_13423,doc_0673
session_13423,doc_0650
session_13423,doc_0889
session_13424,doc_0676
session_13424,doc_0670
session_13424,doc_0118
session_13425,doc_0726
session_13426,doc_0325
session_13426,doc_0273
session_13427,doc_0475
session_13427,doc_0469
session_13427,doc_0473
session_13428,doc_0553
session_13428,doc_0322
session_13429,doc_0518
session_13429,doc_0547
session_13429,doc_0555
session_13430,doc_0658
session_13430,doc_0679
session_13431,doc_0322
session_13432,doc_0101
session_13432,doc_0012
session_13432,doc_0031
session_13433,doc_0783
session_13434,doc_0011
session_13434,doc_0091
session_13434,doc_0080
session_13434,doc_0618
session_13435,doc_0732
session_13436,doc_0401
session_13436,doc_0369
session_13437,doc_0641
session_13437,doc_0634
session_13437,doc_0484
session_13438,doc_0091
session_13439,doc_0803
session_13440,doc_0864
session_13441,doc_0764
session_13442,doc_0916
session_13442,doc_0884
session_13442,doc_0914
session_13443,doc_0235
session_13444,doc_0703
session_13444,doc_0689
session_13445,doc_0121
session_13445,doc_0169
session_13445,doc_0120
session_13445,doc_0193
session_13445,doc_0342
session_13446,doc_0418
session_13446,doc_0458
session_13447,doc_0185
session_13447,doc_0177
session_13447,doc_0362
session_13447,doc_0327
session_13448,doc_0063
session_13448,doc_0070
session_13449,doc_0529
session_13449,doc_0547
session_13449,doc_0514
session_13449,doc_0518
session_13449,doc_0378
session_13449,doc_0373
session_13450,doc_0345
session_13451,doc_0031
session_13451,doc_0032
session_13451,doc_0235
session_13452,doc_0528
session_13452,doc_0527
session_13452,doc_0565
session_13453,doc_0485
session_13453,doc_0428
session_13454,doc_0697
session_13454,doc_0360
session_13455,doc_0322
session_13456,doc_0689
session_13457,doc_0050
session_13458,doc_0469
session_13458,doc_0481
session_13458,doc_0476
session_13458,doc_0441
session_13459,doc_0802
session_13459,doc_0715
session_13459,doc_0789
session_13459,doc_0727
session_13460,doc_0584
session_13460,doc_0518
session_13461,doc_0492
session_13461,doc_0546
session_13461,doc_0535
session_13462,doc_0493
session_13463,doc_0148
session_13463,doc_0165
session_13463,doc_0126
session_13463,doc_0113
session_13464,doc_0401
session_13464,doc_0331
session_13464,doc_0392
session_13465,doc_0003
session_13465,doc_0089
session_13466,doc_0673
session_13466,doc_0685
session_13467,doc_0077
session_13468,doc_0128
session_13468,doc_0118
session_13468,doc_0181
session_13469,doc_0852
session_13469,doc_0843
session_13469,doc_0689
session_13470,doc_0675
session_13470,doc_0695
session_13470,doc_0502
session_13470,doc_0492
session_13471,doc_0618
session_13472,doc_0653
session_13472,doc_0476
session_13473,doc_0009
session_13473,doc_0068
session_13473,doc_0091
session_13473,doc_0087
session_13473,doc_0401
session_13474,doc_0852
session_13474,doc_0757
session_13475,doc_0861
session_13475,doc_0856
session_13475,doc_0852
session_13475,doc_0091
session_13476,doc_0191
session_13477,doc_0571
session_13477,doc_0570
session_13478,doc_0174
session_13479,doc_0783
session_13480,doc_0485
session_13480,doc_0461
session_13481,doc_0148
session_13482,doc_0902
session_13483,doc_0689
session_13484,doc_0262
session_13485,doc_0395
session_13485,doc_0346
session_13485,doc_0441
session_13486,doc_0754
session_13486,doc_0774
session_13486,doc_0786
session_13487,doc_0222
session_13488,doc_0641
session_13488,doc_0615
session_13488,doc_0637
session_13488,doc_0627
session_13488,doc_0564
session_13489,doc_0783
session_13489,doc_0732
session_13489,doc_0772
session_13489,doc_0748
session_13490,doc_0229
session_13490,doc_0212
session_13490,doc_0261
session_13490,doc_0472
session_13491,doc_0229
session_13492,doc_0401
session_13493,doc_0781
session_13493,doc_0774
session_13493,doc_0760
session_13493,doc_0871
session_13494,doc_0694
session_13494,doc_0666
session_13494,doc_0933
session_13495,doc_0011
session_13495,doc_0077
session_13495,doc_0590
session_13496,doc_0343
session_13496,doc_0331
session_13496,doc_0338
session_13496,doc_0437
session_13497,doc_0509
session_13497,doc_0493
session_13497,doc_0512
session_13497,doc_0843
session_13498,doc_0297
session_13499,doc_0786
session_13500,doc_0473
session_13500,doc_0437
session_13500,doc_0481
session_13501,doc_0031
session_13501,doc_0035
session_13502,doc_0453
session_13502,doc_0469
session_13502,doc_0480
session_13502,doc_0458
session_13502,doc_0360
session_13503,doc_0930
session_13503,doc_0902
session_13503,doc_0914
session_13503,doc_0890
session_13504,doc_0840
session_13504,doc_0817
session_13504,doc_0830
session_13504,doc_0760
session_13504,doc_0752
session_13505,doc_0642
session_13505,doc_0618
session_13506,doc_0412
session_13506,doc_0043
session_13507,doc_0728
session_13507,doc_0779
session_13507,doc_0752
session_13507,doc_0783
session_13507,doc_0900
session_13508,doc_0181
session_13508,doc_0123
session_13508,doc_0412
session_13509,doc_0863
session_13509,doc_0811
session_13509,doc_0641
session_13510,doc_0331
session_13510,doc_0401
session_13510,doc_0157
session_13510,doc_0152
session_13511,doc_0051
session_13511,doc_0068
session_13511,doc_0857
session_13512,doc_0476
session_13513,doc_0852
session_13514,doc_0119
session_13514,doc_0192
session_13514,doc_0153
session_13514,doc_0331
session_13515,doc_0857
session_13515,doc_0841
session_13515,doc_0754
session_13516,doc_0806
session_13516,doc_0843
session_13516,doc_0852
session_13517,doc_0115
session_13518,doc_0518
session_13518,doc_0600
session_13519,doc_0697
session_13519,doc_0687
session_13519,doc_0692
session_13520,doc_0517
session_13520,doc_0009
session_13521,doc_0322
session_13521,doc_0287
session_13521,doc_0914
session_13522,doc_0411
session_13522,doc_0420
session_13522,doc_0432
session_13523,doc_0852
session_13524,doc_0852
session_13524,doc_0845
session_13524,doc_0757
session_13525,doc_0469
session_13525,doc_0481
session_13525,doc_0476
session_13526,doc_0564
session_13526,doc_0695
session_13527,doc_0276
session_13527,doc_0294
session_13527,doc_0182
session_13528,doc_0276
session_13529,doc_0362
session_13530,doc_0656
session_13530,doc_0691
session_13530,doc_0673
session_13530,doc_0487
session_13531,doc_0031
session_13532,doc_0889
session_13533,doc_0493
session_13534,doc_0048
session_13534,doc_0628
session_13535,doc_0152
session_13535,doc_0332
session_13536,doc_0592
session_13536,doc_0547
session_13536,doc_0079
session_13537,doc_0772
session_13537,doc_0747
session_13537,doc_0752
session_13537,doc_0779
session_13537,doc_0618
session_13538,doc_0257
session_13538,doc_0229
session_13538,doc_0235
session_13539,doc_0493
session_13540,doc_0870
session_13540,doc_0845
session_13540,doc_0843
session_13540,doc_0862
session_13540,doc_0783
session_13541,doc_0320
session_13541,doc_0305
session_13541,doc_0373
session_13542,doc_0665
session_13542,doc_0673
session_13542,doc_0693
session_13543,doc_0246
session_13543,doc_0254
session_13543,doc_0226
session_13543,doc_0206
session_13543,doc_0235
session_13544,doc_0284
session_13545,doc_0518
session_13545,doc_0501
session_13546,doc_0818
session_13546,doc_0810
session_13547,doc_0156
session_13548,doc_0914
session_13549,doc_0838
session_13549,doc_0852
session_13550,doc_0852
session_13551,doc_0673
session_13551,doc_0676
session_13551,doc_0683
session_13552,doc_0618
session_13552,doc_0434
session_13553,doc_0884
session_13554,doc_0237
session_13554,doc_0235
session_13554,doc_0260
session_13554,doc_0255
session_13554,doc_0229
session_13555,doc_0518
session_13555,doc_0565
session_13555,doc_0564
session_13555,doc_0493
session_13555,doc_0732
session_13556,doc_0795
session_13557,doc_0235
session_13557,doc_0229
session_13557,doc_0200
session_13558,doc_0148
session_13558,doc_0118
session_13558,doc_0291
session_13559,doc_0493
session_13560,doc_0434
session_13560,doc_0342
session_13561,doc_0754
session_13561,doc_0783
session_13561,doc_0803
session_13561,doc_0843
session_13562,doc_0752
session_13562,doc_0766
session_13563,doc_0419
session_13564,doc_0813
session_13564,doc_0853
session_13564,doc_0824
session_13564,doc_0763
session_13565,doc_0843
session_13566,doc_0754
session_13566,doc_0784
session_13566,doc_0795
session_13567,doc_0460
session_13568,doc_0656
session_13569,doc_0316
session_13570,doc_0131
session_13570,doc_0192
session_13570,doc_0152
session_13571,doc_0035
session_13571,doc_0054
session_13571,doc_0644
session_13572,doc_0437
session_13572,doc_0469
session_13572,doc_0417
session_13572,doc_0641
session_13573,doc_0185
session_13573,doc_0423
session_13574,doc_0261
session_13574,doc_0238
session_13574,doc_0817
session_13575,doc_0712
session_13575,doc_0683
session_13576,doc_0555
session_13576,doc_0565
session_13577,doc_0031
session_13578,doc_0431
session_13578,doc_0476
session_13579,doc_0087
session_13579,doc_0063
session_13579,doc_0005
session_13579,doc_0031
session_13579,doc_0590
session_13580,doc_0872
session_13580,doc_0812
session_13580,doc_0852
session_13580,doc_0868
session_13580,doc_0843
session_13580,doc_0754
session_13581,doc_0273
session_13582,doc_0056
session_13582,doc_0031
session_13583,doc_0732
session_13583,doc_0724
session_13583,doc_0754
session_13583,doc_0857
session_13584,doc_0423
session_13584,doc_0229
session_13585,doc_0914
session_13585,doc_0654
session_13586,doc_0054
session_13586,doc_0031
session_13587,doc_0120
session_13587,doc_0156
session_13587,doc_0185
session_13588,doc_0476
session_13589,doc_0469
session_13589,doc_0451
session_13589,doc_0425
session_13589,doc_0437
session_13589,doc_0235
session_13590,doc_0565
session_13590,doc_0497
session_13590,doc_0011
session_13591,doc_0116
session_13591,doc_0127
session_13591,doc_0336
session_13591,doc_0373
session_13592,doc_0362
session_13593,doc_0608
session_13593,doc_0629
session_13593,doc_0594
session_13593,doc_0317
session_13594,doc_0611
session_13594,doc_0322
session_13595,doc_0068
session_13595,doc_0010
session_13595,doc_0101
session_13595,doc_0917
session_13596,doc_0469
session_13596,doc_0475
session_13596,doc_0220
session_13597,doc_0387
session_13597,doc_0369
session_13597,doc_0359
session_13597,doc_0404
session_13598,doc_0360
session_13598,doc_0341
session_13598,doc_0310
session_13599,doc_0733
session_13599,doc_0790
session_13599,doc_0756
session_13599,doc_0732
session_13599,doc_0779
session_13599,doc_0843
session_13600,doc_0857
session_13601,doc_0270
session_13602,doc_0412
session_13602,doc_0434
session_13603,doc_0476
session_13603,doc_0461
session_13603,doc_0446
session_13603,doc_0871
session_13604,doc_0907
session_13605,doc_0767
session_13605,doc_0754
session_13605,doc_0783
session_13605,doc_0513
session_13606,doc_0394
session_13606,doc_0352
session_13607,doc_0569
session_13608,doc_0725
session_13608,doc_0754
session_13608,doc_0732
session_13608,doc_0765
session_13609,doc_0272
session_13609,doc_0303
session_13609,doc_0818
session_13610,doc_0523
session_13610,doc_0518
session_13610,doc_0596
session_13611,doc_0631
session_13611,doc_0641
session_13611,doc_0643
session_13611,doc_0618
session_13612,doc_0703
session_13612,doc_0678
session_13613,doc_0679
session_13614,doc_0651
session_13615,doc_0673
session_13615,doc_0912
session_13616,doc_0186
session_13617,doc_0270
session_13618,doc_0148
session_13618,doc_0294
session_13619,doc_0673
session_13619,doc_0695
session_13619,doc_0699
session_13620,doc_0518
session_13621,doc_0596
session_13622,doc_0884
session_13622,doc_0903
session_13622,doc_0429
session_13623,doc_0063
session_13623,doc_0095
session_13624,doc_0754
session_13625,doc_0568
session_13626,doc_0152
session_13627,doc_0183
session_13627,doc_0161
session_13627,doc_0782
session_13628,doc_0439
session_13628,doc_0469
session_13629,doc_0418
session_13629,doc_0627
session_13630,doc_0689
session_13631,doc_0852
session_13632,doc_0865
session_13632,doc_0833
session_13633,doc_0098
session_13634,doc_0148
session_13634,doc_0112
session_13634,doc_0132
session_13634,doc_0150
session_13635,doc_0181
session_13635,doc_0120
session_13635,doc_0168
session_13635,doc_0148
session_13635,doc_0406
session_13636,doc_0031
session_13636,doc_0068
session_13637,doc_0184
session_13637,doc_0148
session_13637,doc_0456
session_13638,doc_0455
session_13638,doc_0148
session_13639,doc_0894
session_13640,doc_0194
session_13640,doc_0260
session_13641,doc_0518
session_13641,doc_0502
session_13641,doc_0506
session_13641,doc_0905
session_13642,doc_0068
session_13642,doc_0065
session_13642,doc_0086
session_13642,doc_0618
session_13643,doc_0428
session_13643,doc_0852
session_13644,doc_0518
session_13644,doc_0493
session_13644,doc_0051
session_13645,doc_0729
session_13645,doc_0774
session_13645,doc_0757
session_13645,doc_0716
session_13645,doc_0771
session_13645,doc_0596
session_13646,doc_0768
session_13646,doc_0732
session_13646,doc_0584
session_13647,doc_0844
session_13647,doc_0852
session_13647,doc_0818
session_13647,doc_0810
session_13647,doc_0599
session_13648,doc_0544
session_13648,doc_0546
session_13649,doc_0857
session_13649,doc_0865
session_13649,doc_0804
session_13649,doc_0197
session_13650,doc_0471
session_13650,doc_0455
session_13650,doc_0644
session_13651,doc_0754
session_13652,doc_0902
session_13652,doc_0339
session_13653,doc_0412
session_13653,doc_0476
session_13653,doc_0469
session_13654,doc_0852
session_13655,doc_0094
session_13655,doc_0031
session_13655,doc_0046
session_13655,doc_0617
session_13656,doc_0391
session_13656,doc_0884
session_13657,doc_0113
session_13658,doc_0617
session_13659,doc_0641
session_13659,doc_0068
session_13660,doc_0254
session_13661,doc_0392
session_13661,doc_0876
session_13662,doc_0476
session_13662,doc_0449
session_13662,doc_0322
session_13663,doc_0001
session_13663,doc_0027
session_13664,doc_0675
session_13665,doc_0378
session_13666,doc_0690
session_13666,doc_0673
session_13666,doc_0935
session_13667,doc_0098
session_13667,doc_0031
session_13667,doc_0063
session_13668,doc_0783
session_13668,doc_0515
session_13669,doc_0852
session_13670,doc_0346
session_13670,doc_0905
session_13671,doc_0754
session_13671,doc_0752
session_13671,doc_0179
session_13672,doc_0857
session_13672,doc_0844
session_13673,doc_0159
session_13673,doc_0171
session_13674,doc_0754
session_13675,doc_0218
session_13675,doc_0235
session_13675,doc_0240
session_13676,doc_0729
session_13677,doc_0201
session_13677,doc_0208
session_13677,doc_0648
session_13678,doc_0328
session_13678,doc_0469
session_13679,doc_0303
session_13679,doc_0590
session_13680,doc_0229
session_13680,doc_0848
session_13681,doc_0031
session_13681,doc_0043
session_13681,doc_0041
session_13682,doc_0434
session_13682,doc_0455
session_13683,doc_0068
session_13684,doc_0760
session_13684,doc_0782
session_13684,doc_0732
session_13685,doc_0565
session_13686,doc_0565
session_13686,doc_0524
session_13686,doc_0529
session_13686,doc_0492
session_13687,doc_0514
session_13687,doc_0591
session_13687,doc_0934
session_13688,doc_0269
session_13688,doc_0314
session_13688,doc_0309
session_13689,doc_0790
session_13689,doc_0785
session_13690,doc_0623
session_13690,doc_0068
session_13691,doc_0897
session_13692,doc_0764
session_13692,doc_0732
session_13693,doc_0679
session_13693,doc_0690
session_13693,doc_0180
session_13694,doc_0774
session_13695,doc_0476
session_13695,doc_0469
session_13696,doc_0469
session_13696,doc_0476
session_13696,doc_0419
session_13696,doc_0322
session_13697,doc_0122
session_13698,doc_0236
session_13698,doc_0218
session_13698,doc_0617
session_13699,doc_0032
session_13699,doc_0023
session_13700,doc_0732
session_13700,doc_0752
session_13700,doc_0774
session_13700,doc_0870
session_13701,doc_0011
session_13701,doc_0062
session_13701,doc_0003
session_13701,doc_0091
session_13701,doc_0031
session_13702,doc_0617
session_13703,doc_0712
session_13703,doc_0695
session_13703,doc_0699
session_13703,doc_0708
session_13703,doc_0878
session_13703,doc_0884
session_13704,doc_0097
session_13704,doc_0235
session_13705,doc_0585
session_13705,doc_0564
session_13705,doc_0584
session_13705,doc_0028
session_13706,doc_0440
session_13706,doc_0031
session_13707,doc_0852
session_13707,doc_0841
session_13708,doc_0874
session_13708,doc_0892
session_13708,doc_0712
session_13709,doc_0912
session_13709,doc_0924
session_13710,doc_0673
session_13710,doc_0708
session_13710,doc_0676
session_13710,doc_0762
session_13710,doc_0728
session_13711,doc_0518
session_13711,doc_0532
session_13711,doc_0444
session_13712,doc_0884
session_13712,doc_0878
session_13713,doc_0713
session_13713,doc_0754
session_13714,doc_0810
session_13714,doc_0818
session_13714,doc_0804
session_13714,doc_0870
session_13714,doc_0812
session_13715,doc_0182
session_13716,doc_0634
session_13716,doc_0627
session_13716,doc_0631
session_13717,doc_0068
session_13717,doc_0048
session_13717,doc_0001
session_13718,doc_0240
session_13718,doc_0238
session_13718,doc_0207
session_13718,doc_0411
session_13718,doc_0453
session_13718,doc_0454
session_13719,doc_0752
session_13720,doc_0031
session_13720,doc_0617
session_13721,doc_0229
session_13722,doc_0493
session_13722,doc_0902
session_13723,doc_0799
session_13724,doc_0286
session_13725,doc_0031
session_13725,doc_0068
session_13726,doc_0677
session_13726,doc_0683
session_13727,doc_0229
session_13728,doc_0048
session_13728,doc_0047
session_13729,doc_0118
session_13730,doc_0032
session_13730,doc_0515
session_13731,doc_0204
session_13731,doc_0615
session_13732,doc_0395
session_13733,doc_0613
session_13733,doc_0031
session_13734,doc_0148
session_13735,doc_0261
session_13735,doc_0238
session_13735,doc_0246
session_13735,doc_0617
session_13736,doc_0644
session_13737,doc_0633
session_13737,doc_0001
session_13738,doc_0337
session_13738,doc_0374
session_13738,doc_0348
session_13738,doc_0444
session_13739,doc_0658
session_13739,doc_0669
session_13739,doc_0673
session_13739,doc_0914
session_13739,doc_0905
session_13740,doc_0754
session_13740,doc_0721
session_13740,doc_0829
session_13741,doc_0469
session_13741,doc_0464
session_13741,doc_0420
session_13741,doc_0821
session_13741,doc_0843
session_13742,doc_0914
session_13742,doc_0902
session_13742,doc_0910
session_13742,doc_0291
session_13743,doc_0608
session_13743,doc_0431
session_13744,doc_0494
session_13744,doc_0565
session_13745,doc_0663
session_13745,doc_0703
session_13745,doc_0518
session_13746,doc_0148
session_13746,doc_0182
session_13746,doc_0120
session_13747,doc_0905
session_13747,doc_0673
session_13748,doc_0715
session_13749,doc_0434
session_13749,doc_0469
session_13749,doc_0471
session_13749,doc_0451
session_13749,doc_0476
session_13750,doc_0148
session_13750,doc_0121
session_13751,doc_0316
session_13752,doc_0617
session_13752,doc_0644
session_13753,doc_0514
session_13753,doc_0493
session_13753,doc_0273
session_13754,doc_0471
session_13754,doc_0469
session_13754,doc_0476
session_13755,doc_0063
session_13755,doc_0028
session_13755,doc_0043
session_13755,doc_0518
session_13756,doc_0218
session_13756,doc_0603
session_13757,doc_0754
session_13757,doc_0792
session_13757,doc_0617
session_13758,doc_0331
session_13758,doc_0373
session_13758,doc_0362
session_13759,doc_0487
session_13759,doc_0475
session_13759,doc_0424
session_13759,doc_0615
session_13760,doc_0369
session_13760,doc_0401
session_13760,doc_0331
session_13761,doc_0243
session_13762,doc_0471
session_13763,doc_0331
session_13764,doc_0882
session_13764,doc_0889
session_13764,doc_0914
session_13764,doc_0375
session_13764,doc_0360
session_13765,doc_0586
session_13765,doc_0564
session_13765,doc_0608
session_13766,doc_0673
session_13767,doc_0491
session_13767,doc_0578
session_13767,doc_0063
session_13768,doc_0006
session_13769,doc_0723
session_13770,doc_0148
session_13770,doc_0133
session_13771,doc_0897
session_13771,doc_0905
session_13771,doc_0914
session_13771,doc_0898
session_13772,doc_0565
session_13772,doc_0757
session_13773,doc_0793
session_13774,doc_0732
session_13774,doc_0752
session_13774,doc_0803
session_13774,doc_0870
session_13775,doc_0208
session_13775,doc_0434
session_13776,doc_0152
session_13777,doc_0235
session_13777,doc_0229
session_13777,doc_0258
session_13777,doc_0207
session_13777,doc_0231
session_13777,doc_0246
session_13778,doc_0673
session_13778,doc_0675
session_13779,doc_0401
session_13780,doc_0620
session_13780,doc_0615
session_13781,doc_0537
session_13781,doc_0526
session_13781,doc_0456
session_13782,doc_0774
session_13782,doc_0752
session_13782,doc_0622
session_13783,doc_0777
session_13783,doc_0785
session_13784,doc_0152
session_13784,doc_0143
session_13785,doc_0900
session_13786,doc_0904
session_13787,doc_0291
session_13787,doc_0277
session_13787,doc_0322
session_13787,doc_0341
session_13788,doc_0658
session_13789,doc_0754
session_13790,doc_0769
session_13790,doc_0727
session_13791,doc_0695
session_13792,doc_0509
session_13792,doc_0518
session_13792,doc_0780
session_13793,doc_0862
session_13794,doc_0182
session_13794,doc_0402
session_13795,doc_0276
session_13796,doc_0441
session_13797,doc_0086
session_13798,doc_0469
session_13799,doc_0914
session_13799,doc_0928
session_13800,doc_0362
session_13800,doc_0403
session_13800,doc_0368
session_13801,doc_0853
session_13801,doc_0754
session_13802,doc_0806
session_13802,doc_0856
session_13802,doc_0818
session_13803,doc_0676
session_13803,doc_0658
session_13804,doc_0238
session_13804,doc_0208
session_13805,doc_0322
session_13806,doc_0644
session_13806,doc_0631
session_13807,doc_0819
session_13807,doc_0856
session_13807,doc_0830
session_13808,doc_0331
session_13808,doc_0330
session_13809,doc_0267
session_13809,doc_0276
session_13809,doc_0322
session_13809,doc_0147
session_13810,doc_0914
session_13810,doc_0892
session_13811,doc_0091
session_13811,doc_0066
session_13811,doc_0068
session_13811,doc_0490
session_13812,doc_0673
session_13812,doc_0909
session_13813,doc_0226
session_13813,doc_0235
session_13813,doc_0611
session_13814,doc_0614
session_13815,doc_0031
session_13816,doc_0202
session_13816,doc_0476
session_13817,doc_0152
session_13817,doc_0119
session_13817,doc_0131
session_13818,doc_0754
session_13818,doc_0541
session_13819,doc_0384
session_13819,doc_0341
session_13819,doc_0392
session_13819,doc_0046
session_13820,doc_0526
session_13820,doc_0565
session_13820,doc_0555
session_13820,doc_0848
session_13821,doc_0757
session_13822,doc_0051
session_13823,doc_0322
session_13824,doc_0369
session_13824,doc_0271
session_13825,doc_0617
session_13825,doc_0011
session_13826,doc_0278
session_13826,doc_0283
session_13826,doc_0280
session_13826,doc_0401
session_13827,doc_0702
session_13827,doc_0703
session_13827,doc_0673
session_13827,doc_0905
session_13828,doc_0717
session_13828,doc_0754
session_13829,doc_0693
session_13830,doc_0731
session_13831,doc_0152
session_13831,doc_0365
session_13832,doc_0769
session_13833,doc_0518
session_13833,doc_0525
session_13833,doc_0492
session_13834,doc_0148
session_13834,doc_0815
session_13835,doc_0757
session_13835,doc_0724
session_13835,doc_0774
session_13835,doc_0615
session_13835,doc_0631
session_13836,doc_0338
session_13837,doc_0331
session_13837,doc_0338
session_13837,doc_0414
session_13838,doc_0585
session_13838,doc_0068
session_13839,doc_0752
session_13840,doc_0476
session_13841,doc_0784
session_13842,doc_0010
session_13843,doc_0428
session_13843,doc_0471
session_13843,doc_0486
session_13843,doc_0476
session_13844,doc_0665
session_13844,doc_0656
session_13844,doc_0673
session_13845,doc_0331
session_13845,doc_0371
session_13845,doc_0469
session_13846,doc_0294
session_13846,doc_0277
session_13846,doc_0280
session_13846,doc_0141
session_13847,doc_0184
session_13847,doc_0401
session_13848,doc_0322
session_13848,doc_0291
session_13848,doc_0326
session_13848,doc_0310
session_13849,doc_0349
session_13849,doc_0409
session_13849,doc_0655
session_13850,doc_0810
session_13851,doc_0901
session_13851,doc_0933
session_13851,doc_0918
session_13851,doc_0256
session_13852,doc_0565
session_13852,doc_0586
session_13852,doc_0518
session_13852,doc_0536
session_13852,doc_0641
session_13853,doc_0590
session_13853,doc_0565
session_13853,doc_0518
session_13853,doc_0501
session_13854,doc_0197
session_13854,doc_0212
session_13854,doc_0617
session_13855,doc_0810
session_13856,doc_0515
session_13857,doc_0113
session_13857,doc_0182
session_13857,doc_0276
session_13858,doc_0917
session_13858,doc_0884
session_13858,doc_0375
session_13859,doc_0757
session_13859,doc_0735
session_13860,doc_0405
session_13861,doc_0618
session_13862,doc_0626
session_13863,doc_0156
session_13863,doc_0148
session_13864,doc_0341
session_13864,doc_0373
session_13864,doc_0397
session_13864,doc_0884
session_13865,doc_0048
session_13865,doc_0073
session_13865,doc_0031
session_13865,doc_0074
session_13866,doc_0071
session_13866,doc_0048
session_13866,doc_0054
session_13866,doc_0031
session_13867,doc_0156
session_13867,doc_0193
session_13868,doc_0774
session_13868,doc_0732
session_13869,doc_0410
session_13869,doc_0357
session_13870,doc_0063
session_13871,doc_0299
session_13871,doc_0291
session_13871,doc_0321
session_13871,doc_0360
session_13872,doc_0689
session_13872,doc_0699
session_13872,doc_0179
session_13873,doc_0596
session_13873,doc_0643
session_13873,doc_0612
session_13873,doc_0431
session_13873,doc_0474
session_13874,doc_0337
session_13874,doc_0333
session_13875,doc_0152
session_13876,doc_0673
session_13876,doc_0703
session_13876,doc_0617
session_13877,doc_0152
session_13877,doc_0187
session_13877,doc_0148
session_13877,doc_0169
session_13877,doc_0119
session_13878,doc_0727
session_13879,doc_0031
session_13879,doc_0588
session_13880,doc_0782
session_13880,doc_0792
session_13880,doc_0786
session_13880,doc_0703
session_13881,doc_0889
session_13882,doc_0615
session_13883,doc_0763
session_13883,doc_0800
session_13883,doc_0627
session_13884,doc_0344
session_13885,doc_0220
session_13886,doc_0757
session_13886,doc_0793
session_13886,doc_0221
session_13887,doc_0583
session_13888,doc_0434
session_13889,doc_0795
session_13890,doc_0342
session_13891,doc_0373
session_13891,doc_0362
session_13892,doc_0443
session_13893,doc_0421
session_13893,doc_0471
session_13893,doc_0469
session_13894,doc_0322
session_13894,doc_0330
session_13895,doc_0757
session_13895,doc_0857
session_13896,doc_0476
session_13897,doc_0673
session_13897,doc_0699
session_13898,doc_0007
session_13898,doc_0056
session_13898,doc_0031
session_13898,doc_0627
session_13899,doc_0078
session_13899,doc_0618
session_13900,doc_0057
session_13901,doc_0040
session_13902,doc_0235
session_13903,doc_0303
session_13904,doc_0316
session_13905,doc_0546
session_13906,doc_0907
session_13906,doc_0884
session_13906,doc_0904
session_13906,doc_0878
session_13906,doc_0360
session_13907,doc_0852
session_13907,doc_0025
session_13908,doc_0031
session_13908,doc_0048
session_13908,doc_0068
session_13908,doc_0047
session_13908,doc_0036
session_13908,doc_0458
session_13909,doc_0112
session_13909,doc_0322
session_13910,doc_0547
session_13910,doc_0504
session_13910,doc_0526
session_13910,doc_0469
session_13910,doc_0443
session_13911,doc_0565
session_13912,doc_0862
session_13912,doc_0815
session_13913,doc_0229
session_13913,doc_0235
session_13914,doc_0501
session_13915,doc_0063
session_13915,doc_0078
session_13915,doc_0047
session_13915,doc_0507
session_13915,doc_0555
session_13916,doc_0443
session_13916,doc_0373
session_13917,doc_0565
session_13918,doc_0631
session_13918,doc_0613
session_13919,doc_0839
session_13920,doc_0783
session_13920,doc_0843
session_13921,doc_0565
session_13922,doc_0148
session_13922,doc_0109
session_13922,doc_0191
session_13922,doc_0322
session_13923,doc_0476
session_13923,doc_0465
session_13923,doc_0434
session_13923,doc_0458
session_13923,doc_0229
session_13924,doc_0436
session_13924,doc_0476
session_13924,doc_0472
session_13924,doc_0458
session_13924,doc_0757
session_13925,doc_0774
session_13926,doc_0565
session_13926,doc_0518
session_13927,doc_0852
session_13927,doc_0832
session_13927,doc_0857
session_13928,doc_0673
session_13929,doc_0757
session_13929,doc_0749
session_13929,doc_0469
session_13930,doc_0737
session_13930,doc_0493
session_13931,doc_0424
session_13931,doc_0449
session_13931,doc_0469
session_13932,doc_0152
session_13933,doc_0689
session_13933,doc_0679
session_13933,doc_0698
session_13934,doc_0757
session_13934,doc_0803
session_13934,doc_0721
session_13934,doc_0615
session_13935,doc_0783
session_13935,doc_0788
session_13935,doc_0039
session_13935,doc_0091
session_13936,doc_0235
session_13936,doc_0209
session_13936,doc_0243
session_13936,doc_0226
session_13936,doc_0216
session_13937,doc_0170
session_13938,doc_0453
session_13938,doc_0476
session_13938,doc_0482
session_13938,doc_0412
session_13938,doc_0419
session_13938,doc_0441
session_13939,doc_0844
session_13939,doc_0830
session_13939,doc_0862
session_13939,doc_0852
session_13940,doc_0096
session_13940,doc_0006
session_13940,doc_0031
session_13940,doc_0565
session_13941,doc_0584
session_13941,doc_0503
session_13941,doc_0563
session_13941,doc_0558
session_13941,doc_0817
session_13941,doc_0815
session_13942,doc_0541
session_13942,doc_0515
session_13943,doc_0581
session_13943,doc_0518
session_13944,doc_0852
session_13944,doc_0843
session_13945,doc_0782
session_13945,doc_0762
session_13945,doc_0753
session_13945,doc_0761
session_13946,doc_0933
session_13946,doc_0895
session_13946,doc_0917
session_13947,doc_0689
session_13947,doc_0673
session_13947,doc_0063
session_13947,doc_0091
session_13948,doc_0331
session_13948,doc_0328
session_13948,doc_0366
session_13948,doc_0397
session_13948,doc_0335
session_13949,doc_0672
session_13949,doc_0671
session_13950,doc_0041
session_13950,doc_0031
session_13951,doc_0906
session_13951,doc_0885
session_13951,doc_0914
session_13951,doc_0184
session_13952,doc_0810
session_13953,doc_0910
session_13954,doc_0018
session_13954,doc_0063
session_13954,doc_0010
session_13954,doc_0025
session_13955,doc_0429
session_13956,doc_0187
session_13957,doc_0441
session_13957,doc_0412
session_13957,doc_0469
session_13957,doc_0458
session_13958,doc_0181
session_13958,doc_0184
session_13958,doc_0304
session_13959,doc_0565
session_13960,doc_0914
session_13960,doc_0322
session_13961,doc_0747
session_13961,doc_0774
session_13961,doc_0732
session_13962,doc_0703
session_13963,doc_0731
session_13963,doc_0783
session_13963,doc_0789
session_13964,doc_0605
session_13964,doc_0629
session_13964,doc_0618
session_13964,doc_0612
session_13964,doc_0626
session_13964,doc_0634
session_13965,doc_0118
session_13965,doc_0152
session_13965,doc_0175
session_13965,doc_0120
session_13966,doc_0549
session_13966,doc_0518
session_13967,doc_0248
session_13968,doc_0119
session_13969,doc_0026
session_13970,doc_0120
session_13971,doc_0068
session_13971,doc_0060
session_13972,doc_0555
session_13972,doc_0584
session_13973,doc_0544
session_13974,doc_0544
session_13974,doc_0764
session_13975,doc_0069
session_13975,doc_0369
session_13976,doc_0091
session_13976,doc_0077
session_13976,doc_0617
session_13977,doc_0564
session_13977,doc_0561
session_13977,doc_0507
session_13978,doc_0754
session_13978,doc_0732
session_13978,doc_0757
session_13978,doc_0844
session_13979,doc_0667
session_13979,doc_0699
session_13980,doc_0564
session_13981,doc_0708
session_13982,doc_0339
session_13982,doc_0373
session_13982,doc_0369
session_13982,doc_0408
session_13982,doc_0035
session_13983,doc_0112
session_13983,doc_0180
session_13983,doc_0119
session_13983,doc_0152
session_13984,doc_0699
session_13984,doc_0681
session_13985,doc_0331
session_13985,doc_0373
session_13986,doc_0402
session_13986,doc_0337
session_13987,doc_0866
session_13987,doc_0806
session_13987,doc_0870
session_13987,doc_0832
session_13987,doc_0844
session_13987,doc_0871
session_13988,doc_0341
session_13988,doc_0351
session_13988,doc_0469
session_13989,doc_0890
session_13990,doc_0031
session_13991,doc_0019
session_13991,doc_0045
session_13992,doc_0148
session_13992,doc_0118
session_13992,doc_0179
session_13992,doc_0177
session_13992,doc_0754
session_13993,doc_0469
session_13993,doc_0518
session_13994,doc_0448
session_13994,doc_0469
session_13994,doc_0472
session_13995,doc_0469
session_13996,doc_0852
session_13996,doc_0857
session_13996,doc_0803
session_13997,doc_0098
session_13998,doc_0469
session_13998,doc_0443
session_13998,doc_0456
session_13999,doc_0656
session_13999,doc_0670
session_13999,doc_0673
session_13999,doc_0689
session_14000,doc_0331
session_14001,doc_0754
session_14001,doc_0536
session_14002,doc_0169
session_14002,doc_0168
session_14003,doc_0754
session_14003,doc_0322
session_14004,doc_0181
session_14004,doc_0142
session_14004,doc_0885
session_14005,doc_0476
session_14006,doc_0253
session_14006,doc_0214
session_14007,doc_0870
session_14008,doc_0297
session_14009,doc_0343
session_14010,doc_0696
session_14010,doc_0689
session_14010,doc_0651
session_14010,doc_0361
session_14011,doc_0168
session_14012,doc_0792
session_14012,doc_0757
session_14012,doc_0593
session_14012,doc_0526
session_14013,doc_0822
session_14014,doc_0493
session_14015,doc_0182
session_14015,doc_0148
session_14015,doc_0188
session_14015,doc_0473
session_14016,doc_0261
session_14016,doc_0246
session_14016,doc_0031
session_14017,doc_0305
session_14017,doc_0277
session_14017,doc_0291
session_14017,doc_0313
session_14018,doc_0163
session_14018,doc_0139
session_14018,doc_0148
session_14019,doc_0914
session_14019,doc_0905
session_14019,doc_0331
session_14020,doc_0489
session_14020,doc_0500
session_14020,doc_0754
session_14021,doc_0417
session_14021,doc_0439
session_14021,doc_0473
session_14021,doc_0469
session_14021,doc_0471
session_14021,doc_0201
session_14022,doc_0883
session_14023,doc_0284
session_14023,doc_0270
session_14023,doc_0290
session_14024,doc_0121
session_14024,doc_0148
session_14025,doc_0434
session_14025,doc_0458
session_14025,doc_0473
session_14026,doc_0902
session_14026,doc_0914
session_14027,doc_0456
session_14028,doc_0894
session_14028,doc_0931
session_14028,doc_0673
session_14029,doc_0373
session_14029,doc_0339
session_14029,doc_0364
session_14030,doc_0276
session_14030,doc_0320
session_14030,doc_0277
session_14031,doc_0325
session_14031,doc_0152
session_14032,doc_0803
session_14032,doc_0736
session_14033,doc_0555
session_14033,doc_0584
session_14033,doc_0235
session_14033,doc_0246
session_14034,doc_0148
session_14035,doc_0758
session_14035,doc_0754
session_14036,doc_0757
session_14037,doc_0564
session_14037,doc_0005
session_14038,doc_0779
session_14038,doc_0753
session_14039,doc_0174
session_14039,doc_0065
session_14040,doc_0360
session_14040,doc_0346
session_14040,doc_0331
session_14040,doc_0368
session_14040,doc_0493
session_14041,doc_0458
session_14041,doc_0434
session_14041,doc_0331
session_14041,doc_0332
session_14042,doc_0511
session_14042,doc_0518
session_14042,doc_0757
session_14043,doc_0752
session_14043,doc_0469
session_14044,doc_0431
session_14044,doc_0471
session_14044,doc_0424
session_14044,doc_0048
session_14045,doc_0308
session_14046,doc_0469
session_14046,doc_0148
session_14047,doc_0629
session_14048,doc_0501
session_14048,doc_0518
session_14049,doc_0322
session_14050,doc_0831
session_14050,doc_0870
session_14051,doc_0673
session_14052,doc_0493
session_14053,doc_0412
session_14054,doc_0170
session_14054,doc_0148
session_14054,doc_0160
session_14054,doc_0113
session_14054,doc_0173
session_14055,doc_0079
session_14055,doc_0732
session_14056,doc_0712
session_14057,doc_0627
session_14057,doc_0617
session_14057,doc_0642
session_14057,doc_0624
session_14057,doc_0621
session_14057,doc_0615
session_14058,doc_0572
session_14058,doc_0492
session_14059,doc_0492
session_14059,doc_0518
session_14059,doc_0493
session_14059,doc_0757
session_14060,doc_0308
session_14060,doc_0305
session_14060,doc_0322
session_14060,doc_0284
session_14060,doc_0292
session_14061,doc_0064
session_14061,doc_0085
session_14061,doc_0100
session_14061,doc_0043
session_14061,doc_0245
session_14062,doc_0517
session_14062,doc_0492
session_14062,doc_0504
session_14062,doc_0501
session_14062,doc_0518
session_14062,doc_0203
session_14063,doc_0235
session_14064,doc_0205
session_14064,doc_0235
session_14065,doc_0148
session_14066,doc_0871
session_14066,doc_0852
session_14066,doc_0843
session_14066,doc_0802
session_14067,doc_0392
session_14068,doc_0107
session_14068,doc_0119
session_14068,doc_0299
session_14069,doc_0068
session_14069,doc_0031
session_14069,doc_0051
session_14069,doc_0564
session_14070,doc_0701
session_14070,doc_0586
session_14071,doc_0164
session_14071,doc_0181
session_14071,doc_0148
session_14071,doc_0238
session_14071,doc_0218
session_14072,doc_0673
session_14072,doc_0689
session_14072,doc_0910
session_14073,doc_0779
session_14073,doc_0754
session_14073,doc_0484
session_14073,doc_0469
session_14074,doc_0325
session_14075,doc_0528
session_14076,doc_0366
session_14076,doc_0365
session_14076,doc_0392
session_14076,doc_0444
session_14076,doc_0429
session_14077,doc_0723
session_14077,doc_0786
session_14077,doc_0754
session_14077,doc_0518
session_14077,doc_0493
session_14078,doc_0203
session_14078,doc_0428
session_14079,doc_0691
session_14079,doc_0658
session_14079,doc_0597
session_14080,doc_0471
session_14080,doc_0466
session_14081,doc_0844
session_14082,doc_0373
session_14083,doc_0005
session_14083,doc_0080
session_14083,doc_0601
session_14084,doc_0421
session_14085,doc_0689
session_14085,doc_0673
session_14085,doc_0711
session_14086,doc_0326
session_14087,doc_0887
session_14087,doc_0889
session_14087,doc_0852
session_14088,doc_0768
session_14089,doc_0046
session_14089,doc_0101
session_14089,doc_0068
session_14089,doc_0043
session_14090,doc_0119
session_14090,doc_0322
session_14091,doc_0228
session_14091,doc_0216
session_14091,doc_0240
session_14091,doc_0463
session_14092,doc_0148
session_14093,doc_0305
session_14093,doc_0280
session_14093,doc_0269
session_14093,doc_0014
session_14094,doc_0693
session_14094,doc_0695
session_14094,doc_0666
session_14094,doc_0711
session_14095,doc_0013
session_14095,doc_0031
session_14095,doc_0043
session_14095,doc_0009
session_14096,doc_0373
session_14096,doc_0689
session_14097,doc_0068
session_14098,doc_0590
session_14098,doc_0518
session_14099,doc_0179
session_14099,doc_0149
session_14099,doc_0161
session_14100,doc_0412
session_14100,doc_0426
session_14101,doc_0476
session_14101,doc_0884
session_14102,doc_0063
session_14103,doc_0502
session_14103,doc_0535
session_14103,doc_0068
session_14104,doc_0607
session_14104,doc_0641
session_14105,doc_0518
session_14105,doc_0515
session_14105,doc_0564
session_14105,doc_0565
session_14106,doc_0214
session_14107,doc_0900
session_14108,doc_0476
session_14108,doc_0420
session_14109,doc_0148
session_14109,doc_0291
session_14110,doc_0394
session_14110,doc_0392
session_14110,doc_0384
session_14110,doc_0331
session_14111,doc_0152
session_14111,doc_0157
session_14111,doc_0241
session_14112,doc_0841
session_14112,doc_0815
session_14112,doc_0849
session_14113,doc_0656
session_14114,doc_0889
session_14114,doc_0331
session_14115,doc_0852
session_14115,doc_0871
session_14115,doc_0128
session_14115,doc_0148
session_14116,doc_0032
session_14116,doc_0093
session_14117,doc_0386
session_14117,doc_0331
session_14117,doc_0871
session_14117,doc_0852
session_14118,doc_0564
session_14119,doc_0013
session_14120,doc_0381
session_14120,doc_0331
session_14120,doc_0392
session_14120,doc_0522
session_14121,doc_0068
session_14122,doc_0653
session_14123,doc_0322
session_14123,doc_0305
session_14123,doc_0273
session_14123,doc_0302
session_14124,doc_0935
session_14124,doc_0914
session_14124,doc_0902
session_14124,doc_0401
session_14124,doc_0331
session_14125,doc_0792
session_14125,doc_0769
session_14125,doc_0757
session_14125,doc_0565
session_14125,doc_0535
session_14126,doc_0305
session_14127,doc_0434
session_14127,doc_0469
session_14128,doc_0621
session_14128,doc_0631
session_14128,doc_0614
session_14128,doc_0818
session_14129,doc_0152
session_14129,doc_0148
session_14129,doc_0170
session_14129,doc_0608
session_14130,doc_0031
session_14130,doc_0099
session_14131,doc_0559
session_14131,doc_0518
session_14131,doc_0934
session_14132,doc_0887
session_14132,doc_0921
session_14132,doc_0884
session_14133,doc_0493
session_14133,doc_0086
session_14134,doc_0884
session_14134,doc_0900
session_14134,doc_0933
session_14134,doc_0914
session_14134,doc_0148
session_14135,doc_0120
session_14135,doc_0152
session_14135,doc_0518
session_14135,doc_0502
session_14136,doc_0569
session_14136,doc_0564
session_14136,doc_0565
session_14136,doc_0525
session_14136,doc_0526
session_14136,doc_0923
session_14137,doc_0692
session_14138,doc_0068
session_14138,doc_0073
session_14138,doc_0651
session_14138,doc_0708
session_14139,doc_0543
session_14139,doc_0518
session_14139,doc_0493
session_14139,doc_0048
session_14140,doc_0156
session_14140,doc_0518
session_14141,doc_0180
session_14141,doc_0148
session_14142,doc_0308
session_14142,doc_0273
session_14142,doc_0131
session_14143,doc_0439
session_14143,doc_0617
session_14144,doc_0322
session_14144,doc_0303
session_14145,doc_0870
session_14145,doc_0838
session_14145,doc_0852
session_14145,doc_0862
session_14145,doc_0757
session_14146,doc_0201
session_14146,doc_0246
session_14147,doc_0507
session_14147,doc_0543
session_14147,doc_0536
session_14148,doc_0565
session_14148,doc_0542
session_14148,doc_0086
session_14148,doc_0031
session_14149,doc_0453
session_14149,doc_0441
session_14149,doc_0420
session_14150,doc_0611
session_14151,doc_0120
session_14151,doc_0189
session_14151,doc_0170
session_14152,doc_0327
session_14152,doc_0396
session_14152,doc_0337
session_14153,doc_0031
session_14153,doc_0048
session_14153,doc_0641
session_14154,doc_0787
session_14154,doc_0845
session_14155,doc_0412
session_14155,doc_0469
session_14155,doc_0476
session_14156,doc_0364
session_14157,doc_0611
session_14157,doc_0031
session_14158,doc_0083
session_14158,doc_0007
session_14158,doc_0046
session_14159,doc_0532
session_14159,doc_0381
session_14160,doc_0466
session_14160,doc_0412
session_14160,doc_0481
session_14160,doc_0422
session_14160,doc_0634
session_14161,doc_0535
session_14161,doc_0493
session_14161,doc_0031
session_14162,doc_0590
session_14162,doc_0549
session_14162,doc_0031
session_14163,doc_0085
session_14163,doc_0055
session_14163,doc_0043
session_14163,doc_0079
session_14164,doc_0235
session_14164,doc_0724
session_14165,doc_0617
session_14166,doc_0331
session_14166,doc_0344
session_14166,doc_0337
session_14167,doc_0031
session_14167,doc_0027
session_14167,doc_0068
session_14168,doc_0063
session_14168,doc_0027
session_14168,doc_0031
session_14168,doc_0093
session_14168,doc_0469
session_14169,doc_0523
session_14169,doc_0502
session_14169,doc_0734
session_14170,doc_0617
session_14170,doc_0618
session_14170,doc_0648
session_14170,doc_0434
session_14171,doc_0331
session_14171,doc_0369
session_14172,doc_0240
session_14173,doc_0796
session_14173,doc_0787
session_14173,doc_0732
session_14173,doc_0512
session_14174,doc_0120
session_14174,doc_0373
session_14175,doc_0683
session_14176,doc_0031
session_14176,doc_0649
session_14177,doc_0870
session_14178,doc_0369
session_14178,doc_0914
session_14179,doc_0293
session_14180,doc_0565
session_14180,doc_0493
session_14181,doc_0884
session_14181,doc_0900
session_14181,doc_0914
session_14181,doc_0902
session_14181,doc_0905
session_14181,doc_0291
session_14182,doc_0673
session_14182,doc_0679
session_14183,doc_0884
session_14183,doc_0898
session_14183,doc_0673
session_14184,doc_0689
session_14184,doc_0641
session_14185,doc_0068
session_14185,doc_0070
session_14185,doc_0096
session_14186,doc_0288
session_14186,doc_0291
session_14187,doc_0271
session_14187,doc_0280
session_14187,doc_0373
session_14187,doc_0386
session_14188,doc_0673
session_14189,doc_0193
session_14189,doc_0113
session_14189,doc_0156
session_14189,doc_0179
session_14189,doc_0148
session_14189,doc_0380
session_14190,doc_0182
session_14191,doc_0618
session_14191,doc_0613
session_14191,doc_0617
session_14191,doc_0083
session_14192,doc_0031
session_14193,doc_0246
session_14194,doc_0148
session_14194,doc_0171
session_14194,doc_0172
session_14194,doc_0310
session_14195,doc_0755
session_14196,doc_0542
session_14197,doc_0420
session_14197,doc_0234
session_14198,doc_0754
session_14198,doc_0871
session_14199,doc_0813
session_14199,doc_0852
session_14199,doc_0835
session_14199,doc_0845
session_14199,doc_0766
session_14200,doc_0565
session_14200,doc_0564
session_14201,doc_0769
session_14201,doc_0754
session_14201,doc_0746
session_14201,doc_0617
session_14201,doc_0634
session_14202,doc_0068
session_14202,doc_0043
session_14202,doc_0518
session_14202,doc_0499
session_14203,doc_0322
session_14204,doc_0412
session_14205,doc_0565
session_14205,doc_0510
session_14205,doc_0712
session_14206,doc_0518
session_14206,doc_0501
session_14207,doc_0448
session_14207,doc_0476
session_14207,doc_0618
session_14208,doc_0810
session_14208,doc_0812
session_14208,doc_0779
session_14209,doc_0400
session_14210,doc_0914
session_14210,doc_0874
session_14210,doc_0884
session_14210,doc_0375
session_14211,doc_0383
session_14212,doc_0364
session_14212,doc_0331
session_14212,doc_0373
session_14213,doc_0792
session_14214,doc_0152
session_14214,doc_0148
session_14215,doc_0469
session_14215,doc_0476
session_14215,doc_0486
session_14216,doc_0515
session_14216,doc_0031
session_14217,doc_0156
session_14217,doc_0144
session_14217,doc_0401
session_14218,doc_0493
session_14219,doc_0181
session_14220,doc_0752
session_14221,doc_0617
session_14221,doc_0618
session_14221,doc_0641
session_14221,doc_0171
session_14222,doc_0857
session_14223,doc_0147
session_14223,doc_0162
session_14223,doc_0502
session_14224,doc_0641
session_14224,doc_0627
session_14224,doc_0462
session_14225,doc_0765
session_14226,doc_0711
session_14226,doc_0673
session_14227,doc_0014
session_14227,doc_0031
session_14228,doc_0172
session_14228,doc_0331
session_14229,doc_0581
session_14230,doc_0859
session_14230,doc_0757
session_14231,doc_0321
session_14232,doc_0406
session_14232,doc_0331
session_14232,doc_0371
session_14232,doc_0676
session_14232,doc_0699
session_14233,doc_0627
session_14233,doc_0617
session_14233,doc_0481
session_14234,doc_0037
session_14235,doc_0105
session_14235,doc_0297
session_14236,doc_0297
session_14237,doc_0735
session_14237,doc_0754
session_14237,doc_0643
session_14238,doc_0477
session_14238,doc_0421
session_14239,doc_0699
session_14240,doc_0068
session_14240,doc_0031
session_14240,doc_0091
session_14240,doc_0011
session_14240,doc_0584
session_14240,doc_0518
session_14241,doc_0084
session_14242,doc_0903
session_14242,doc_0933
session_14242,doc_0902
session_14242,doc_0420
session_14243,doc_0309
session_14243,doc_0291
session_14243,doc_0299
session_14243,doc_0112
session_14243,doc_0125
session_14243,doc_0108
session_14244,doc_0213
session_14244,doc_0235
session_14244,doc_0240
session_14245,doc_0518
session_14246,doc_0467
session_14246,doc_0460
session_14247,doc_0121
session_14247,doc_0148
session_14247,doc_0384
session_14248,doc_0694
session_14248,doc_0689
session_14249,doc_0331
session_14249,doc_0348
session_14249,doc_0381
session_14249,doc_0788
session_14250,doc_0266
session_14250,doc_0291
session_14251,doc_0273
session_14251,doc_0271
session_14251,doc_0296
session_14251,doc_0293
session_14252,doc_0188
session_14253,doc_0412
session_14254,doc_0080
session_14254,doc_0074
session_14255,doc_0384
session_14255,doc_0365
session_14255,doc_0360
session_14256,doc_0148
session_14257,doc_0743
session_14257,doc_0816
session_14258,doc_0474
session_14258,doc_0471
session_14258,doc_0475
session_14259,doc_0454
session_14259,doc_0425
session_14259,doc_0359
session_14259,doc_0344
session_14260,doc_0373
session_14260,doc_0333
session_14260,doc_0898
session_14261,doc_0564
session_14262,doc_0148
session_14262,doc_0127
session_14262,doc_0314
session_14262,doc_0305
session_14263,doc_0148
session_14263,doc_0121
session_14263,doc_0174
session_14263,doc_0120
session_14264,doc_0914
session_14264,doc_0904
session_14265,doc_0143
session_14265,doc_0159
session_14265,doc_0134
session_14266,doc_0246
session_14266,doc_0235
session_14267,doc_0048
session_14267,doc_0058
session_14267,doc_0617
session_14268,doc_0493
session_14268,doc_0569
session_14269,doc_0615
session_14269,doc_0626
session_14269,doc_0617
session_14270,doc_0613
session_14270,doc_0641
session_14271,doc_0014
session_14271,doc_0063
session_14271,doc_0016
session_14272,doc_0476
session_14273,doc_0373
session_14274,doc_0451
session_14274,doc_0448
session_14274,doc_0456
session_14274,doc_0247
session_14275,doc_0564
session_14275,doc_0586
session_14275,doc_0074
session_14276,doc_0832
session_14276,doc_0830
session_14277,doc_0852
session_14277,doc_0812
session_14277,doc_0843
session_14277,doc_0168
session_14278,doc_0235
session_14278,doc_0220
session_14278,doc_0260
session_14279,doc_0235
session_14279,doc_0206
session_14279,doc_0246
session_14279,doc_0243
session_14280,doc_0769
session_14280,doc_0793
session_14280,doc_0501
session_14281,doc_0080
session_14282,doc_0502
session_14283,doc_0472
session_14283,doc_0476
session_14283,doc_0387
session_14283,doc_0331
session_14284,doc_0689
session_14284,doc_0299
session_14285,doc_0476
session_14286,doc_0331
session_14286,doc_0351
session_14286,doc_0401
session_14287,doc_0220
session_14288,doc_0502
session_14288,doc_0063
session_14289,doc_0855
session_14290,doc_0552
session_14290,doc_0660
session_14291,doc_0757
session_14292,doc_0302
session_14292,doc_0322
session_14292,doc_0288
session_14292,doc_0476
session_14293,doc_0656
session_14294,doc_0754
session_14294,doc_0792
session_14295,doc_0844
session_14296,doc_0857
session_14296,doc_0817
session_14296,doc_0852
session_14296,doc_0757
session_14297,doc_0148
session_14297,doc_0155
session_14297,doc_0349
session_14298,doc_0031
session_14298,doc_0331
session_14299,doc_0119
session_14299,doc_0118
session_14299,doc_0183
session_14300,doc_0120
session_14300,doc_0182
session_14301,doc_0471
session_14302,doc_0769
session_14302,doc_0724
session_14302,doc_0757
session_14302,doc_0754
session_14302,doc_0631
session_14303,doc_0504
session_14303,doc_0518
session_14303,doc_0041
session_14304,doc_0916
session_14305,doc_0031
session_14306,doc_0683
session_14306,doc_0692
session_14306,doc_0663
session_14307,doc_0626
session_14307,doc_0621
session_14307,doc_0615
session_14308,doc_0857
session_14308,doc_0851
session_14308,doc_0852
session_14308,doc_0817
session_14308,doc_0754
session_14308,doc_0803
session_14309,doc_0586
session_14309,doc_0581
session_14310,doc_0501
session_14311,doc_0852
session_14311,doc_0815
session_14311,doc_0843
session_14311,doc_0734
session_14311,doc_0795
session_14312,doc_0233
session_14312,doc_0246
session_14312,doc_0627
session_14313,doc_0135
session_14313,doc_0381
session_14314,doc_0518
session_14314,doc_0732
session_14315,doc_0235
session_14315,doc_0229
session_14315,doc_0640
session_14316,doc_0471
session_14316,doc_0476
session_14316,doc_0322
session_14316,doc_0316
session_14317,doc_0658
session_14317,doc_0673
session_14317,doc_0496
session_14318,doc_0184
session_14318,doc_0157
session_14318,doc_0180
session_14319,doc_0291
session_14319,doc_0322
session_14319,doc_0324
session_14319,doc_0314
session_14320,doc_0401
session_14321,doc_0518
session_14321,doc_0492
session_14321,doc_0493
session_14321,doc_0375
session_14322,doc_0148
session_14322,doc_0152
session_14322,doc_0068
session_14323,doc_0243
session_14323,doc_0642
session_14324,doc_0322
session_14324,doc_0311
session_14324,doc_0923
session_14325,doc_0914
session_14325,doc_0910
session_14325,doc_0884
session_14325,doc_0889
session_14325,doc_0666
session_14326,doc_0031
session_14327,doc_0009
session_14328,doc_0392
session_14328,doc_0401
session_14328,doc_0169
session_14328,doc_0133
session_14329,doc_0676
session_14329,doc_0695
session_14329,doc_0882
session_14330,doc_0565
session_14330,doc_0501
session_14331,doc_0261
session_14331,doc_0204
session_14332,doc_0656
session_14333,doc_0394
session_14333,doc_0373
session_14333,doc_0458
session_14334,doc_0322
session_14335,doc_0166
session_14336,doc_0914
session_14337,doc_0246
session_14338,doc_0476
session_14339,doc_0518
session_14339,doc_0504
session_14339,doc_0852
session_14340,doc_0310
session_14341,doc_0048
session_14341,doc_0066
session_14342,doc_0648
session_14342,doc_0644
session_14342,doc_0633
session_14342,doc_0063
session_14343,doc_0063
session_14343,doc_0518
session_14344,doc_0401
session_14344,doc_0136
session_14345,doc_0331
session_14345,doc_0394
session_14345,doc_0374
session_14346,doc_0338
session_14346,doc_0388
session_14346,doc_0118
session_14347,doc_0392
session_14348,doc_0687
session_14348,doc_0695
session_14348,doc_0673
session_14348,doc_0689
session_14349,doc_0063
session_14349,doc_0080
session_14349,doc_0068
session_14349,doc_0031
session_14350,doc_0211
session_14350,doc_0206
session_14350,doc_0197
session_14350,doc_0617
session_14351,doc_0043
session_14351,doc_0031
session_14351,doc_0053
session_14351,doc_0011
session_14352,doc_0651
session_14352,doc_0341
session_14353,doc_0706
session_14354,doc_0814
session_14354,doc_0844
session_14354,doc_0031
session_14355,doc_0120
session_14355,doc_0148
session_14355,doc_0180
session_14355,doc_0189
session_14355,doc_0127
session_14355,doc_0170
session_14356,doc_0031
session_14356,doc_0063
session_14356,doc_0518
session_14357,doc_0276
session_14357,doc_0392
session_14358,doc_0673
session_14358,doc_0642
session_14359,doc_0636
session_14360,doc_0608
session_14361,doc_0914
session_14362,doc_0031
session_14362,doc_0020
session_14363,doc_0770
session_14363,doc_0715
session_14363,doc_0752
session_14363,doc_0901
session_14364,doc_0624
session_14364,doc_0634
session_14364,doc_0617
session_14365,doc_0518
session_14366,doc_0352
session_14366,doc_0334
session_14366,doc_0131
session_14367,doc_0156
session_14367,doc_0152
session_14367,doc_0304
session_14368,doc_0401
session_14368,doc_0362
session_14368,doc_0360
session_14369,doc_0152
session_14369,doc_0192
session_14369,doc_0048
session_14370,doc_0325
session_14370,doc_0772
session_14371,doc_0145
session_14371,doc_0179
session_14372,doc_0502
session_14372,doc_0584
session_14372,doc_0493
session_14372,doc_0754
session_14373,doc_0098
session_14374,doc_0091
session_14375,doc_0655
session_14375,doc_0634
session_14376,doc_0441
session_14376,doc_0459
session_14377,doc_0565
session_14377,doc_0564
session_14377,doc_0557
session_14377,doc_0765
session_14378,doc_0852
session_14378,doc_0381
session_14379,doc_0182
session_14379,doc_0145
session_14379,doc_0153
session_14380,doc_0048
session_14380,doc_0063
session_14380,doc_0021
session_14381,doc_0767
session_14382,doc_0493
session_14382,doc_0565
session_14382,doc_0243
session_14383,doc_0441
session_14383,doc_0476
session_14384,doc_0703
session_14384,doc_0673
session_14384,doc_0683
session_14385,doc_0617
session_14385,doc_0603
session_14385,doc_0606
session_14385,doc_0618
session_14385,doc_0614
session_14385,doc_0598
session_14386,doc_0900
session_14386,doc_0914
session_14386,doc_0920
session_14386,doc_0904
session_14386,doc_0889
session_14387,doc_0174
session_14388,doc_0369
session_14388,doc_0358
session_14388,doc_0732
session_14389,doc_0322
session_14389,doc_0269
session_14389,doc_0331
session_14389,doc_0384
session_14390,doc_0305
session_14390,doc_0311
session_14390,doc_0331
session_14391,doc_0804
session_14392,doc_0203
session_14392,doc_0249
session_14392,doc_0208
session_14392,doc_0206
session_14392,doc_0243
session_14392,doc_0246
session_14393,doc_0790
session_14394,doc_0042
session_14394,doc_0493
session_14395,doc_0592
session_14395,doc_0553
session_14396,doc_0342
session_14396,doc_0369
session_14396,doc_0331
session_14396,doc_0617
session_14397,doc_0495
session_14397,doc_0565
session_14397,doc_0584
session_14398,doc_0279
session_14398,doc_0303
session_14398,doc_0174
session_14399,doc_0369
session_14400,doc_0719
session_14401,doc_0754
session_14402,doc_0055
session_14403,doc_0519
session_14404,doc_0400
session_14404,doc_0386
session_14404,doc_0327
session_14405,doc_0077
session_14405,doc_0617
session_14406,doc_0812
session_14407,doc_0852
session_14408,doc_0310
session_14409,doc_0900
session_14409,doc_0914
session_14409,doc_0884
session_14410,doc_0518
session_14410,doc_0774
session_14411,doc_0179
session_14411,doc_0659
session_14412,doc_0243
session_14412,doc_0224
session_14412,doc_0229
session_14413,doc_0689
session_14414,doc_0160
session_14414,doc_0362
session_14415,doc_0031
session_14415,doc_0495
session_14416,doc_0093
session_14417,doc_0656
session_14417,doc_0679
session_14417,doc_0651
session_14417,doc_0618
session_14417,doc_0625
session_14418,doc_0013
session_14418,doc_0031
session_14419,doc_0469
session_14419,doc_0434
session_14420,doc_0352
session_14420,doc_0385
session_14421,doc_0148
session_14421,doc_0166
session_14421,doc_0180
session_14421,doc_0181
session_14422,doc_0469
session_14423,doc_0163
session_14423,doc_0174
session_14423,doc_0148
session_14423,doc_0152
session_14424,doc_0043
session_14424,doc_0045
session_14424,doc_0077
session_14425,doc_0754
session_14425,doc_0617
session_14426,doc_0373
session_14427,doc_0618
session_14427,doc_0649
session_14427,doc_0615
session_14427,doc_0559
session_14427,doc_0592
session_14427,doc_0555
session_14428,doc_0476
session_14428,doc_0477
session_14429,doc_0476
session_14429,doc_0436
session_14429,doc_0148
session_14430,doc_0914
session_14430,doc_0884
session_14431,doc_0754
session_14431,doc_0762
session_14432,doc_0369
session_14432,doc_0148
session_14433,doc_0396
session_14434,doc_0391
session_14435,doc_0065
session_14435,doc_0031
session_14435,doc_0331
session_14436,doc_0169
session_14436,doc_0148
session_14436,doc_0156
session_14436,doc_0139
session_14436,doc_0112
session_14436,doc_0179
session_14437,doc_0812
session_14438,doc_0146
session_14438,doc_0118
session_14439,doc_0412
session_14440,doc_0639
session_14440,doc_0617
session_14441,doc_0172
session_14441,doc_0132
session_14442,doc_0262
session_14443,doc_0888
session_14443,doc_0914
session_14443,doc_0913
session_14444,doc_0673
session_14444,doc_0702
session_14444,doc_0701
session_14444,doc_0369
session_14445,doc_0626
session_14445,doc_0618
session_14446,doc_0311
session_14446,doc_0801
session_14447,doc_0177
session_14447,doc_0120
session_14448,doc_0927
session_14448,doc_0917
session_14448,doc_0914
session_14449,doc_0031
session_14449,doc_0080
session_14450,doc_0617
session_14451,doc_0038
session_14451,doc_0031
session_14451,doc_0046
session_14452,doc_0028
session_14453,doc_0852
session_14453,doc_0754
session_14454,doc_0608
session_14455,doc_0043
session_14456,doc_0200
session_14456,doc_0624
session_14457,doc_0833
session_14458,doc_0269
session_14459,doc_0163
session_14459,doc_0185
session_14459,doc_0148
session_14459,doc_0180
session_14459,doc_0179
session_14460,doc_0852
session_14461,doc_0532
session_14461,doc_0565
session_14462,doc_0919
session_14462,doc_0905
session_14462,doc_0914
session_14462,doc_0902
session_14463,doc_0401
session_14463,doc_0377
session_14463,doc_0394
session_14463,doc_0348
session_14464,doc_0359
session_14464,doc_0331
session_14464,doc_0148
session_14464,doc_0120
session_14465,doc_0322
session_14465,doc_0297
session_14465,doc_0316
session_14465,doc_0276
session_14465,doc_0169
session_14466,doc_0469
session_14466,doc_0434
session_14466,doc_0476
session_14467,doc_0493
session_14467,doc_0551
session_14467,doc_0031
session_14467,doc_0079
session_14468,doc_0914
session_14469,doc_0019
session_14469,doc_0031
session_14469,doc_0068
session_14469,doc_0036
session_14470,doc_0518
session_14470,doc_0540
session_14471,doc_0126
session_14471,doc_0180
session_14471,doc_0303
session_14471,doc_0308
session_14472,doc_0235
session_14473,doc_0234
session_14473,doc_0434
session_14474,doc_0305
session_14474,doc_0322
session_14474,doc_0269
session_14474,doc_0264
session_14474,doc_0303
session_14474,doc_0179
session_14475,doc_0501
session_14475,doc_0590
session_14475,doc_0046
session_14476,doc_0011
session_14476,doc_0617
session_14477,doc_0673
session_14477,doc_0369
session_14478,doc_0461
session_14478,doc_0412
session_14479,doc_0471
session_14479,doc_0437
session_14479,doc_0469
session_14479,doc_0440
session_14479,doc_0428
session_14479,doc_0914
session_14480,doc_0229
session_14480,doc_0243
session_14480,doc_0220
session_14480,doc_0626
session_14481,doc_0246
session_14482,doc_0720
session_14482,doc_0774
session_14482,doc_0783
session_14482,doc_0754
session_14483,doc_0453
session_14483,doc_0569
session_14484,doc_0331
session_14484,doc_0376
session_14485,doc_0063
session_14486,doc_0706
session_14487,doc_0774
session_14487,doc_0754
session_14487,doc_0793
session_14488,doc_0041
session_14488,doc_0042
session_14488,doc_0031
session_14488,doc_0757
session_14489,doc_0620
session_14490,doc_0467
session_14490,doc_0451
session_14490,doc_0464
session_14490,doc_0235
session_14491,doc_0878
session_14491,doc_0914
session_14492,doc_0501
session_14492,doc_0535
session_14492,doc_0502
session_14492,doc_0520
session_14492,doc_0565
session_14493,doc_0852
session_14493,doc_0870
session_14493,doc_0824
session_14493,doc_0843
session_14494,doc_0565
session_14494,doc_0501
session_14494,doc_0332
session_14495,doc_0804
session_14495,doc_0830
session_14496,doc_0914
session_14496,doc_0857
session_14497,doc_0617
session_14497,doc_0699
session_14498,doc_0615
session_14499,doc_0305
session_14499,doc_0148
session_14500,doc_0754
session_14500,doc_0294
session_14501,doc_0284
session_14501,doc_0316
session_14501,doc_0152
session_14502,doc_0027
session_14503,doc_0780
session_14503,doc_0754
session_14504,doc_0091
session_14504,doc_0011
session_14504,doc_0031
session_14504,doc_0564
session_14505,doc_0884
session_14505,doc_0914
session_14505,doc_0905
session_14505,doc_0895
session_14506,doc_0621
session_14506,doc_0618
session_14506,doc_0031
session_14507,doc_0493
session_14508,doc_0763
session_14508,doc_0795
session_14508,doc_0754
session_14509,doc_0364
session_14509,doc_0369
session_14510,doc_0754
session_14511,doc_0469
session_14512,doc_0031
session_14512,doc_0001
session_14512,doc_0617
session_14513,doc_0360
session_14513,doc_0401
session_14513,doc_0396
session_14513,doc_0331
session_14514,doc_0148
session_14515,doc_0536
session_14516,doc_0542
session_14516,doc_0566
session_14516,doc_0063
session_14517,doc_0850
session_14517,doc_0831
session_14517,doc_0804
session_14518,doc_0031
session_14519,doc_0673
session_14519,doc_0331
session_14520,doc_0579
session_14520,doc_0532
session_14520,doc_0714
session_14521,doc_0020
session_14522,doc_0735
session_14523,doc_0645
session_14524,doc_0843
session_14524,doc_0810
session_14524,doc_0754
session_14525,doc_0331
session_14526,doc_0627
session_14527,doc_0565
session_14527,doc_0502
session_14527,doc_0550
session_14527,doc_0558
session_14527,doc_0641
session_14528,doc_0617
session_14529,doc_0641
session_14529,doc_0617
session_14529,doc_0639
session_14529,doc_0045
session_14529,doc_0042
session_14530,doc_0373
session_14530,doc_0352
session_14530,doc_0633
session_14531,doc_0358
session_14531,doc_0331
session_14531,doc_0381
session_14532,doc_0754
session_14532,doc_0617
session_14533,doc_0488
session_14533,doc_0565
session_14534,doc_0148
session_14534,doc_0152
session_14534,doc_0179
session_14535,doc_0112
session_14535,doc_0182
session_14535,doc_0280
session_14536,doc_0754
session_14537,doc_0627
session_14537,doc_0617
session_14537,doc_0469
session_14538,doc_0369
session_14538,doc_0331
session_14539,doc_0744
session_14539,doc_0754
session_14539,doc_0762
session_14539,doc_0596
session_14540,doc_0656
session_14540,doc_0701
session_14540,doc_0699
session_14540,doc_0540
session_14541,doc_0235
session_14542,doc_0472
session_14542,doc_0476
session_14542,doc_0243
session_14543,doc_0810
session_14543,doc_0331
session_14544,doc_0229
session_14544,doc_0209
session_14544,doc_0246
session_14545,doc_0884
session_14546,doc_0471
session_14546,doc_0688
session_14547,doc_0031
session_14547,doc_0590
session_14548,doc_0412
session_14548,doc_0419
session_14548,doc_0443
session_14548,doc_0921
session_14548,doc_0910
session_14549,doc_0732
session_14550,doc_0248
session_14550,doc_0235
session_14550,doc_0213
session_14551,doc_0621
session_14552,doc_0068
session_14552,doc_0047
session_14552,doc_0005
session_14552,doc_0031
session_14553,doc_0119
session_14553,doc_0179
session_14554,doc_0769
session_14555,doc_0658
session_14555,doc_0207
session_14556,doc_0683
session_14557,doc_0871
session_14557,doc_0852
session_14557,doc_0754
session_14558,doc_0802
session_14558,doc_0297
session_14559,doc_0876
session_14560,doc_0168
session_14561,doc_0238
session_14561,doc_0246
session_14561,doc_0207
session_14562,doc_0015
session_14563,doc_0346
session_14563,doc_0362
session_14563,doc_0392
session_14563,doc_0401
session_14563,doc_0934
session_14563,doc_0917
session_14564,doc_0469
session_14565,doc_0182
session_14566,doc_0469
session_14566,doc_0456
session_14567,doc_0474
session_14567,doc_0431
session_14567,doc_0437
session_14567,doc_0626
session_14567,doc_0621
session_14568,doc_0769
session_14568,doc_0790
session_14568,doc_0171
session_14569,doc_0229
session_14569,doc_0258
session_14569,doc_0246
session_14569,doc_0602
session_14570,doc_0803
session_14570,doc_0754
session_14571,doc_0040
session_14572,doc_0535
session_14573,doc_0437
session_14573,doc_0455
session_14573,doc_0444
session_14573,doc_0235
session_14574,doc_0754
session_14574,doc_0761
session_14574,doc_0439
session_14575,doc_0148
session_14575,doc_0041
session_14576,doc_0673
session_14576,doc_0656
session_14576,doc_0653
session_14576,doc_0327
session_14576,doc_0402
session_14577,doc_0900
session_14578,doc_0621
session_14579,doc_0769
session_14579,doc_0728
session_14579,doc_0754
session_14579,doc_0871
session_14580,doc_0148
session_14580,doc_0126
session_14581,doc_0322
session_14582,doc_0182
session_14582,doc_0184
session_14582,doc_0152
session_14583,doc_0243
session_14584,doc_0914
session_14585,doc_0152
session_14586,doc_0293
session_14586,doc_0283
session_14586,doc_0152
session_14587,doc_0046
session_14587,doc_0092
session_14587,doc_0496
session_14588,doc_0673
session_14588,doc_0843
session_14589,doc_0330
session_14589,doc_0476
session_14590,doc_0860
session_14591,doc_0055
session_14591,doc_0031
session_14591,doc_0052
session_14591,doc_0761
session_14592,doc_0412
session_14592,doc_0441
session_14592,doc_0619
session_14593,doc_0493
session_14594,doc_0031
session_14594,doc_0048
session_14595,doc_0476
session_14595,doc_0553
session_14596,doc_0634
session_14596,doc_0613
session_14597,doc_0331
session_14598,doc_0063
session_14598,doc_0518
session_14599,doc_0031
session_14599,doc_0068
session_14599,doc_0594
session_14600,doc_0322
session_14600,doc_0321
session_14600,doc_0297
session_14601,doc_0695
session_14601,doc_0388
session_14602,doc_0900
session_14603,doc_0156
session_14603,doc_0126
session_14603,doc_0293
session_14604,doc_0496
session_14604,doc_0584
session_14604,doc_0720
session_14605,doc_0898
session_14605,doc_0904
session_14606,doc_0666
session_14607,doc_0888
session_14607,doc_0912
session_14607,doc_0886
session_14607,doc_0676
session_14608,doc_0373
session_14608,doc_0336
session_14609,doc_0384
session_14609,doc_0355
session_14609,doc_0333
session_14609,doc_0156
session_14609,doc_0177
session_14610,doc_0852
session_14610,doc_0857
session_14611,doc_0118
session_14611,doc_0152
session_14611,doc_0146
session_14611,doc_0493
session_14612,doc_0658
session_14613,doc_0493
session_14613,doc_0544
session_14613,doc_0518
session_14613,doc_0063
session_14613,doc_0095
session_14614,doc_0248
session_14614,doc_0235
session_14614,doc_0243
session_14614,doc_0476
session_14614,doc_0472
session_14615,doc_0291
session_14615,doc_0322
session_14615,doc_0287
session_14615,doc_0373
session_14616,doc_0693
session_14616,doc_0703
session_14617,doc_0156
session_14618,doc_0565
session_14618,doc_0322
session_14619,doc_0310
session_14619,doc_0291
session_14619,doc_0933
session_14620,doc_0353
session_14620,doc_0328
session_14620,doc_0656
session_14621,doc_0234
session_14621,doc_0235
session_14621,doc_0261
session_14621,doc_0422
session_14622,doc_0843
session_14622,doc_0309
session_14623,doc_0858
session_14623,doc_0806
session_14624,doc_0542
session_14624,doc_0586
session_14624,doc_0518
session_14625,doc_0476
session_14625,doc_0448
session_14625,doc_0441
session_14625,doc_0392
session_14626,doc_0331
session_14626,doc_0369
session_14627,doc_0297
session_14627,doc_0319
session_14627,doc_0290
session_14628,doc_0148
session_14628,doc_0152
session_14628,doc_0182
session_14629,doc_0451
session_14630,doc_0429
session_14630,doc_0441
session_14630,doc_0412
session_14631,doc_0673
session_14631,doc_0676
session_14631,doc_0384
session_14632,doc_0261
session_14632,doc_0237
session_14632,doc_0413
session_14633,doc_0273
session_14633,doc_0238
session_14634,doc_0618
session_14634,doc_0627
session_14634,doc_0615
session_14634,doc_0594
session_14635,doc_0148
session_14636,doc_0421
session_14636,doc_0431
session_14636,doc_0471
session_14637,doc_0570
session_14638,doc_0517
session_14639,doc_0565
session_14639,doc_0518
session_14640,doc_0543
session_14640,doc_0493
session_14640,doc_0036
session_14641,doc_0297
session_14641,doc_0295
session_14641,doc_0299
session_14641,doc_0322
session_14641,doc_0373
session_14641,doc_0357
session_14642,doc_0840
session_14642,doc_0845
session_14642,doc_0871
session_14642,doc_0852
session_14642,doc_0754
session_14643,doc_0156
session_14643,doc_0412
session_14644,doc_0031
session_14645,doc_0123
session_14645,doc_0156
session_14645,doc_0120
session_14645,doc_0050
session_14646,doc_0399
session_14646,doc_0331
session_14647,doc_0564
session_14647,doc_0590
session_14647,doc_0489
session_14647,doc_0791
session_14648,doc_0524
session_14649,doc_0765
session_14650,doc_0152
session_14650,doc_0112
session_14650,doc_0118
session_14650,doc_0179
session_14651,doc_0048
session_14652,doc_0243
session_14653,doc_0317
session_14654,doc_0910
session_14654,doc_0902
session_14654,doc_0928
session_14654,doc_0914
session_14655,doc_0547
session_14655,doc_0590
session_14655,doc_0573
session_14655,doc_0910
session_14656,doc_0857
session_14656,doc_0825
session_14657,doc_0870
session_14658,doc_0023
session_14658,doc_0068
session_14658,doc_0043
session_14659,doc_0858
session_14659,doc_0818
session_14659,doc_0731
session_14660,doc_0787
session_14661,doc_0182
session_14661,doc_0322
session_14662,doc_0088
session_14662,doc_0595
session_14663,doc_0119
session_14663,doc_0148
session_14663,doc_0151
session_14664,doc_0852
session_14664,doc_0857
session_14664,doc_0829
session_14664,doc_0870
session_14664,doc_0804
session_14665,doc_0031
session_14665,doc_0034
session_14665,doc_0433
session_14666,doc_0381
session_14666,doc_0331
session_14666,doc_0373
session_14666,doc_0631
session_14667,doc_0610
session_14667,doc_0621
session_14667,doc_0633
session_14667,doc_0644
session_14668,doc_0031
session_14669,doc_0574
session_14669,doc_0586
session_14670,doc_0017
session_14670,doc_0086
session_14670,doc_0021
session_14671,doc_0902
session_14671,doc_0913
session_14672,doc_0373
session_14673,doc_0673
session_14673,doc_0689
session_14673,doc_0698
session_14673,doc_0697
session_14673,doc_0653
session_14674,doc_0371
session_14675,doc_0864
session_14675,doc_0843
session_14675,doc_0810
session_14675,doc_0027
session_14676,doc_0608
session_14677,doc_0342
session_14678,doc_0917
session_14679,doc_0931
session_14679,doc_0892
session_14680,doc_0921
session_14680,doc_0884
session_14680,doc_0919
session_14680,doc_0402
session_14681,doc_0728
session_14682,doc_0328
session_14682,doc_0402
session_14682,doc_0369
session_14683,doc_0381
session_14683,doc_0337
session_14684,doc_0314
session_14684,doc_0163
session_14685,doc_0299
session_14685,doc_0152
session_14686,doc_0617
session_14686,doc_0618
session_14686,doc_0063
session_14687,doc_0327
session_14688,doc_0041
session_14688,doc_0063
session_14688,doc_0091
session_14688,doc_0019
session_14689,doc_0476
session_14689,doc_0487
session_14690,doc_0703
session_14690,doc_0699
session_14690,doc_0650
session_14691,doc_0428
session_14691,doc_0469
session_14691,doc_0412
session_14691,doc_0912
session_14692,doc_0774
session_14692,doc_0618
session_14693,doc_0618
session_14693,doc_0641
session_14694,doc_0017
session_14694,doc_0048
session_14694,doc_0098
session_14695,doc_0068
session_14695,doc_0031
session_14696,doc_0512
session_14697,doc_0625
session_14697,doc_0640
session_14697,doc_0621
session_14697,doc_0068
session_14698,doc_0905
session_14699,doc_0148
session_14699,doc_0309
session_14700,doc_0412
session_14700,doc_0434
session_14701,doc_0428
session_14701,doc_0475
session_14702,doc_0634
session_14702,doc_0486
session_14703,doc_0263
session_14703,doc_0207
session_14704,doc_0043
session_14704,doc_0011
session_14705,doc_0322
session_14705,doc_0316
session_14706,doc_0843
session_14706,doc_0852
session_14707,doc_0031
session_14708,doc_0086
session_14708,doc_0651
session_14709,doc_0497
session_14709,doc_0584
session_14709,doc_0565
session_14709,doc_0510
session_14710,doc_0817
session_14710,doc_0868
session_14710,doc_0852
session_14710,doc_0783
session_14711,doc_0547
session_14711,doc_0555
session_14712,doc_0764
session_14712,doc_0803
session_14712,doc_0777
session_14712,doc_0794
session_14713,doc_0291
session_14713,doc_0296
session_14714,doc_0905
session_14715,doc_0112
session_14715,doc_0148
session_14715,doc_0118
session_14715,doc_0032
session_14716,doc_0803
session_14717,doc_0068
session_14718,doc_0331
session_14718,doc_0689
session_14719,doc_0152
session_14719,doc_0182
session_14719,doc_0170
session_14719,doc_0383
session_14720,doc_0857
session_14721,doc_0197
session_14722,doc_0820
session_14722,doc_0843
session_14722,doc_0852
session_14723,doc_0458
session_14723,doc_0469
session_14723,doc_0476
session_14724,doc_0331
session_14724,doc_0334
session_14724,doc_0352
session_14724,doc_0406
session_14725,doc_0381
session_14725,doc_0362
session_14725,doc_0615
session_14726,doc_0481
session_14726,doc_0235
session_14727,doc_0884
session_14727,doc_0902
session_14728,doc_0732
session_14728,doc_0417
session_14729,doc_0246
session_14729,doc_0618
session_14730,doc_0676
session_14730,doc_0661
session_14730,doc_0700
session_14731,doc_0220
session_14732,doc_0031
session_14732,doc_0618
session_14733,doc_0437
session_14733,doc_0695
session_14734,doc_0584
session_14735,doc_0158
session_14735,doc_0118
session_14735,doc_0322
session_14736,doc_0290
session_14736,doc_0303
session_14736,doc_0803
session_14737,doc_0521
session_14738,doc_0642
session_14738,doc_0641
session_14739,doc_0182
session_14739,doc_0148
session_14739,doc_0131
session_14739,doc_0327
session_14740,doc_0148
session_14740,doc_0138
session_14740,doc_0121
session_14740,doc_0155
session_14740,doc_0689
session_14740,doc_0676
session_14741,doc_0091
session_14741,doc_0041
session_14741,doc_0617
session_14741,doc_0616
session_14742,doc_0322
session_14742,doc_0291
session_14742,doc_0293
session_14743,doc_0163
session_14743,doc_0148
session_14743,doc_0120
session_14743,doc_0322
session_14743,doc_0299
session_14744,doc_0752
session_14745,doc_0518
session_14745,doc_0508
session_14746,doc_0280
session_14746,doc_0305
session_14746,doc_0848
session_14747,doc_0752
session_14748,doc_0363
session_14749,doc_0373
session_14749,doc_0331
session_14749,doc_0362
session_14749,doc_0401
session_14749,doc_0400
session_14749,doc_0403
session_14750,doc_0804
session_14751,doc_0501
session_14751,doc_0502
session_14751,doc_0871
session_14752,doc_0890
session_14753,doc_0862
session_14753,doc_0845
session_14754,doc_0701
session_14754,doc_0673
session_14755,doc_0557
session_14755,doc_0518
session_14756,doc_0641
session_14757,doc_0161
session_14757,doc_0148
session_14757,doc_0188
session_14757,doc_0280
session_14758,doc_0702
session_14759,doc_0700
session_14759,doc_0676
session_14759,doc_0658
session_14759,doc_0661
session_14759,doc_0331
session_14760,doc_0248
session_14760,doc_0596
session_14761,doc_0248
session_14761,doc_0226
session_14761,doc_0845
session_14762,doc_0381
session_14763,doc_0642
session_14763,doc_0641
session_14763,doc_0618
session_14763,doc_0615
session_14764,doc_0259
session_14764,doc_0235
session_14764,doc_0260
session_14765,doc_0243
session_14766,doc_0817
session_14766,doc_0810
session_14767,doc_0031
session_14767,doc_0618
session_14768,doc_0469
session_14768,doc_0914
session_14769,doc_0350
session_14769,doc_0881
session_14770,doc_0291
session_14771,doc_0703
session_14771,doc_0697
session_14771,doc_0689
session_14771,doc_0705
session_14771,doc_0673
session_14771,doc_0373
session_14772,doc_0291
session_14773,doc_0400
session_14773,doc_0403
session_14773,doc_0148
session_14774,doc_0878
session_14774,doc_0914
session_14774,doc_0902
session_14774,doc_0412
session_14775,doc_0517
session_14775,doc_0586
session_14775,doc_0550
session_14776,doc_0148
session_14776,doc_0179
session_14776,doc_0421
session_14777,doc_0469
session_14777,doc_0411
session_14777,doc_0471
session_14777,doc_0092
session_14778,doc_0673
session_14778,doc_0689
session_14778,doc_0706
session_14778,doc_0703
session_14779,doc_0193
session_14779,doc_0145
session_14779,doc_0310
session_14780,doc_0843
session_14780,doc_0815
session_14780,doc_0852
session_14780,doc_0800
session_14781,doc_0476
session_14781,doc_0450
session_14782,doc_0617
session_14782,doc_0428
session_14783,doc_0029
session_14783,doc_0011
session_14783,doc_0048
session_14783,doc_0541
session_14784,doc_0502
session_14784,doc_0002
session_14785,doc_0046
session_14785,doc_0034
session_14785,doc_0036
session_14785,doc_0063
session_14785,doc_0032
session_14786,doc_0754
session_14787,doc_0914
session_14788,doc_0331
session_14788,doc_0027
session_14789,doc_0098
session_14789,doc_0011
session_14789,doc_0048
session_14789,doc_0043
session_14790,doc_0634
session_14790,doc_0612
session_14790,doc_0412
session_14791,doc_0871
session_14791,doc_0757
session_14792,doc_0426
session_14792,doc_0434
session_14792,doc_0476
session_14793,doc_0235
session_14794,doc_0618
session_14795,doc_0395
session_14795,doc_0401
session_14795,doc_0381
session_14795,doc_0917
session_14796,doc_0159
session_14796,doc_0401
session_14797,doc_0644
session_14798,doc_0774
session_14798,doc_0763
session_14798,doc_0807
session_14799,doc_0224
session_14799,doc_0243
session_14799,doc_0232
session_14799,doc_0793
session_14799,doc_0757
session_14800,doc_0599
session_14801,doc_0689
session_14802,doc_0509
session_14802,doc_0540
session_14802,doc_0551
session_14802,doc_0493
session_14803,doc_0656
session_14803,doc_0902
session_14804,doc_0041
session_14804,doc_0020
session_14804,doc_0031
session_14804,doc_0068
session_14805,doc_0726
session_14806,doc_0829
session_14806,doc_0818
session_14807,doc_0461
session_14807,doc_0412
session_14807,doc_0299
session_14808,doc_0303
session_14808,doc_0322
session_14808,doc_0373
session_14809,doc_0617
session_14809,doc_0625
session_14810,doc_0285
session_14810,doc_0291
session_14810,doc_0152
session_14811,doc_0564
session_14811,doc_0518
session_14811,doc_0584
session_14812,doc_0011
session_14813,doc_0615
session_14814,doc_0469
session_14814,doc_0487
session_14814,doc_0247
session_14815,doc_0235
session_14815,doc_0203
session_14815,doc_0201
session_14816,doc_0757
session_14816,doc_0031
session_14817,doc_0870
session_14817,doc_0816
session_14817,doc_0235
session_14818,doc_0617
session_14819,doc_0235
session_14819,doc_0229
session_14819,doc_0238
session_14819,doc_0237
session_14819,doc_0843
session_14819,doc_0872
session_14820,doc_0763
session_14820,doc_0629
session_14821,doc_0179
session_14821,doc_0169
session_14821,doc_0615
session_14821,doc_0611
session_14822,doc_0182
session_14823,doc_0765
session_14824,doc_0225
session_14825,doc_0439
session_14826,doc_0673
session_14827,doc_0862
session_14828,doc_0333
session_14828,doc_0373
session_14829,doc_0673
session_14830,doc_0518
session_14830,doc_0754
session_14831,doc_0307
session_14831,doc_0297
session_14832,doc_0644
session_14832,doc_0613
session_14832,doc_0624
session_14832,doc_0621
session_14833,doc_0858
session_14833,doc_0852
session_14833,doc_0830
session_14833,doc_0841
session_14834,doc_0504
session_14835,doc_0804
session_14835,doc_0870
session_14835,doc_0852
session_14835,doc_0843
session_14835,doc_0322
session_14836,doc_0031
session_14836,doc_0063
session_14836,doc_0048
session_14836,doc_0322
session_14837,doc_0181
session_14837,doc_0180
session_14837,doc_0152
session_14838,doc_0754
session_14838,doc_0752
session_14839,doc_0304
session_14840,doc_0276
session_14841,doc_0369
session_14841,doc_0370
session_14841,doc_0331
session_14841,doc_0384
session_14842,doc_0182
session_14842,doc_0192
session_14842,doc_0148
session_14842,doc_0179
session_14842,doc_0163
session_14842,doc_0402
session_14843,doc_0119
session_14844,doc_0756
session_14844,doc_0776
session_14844,doc_0870
session_14845,doc_0903
session_14846,doc_0852
session_14846,doc_0261
session_14847,doc_0673
session_14847,doc_0702
session_14848,doc_0092
session_14848,doc_0043
session_14849,doc_0518
session_14849,doc_0561
session_14850,doc_0757
session_14850,doc_0493
session_14851,doc_0546
session_14851,doc_0579
session_14851,doc_0437
session_14852,doc_0469
session_14853,doc_0421
session_14853,doc_0487
session_14854,doc_0757
session_14854,doc_0802
session_14855,doc_0803
session_14855,doc_0752
session_14856,doc_0518
session_14856,doc_0586
session_14856,doc_0510
session_14857,doc_0476
session_14858,doc_0201
session_14859,doc_0331
session_14859,doc_0118
session_14860,doc_0031
session_14860,doc_0048
session_14860,doc_0011
session_14861,doc_0860
session_14861,doc_0867
session_14862,doc_0903
session_14862,doc_0884
session_14862,doc_0654
session_14863,doc_0858
session_14863,doc_0754
session_14864,doc_0815
session_14864,doc_0858
session_14864,doc_0840
session_14865,doc_0795
session_14865,doc_0732
session_14865,doc_0724
session_14865,doc_0776
session_14865,doc_0240
session_14866,doc_0107
session_14866,doc_0156
session_14866,doc_0179
session_14867,doc_0648
session_14868,doc_0331
session_14868,doc_0502
session_14869,doc_0238
session_14869,doc_0235
session_14869,doc_0248
session_14869,doc_0263
session_14870,doc_0382
session_14870,doc_0373
session_14871,doc_0068
session_14871,doc_0101
session_14871,doc_0048
session_14872,doc_0606
session_14872,doc_0631
session_14872,doc_0618
session_14872,doc_0627
session_14873,doc_0223
session_14873,doc_0206
session_14874,doc_0235
session_14874,doc_0331
session_14875,doc_0322
session_14875,doc_0305
session_14875,doc_0300
session_14875,doc_0276
session_14876,doc_0889
session_14876,doc_0893
session_14876,doc_0914
session_14877,doc_0322
session_14877,doc_0337
session_14878,doc_0656
session_14878,doc_0657
session_14878,doc_0704
session_14878,doc_0659
session_14878,doc_0596
session_14879,doc_0843
session_14880,doc_0243
session_14880,doc_0235
session_14880,doc_0207
session_14880,doc_0260
session_14880,doc_0246
session_14881,doc_0322
session_14881,doc_0313
session_14881,doc_0325
session_14881,doc_0331
session_14881,doc_0381
session_14882,doc_0182
session_14882,doc_0152
session_14882,doc_0386
session_14883,doc_0116
session_14883,doc_0112
session_14883,doc_0156
session_14884,doc_0534
session_14884,doc_0063
session_14885,doc_0627
session_14886,doc_0641
session_14886,doc_0621
session_14886,doc_0260
session_14887,doc_0900
session_14887,doc_0884
session_14887,doc_0392
session_14888,doc_0182
session_14889,doc_0589
session_14890,doc_0673
session_14890,doc_0689
session_14891,doc_0658
session_14891,doc_0689
session_14891,doc_0373
session_14892,doc_0732
session_14892,doc_0754
session_14892,doc_0774
session_14893,doc_0673
session_14894,doc_0004
session_14894,doc_0577
session_14895,doc_0641
session_14895,doc_0621
session_14895,doc_0618
session_14895,doc_0617
session_14895,doc_0127
session_14895,doc_0148
session_14896,doc_0012
session_14896,doc_0009
session_14897,doc_0538
session_14897,doc_0493
session_14897,doc_0518
session_14898,doc_0179
session_14898,doc_0119
session_14898,doc_0331
session_14899,doc_0337
session_14899,doc_0331
session_14900,doc_0322
session_14900,doc_0305
session_14900,doc_0266
session_14900,doc_0331
session_14900,doc_0339
session_14900,doc_0373
session_14901,doc_0820
session_14902,doc_0769
session_14902,doc_0757
session_14903,doc_0148
session_14903,doc_0142
session_14903,doc_0181
session_14904,doc_0031
session_14904,doc_0009
session_14905,doc_0044
session_14906,doc_0285
session_14906,doc_0317
session_14906,doc_0126
session_14906,doc_0112
session_14907,doc_0204
session_14907,doc_0229
session_14907,doc_0196
session_14907,doc_0235
session_14908,doc_0912
session_14908,doc_0904
session_14909,doc_0878
session_14909,doc_0884
session_14909,doc_0905
session_14910,doc_0627
session_14911,doc_0546
session_14911,doc_0322
session_14912,doc_0197
session_14912,doc_0204
session_14912,doc_0261
session_14912,doc_0239
session_14913,doc_0615
session_14913,doc_0617
session_14914,doc_0502
session_14914,doc_0518
session_14914,doc_0048
session_14915,doc_0913
session_14915,doc_0774
session_14916,doc_0373
session_14916,doc_0390
session_14917,doc_0617
session_14918,doc_0441
session_14918,doc_0618
session_14919,doc_0618
session_14919,doc_0068
session_14920,doc_0712
session_14920,doc_0654
session_14921,doc_0322
session_14922,doc_0661
session_14922,doc_0689
session_14922,doc_0441
session_14923,doc_0833
session_14924,doc_0904
session_14924,doc_0900
session_14925,doc_0754
session_14925,doc_0732
session_14926,doc_0587
session_14926,doc_0592
session_14926,doc_0525
session_14926,doc_0565
session_14926,doc_0757
session_14927,doc_0569
session_14927,doc_0492
session_14927,doc_0799
session_14927,doc_0783
session_14928,doc_0676
session_14928,doc_0692
session_14928,doc_0682
session_14928,doc_0659
session_14929,doc_0802
session_14929,doc_0732
session_14929,doc_0752
session_14929,doc_0767
session_14930,doc_0754
session_14930,doc_0773
session_14930,doc_0812
session_14931,doc_0598
session_14932,doc_0654
session_14932,doc_0458
session_14933,doc_0025
session_14933,doc_0031
session_14934,doc_0119
session_14934,doc_0756
session_14935,doc_0394
session_14935,doc_0364
session_14935,doc_0339
session_14935,doc_0360
session_14936,doc_0623
session_14936,doc_0769
session_14937,doc_0869
session_14937,doc_0812
session_14937,doc_0871
session_14937,doc_0857
session_14937,doc_0063
session_14938,doc_0059
session_14938,doc_0031
session_14939,doc_0041
session_14939,doc_0597
session_14940,doc_0518
session_14941,doc_0200
session_14941,doc_0235
session_14941,doc_0208
session_14941,doc_0229
session_14941,doc_0211
session_14941,doc_0487
session_14942,doc_0054
session_14942,doc_0068
session_14943,doc_0547
session_14944,doc_0904
session_14944,doc_0905
session_14944,doc_0331
session_14944,doc_0373
session_14945,doc_0297
session_14946,doc_0031
session_14947,doc_0909
session_14947,doc_0889
session_14947,doc_0905
session_14947,doc_0763
session_14948,doc_0059
session_14948,doc_0101
session_14948,doc_0043
session_14948,doc_0057
session_14948,doc_0041
session_14948,doc_0804
session_14949,doc_0754
session_14949,doc_0757
session_14950,doc_0695
session_14950,doc_0708
session_14950,doc_0673
session_14951,doc_0276
session_14951,doc_0321
session_14952,doc_0575
session_14953,doc_0507
session_14954,doc_0871
session_14954,doc_0907
session_14955,doc_0206
session_14955,doc_0246
session_14955,doc_0235
session_14956,doc_0879
session_14956,doc_0905
session_14956,doc_0907
session_14957,doc_0852
session_14957,doc_0428
session_14958,doc_0239
session_14958,doc_0850
session_14959,doc_0381
session_14960,doc_0001
session_14960,doc_0050
session_14961,doc_0043
session_14961,doc_0063
session_14961,doc_0077
session_14961,doc_0031
session_14961,doc_0618
session_14962,doc_0845
session_14962,doc_0754
session_14963,doc_0331
session_14963,doc_0360
session_14963,doc_0371
session_14964,doc_0795
session_14964,doc_0617
session_14965,doc_0617
session_14966,doc_0800
session_14966,doc_0774
session_14966,doc_0297
session_14967,doc_0754
session_14967,doc_0723
session_14968,doc_0857
session_14968,doc_0822
session_14969,doc_0754
session_14969,doc_0764
session_14969,doc_0756
session_14969,doc_0757
session_14970,doc_0844
session_14970,doc_0843
session_14970,doc_0859
session_14970,doc_0857
session_14970,doc_0810
session_14970,doc_0493
session_14971,doc_0605
session_14972,doc_0350
session_14972,doc_0381
session_14972,doc_0401
session_14972,doc_0331
session_14973,doc_0506
session_14973,doc_0591
session_14973,doc_0518
session_14973,doc_0510
session_14973,doc_0074
session_14974,doc_0458
session_14974,doc_0469
session_14974,doc_0412
session_14975,doc_0346
session_14975,doc_0388
session_14975,doc_0403
session_14976,doc_0027
session_14976,doc_0091
session_14976,doc_0092
session_14976,doc_0048
session_14977,doc_0476
session_14977,doc_0434
session_14977,doc_0354
session_14978,doc_0331
session_14978,doc_0373
session_14978,doc_0346
session_14978,doc_0921
session_14979,doc_0267
session_14979,doc_0285
session_14979,doc_0297
session_14979,doc_0287
session_14979,doc_0469
session_14979,doc_0473
session_14980,doc_0673
session_14980,doc_0709
session_14980,doc_0656
session_14980,doc_0699
session_14980,doc_0653
session_14980,doc_0536
session_14981,doc_0469
session_14981,doc_0453
session_14981,doc_0476
session_14981,doc_0401
session_14982,doc_0046
session_14982,doc_0075
session_14982,doc_0029
session_14982,doc_0502
session_14983,doc_0677
session_14984,doc_0627
session_14984,doc_0623
session_14984,doc_0617
session_14985,doc_0077
session_14985,doc_0001
session_14985,doc_0076
session_14985,doc_0613
session_14986,doc_0316
session_14986,doc_0273
session_14987,doc_0801
session_14987,doc_0730
session_14987,doc_0795
session_14987,doc_0757
session_14987,doc_0857
session_14988,doc_0852
session_14988,doc_0858
session_14988,doc_0799
session_14989,doc_0831
session_14989,doc_0843
session_14990,doc_0384
session_14991,doc_0783
session_14991,doc_0469
session_14992,doc_0471
session_14992,doc_0469
session_14992,doc_0617
session_14993,doc_0091
session_14994,doc_0261
session_14994,doc_0246
session_14994,doc_0207
session_14995,doc_0754
session_14995,doc_0769
session_14995,doc_0917
session_14996,doc_0273
session_14996,doc_0303
session_14996,doc_0284
session_14996,doc_0167
session_14997,doc_0120
session_14997,doc_0178
session_14998,doc_0163
session_14998,doc_0120
session_14998,doc_0678
session_14999,doc_0477
session_14999,doc_0413
session_14999,doc_0917
session_15000,doc_0853
session_15001,doc_0673
session_15001,doc_0341
session_15002,doc_0618
session_15003,doc_0852
session_15004,doc_0469
session_15004,doc_0001
session_15005,doc_0461
session_15005,doc_0431
session_15006,doc_0206
session_15006,doc_0228
session_15006,doc_0868
session_15007,doc_0063
session_15007,doc_0656
session_15008,doc_0291
session_15008,doc_0206
session_15009,doc_0262
session_15010,doc_0233
session_15010,doc_0235
session_15011,doc_0476
session_15011,doc_0436
session_15011,doc_0331
session_15012,doc_0901
session_15012,doc_0923
session_15012,doc_0914
session_15012,doc_0673
session_15013,doc_0867
session_15013,doc_0848
session_15013,doc_0862
session_15014,doc_0362
session_15014,doc_0360
session_15014,doc_0779
session_15015,doc_0151
session_15015,doc_0156
session_15015,doc_0148
session_15015,doc_0172
session_15015,doc_0641
session_15016,doc_0757
session_15016,doc_0777
session_15017,doc_0783
session_15017,doc_0771
session_15017,doc_0774
session_15017,doc_0636
session_15018,doc_0778
session_15018,doc_0870
session_15019,doc_0203
session_15020,doc_0207
session_15020,doc_0243
session_15020,doc_0248
session_15020,doc_0250
session_15020,doc_0673
session_15021,doc_0422
session_15021,doc_0214
session_15022,doc_0121
session_15022,doc_0617
session_15023,doc_0764
session_15023,doc_0782
session_15023,doc_0721
session_15024,doc_0754
session_15025,doc_0278
session_15026,doc_0905
session_15026,doc_0914
session_15026,doc_0392
session_15027,doc_0182
session_15027,doc_0152
session_15027,doc_0373
session_15028,doc_0872
session_15028,doc_0842
session_15028,doc_0783
session_15029,doc_0581
session_15029,doc_0592
session_15030,doc_0031
session_15030,doc_0006
session_15030,doc_0091
session_15030,doc_0068
session_15030,doc_0493
session_15031,doc_0631
session_15032,doc_0394
session_15033,doc_0563
session_15033,doc_0518
session_15033,doc_0564
session_15034,doc_0068
session_15034,doc_0086
session_15035,doc_0542
session_15035,doc_0531
session_15035,doc_0507
session_15035,doc_0565
session_15035,doc_0627
session_15036,doc_0420
session_15037,doc_0121
session_15037,doc_0179
session_15038,doc_0852
session_15038,doc_0870
session_15038,doc_0842
session_15038,doc_0726
session_15039,doc_0468
session_15039,doc_0331
session_15040,doc_0750
session_15040,doc_0757
session_15040,doc_0779
session_15041,doc_0043
session_15042,doc_0734
session_15042,doc_0754
session_15042,doc_0753
session_15042,doc_0617
session_15043,doc_0502
session_15043,doc_0501
session_15044,doc_0108
session_15044,doc_0126
session_15044,doc_0933
session_15044,doc_0880
session_15045,doc_0023
session_15045,doc_0048
session_15046,doc_0326
session_15047,doc_0322
session_15047,doc_0293
session_15047,doc_0324
session_15048,doc_0689
session_15048,doc_0673
session_15048,doc_0902
session_15049,doc_0565
session_15049,doc_0031
session_15050,doc_0748
session_15051,doc_0695
session_15052,doc_0727
session_15053,doc_0179
session_15053,doc_0148
session_15053,doc_0121
session_15054,doc_0099
session_15055,doc_0172
session_15056,doc_0518
session_15056,doc_0769
session_15057,doc_0664
session_15057,doc_0699
session_15058,doc_0161
session_15058,doc_0156
session_15059,doc_0578
session_15059,doc_0518
session_15059,doc_0852
session_15060,doc_0701
session_15060,doc_0688
session_15060,doc_0361
session_15061,doc_0757
session_15061,doc_0752
session_15062,doc_0699
session_15063,doc_0662
session_15063,doc_0673
session_15064,doc_0754
session_15065,doc_0229
session_15065,doc_0239
session_15065,doc_0031
session_15065,doc_0041
session_15066,doc_0615
session_15066,doc_0625
session_15066,doc_0617
session_15066,doc_0618
session_15066,doc_0627
session_15066,doc_0642
session_15067,doc_0041
session_15067,doc_0031
session_15067,doc_0029
session_15067,doc_0069
session_15068,doc_0518
session_15068,doc_0586
session_15068,doc_0802
session_15069,doc_0689
session_15069,doc_0680
session_15069,doc_0305
session_15070,doc_0914
session_15070,doc_0884
session_15070,doc_0406
session_15071,doc_0564
session_15071,doc_0493
session_15071,doc_0539
session_15071,doc_0584
session_15071,doc_0270
session_15072,doc_0810
session_15072,doc_0844
session_15072,doc_0719
session_15073,doc_0068
session_15073,doc_0031
session_15073,doc_0017
session_15073,doc_0009
session_15074,doc_0824
session_15074,doc_0856
session_15074,doc_0873
session_15075,doc_0782
session_15075,doc_0774
session_15076,doc_0084
session_15076,doc_0049
session_15076,doc_0045
session_15076,doc_0031
session_15076,doc_0074
session_15077,doc_0331
session_15077,doc_0661
session_15078,doc_0916
session_15078,doc_0697
session_15079,doc_0904
session_15079,doc_0932
session_15079,doc_0902
session_15079,doc_0914
session_15079,doc_0179
session_15079,doc_0182
session_15080,doc_0564
session_15080,doc_0041
session_15081,doc_0641
session_15081,doc_0617
session_15081,doc_0621
session_15081,doc_0652
session_15082,doc_0788
session_15083,doc_0392
session_15084,doc_0152
session_15084,doc_0148
session_15085,doc_0120
session_15085,doc_0166
session_15086,doc_0152
session_15086,doc_0402
session_15087,doc_0031
session_15087,doc_0076
session_15087,doc_0013
session_15087,doc_0101
session_15087,doc_0473
session_15088,doc_0048
session_15089,doc_0523
session_15089,doc_0565
session_15089,doc_0754
session_15090,doc_0148
session_15091,doc_0392
session_15091,doc_0334
session_15091,doc_0148
session_15092,doc_0235
session_15092,doc_0238
session_15092,doc_0215
session_15092,doc_0830
session_15092,doc_0853
session_15093,doc_0852
session_15094,doc_0546
session_15094,doc_0518
session_15094,doc_0063
session_15095,doc_0227
session_15095,doc_0204
session_15095,doc_0207
session_15096,doc_0754
session_15097,doc_0305
session_15098,doc_0797
session_15098,doc_0724
session_15098,doc_0752
session_15098,doc_0754
session_15098,doc_0870
session_15098,doc_0844
session_15099,doc_0518
session_15099,doc_0545
session_15099,doc_0493
session_15100,doc_0441
session_15100,doc_0434
session_15101,doc_0792
session_15101,doc_0754
session_15101,doc_0752
session_15101,doc_0732
session_15102,doc_0617
session_15102,doc_0625
session_15103,doc_0168
session_15103,doc_0112
session_15103,doc_0148
session_15103,doc_0113
session_15103,doc_0284
session_15103,doc_0291
session_15104,doc_0654
session_15104,doc_0680
session_15104,doc_0706
session_15105,doc_0518
session_15105,doc_0522
session_15105,doc_0529
session_15105,doc_0585
session_15105,doc_0590
session_15105,doc_0553
session_15106,doc_0210
session_15107,doc_0046
session_15107,doc_0068
session_15107,doc_0565
session_15108,doc_0828
session_15109,doc_0493
session_15110,doc_0641
session_15110,doc_0642
session_15110,doc_0754
session_15111,doc_0919
session_15112,doc_0284
session_15112,doc_0319
session_15112,doc_0294
session_15112,doc_0291
session_15112,doc_0271
session_15113,doc_0673
session_15114,doc_0129
session_15114,doc_0152
session_15114,doc_0184
session_15115,doc_0816
session_15116,doc_0031
session_15116,doc_0080
session_15116,doc_0100
session_15116,doc_0068
session_15117,doc_0756
session_15117,doc_0772
session_15117,doc_0810
session_15118,doc_0031
session_15118,doc_0043
session_15118,doc_0243
session_15119,doc_0518
session_15119,doc_0514
session_15119,doc_0501
session_15119,doc_0492
session_15120,doc_0031
session_15121,doc_0385
session_15121,doc_0331
session_15121,doc_0341
session_15122,doc_0917
session_15123,doc_0179
session_15123,doc_0148
session_15123,doc_0103
session_15123,doc_0890
session_15123,doc_0894
session_15124,doc_0458
session_15125,doc_0617
session_15125,doc_0048
session_15126,doc_0046
session_15126,doc_0031
session_15127,doc_0322
session_15127,doc_0274
session_15127,doc_0284
session_15127,doc_0163
session_15128,doc_0924
session_15129,doc_0656
session_15129,doc_0673
session_15129,doc_0689
session_15129,doc_0688
session_15129,doc_0704
session_15129,doc_0641
session_15130,doc_0035
session_15130,doc_0102
session_15131,doc_0338
session_15131,doc_0373
session_15131,doc_0331
session_15132,doc_0492
session_15132,doc_0532
session_15132,doc_0590
session_15132,doc_0025
session_15133,doc_0179
session_15133,doc_0305
session_15134,doc_0481
session_15135,doc_0360
session_15136,doc_0379
session_15136,doc_0401
session_15137,doc_0036
session_15137,doc_0001
session_15138,doc_0732
session_15139,doc_0028
session_15140,doc_0331
session_15140,doc_0400
session_15140,doc_0342
session_15141,doc_0518
session_15142,doc_0041
session_15143,doc_0565
session_15144,doc_0148
session_15145,doc_0518
session_15145,doc_0493
session_15145,doc_0565
session_15145,doc_0504
session_15145,doc_0586
session_15145,doc_0571
session_15146,doc_0618
session_15146,doc_0612
session_15146,doc_0634
session_15147,doc_0443
session_15147,doc_0430
session_15147,doc_0068
session_15148,doc_0322
session_15148,doc_0275
session_15148,doc_0398
session_15148,doc_0369
session_15149,doc_0223
session_15150,doc_0192
session_15151,doc_0740
session_15151,doc_0719
session_15151,doc_0526
session_15152,doc_0699
session_15152,doc_0701
session_15152,doc_0664
session_15152,doc_0658
session_15152,doc_0666
session_15152,doc_0331
session_15153,doc_0754
session_15153,doc_0790
session_15153,doc_0724
session_15153,doc_0856
session_15153,doc_0852
session_15154,doc_0214
session_15154,doc_0230
session_15154,doc_0240
session_15155,doc_0322
session_15155,doc_0280
session_15155,doc_0362
session_15155,doc_0359
session_15156,doc_0476
session_15157,doc_0316
session_15158,doc_0630
session_15158,doc_0617
session_15158,doc_0644
session_15158,doc_0640
session_15158,doc_0441
session_15158,doc_0412
session_15159,doc_0673
session_15159,doc_0689
session_15160,doc_0293
session_15161,doc_0757
session_15162,doc_0148
session_15163,doc_0617
session_15164,doc_0474
session_15164,doc_0411
session_15164,doc_0448
session_15164,doc_0373
session_15165,doc_0758
session_15166,doc_0744
session_15167,doc_0469
session_15167,doc_0450
session_15167,doc_0412
session_15167,doc_0439
session_15167,doc_0615
session_15167,doc_0618
session_15168,doc_0317
session_15169,doc_0699
session_15169,doc_0659
session_15169,doc_0671
session_15170,doc_0476
session_15171,doc_0458
session_15171,doc_0439
session_15172,doc_0298
session_15172,doc_0294
session_15173,doc_0493
session_15173,doc_0565
session_15173,doc_0514
session_15173,doc_0517
session_15174,doc_0492
session_15174,doc_0562
session_15174,doc_0564
session_15174,doc_0544
session_15174,doc_0266
session_15174,doc_0306
session_15175,doc_0162
session_15176,doc_0650
session_15176,doc_0673
session_15176,doc_0651
session_15176,doc_0683
session_15177,doc_0564
session_15177,doc_0518
session_15178,doc_0427
session_15178,doc_0439
session_15178,doc_0461
session_15178,doc_0387
session_15179,doc_0407
session_15180,doc_0673
session_15180,doc_0676
session_15180,doc_0409
session_15181,doc_0589
session_15182,doc_0544
session_15183,doc_0072
session_15183,doc_0046
session_15184,doc_0401
session_15184,doc_0346
session_15184,doc_0367
session_15184,doc_0803
session_15185,doc_0148
session_15186,doc_0048
session_15187,doc_0229
session_15187,doc_0205
session_15187,doc_0633
session_15188,doc_0518
session_15188,doc_0492
session_15188,doc_0493
session_15188,doc_0779
session_15189,doc_0394
session_15189,doc_0329
session_15189,doc_0401
session_15189,doc_0509
session_15189,doc_0526
session_15189,doc_0533
session_15190,doc_0039
session_15191,doc_0618
session_15192,doc_0361
session_15192,doc_0398
session_15192,doc_0803
session_15193,doc_0852
session_15194,doc_0441
session_15194,doc_0468
session_15194,doc_0469
session_15194,doc_0206
session_15195,doc_0509
session_15196,doc_0203
session_15197,doc_0627
session_15197,doc_0617
session_15197,doc_0618
session_15197,doc_0642
session_15197,doc_0744
session_15198,doc_0476
session_15198,doc_0235
session_15199,doc_0754
session_15200,doc_0581
session_15200,doc_0546
session_15200,doc_0291
session_15201,doc_0565
session_15201,doc_0586
session_15201,doc_0031
session_15202,doc_0617
session_15203,doc_0182
session_15203,doc_0111
session_15203,doc_0179
session_15204,doc_0243
session_15204,doc_0235
session_15205,doc_0235
session_15205,doc_0260
session_15205,doc_0246
session_15205,doc_0249
session_15205,doc_0229
session_15206,doc_0900
session_15206,doc_0924
session_15206,doc_0914
session_15206,doc_0381
session_15207,doc_0063
session_15208,doc_0291
session_15209,doc_0757
session_15209,doc_0695
session_15210,doc_0291
session_15211,doc_0912
session_15211,doc_0385
session_15212,doc_0145
session_15212,doc_0148
session_15212,doc_0138
session_15213,doc_0118
session_15213,doc_0396
session_15214,doc_0291
session_15214,doc_0281
session_15214,doc_0469
session_15215,doc_0550
session_15216,doc_0068
session_15217,doc_0369
session_15218,doc_0412
session_15218,doc_0475
session_15218,doc_0331
session_15219,doc_0441
session_15219,doc_0476
session_15219,doc_0384
session_15220,doc_0331
session_15221,doc_0752
session_15222,doc_0031
session_15223,doc_0859
session_15223,doc_0867
session_15223,doc_0828
session_15223,doc_0871
session_15224,doc_0226
session_15225,doc_0565
session_15226,doc_0381
session_15226,doc_0401
session_15227,doc_0803
session_15227,doc_0757
session_15228,doc_0502
session_15229,doc_0148
session_15229,doc_0119
session_15229,doc_0354
session_15230,doc_0356
session_15230,doc_0360
session_15230,doc_0893
session_15231,doc_0112
session_15231,doc_0126
session_15232,doc_0314
session_15233,doc_0310
session_15233,doc_0297
session_15233,doc_0305
session_15234,doc_0235
session_15235,doc_0578
session_15235,doc_0755
session_15236,doc_0322
session_15236,doc_0318
session_15236,doc_0273
session_15237,doc_0162
session_15238,doc_0337
session_15238,doc_0382
session_15239,doc_0740
session_15240,doc_0304
session_15241,doc_0660
session_15241,doc_0658
session_15241,doc_0442
session_15241,doc_0422
session_15242,doc_0033
session_15243,doc_0512
session_15243,doc_0565
session_15243,doc_0493
session_15244,doc_0437
session_15244,doc_0469
session_15244,doc_0476
session_15245,doc_0001
session_15245,doc_0031
session_15246,doc_0133
session_15246,doc_0142
session_15246,doc_0126
session_15247,doc_0239
session_15248,doc_0914
session_15248,doc_0917
session_15249,doc_0480
session_15249,doc_0476
session_15250,doc_0235
session_15250,doc_0236
session_15250,doc_0179
session_15251,doc_0641
session_15251,doc_0617
session_15252,doc_0641
session_15252,doc_0649
session_15252,doc_0152
session_15253,doc_0469
session_15253,doc_0434
session_15253,doc_0618
session_15254,doc_0373
session_15255,doc_0852
session_15255,doc_0858
session_15255,doc_0857
session_15255,doc_0750
session_15255,doc_0726
session_15256,doc_0676
session_15257,doc_0556
session_15257,doc_0569
session_15257,doc_0565
session_15257,doc_0593
session_15258,doc_0871
session_15259,doc_0322
session_15259,doc_0282
session_15259,doc_0320
session_15260,doc_0752
session_15260,doc_0754
session_15260,doc_0774
session_15260,doc_0732
session_15261,doc_0852
session_15262,doc_0048
session_15263,doc_0608
session_15264,doc_0508
session_15264,doc_0564
session_15264,doc_0518
session_15264,doc_0586
session_15265,doc_0019
session_15266,doc_0783
session_15266,doc_0771
session_15266,doc_0725
session_15266,doc_0615
session_15266,doc_0644
session_15267,doc_0558
session_15267,doc_0211
session_15268,doc_0852
session_15268,doc_0866
session_15268,doc_0836
session_15269,doc_0118
session_15270,doc_0476
session_15270,doc_0469
session_15270,doc_0373
session_15271,doc_0857
session_15271,doc_0810
session_15271,doc_0752
session_15271,doc_0754
session_15272,doc_0914
session_15272,doc_0322
session_15273,doc_0596
session_15274,doc_0757
session_15274,doc_0752
session_15274,doc_0728
session_15275,doc_0152
session_15275,doc_0182
session_15275,doc_0185
session_15276,doc_0565
session_15276,doc_0518
session_15276,doc_0524
session_15276,doc_0031
session_15277,doc_0884
session_15277,doc_0890
session_15277,doc_0913
session_15277,doc_0902
session_15278,doc_0194
session_15278,doc_0229
session_15278,doc_0260
session_15278,doc_0243
session_15279,doc_0401
session_15279,doc_0331
session_15279,doc_0356
session_15279,doc_0402
session_15279,doc_0246
session_15280,doc_0068
session_15280,doc_0752
session_15281,doc_0669
session_15281,doc_0673
session_15282,doc_0927
session_15282,doc_0928
session_15282,doc_0884
session_15282,doc_0923
session_15282,doc_0660
session_15283,doc_0752
session_15283,doc_0754
session_15284,doc_0373
session_15284,doc_0392
session_15284,doc_0673
session_15285,doc_0654
session_15285,doc_0673
session_15285,doc_0700
session_15285,doc_0689
session_15286,doc_0331
session_15287,doc_0229
session_15288,doc_0179
session_15289,doc_0213
session_15289,doc_0235
session_15290,doc_0261
session_15291,doc_0430
session_15291,doc_0458
session_15292,doc_0618
session_15292,doc_0889
session_15293,doc_0493
session_15293,doc_0535
session_15293,doc_0518
session_15293,doc_0586
session_15294,doc_0229
session_15294,doc_0222
session_15295,doc_0565
session_15295,doc_0555
session_15295,doc_0756
session_15296,doc_0803
session_15296,doc_0756
session_15297,doc_0300
session_15297,doc_0843
session_15298,doc_0181
session_15298,doc_0134
session_15299,doc_0331
session_15299,doc_0394
session_15299,doc_0381
session_15300,doc_0493
session_15301,doc_0260
session_15301,doc_0243
session_15301,doc_0464
session_15302,doc_0914
session_15302,doc_0878
session_15302,doc_0894
session_15302,doc_0341
session_15303,doc_0402
session_15303,doc_0168
session_15304,doc_0673
session_15304,doc_0656
session_15305,doc_0444
session_15306,doc_0112
session_15306,doc_0104
session_15307,doc_0852
session_15307,doc_0857
session_15307,doc_0862
session_15308,doc_0914
session_15309,doc_0902
session_15310,doc_0328
session_15310,doc_0373
session_15310,doc_0476
session_15310,doc_0422
session_15311,doc_0179
session_15311,doc_0162
session_15311,doc_0148
session_15311,doc_0182
session_15311,doc_0163
session_15311,doc_0293
session_15312,doc_0502
session_15313,doc_0724
session_15314,doc_0437
session_15315,doc_0338
session_15315,doc_0365
session_15316,doc_0400
session_15317,doc_0305
session_15317,doc_0280
session_15317,doc_0111
session_15318,doc_0754
session_15318,doc_0858
session_15319,doc_0035
session_15319,doc_0048
session_15319,doc_0689
session_15320,doc_0564
session_15321,doc_0754
session_15321,doc_0752
session_15322,doc_0626
session_15322,doc_0633
session_15322,doc_0640
session_15322,doc_0031
session_15323,doc_0371
session_15323,doc_0331
session_15324,doc_0565
session_15325,doc_0905
session_15326,doc_0734
session_15326,doc_0774
session_15327,doc_0704
session_15327,doc_0933
session_15328,doc_0835
session_15329,doc_0754
session_15329,doc_0785
session_15329,doc_0732
session_15330,doc_0914
session_15330,doc_0902
session_15330,doc_0913
session_15331,doc_0673
session_15331,doc_0679
session_15332,doc_0080
session_15332,doc_0031
session_15332,doc_0082
session_15332,doc_0631
session_15333,doc_0446
session_15333,doc_0305
session_15334,doc_0331
session_15334,doc_0381
session_15335,doc_0502
session_15335,doc_0500
session_15335,doc_0535
session_15335,doc_0550
session_15335,doc_0507
session_15335,doc_0531
session_15336,doc_0518
session_15336,doc_0778
session_15337,doc_0782
session_15338,doc_0333
session_15338,doc_0156
session_15339,doc_0101
session_15339,doc_0068
session_15339,doc_0584
session_15340,doc_0437
session_15341,doc_0063
session_15341,doc_0040
session_15342,doc_0493
session_15342,doc_0362
session_15343,doc_0518
session_15343,doc_0563
session_15343,doc_0565
session_15343,doc_0586
session_15343,doc_0514
session_15343,doc_0802
session_15344,doc_0068
session_15344,doc_0031
session_15344,doc_0608
session_15345,doc_0048
session_15346,doc_0732
session_15347,doc_0091
session_15348,doc_0211
session_15348,doc_0207
session_15349,doc_0120
session_15350,doc_0757
session_15350,doc_0754
session_15351,doc_0203
session_15352,doc_0126
session_15352,doc_0148
session_15352,doc_0152
session_15352,doc_0171
session_15353,doc_0171
session_15353,doc_0148
session_15354,doc_0914
session_15354,doc_0904
session_15355,doc_0870
session_15355,doc_0754
session_15356,doc_0862
session_15356,doc_0810
session_15356,doc_0841
session_15357,doc_0769
session_15357,doc_0803
session_15358,doc_0121
session_15358,doc_0156
session_15359,doc_0190
session_15359,doc_0843
session_15360,doc_0839
session_15360,doc_0843
session_15361,doc_0151
session_15361,doc_0154
session_15361,doc_0147
session_15362,doc_0626
session_15363,doc_0054
session_15363,doc_0078
session_15364,doc_0791
session_15364,doc_0755
session_15365,doc_0476
session_15365,doc_0469
session_15365,doc_0478
session_15366,doc_0216
session_15366,doc_0235
session_15366,doc_0243
session_15366,doc_0244
session_15366,doc_0223
session_15367,doc_0878
session_15368,doc_0769
session_15368,doc_0785
session_15368,doc_0732
session_15368,doc_0731
session_15369,doc_0928
session_15369,doc_0926
session_15369,doc_0373
session_15370,doc_0502
session_15370,doc_0768
session_15371,doc_0724
session_15371,doc_0612
session_15372,doc_0048
session_15372,doc_0043
session_15372,doc_0541
session_15373,doc_0229
session_15373,doc_0235
session_15373,doc_0201
session_15373,doc_0891
session_15374,doc_0884
session_15375,doc_0291
session_15375,doc_0293
session_15375,doc_0325
session_15375,doc_0326
session_15376,doc_0433
session_15376,doc_0443
session_15376,doc_0469
session_15376,doc_0224
session_15377,doc_0218
session_15377,doc_0203
session_15377,doc_0243
session_15377,doc_0234
session_15377,doc_0420
session_15378,doc_0031
session_15378,doc_0044
session_15379,doc_0914
session_15379,doc_0656
session_15380,doc_0852
session_15380,doc_0827
session_15380,doc_0848
session_15380,doc_0843
session_15381,doc_0902
session_15381,doc_0658
session_15382,doc_0235
session_15382,doc_0229
session_15382,doc_0437
session_15383,doc_0189
session_15384,doc_0673
session_15384,doc_0699
session_15384,doc_0666
session_15384,doc_0674
session_15384,doc_0659
session_15385,doc_0757
session_15385,doc_0786
session_15386,doc_0673
session_15386,doc_0683
session_15386,doc_0676
session_15386,doc_0666
session_15386,doc_0640
session_15386,doc_0618
session_15387,doc_0517
session_15388,doc_0269
session_15388,doc_0322
session_15389,doc_0843
session_15389,doc_0845
session_15389,doc_0774
session_15390,doc_0322
session_15390,doc_0293
session_15390,doc_0305
session_15391,doc_0858
session_15391,doc_0870
session_15392,doc_0852
session_15392,doc_0836
session_15392,doc_0764
session_15393,doc_0240
session_15393,doc_0627
session_15394,doc_0365
session_15395,doc_0229
session_15396,doc_0673
session_15396,doc_0924
session_15397,doc_0673
session_15397,doc_0696
session_15398,doc_0108
session_15398,doc_0104
session_15398,doc_0182
session_15399,doc_0471
session_15399,doc_0803
session_15400,doc_0077
session_15401,doc_0564
session_15401,doc_0525
session_15401,doc_0502
session_15401,doc_0518
session_15402,doc_0769
session_15403,doc_0204
session_15403,doc_0235
session_15404,doc_0518
session_15404,doc_0512
session_15405,doc_0754
session_15405,doc_0769
session_15405,doc_0542
session_15405,doc_0561
session_15406,doc_0291
session_15406,doc_0293
session_15406,doc_0276
session_15406,doc_0322
session_15407,doc_0641
session_15408,doc_0711
session_15408,doc_0673
session_15409,doc_0068
session_15409,doc_0010
session_15409,doc_0865
session_15410,doc_0732
session_15410,doc_0757
session_15410,doc_0748
session_15410,doc_0673
session_15410,doc_0667
session_15411,doc_0437
session_15412,doc_0031
session_15412,doc_0621
session_15413,doc_0419
session_15414,doc_0653
session_15414,doc_0711
session_15414,doc_0914
session_15415,doc_0251
session_15415,doc_0235
session_15415,doc_0252
session_15415,doc_0878
session_15416,doc_0914
session_15417,doc_0401
session_15418,doc_0148
session_15418,doc_0168
session_15418,doc_0133
session_15418,doc_0305
session_15419,doc_0753
session_15419,doc_0836
session_15420,doc_0153
session_15420,doc_0151
session_15420,doc_0133
session_15420,doc_0362
session_15421,doc_0518
session_15422,doc_0235
session_15422,doc_0227
session_15422,doc_0597
session_15423,doc_0152
session_15424,doc_0154
session_15424,doc_0401
session_15425,doc_0210
session_15426,doc_0376
session_15426,doc_0331
session_15426,doc_0120
session_15427,doc_0473
session_15428,doc_0006
session_15428,doc_0068
session_15428,doc_0059
session_15429,doc_0315
session_15429,doc_0280
session_15430,doc_0858
session_15430,doc_0852
session_15431,doc_0442
session_15431,doc_0243
session_15432,doc_0732
session_15432,doc_0774
session_15432,doc_0507
session_15432,doc_0491
session_15433,doc_0246
session_15434,doc_0673
session_15435,doc_0235
session_15435,doc_0238
session_15435,doc_0476
session_15436,doc_0401
session_15436,doc_0369
session_15436,doc_0437
session_15437,doc_0381
session_15437,doc_0384
session_15437,doc_0383
session_15438,doc_0870
session_15438,doc_0852
session_15438,doc_0762
session_15439,doc_0914
session_15439,doc_0900
session_15439,doc_0904
session_15439,doc_0331
session_15440,doc_0381
session_15441,doc_0836
session_15442,doc_0757
session_15442,doc_0748
session_15442,doc_0749
session_15443,doc_0884
session_15443,doc_0889
session_15443,doc_0914
session_15444,doc_0280
session_15445,doc_0182
session_15445,doc_0148
session_15445,doc_0120
session_15446,doc_0152
session_15446,doc_0148
session_15446,doc_0181
session_15446,doc_0150
session_15446,doc_0364
session_15447,doc_0845
session_15447,doc_0852
session_15448,doc_0914
session_15448,doc_0905
session_15448,doc_0921
session_15448,doc_0902
session_15448,doc_0852
session_15448,doc_0826
session_15449,doc_0633
session_15450,doc_0384
session_15450,doc_0361
session_15451,doc_0656
session_15451,doc_0673
session_15451,doc_0705
session_15451,doc_0916
session_15452,doc_0896
session_15452,doc_0884
session_15452,doc_0887
session_15452,doc_0031
session_15453,doc_0043
session_15453,doc_0014
session_15453,doc_0068
session_15453,doc_0148
session_15453,doc_0118
session_15454,doc_0173
session_15454,doc_0133
session_15454,doc_0852
session_15455,doc_0029
session_15456,doc_0061
session_15456,doc_0270
session_15457,doc_0127
session_15457,doc_0170
session_15457,doc_0169
session_15457,doc_0148
session_15457,doc_0126
session_15458,doc_0229
session_15458,doc_0367
session_15459,doc_0803
session_15459,doc_0764
session_15460,doc_0246
session_15460,doc_0215
session_15461,doc_0704
session_15462,doc_0641
session_15463,doc_0068
session_15463,doc_0091
session_15464,doc_0331
session_15464,doc_0373
session_15464,doc_0341
session_15464,doc_0334
session_15465,doc_0904
session_15466,doc_0518
session_15467,doc_0641
session_15467,doc_0617
session_15467,doc_0085
session_15468,doc_0608
session_15468,doc_0621
session_15469,doc_0564
session_15469,doc_0536
session_15469,doc_0852
session_15470,doc_0732
session_15470,doc_0789
session_15471,doc_0935
session_15471,doc_0291
session_15472,doc_0080
session_15472,doc_0757
session_15473,doc_0068
session_15474,doc_0754
session_15475,doc_0884
session_15475,doc_0927
session_15476,doc_0417
session_15476,doc_0235
session_15477,doc_0754
session_15477,doc_0771
session_15477,doc_0346
session_15478,doc_0659
session_15479,doc_0831
session_15480,doc_0011
session_15480,doc_0043
session_15481,doc_0810
session_15481,doc_0843
session_15481,doc_0828
session_15481,doc_0812
session_15482,doc_0148
session_15482,doc_0173
session_15482,doc_0179
session_15482,doc_0404
session_15482,doc_0331
session_15483,doc_0297
session_15483,doc_0322
session_15484,doc_0214
session_15484,doc_0240
session_15484,doc_0244
session_15484,doc_0246
session_15485,doc_0471
session_15485,doc_0439
session_15486,doc_0148
session_15486,doc_0152
session_15486,doc_0182
session_15486,doc_0120
session_15487,doc_0575
session_15487,doc_0441
session_15488,doc_0331
session_15488,doc_0364
session_15489,doc_0394
session_15490,doc_0331
session_15490,doc_0404
session_15491,doc_0904
session_15491,doc_0915
session_15491,doc_0917
session_15491,doc_0673
session_15492,doc_0518
session_15492,doc_0560
session_15492,doc_0519
session_15492,doc_0546
session_15492,doc_0754
session_15493,doc_0565
session_15494,doc_0617
session_15494,doc_0612
session_15494,doc_0618
session_15494,doc_0615
session_15494,doc_0634
session_15494,doc_0597
session_15495,doc_0668
session_15495,doc_0692
session_15495,doc_0673
session_15495,doc_0689
session_15495,doc_0658
session_15496,doc_0803
session_15497,doc_0276
session_15498,doc_0801
session_15498,doc_0763
session_15498,doc_0754
session_15499,doc_0752
session_15500,doc_0031
session_15501,doc_0305
session_15501,doc_0126
session_15502,doc_0643
session_15503,doc_0048
session_15503,doc_0066
session_15503,doc_0031
session_15503,doc_0884
session_15503,doc_0931
session_15504,doc_0485
session_15504,doc_0441
session_15505,doc_0048
session_15505,doc_0068
session_15505,doc_0096
session_15506,doc_0295
session_15506,doc_0322
session_15506,doc_0278
session_15507,doc_0469
session_15508,doc_0152
session_15508,doc_0188
session_15508,doc_0148
session_15508,doc_0157
session_15508,doc_0112
session_15508,doc_0175
session_15509,doc_0081
session_15509,doc_0031
session_15509,doc_0048
session_15509,doc_0621
session_15510,doc_0401
session_15510,doc_0402
session_15511,doc_0420
session_15511,doc_0342
session_15512,doc_0469
session_15513,doc_0617
session_15513,doc_0633
session_15513,doc_0621
session_15514,doc_0234
session_15514,doc_0215
session_15514,doc_0228
session_15515,doc_0303
session_15515,doc_0312
session_15515,doc_0322
session_15515,doc_0280
session_15515,doc_0586
session_15516,doc_0502
session_15516,doc_0518
session_15516,doc_0507
session_15516,doc_0763
session_15517,doc_0133
session_15517,doc_0134
session_15517,doc_0141
session_15517,doc_0319
session_15518,doc_0817
session_15518,doc_0839
session_15518,doc_0855
session_15518,doc_0757
session_15518,doc_0754
session_15519,doc_0852
session_15520,doc_0229
session_15520,doc_0261
session_15521,doc_0434
session_15521,doc_0471
session_15521,doc_0469
session_15521,doc_0476
session_15521,doc_0380
session_15521,doc_0377
session_15522,doc_0616
session_15522,doc_0596
session_15522,doc_0627
session_15522,doc_0614
session_15522,doc_0617
session_15522,doc_0412
session_15523,doc_0748
session_15524,doc_0322
session_15525,doc_0563
session_15525,doc_0592
session_15525,doc_0535
session_15525,doc_0724
session_15526,doc_0148
session_15526,doc_0119
session_15526,doc_0334
session_15527,doc_0476
session_15527,doc_0815
session_15528,doc_0331
session_15528,doc_0379
session_15529,doc_0469
session_15529,doc_0437
session_15530,doc_0303
session_15531,doc_0331
session_15532,doc_0031
session_15533,doc_0474
session_15534,doc_0430
session_15534,doc_0448
session_15534,doc_0469
session_15535,doc_0322
session_15535,doc_0293
session_15536,doc_0810
session_15536,doc_0852
session_15536,doc_0857
session_15537,doc_0518
session_15537,doc_0493
session_15537,doc_0555
session_15537,doc_0631
session_15538,doc_0765
session_15539,doc_0065
session_15539,doc_0048
session_15539,doc_0044
session_15540,doc_0697
session_15541,doc_0148
session_15541,doc_0172
session_15542,doc_0156
session_15543,doc_0373
session_15544,doc_0046
session_15544,doc_0031
session_15544,doc_0617
session_15544,doc_0610
session_15545,doc_0518
session_15545,doc_0579
session_15545,doc_0912
session_15546,doc_0629
session_15547,doc_0476
session_15547,doc_0412
session_15548,doc_0148
session_15548,doc_0905
session_15549,doc_0387
session_15549,doc_0388
session_15549,doc_0351
session_15549,doc_0360
session_15550,doc_0699
session_15551,doc_0565
session_15551,doc_0518
session_15551,doc_0496
session_15551,doc_0642
session_15552,doc_0322
session_15552,doc_0281
session_15553,doc_0041
session_15554,doc_0517
session_15555,doc_0399
session_15556,doc_0641
session_15556,doc_0617
session_15556,doc_0043
session_15556,doc_0099
session_15557,doc_0757
session_15557,doc_0754
session_15557,doc_0792
session_15557,doc_0177
session_15558,doc_0422
session_15559,doc_0518
session_15560,doc_0172
session_15561,doc_0126
session_15561,doc_0170
session_15561,doc_0179
session_15561,doc_0322
session_15562,doc_0871
session_15562,doc_0842
session_15563,doc_0879
session_15563,doc_0914
session_15564,doc_0783
session_15565,doc_0178
session_15566,doc_0322
session_15567,doc_0532
session_15567,doc_0562
session_15568,doc_0858
session_15568,doc_0826
session_15568,doc_0845
session_15569,doc_0518
session_15569,doc_0590
session_15569,doc_0608
session_15570,doc_0169
session_15571,doc_0101
session_15571,doc_0026
session_15571,doc_0034
session_15571,doc_0031
session_15571,doc_0035
session_15571,doc_0676
session_15572,doc_0803
session_15573,doc_0905
session_15573,doc_0910
session_15574,doc_0043
session_15574,doc_0031
session_15574,doc_0041
session_15575,doc_0308
session_15575,doc_0292
session_15575,doc_0291
session_15576,doc_0857
session_15576,doc_0852
session_15576,doc_0727
session_15577,doc_0091
session_15577,doc_0046
session_15578,doc_0857
session_15579,doc_0225
session_15579,doc_0240
session_15580,doc_0335
session_15580,doc_0338
session_15581,doc_0120
session_15581,doc_0138
session_15582,doc_0546
session_15583,doc_0068
session_15583,doc_0044
session_15583,doc_0091
session_15583,doc_0080
session_15583,doc_0031
session_15583,doc_0818
session_15584,doc_0243
session_15585,doc_0528
session_15585,doc_0565
session_15585,doc_0518
session_15585,doc_0053
session_15586,doc_0634
session_15586,doc_0617
session_15586,doc_0902
session_15587,doc_0222
session_15587,doc_0229
session_15587,doc_0245
session_15588,doc_0311
session_15589,doc_0917
session_15590,doc_0148
session_15590,doc_0381
session_15591,doc_0858
session_15592,doc_0290
session_15592,doc_0316
session_15592,doc_0278
session_15592,doc_0322
session_15592,doc_0804
session_15593,doc_0246
session_15593,doc_0263
session_15593,doc_0210
session_15594,doc_0269
session_15594,doc_0317
session_15594,doc_0293
session_15594,doc_0160
session_15595,doc_0561
session_15595,doc_0555
session_15595,doc_0764
session_15596,doc_0565
session_15596,doc_0576
session_15596,doc_0754
session_15597,doc_0673
session_15597,doc_0692
session_15597,doc_0672
session_15597,doc_0658
session_15597,doc_0235
session_15598,doc_0752
session_15598,doc_0744
session_15599,doc_0586
session_15600,doc_0360
session_15600,doc_0933
session_15601,doc_0386
session_15601,doc_0736
session_15602,doc_0048
session_15602,doc_0031
session_15603,doc_0483
session_15603,doc_0469
session_15603,doc_0235
session_15604,doc_0031
session_15604,doc_0043
session_15605,doc_0783
session_15605,doc_0752
session_15605,doc_0754
session_15606,doc_0156
session_15606,doc_0118
session_15606,doc_0147
session_15606,doc_0331
session_15607,doc_0905
session_15607,doc_0898
session_15608,doc_0437
session_15608,doc_0436
session_15608,doc_0443
session_15608,doc_0425
session_15608,doc_0469
session_15608,doc_0617
session_15609,doc_0493
session_15609,doc_0556
session_15609,doc_0046
session_15610,doc_0041
session_15611,doc_0373
session_15611,doc_0331
session_15612,doc_0594
session_15612,doc_0617
session_15612,doc_0619
session_15612,doc_0469
session_15613,doc_0167
session_15614,doc_0618
session_15614,doc_0617
session_15615,doc_0317
session_15615,doc_0305
session_15616,doc_0676
session_15616,doc_0673
session_15616,doc_0902
session_15617,doc_0852
session_15617,doc_0810
session_15618,doc_0627
session_15618,doc_0605
session_15618,doc_0617
session_15619,doc_0406
session_15619,doc_0360
session_15619,doc_0369
session_15619,doc_0104
session_15620,doc_0068
session_15621,doc_0148
session_15621,doc_0179
session_15621,doc_0182
session_15622,doc_0560
session_15622,doc_0504
session_15622,doc_0518
session_15622,doc_0802
session_15623,doc_0752
session_15624,doc_0260
session_15624,doc_0617
session_15625,doc_0401
session_15626,doc_0914
session_15626,doc_0706
session_15627,doc_0464
session_15627,doc_0596
session_15628,doc_0322
session_15628,doc_0305
session_15628,doc_0331
session_15629,doc_0331
session_15629,doc_0031
session_15630,doc_0441
session_15631,doc_0235
session_15631,doc_0203
session_15631,doc_0428
session_15632,doc_0133
session_15633,doc_0162
session_15633,doc_0125
session_15633,doc_0278
session_15634,doc_0144
session_15634,doc_0331
session_15635,doc_0539
session_15635,doc_0493
session_15635,doc_0547
session_15635,doc_0458
session_15636,doc_0858
session_15636,doc_0597
session_15637,doc_0673
session_15638,doc_0928
session_15638,doc_0905
session_15638,doc_0054
session_15639,doc_0469
session_15639,doc_0412
session_15640,doc_0148
session_15641,doc_0331
session_15641,doc_0373
session_15641,doc_0337
session_15642,doc_0469
session_15642,doc_0431
session_15642,doc_0914
session_15643,doc_0625
session_15643,doc_0630
session_15643,doc_0637
session_15643,doc_0607
session_15643,doc_0469
session_15644,doc_0298
session_15644,doc_0305
session_15644,doc_0288
session_15644,doc_0156
session_15645,doc_0027
session_15645,doc_0031
session_15645,doc_0594
session_15646,doc_0284
session_15646,doc_0129
session_15647,doc_0857
session_15647,doc_0836
session_15648,doc_0774
session_15648,doc_0754
session_15648,doc_0790
session_15649,doc_0373
session_15649,doc_0402
session_15649,doc_0421
session_15650,doc_0182
session_15650,doc_0108
session_15651,doc_0228
session_15652,doc_0001
session_15652,doc_0043
session_15652,doc_0010
session_15652,doc_0565
session_15653,doc_0689
session_15653,doc_0704
session_15653,doc_0360
session_15654,doc_0852
session_15655,doc_0041
session_15656,doc_0855
session_15656,doc_0868
session_15657,doc_0305
session_15658,doc_0276
session_15658,doc_0316
session_15658,doc_0406
session_15659,doc_0235
session_15659,doc_0246
session_15659,doc_0673
session_15660,doc_0934
session_15661,doc_0783
session_15661,doc_0786
session_15661,doc_0322
session_15661,doc_0291
session_15662,doc_0914
session_15662,doc_0917
session_15663,doc_0689
session_15664,doc_0075
session_15664,doc_0179
session_15665,doc_0737
session_15665,doc_0755
session_15665,doc_0905
session_15666,doc_0322
session_15666,doc_0303
session_15667,doc_0683
session_15667,doc_0656
session_15668,doc_0858
session_15668,doc_0853
session_15669,doc_0797
session_15670,doc_0754
session_15670,doc_0779
session_15670,doc_0373
session_15670,doc_0368
session_15671,doc_0728
session_15671,doc_0754
session_15671,doc_0553
session_15672,doc_0869
session_15672,doc_0838
session_15672,doc_0852
session_15672,doc_0754
session_15672,doc_0721
session_15673,doc_0155
session_15674,doc_0362
session_15674,doc_0843
session_15675,doc_0654
session_15676,doc_0625
session_15677,doc_0024
session_15678,doc_0301
session_15678,doc_0303
session_15679,doc_0536
session_15679,doc_0592
session_15680,doc_0246
session_15681,doc_0361
session_15681,doc_0331
session_15681,doc_0352
session_15681,doc_0235
session_15682,doc_0487
session_15682,doc_0618
session_15683,doc_0650
session_15683,doc_0676
session_15683,doc_0933
session_15684,doc_0673
session_15684,doc_0895
session_15685,doc_0518
session_15686,doc_0469
session_15686,doc_0471
session_15687,doc_0179
session_15688,doc_0745
session_15688,doc_0725
session_15688,doc_0756
session_15688,doc_0788
session_15689,doc_0207
session_15689,doc_0227
session_15689,doc_0208
session_15689,doc_0250
session_15689,doc_0448
session_15690,doc_0148
session_15691,doc_0001
session_15692,doc_0041
session_15692,doc_0068
session_15692,doc_0082
session_15692,doc_0013
session_15692,doc_0618
session_15692,doc_0617
session_15693,doc_0504
session_15693,doc_0914
session_15694,doc_0023
session_15694,doc_0056
session_15694,doc_0565
session_15694,doc_0493
session_15695,doc_0872
session_15695,doc_0812
session_15696,doc_0673
session_15697,doc_0441
session_15697,doc_0243
session_15698,doc_0754
session_15698,doc_0765
session_15699,doc_0174
session_15699,doc_0152
session_15699,doc_0169
session_15699,doc_0407
session_15700,doc_0852
session_15700,doc_0844
session_15700,doc_0754
session_15701,doc_0654
session_15701,doc_0663
session_15701,doc_0660
session_15701,doc_0698
session_15701,doc_0673
session_15701,doc_0676
session_15702,doc_0458
session_15702,doc_0469
session_15702,doc_0412
session_15702,doc_0434
session_15703,doc_0817
session_15703,doc_0843
session_15703,doc_0019
session_15704,doc_0688
session_15704,doc_0666
session_15704,doc_0678
session_15704,doc_0695
session_15704,doc_0933
session_15704,doc_0875
session_15705,doc_0518
session_15705,doc_0532
session_15706,doc_0331
session_15706,doc_0367
session_15707,doc_0774
session_15708,doc_0262
session_15708,doc_0627
session_15709,doc_0673
session_15709,doc_0689
session_15709,doc_0904
session_15710,doc_0775
session_15710,doc_0784
session_15711,doc_0754
session_15711,doc_0787
session_15712,doc_0120
session_15713,doc_0086
session_15713,doc_0019
session_15713,doc_0565
session_15714,doc_0386
session_15714,doc_0381
session_15714,doc_0331
session_15715,doc_0118
session_15715,doc_0127
session_15715,doc_0148
session_15715,doc_0179
session_15715,doc_0306
session_15716,doc_0565
session_15716,doc_0514
session_15716,doc_0716
session_15717,doc_0112
session_15718,doc_0689
session_15718,doc_0658
session_15718,doc_0683
session_15718,doc_0675
session_15719,doc_0774
session_15719,doc_0755
session_15719,doc_0782
session_15719,doc_0732
session_15719,doc_0822
session_15720,doc_0272
session_15720,doc_0291
session_15720,doc_0341
session_15721,doc_0469
session_15721,doc_0476
session_15722,doc_0148
session_15722,doc_0119
session_15723,doc_0168
session_15723,doc_0120
session_15724,doc_0235
session_15724,doc_0206
session_15724,doc_0478
session_15725,doc_0147
session_15726,doc_0048
session_15727,doc_0843
session_15727,doc_0870
session_15728,doc_0031
session_15728,doc_0617
session_15729,doc_0362
session_15729,doc_0711
